25-12-28 10:38:53 | I | === Configurations ===
25-12-28 10:38:53 | I | DiffusionPtqRunConfig(
25-12-28 10:38:53 | I |   cache=DiffusionPtqCacheConfig(
25-12-28 10:38:53 | I |     root=runs,
25-12-28 10:38:53 | I |     dirpath=DiffusionQuantCacheConfig(smooth='runs/diffusion/cache/quant/qdiff.128/smooth/w.4-x.4-y.16-w.4/w.sfp4_e2m1_all-x.sfp4_e2m1_all-y.bf16-w.sint4/w.v16.sfp8_e4m3_nan.tsnr.bf16-x.v16.sfp8_e4m3_nan-y.tnsr.bf16-w.v64.bf16/w.skip.[e+rs+rtp+s+tpi+tpo]-x.skip.[e+rs+rtp+s+tan+tn+tpi+tpo]-y.skip.[]-w.include.[tan+tn]/lowrank.r32/smooth.proj.OutputsError.GridSearch.Layer.d2.en1.sn1/smooth.proj.[a.AbsMax.b.AbsMax]/smooth.proj.g20.bn2.lr.nf/smooth.proj.skip.[rc+tan+tn]', branch='runs/diffusion/cache/quant/qdiff.128/branch/w.4-x.4-y.16-w.4/w.sfp4_e2m1_all-x.sfp4_e2m1_all-y.bf16-w.sint4/w.v16.sfp8_e4m3_nan.tsnr.bf16-x.v16.sfp8_e4m3_nan-y.tnsr.bf16-w.v64.bf16/w.skip.[e+rs+rtp+s+tpi+tpo]-x.skip.[e+rs+rtp+s+tan+tn+tpi+tpo]-y.skip.[]-w.include.[tan+tn]/lowrank.r32/smooth.proj.OutputsError.GridSearch.Layer.d2.en1.sn1/smooth.proj.[a.AbsMax.b.AbsMax]/smooth.proj.g20.bn2.lr.nf/smooth.proj.skip.[rc+tan+tn]/lowrank.OutputsError.Manual.Layer.d2.en1.sn1/lowrank.i100.r32.earlystop/lowrank.skip.[rc+tan+tn]', wgts='', acts=''),
25-12-28 10:38:53 | I |     path=DiffusionQuantCacheConfig(smooth='runs/diffusion/cache/quant/qdiff.128/smooth/w.4-x.4-y.16-w.4/w.sfp4_e2m1_all-x.sfp4_e2m1_all-y.bf16-w.sint4/w.v16.sfp8_e4m3_nan.tsnr.bf16-x.v16.sfp8_e4m3_nan-y.tnsr.bf16-w.v64.bf16/w.skip.[e+rs+rtp+s+tpi+tpo]-x.skip.[e+rs+rtp+s+tan+tn+tpi+tpo]-y.skip.[]-w.include.[tan+tn]/lowrank.r32/smooth.proj.OutputsError.GridSearch.Layer.d2.en1.sn1/smooth.proj.[a.AbsMax.b.AbsMax]/smooth.proj.g20.bn2.lr.nf/smooth.proj.skip.[rc+tan+tn]/flux.1-schnell.pt', branch='runs/diffusion/cache/quant/qdiff.128/branch/w.4-x.4-y.16-w.4/w.sfp4_e2m1_all-x.sfp4_e2m1_all-y.bf16-w.sint4/w.v16.sfp8_e4m3_nan.tsnr.bf16-x.v16.sfp8_e4m3_nan-y.tnsr.bf16-w.v64.bf16/w.skip.[e+rs+rtp+s+tpi+tpo]-x.skip.[e+rs+rtp+s+tan+tn+tpi+tpo]-y.skip.[]-w.include.[tan+tn]/lowrank.r32/smooth.proj.OutputsError.GridSearch.Layer.d2.en1.sn1/smooth.proj.[a.AbsMax.b.AbsMax]/smooth.proj.g20.bn2.lr.nf/smooth.proj.skip.[rc+tan+tn]/lowrank.OutputsError.Manual.Layer.d2.en1.sn1/lowrank.i100.r32.earlystop/lowrank.skip.[rc+tan+tn]/flux.1-schnell.pt', wgts='', acts='')),
25-12-28 10:38:53 | I |   output=OutputConfig(
25-12-28 10:38:53 | I |     root=runs,
25-12-28 10:38:53 | I |     dirname=skip.x.[[w]+tan+tn].w.[e+rs+rtp+s+tpi+tpo]-extra.[tan+tn]-low.r32.i100.e.skip.[rc+tan+tn]-smth.proj.GridSearch.bn2.[AbsMax].lr.skip.[rc+tan+tn]-qdiff.128-t4.g0-s1024,
25-12-28 10:38:53 | I |     job=run,
25-12-28 10:38:53 | I |     dirpath=runs/diffusion/flux.1/flux.1-schnell/w.4-x.4-y.16-w.4/w.sfp4_e2m1_all-x.sfp4_e2m1_all-y.bf16-w.sint4/w.v16.sfp8_e4m3_nan.tsnr.bf16-x.v16.sfp8_e4m3_nan-y.tnsr.bf16-w.v64.bf16/smooth.proj-w.static.lowrank/skip.x.[[w]+tan+tn].w.[e+rs+rtp+s+tpi+tpo]-extra.[tan+tn]-low.r32.i100.e.skip.[rc+tan+tn]-smth.proj.GridSearch.bn2.[AbsMax].lr.skip.[rc+tan+tn]-qdiff.128-t4.g0-s1024,
25-12-28 10:38:53 | I |     timestamp=251228.103853),
25-12-28 10:38:53 | I |   pipeline=DiffusionPipelineConfig(
25-12-28 10:38:53 | I |     name=flux.1-schnell,
25-12-28 10:38:53 | I |     path=,
25-12-28 10:38:53 | I |     dtype=torch.bfloat16,
25-12-28 10:38:53 | I |     device=cuda,
25-12-28 10:38:53 | I |     shift_activations=False,
25-12-28 10:38:53 | I |     lora=None,
25-12-28 10:38:53 | I |     family=flux.1,
25-12-28 10:38:53 | I |     task=text-to-image),
25-12-28 10:38:53 | I |   eval=DiffusionEvalConfig(
25-12-28 10:38:53 | I |     protocol=fmeuler4-g0,
25-12-28 10:38:53 | I |     num_gpus=1,
25-12-28 10:38:53 | I |     batch_size=1,
25-12-28 10:38:53 | I |     batch_size_per_gpu=1,
25-12-28 10:38:53 | I |     height=None,
25-12-28 10:38:53 | I |     width=None,
25-12-28 10:38:53 | I |     clean_caption=None,
25-12-28 10:38:53 | I |     num_steps=4,
25-12-28 10:38:53 | I |     guidance_scale=0,
25-12-28 10:38:53 | I |     num_samples=1024,
25-12-28 10:38:53 | I |     benchmarks=['MJHQ'],
25-12-28 10:38:53 | I |     gt_metrics=['clip_iqa', 'clip_score', 'image_reward', 'fid'],
25-12-28 10:38:53 | I |     ref_metrics=['psnr', 'lpips', 'ssim', 'fid'],
25-12-28 10:38:53 | I |     gen_root={output}/{job},
25-12-28 10:38:53 | I |     ref_root=/cpfs01/projects-HDD/cfff-4da39d3c1e4e_HDD/jby_25113050052/projects/deepcompressor/examples/diffusion/baselines/torch.bfloat16/flux.1-schnell/fmeuler4-g0,
25-12-28 10:38:53 | I |     gt_stats_root=benchmarks/stats,
25-12-28 10:38:53 | I |     control_root=benchmarks,
25-12-28 10:38:53 | I |     chunk_start=0,
25-12-28 10:38:53 | I |     chunk_step=1,
25-12-28 10:38:53 | I |     chunk_only=False),
25-12-28 10:38:53 | I |   quant=DiffusionQuantConfig(
25-12-28 10:38:53 | I |     wgts=DiffusionWeightQuantizerConfig(
25-12-28 10:38:53 | I |       dtype=sfp4_e2m1_all,
25-12-28 10:38:53 | I |       zero_point=None,
25-12-28 10:38:53 | I |       group_shapes=((-1, -1, -1), (1, 16, 1)),
25-12-28 10:38:53 | I |       scale_dtypes=(None, sfp8_e4m3_nan),
25-12-28 10:38:53 | I |       static=True,
25-12-28 10:38:53 | I |       kernel_gptq=None,
25-12-28 10:38:53 | I |       low_rank=SkipBasedQuantLowRankCalibConfig(
25-12-28 10:38:53 | I |         rank=32,
25-12-28 10:38:53 | I |         exclusive=False,
25-12-28 10:38:53 | I |         compensate=False,
25-12-28 10:38:53 | I |         degree=2,
25-12-28 10:38:53 | I |         objective=SearchBasedCalibObjective.OutputsError,
25-12-28 10:38:53 | I |         strategy=SearchBasedCalibStrategy.Manual,
25-12-28 10:38:53 | I |         granularity=SearchBasedCalibGranularity.Layer,
25-12-28 10:38:53 | I |         element_batch_size=-1,
25-12-28 10:38:53 | I |         sample_batch_size=32,
25-12-28 10:38:53 | I |         element_size=-1,
25-12-28 10:38:53 | I |         sample_size=-1,
25-12-28 10:38:53 | I |         pre_reshape=True,
25-12-28 10:38:53 | I |         outputs_device=cpu,
25-12-28 10:38:53 | I |         num_iters=100,
25-12-28 10:38:53 | I |         early_stop=True,
25-12-28 10:38:53 | I |         skips=['down_resblock_conv', 'down_transformer_add_norm', 'down_transformer_norm', 'mid_resblock_conv', 'mid_transformer_add_norm', 'mid_transformer_norm', 'transformer_add_norm', 'transformer_norm', 'up_resblock_conv', 'up_transformer_add_norm', 'up_transformer_norm']),
25-12-28 10:38:53 | I |       calib_range=SkipBasedDynamicRangeCalibConfig(
25-12-28 10:38:53 | I |         degree=2,
25-12-28 10:38:53 | I |         objective=SearchBasedCalibObjective.OutputsError,
25-12-28 10:38:53 | I |         strategy=SearchBasedCalibStrategy.Manual,
25-12-28 10:38:53 | I |         granularity=SearchBasedCalibGranularity.Layer,
25-12-28 10:38:53 | I |         element_batch_size=-1,
25-12-28 10:38:53 | I |         sample_batch_size=32,
25-12-28 10:38:53 | I |         element_size=-1,
25-12-28 10:38:53 | I |         sample_size=-1,
25-12-28 10:38:53 | I |         pre_reshape=True,
25-12-28 10:38:53 | I |         outputs_device=cpu,
25-12-28 10:38:53 | I |         ratio=1.0,
25-12-28 10:38:53 | I |         max_shrink=0.2,
25-12-28 10:38:53 | I |         max_expand=1.0,
25-12-28 10:38:53 | I |         num_grids=80,
25-12-28 10:38:53 | I |         allow_scale=False,
25-12-28 10:38:53 | I |         skips=[]),
25-12-28 10:38:53 | I |       skips=['down_resblock_shortcut', 'down_resblock_time_proj', 'down_sample', 'down_transformer_proj_in', 'down_transformer_proj_out', 'input_embed', 'mid_resblock_shortcut', 'mid_resblock_time_proj', 'mid_transformer_proj_in', 'mid_transformer_proj_out', 'output_embed', 'text_embed', 'time_embed', 'up_resblock_shortcut', 'up_resblock_time_proj', 'up_sample', 'up_transformer_proj_in', 'up_transformer_proj_out']),
25-12-28 10:38:53 | I |     ipts=DiffusionActivationQuantizerConfig(
25-12-28 10:38:53 | I |       dtype=sfp4_e2m1_all,
25-12-28 10:38:53 | I |       zero_point=None,
25-12-28 10:38:53 | I |       group_shapes=((1, 16, 1),),
25-12-28 10:38:53 | I |       scale_dtypes=(sfp8_e4m3_nan,),
25-12-28 10:38:53 | I |       static=False,
25-12-28 10:38:53 | I |       kernel_gptq=None,
25-12-28 10:38:53 | I |       low_rank=None,
25-12-28 10:38:53 | I |       calib_range=None,
25-12-28 10:38:53 | I |       skips=['down_resblock_shortcut', 'down_resblock_time_proj', 'down_sample', 'down_transformer_add_norm', 'down_transformer_norm', 'down_transformer_proj_in', 'down_transformer_proj_out', 'input_embed', 'mid_resblock_shortcut', 'mid_resblock_time_proj', 'mid_transformer_add_norm', 'mid_transformer_norm', 'mid_transformer_proj_in', 'mid_transformer_proj_out', 'output_embed', 'text_embed', 'time_embed', 'transformer_add_norm', 'transformer_norm', 'up_resblock_shortcut', 'up_resblock_time_proj', 'up_sample', 'up_transformer_add_norm', 'up_transformer_norm', 'up_transformer_proj_in', 'up_transformer_proj_out'],
25-12-28 10:38:53 | I |       allow_unsigned=False),
25-12-28 10:38:53 | I |     opts=DiffusionActivationQuantizerConfig(
25-12-28 10:38:53 | I |       dtype=None,
25-12-28 10:38:53 | I |       zero_point=None,
25-12-28 10:38:53 | I |       group_shapes=((-1, -1, -1),),
25-12-28 10:38:53 | I |       scale_dtypes=(None,),
25-12-28 10:38:53 | I |       static=False,
25-12-28 10:38:53 | I |       kernel_gptq=None,
25-12-28 10:38:53 | I |       low_rank=None,
25-12-28 10:38:53 | I |       calib_range=None,
25-12-28 10:38:53 | I |       skips=[],
25-12-28 10:38:53 | I |       allow_unsigned=False),
25-12-28 10:38:53 | I |     extra_wgts=DiffusionExtraWeightQuantizerConfig(
25-12-28 10:38:53 | I |       dtype=sint4,
25-12-28 10:38:53 | I |       zero_point=None,
25-12-28 10:38:53 | I |       group_shapes=((1, 64, 1),),
25-12-28 10:38:53 | I |       scale_dtypes=(None,),
25-12-28 10:38:53 | I |       static=True,
25-12-28 10:38:53 | I |       kernel_gptq=None,
25-12-28 10:38:53 | I |       low_rank=SkipBasedQuantLowRankCalibConfig(
25-12-28 10:38:53 | I |         rank=32,
25-12-28 10:38:53 | I |         exclusive=False,
25-12-28 10:38:53 | I |         compensate=False,
25-12-28 10:38:53 | I |         degree=2,
25-12-28 10:38:53 | I |         objective=SearchBasedCalibObjective.OutputsError,
25-12-28 10:38:53 | I |         strategy=SearchBasedCalibStrategy.Manual,
25-12-28 10:38:53 | I |         granularity=SearchBasedCalibGranularity.Layer,
25-12-28 10:38:53 | I |         element_batch_size=-1,
25-12-28 10:38:53 | I |         sample_batch_size=32,
25-12-28 10:38:53 | I |         element_size=-1,
25-12-28 10:38:53 | I |         sample_size=-1,
25-12-28 10:38:53 | I |         pre_reshape=True,
25-12-28 10:38:53 | I |         outputs_device=cpu,
25-12-28 10:38:53 | I |         num_iters=100,
25-12-28 10:38:53 | I |         early_stop=True,
25-12-28 10:38:53 | I |         skips=['down_resblock_conv', 'down_transformer_add_norm', 'down_transformer_norm', 'mid_resblock_conv', 'mid_transformer_add_norm', 'mid_transformer_norm', 'transformer_add_norm', 'transformer_norm', 'up_resblock_conv', 'up_transformer_add_norm', 'up_transformer_norm']),
25-12-28 10:38:53 | I |       calib_range=SkipBasedDynamicRangeCalibConfig(
25-12-28 10:38:53 | I |         degree=2,
25-12-28 10:38:53 | I |         objective=SearchBasedCalibObjective.OutputsError,
25-12-28 10:38:53 | I |         strategy=SearchBasedCalibStrategy.Manual,
25-12-28 10:38:53 | I |         granularity=SearchBasedCalibGranularity.Layer,
25-12-28 10:38:53 | I |         element_batch_size=-1,
25-12-28 10:38:53 | I |         sample_batch_size=32,
25-12-28 10:38:53 | I |         element_size=-1,
25-12-28 10:38:53 | I |         sample_size=-1,
25-12-28 10:38:53 | I |         pre_reshape=True,
25-12-28 10:38:53 | I |         outputs_device=cpu,
25-12-28 10:38:53 | I |         ratio=1.0,
25-12-28 10:38:53 | I |         max_shrink=0.2,
25-12-28 10:38:53 | I |         max_expand=1.0,
25-12-28 10:38:53 | I |         num_grids=80,
25-12-28 10:38:53 | I |         allow_scale=False,
25-12-28 10:38:53 | I |         skips=[]),
25-12-28 10:38:53 | I |       includes=['down_transformer_add_norm', 'down_transformer_norm', 'mid_transformer_add_norm', 'mid_transformer_norm', 'transformer_add_norm', 'transformer_norm', 'up_transformer_add_norm', 'up_transformer_norm']),
25-12-28 10:38:53 | I |     unsigned_ipts=DiffusionActivationQuantizerConfig(
25-12-28 10:38:53 | I |       dtype=sfp4_e2m1_all,
25-12-28 10:38:53 | I |       zero_point=None,
25-12-28 10:38:53 | I |       group_shapes=((1, 16, 1),),
25-12-28 10:38:53 | I |       scale_dtypes=(sfp8_e4m3_nan,),
25-12-28 10:38:53 | I |       static=False,
25-12-28 10:38:53 | I |       kernel_gptq=None,
25-12-28 10:38:53 | I |       low_rank=None,
25-12-28 10:38:53 | I |       calib_range=None,
25-12-28 10:38:53 | I |       skips=['down_resblock_shortcut', 'down_resblock_time_proj', 'down_sample', 'down_transformer_add_norm', 'down_transformer_norm', 'down_transformer_proj_in', 'down_transformer_proj_out', 'input_embed', 'mid_resblock_shortcut', 'mid_resblock_time_proj', 'mid_transformer_add_norm', 'mid_transformer_norm', 'mid_transformer_proj_in', 'mid_transformer_proj_out', 'output_embed', 'text_embed', 'time_embed', 'transformer_add_norm', 'transformer_norm', 'up_resblock_shortcut', 'up_resblock_time_proj', 'up_sample', 'up_transformer_add_norm', 'up_transformer_norm', 'up_transformer_proj_in', 'up_transformer_proj_out'],
25-12-28 10:38:53 | I |       allow_unsigned=False),
25-12-28 10:38:53 | I |     calib=DiffusionCalibCacheLoaderConfig(
25-12-28 10:38:53 | I |       data=qdiff,
25-12-28 10:38:53 | I |       num_samples=128,
25-12-28 10:38:53 | I |       batch_size=16,
25-12-28 10:38:53 | I |       path=/cpfs01/projects-HDD/cfff-4da39d3c1e4e_HDD/jby_25113050052/projects/deepcompressor/examples/diffusion/datasets/torch.bfloat16/flux.1-schnell/fmeuler4-g0/qdiff/s128,
25-12-28 10:38:53 | I |       num_workers=8),
25-12-28 10:38:53 | I |     rotation=None,
25-12-28 10:38:53 | I |     smooth=SmoothTransfomerConfig(
25-12-28 10:38:53 | I |       proj=SkipBasedSmoothCalibConfig(
25-12-28 10:38:53 | I |         degree=2,
25-12-28 10:38:53 | I |         objective=SearchBasedCalibObjective.OutputsError,
25-12-28 10:38:53 | I |         strategy=SearchBasedCalibStrategy.GridSearch,
25-12-28 10:38:53 | I |         granularity=SearchBasedCalibGranularity.Layer,
25-12-28 10:38:53 | I |         element_batch_size=-1,
25-12-28 10:38:53 | I |         sample_batch_size=32,
25-12-28 10:38:53 | I |         element_size=-1,
25-12-28 10:38:53 | I |         sample_size=-1,
25-12-28 10:38:53 | I |         pre_reshape=True,
25-12-28 10:38:53 | I |         outputs_device=cpu,
25-12-28 10:38:53 | I |         fuse_when_possible=False,
25-12-28 10:38:53 | I |         allow_a_quant=True,
25-12-28 10:38:53 | I |         allow_b_quant=True,
25-12-28 10:38:53 | I |         spans=[(<SmoothSpanMode.AbsMax: 1>, <SmoothSpanMode.AbsMax: 1>)],
25-12-28 10:38:53 | I |         a_spans=[<SmoothSpanMode.AbsMax: 1>],
25-12-28 10:38:53 | I |         b_spans=[<SmoothSpanMode.AbsMax: 1>],
25-12-28 10:38:53 | I |         alpha=0.5,
25-12-28 10:38:53 | I |         beta=-2,
25-12-28 10:38:53 | I |         num_grids=20,
25-12-28 10:38:53 | I |         allow_low_rank=True,
25-12-28 10:38:53 | I |         skips=['down_resblock_conv', 'down_transformer_add_norm', 'down_transformer_norm', 'mid_resblock_conv', 'mid_transformer_add_norm', 'mid_transformer_norm', 'transformer_add_norm', 'transformer_norm', 'up_resblock_conv', 'up_transformer_add_norm', 'up_transformer_norm']),
25-12-28 10:38:53 | I |       attn=None),
25-12-28 10:38:53 | I |     develop_dtype=torch.float32),
25-12-28 10:38:53 | I |   text=None,
25-12-28 10:38:53 | I |   text_cache=LlmCacheConfig(
25-12-28 10:38:53 | I |     root=,
25-12-28 10:38:53 | I |     dirpath=LlmQuantCacheConfig(
25-12-28 10:38:53 | I |       rotation=,
25-12-28 10:38:53 | I |       reorder=,
25-12-28 10:38:53 | I |       smooth=,
25-12-28 10:38:53 | I |       wgts=,
25-12-28 10:38:53 | I |       acts=),
25-12-28 10:38:53 | I |     path=LlmQuantCacheConfig(
25-12-28 10:38:53 | I |       rotation=,
25-12-28 10:38:53 | I |       reorder=,
25-12-28 10:38:53 | I |       smooth=,
25-12-28 10:38:53 | I |       wgts=,
25-12-28 10:38:53 | I |       acts=)),
25-12-28 10:38:53 | I |   seed=12345,
25-12-28 10:38:53 | I |   skip_gen=False,
25-12-28 10:38:53 | I |   skip_eval=False,
25-12-28 10:38:53 | I |   load_from=,
25-12-28 10:38:53 | I |   save_model=true,
25-12-28 10:38:53 | I |   copy_on_save=False)
25-12-28 10:38:53 | I | === Dumped Configurations ===
25-12-28 10:38:53 | I | { 'cache': {'root': 'runs'},
25-12-28 10:38:53 | I |   'copy_on_save': False,
25-12-28 10:38:53 | I |   'enable_cache': True,
25-12-28 10:38:53 | I |   'enable_text': False,
25-12-28 10:38:53 | I |   'eval': { 'batch_size': 1,
25-12-28 10:38:53 | I |             'batch_size_per_gpu': 1,
25-12-28 10:38:53 | I |             'benchmarks': ['MJHQ'],
25-12-28 10:38:53 | I |             'chunk_only': False,
25-12-28 10:38:53 | I |             'chunk_start': 0,
25-12-28 10:38:53 | I |             'chunk_step': 1,
25-12-28 10:38:53 | I |             'clean_caption': None,
25-12-28 10:38:53 | I |             'control_root': 'benchmarks',
25-12-28 10:38:53 | I |             'gen_root': '{output}/{job}',
25-12-28 10:38:53 | I |             'gt_metrics': ['clip_iqa', 'clip_score', 'image_reward', 'fid'],
25-12-28 10:38:53 | I |             'gt_stats_root': 'benchmarks/stats',
25-12-28 10:38:53 | I |             'guidance_scale': 0,
25-12-28 10:38:53 | I |             'height': None,
25-12-28 10:38:53 | I |             'num_gpus': 1,
25-12-28 10:38:53 | I |             'num_samples': 1024,
25-12-28 10:38:53 | I |             'num_steps': 4,
25-12-28 10:38:53 | I |             'protocol': 'fmeuler4-g0',
25-12-28 10:38:53 | I |             'ref_metrics': ['psnr', 'lpips', 'ssim', 'fid'],
25-12-28 10:38:53 | I |             'ref_root': '/cpfs01/projects-HDD/cfff-4da39d3c1e4e_HDD/jby_25113050052/projects/deepcompressor/examples/diffusion/baselines/torch.bfloat16/flux.1-schnell/fmeuler4-g0',
25-12-28 10:38:53 | I |             'width': None},
25-12-28 10:38:53 | I |   'load_from': '',
25-12-28 10:38:53 | I |   'output': { 'dirname': 'skip.x.[[w]+tan+tn].w.[e+rs+rtp+s+tpi+tpo]-extra.[tan+tn]-low.r32.i100.e.skip.[rc+tan+tn]-smth.proj.GridSearch.bn2.[AbsMax].lr.skip.[rc+tan+tn]-qdiff.128-t4.g0-s1024',
25-12-28 10:38:53 | I |               'job': 'run',
25-12-28 10:38:53 | I |               'root': 'runs'},
25-12-28 10:38:53 | I |   'pipeline': { 'device': 'cuda',
25-12-28 10:38:53 | I |                 'dtype': 'torch.bfloat16',
25-12-28 10:38:53 | I |                 'enable_lora': False,
25-12-28 10:38:53 | I |                 'name': 'flux.1-schnell',
25-12-28 10:38:53 | I |                 'path': '',
25-12-28 10:38:53 | I |                 'shift_activations': False,
25-12-28 10:38:53 | I |                 'task': 'text-to-image'},
25-12-28 10:38:53 | I |   'quant': { 'calib': { 'batch_size': 16,
25-12-28 10:38:53 | I |                         'data': 'qdiff',
25-12-28 10:38:53 | I |                         'num_samples': 128,
25-12-28 10:38:53 | I |                         'num_workers': 8,
25-12-28 10:38:53 | I |                         'path': '/cpfs01/projects-HDD/cfff-4da39d3c1e4e_HDD/jby_25113050052/projects/deepcompressor/examples/diffusion/datasets/torch.bfloat16/flux.1-schnell/fmeuler4-g0/qdiff/s128'},
25-12-28 10:38:53 | I |              'develop_dtype': 'torch.float32',
25-12-28 10:38:53 | I |              'enable_extra_wgts': True,
25-12-28 10:38:53 | I |              'enable_rotation': False,
25-12-28 10:38:53 | I |              'enable_smooth': True,
25-12-28 10:38:53 | I |              'extra_wgts': { 'dtype': 'sint4',
25-12-28 10:38:53 | I |                              'group_shapes': [[1, 64, 1]],
25-12-28 10:38:53 | I |                              'includes': [ 'down_transformer_add_norm',
25-12-28 10:38:53 | I |                                            'down_transformer_norm',
25-12-28 10:38:53 | I |                                            'mid_transformer_add_norm',
25-12-28 10:38:53 | I |                                            'mid_transformer_norm',
25-12-28 10:38:53 | I |                                            'transformer_add_norm',
25-12-28 10:38:53 | I |                                            'transformer_norm',
25-12-28 10:38:53 | I |                                            'up_transformer_add_norm',
25-12-28 10:38:53 | I |                                            'up_transformer_norm'],
25-12-28 10:38:53 | I |                              'scale_dtypes': [None],
25-12-28 10:38:53 | I |                              'zero_point': None},
25-12-28 10:38:53 | I |              'ipts': { 'allow_unsigned': False,
25-12-28 10:38:53 | I |                        'dtype': 'sfp4_e2m1_all',
25-12-28 10:38:53 | I |                        'enable_calib_range': False,
25-12-28 10:38:53 | I |                        'group_shapes': [[1, 16, 1]],
25-12-28 10:38:53 | I |                        'scale_dtypes': ['sfp8_e4m3_nan'],
25-12-28 10:38:53 | I |                        'skips': [ 'down_resblock_shortcut',
25-12-28 10:38:53 | I |                                   'down_resblock_time_proj',
25-12-28 10:38:53 | I |                                   'down_sample',
25-12-28 10:38:53 | I |                                   'down_transformer_add_norm',
25-12-28 10:38:53 | I |                                   'down_transformer_norm',
25-12-28 10:38:53 | I |                                   'down_transformer_proj_in',
25-12-28 10:38:53 | I |                                   'down_transformer_proj_out',
25-12-28 10:38:53 | I |                                   'input_embed',
25-12-28 10:38:53 | I |                                   'mid_resblock_shortcut',
25-12-28 10:38:53 | I |                                   'mid_resblock_time_proj',
25-12-28 10:38:53 | I |                                   'mid_transformer_add_norm',
25-12-28 10:38:53 | I |                                   'mid_transformer_norm',
25-12-28 10:38:53 | I |                                   'mid_transformer_proj_in',
25-12-28 10:38:53 | I |                                   'mid_transformer_proj_out',
25-12-28 10:38:53 | I |                                   'output_embed',
25-12-28 10:38:53 | I |                                   'text_embed',
25-12-28 10:38:53 | I |                                   'time_embed',
25-12-28 10:38:53 | I |                                   'transformer_add_norm',
25-12-28 10:38:53 | I |                                   'transformer_norm',
25-12-28 10:38:53 | I |                                   'up_resblock_shortcut',
25-12-28 10:38:53 | I |                                   'up_resblock_time_proj',
25-12-28 10:38:53 | I |                                   'up_sample',
25-12-28 10:38:53 | I |                                   'up_transformer_add_norm',
25-12-28 10:38:53 | I |                                   'up_transformer_norm',
25-12-28 10:38:53 | I |                                   'up_transformer_proj_in',
25-12-28 10:38:53 | I |                                   'up_transformer_proj_out'],
25-12-28 10:38:53 | I |                        'static': False,
25-12-28 10:38:53 | I |                        'zero_point': None},
25-12-28 10:38:53 | I |              'opts': { 'allow_unsigned': False,
25-12-28 10:38:53 | I |                        'dtype': None,
25-12-28 10:38:53 | I |                        'enable_calib_range': False,
25-12-28 10:38:53 | I |                        'group_shapes': [[-1, -1, -1]],
25-12-28 10:38:53 | I |                        'scale_dtypes': [None],
25-12-28 10:38:53 | I |                        'skips': [],
25-12-28 10:38:53 | I |                        'static': False,
25-12-28 10:38:53 | I |                        'zero_point': None},
25-12-28 10:38:53 | I |              'smooth': { 'enable_attn': False,
25-12-28 10:38:53 | I |                          'enable_proj': True,
25-12-28 10:38:53 | I |                          'proj': { 'allow_a_quant': True,
25-12-28 10:38:53 | I |                                    'allow_b_quant': True,
25-12-28 10:38:53 | I |                                    'allow_low_rank': True,
25-12-28 10:38:53 | I |                                    'alpha': 0.5,
25-12-28 10:38:53 | I |                                    'beta': -2,
25-12-28 10:38:53 | I |                                    'degree': 2,
25-12-28 10:38:53 | I |                                    'element_batch_size': -1,
25-12-28 10:38:53 | I |                                    'element_size': -1,
25-12-28 10:38:53 | I |                                    'fuse_when_possible': False,
25-12-28 10:38:53 | I |                                    'granularity': 'Layer',
25-12-28 10:38:53 | I |                                    'num_grids': 20,
25-12-28 10:38:53 | I |                                    'objective': 'OutputsError',
25-12-28 10:38:53 | I |                                    'outputs_device': 'cpu',
25-12-28 10:38:53 | I |                                    'pre_reshape': True,
25-12-28 10:38:53 | I |                                    'sample_batch_size': 32,
25-12-28 10:38:53 | I |                                    'sample_size': -1,
25-12-28 10:38:53 | I |                                    'skips': [ 'down_resblock_conv',
25-12-28 10:38:53 | I |                                               'down_transformer_add_norm',
25-12-28 10:38:53 | I |                                               'down_transformer_norm',
25-12-28 10:38:53 | I |                                               'mid_resblock_conv',
25-12-28 10:38:53 | I |                                               'mid_transformer_add_norm',
25-12-28 10:38:53 | I |                                               'mid_transformer_norm',
25-12-28 10:38:53 | I |                                               'transformer_add_norm',
25-12-28 10:38:53 | I |                                               'transformer_norm',
25-12-28 10:38:53 | I |                                               'up_resblock_conv',
25-12-28 10:38:53 | I |                                               'up_transformer_add_norm',
25-12-28 10:38:53 | I |                                               'up_transformer_norm'],
25-12-28 10:38:53 | I |                                    'spans': [['AbsMax', 'AbsMax']],
25-12-28 10:38:53 | I |                                    'strategy': 'GridSearch'}},
25-12-28 10:38:53 | I |              'wgts': { 'calib_range': { 'allow_scale': False,
25-12-28 10:38:53 | I |                                         'degree': 2,
25-12-28 10:38:53 | I |                                         'element_batch_size': -1,
25-12-28 10:38:53 | I |                                         'element_size': -1,
25-12-28 10:38:53 | I |                                         'granularity': 'Layer',
25-12-28 10:38:53 | I |                                         'max_expand': 1.0,
25-12-28 10:38:53 | I |                                         'max_shrink': 0.2,
25-12-28 10:38:53 | I |                                         'num_grids': 80,
25-12-28 10:38:53 | I |                                         'objective': 'OutputsError',
25-12-28 10:38:53 | I |                                         'outputs_device': 'cpu',
25-12-28 10:38:53 | I |                                         'pre_reshape': True,
25-12-28 10:38:53 | I |                                         'ratio': 1.0,
25-12-28 10:38:53 | I |                                         'sample_batch_size': 32,
25-12-28 10:38:53 | I |                                         'sample_size': -1,
25-12-28 10:38:53 | I |                                         'skips': [],
25-12-28 10:38:53 | I |                                         'strategy': 'Manual'},
25-12-28 10:38:53 | I |                        'dtype': 'sfp4_e2m1_all',
25-12-28 10:38:53 | I |                        'enable_calib_range': True,
25-12-28 10:38:53 | I |                        'enable_kernel_gptq': False,
25-12-28 10:38:53 | I |                        'enable_low_rank': True,
25-12-28 10:38:53 | I |                        'group_shapes': [[-1, -1, -1], [1, 16, 1]],
25-12-28 10:38:53 | I |                        'low_rank': { 'compensate': False,
25-12-28 10:38:53 | I |                                      'degree': 2,
25-12-28 10:38:53 | I |                                      'early_stop': True,
25-12-28 10:38:53 | I |                                      'exclusive': False,
25-12-28 10:38:53 | I |                                      'num_iters': 100,
25-12-28 10:38:53 | I |                                      'objective': 'OutputsError',
25-12-28 10:38:53 | I |                                      'outputs_device': 'cpu',
25-12-28 10:38:53 | I |                                      'rank': 32,
25-12-28 10:38:53 | I |                                      'sample_batch_size': 32,
25-12-28 10:38:53 | I |                                      'sample_size': -1,
25-12-28 10:38:53 | I |                                      'skips': [ 'down_resblock_conv',
25-12-28 10:38:53 | I |                                                 'down_transformer_add_norm',
25-12-28 10:38:53 | I |                                                 'down_transformer_norm',
25-12-28 10:38:53 | I |                                                 'mid_resblock_conv',
25-12-28 10:38:53 | I |                                                 'mid_transformer_add_norm',
25-12-28 10:38:53 | I |                                                 'mid_transformer_norm',
25-12-28 10:38:53 | I |                                                 'transformer_add_norm',
25-12-28 10:38:53 | I |                                                 'transformer_norm',
25-12-28 10:38:53 | I |                                                 'up_resblock_conv',
25-12-28 10:38:53 | I |                                                 'up_transformer_add_norm',
25-12-28 10:38:53 | I |                                                 'up_transformer_norm'],
25-12-28 10:38:53 | I |                                      'strategy': 'Manual'},
25-12-28 10:38:53 | I |                        'scale_dtypes': [None, 'sfp8_e4m3_nan'],
25-12-28 10:38:53 | I |                        'skips': [ 'down_resblock_shortcut',
25-12-28 10:38:53 | I |                                   'down_resblock_time_proj',
25-12-28 10:38:53 | I |                                   'down_sample',
25-12-28 10:38:53 | I |                                   'down_transformer_proj_in',
25-12-28 10:38:53 | I |                                   'down_transformer_proj_out',
25-12-28 10:38:53 | I |                                   'input_embed',
25-12-28 10:38:53 | I |                                   'mid_resblock_shortcut',
25-12-28 10:38:53 | I |                                   'mid_resblock_time_proj',
25-12-28 10:38:53 | I |                                   'mid_transformer_proj_in',
25-12-28 10:38:53 | I |                                   'mid_transformer_proj_out',
25-12-28 10:38:53 | I |                                   'output_embed',
25-12-28 10:38:53 | I |                                   'text_embed',
25-12-28 10:38:53 | I |                                   'time_embed',
25-12-28 10:38:53 | I |                                   'up_resblock_shortcut',
25-12-28 10:38:53 | I |                                   'up_resblock_time_proj',
25-12-28 10:38:53 | I |                                   'up_sample',
25-12-28 10:38:53 | I |                                   'up_transformer_proj_in',
25-12-28 10:38:53 | I |                                   'up_transformer_proj_out'],
25-12-28 10:38:53 | I |                        'zero_point': None}},
25-12-28 10:38:53 | I |   'save_model': 'true',
25-12-28 10:38:53 | I |   'seed': 12345,
25-12-28 10:38:53 | I |   'skip_eval': False,
25-12-28 10:38:53 | I |   'skip_gen': False,
25-12-28 10:38:53 | I |   'text_cache': {'path': {'acts': '', 'reorder': '', 'rotation': '', 'smooth': '', 'wgts': ''}, 'root': ''}}
25-12-28 10:38:53 | I | === Output Directory ===
25-12-28 10:38:53 | I | runs/diffusion/flux.1/flux.1-schnell/w.4-x.4-y.16-w.4/w.sfp4_e2m1_all-x.sfp4_e2m1_all-y.bf16-w.sint4/w.v16.sfp8_e4m3_nan.tsnr.bf16-x.v16.sfp8_e4m3_nan-y.tnsr.bf16-w.v64.bf16/smooth.proj-w.static.lowrank/skip.x.[[w]+tan+tn].w.[e+rs+rtp+s+tpi+tpo]-extra.[tan+tn]-low.r32.i100.e.skip.[rc+tan+tn]-smth.proj.GridSearch.bn2.[AbsMax].lr.skip.[rc+tan+tn]-qdiff.128-t4.g0-s1024/run-251228.103853
25-12-28 10:38:53 | I | === Start Evaluating ===
25-12-28 10:38:53 | I | * Building diffusion model pipeline
25-12-28 10:38:53 | D |   Starting new HTTPS connection (1): hf-mirror.com:443
25-12-28 10:38:54 | D |   https://hf-mirror.com:443 "HEAD /black-forest-labs/FLUX.1-schnell/resolve/main/model_index.json HTTP/1.1" 200 0
25-12-28 10:38:54 | D |   https://hf-mirror.com:443 "GET /api/models/black-forest-labs/FLUX.1-schnell HTTP/1.1" 200 2153
25-12-28 10:38:55 | D |   https://hf-mirror.com:443 "HEAD /black-forest-labs/FLUX.1-schnell/resolve/main/model_index.json HTTP/1.1" 200 0
25-12-28 10:39:17 | I |   Replacing fused Linear with ConcatLinear.
25-12-28 10:39:17 | I |     + Replacing fused Linear in single_transformer_blocks.0 with ConcatLinear.
25-12-28 10:39:17 | I |       - in_features = 3072/15360
25-12-28 10:39:17 | I |       - out_features = 3072
25-12-28 10:39:17 | I |     + Replacing fused Linear in single_transformer_blocks.1 with ConcatLinear.
25-12-28 10:39:17 | I |       - in_features = 3072/15360
25-12-28 10:39:17 | I |       - out_features = 3072
25-12-28 10:39:17 | I |     + Replacing fused Linear in single_transformer_blocks.2 with ConcatLinear.
25-12-28 10:39:17 | I |       - in_features = 3072/15360
25-12-28 10:39:17 | I |       - out_features = 3072
25-12-28 10:39:17 | I |     + Replacing fused Linear in single_transformer_blocks.3 with ConcatLinear.
25-12-28 10:39:17 | I |       - in_features = 3072/15360
25-12-28 10:39:17 | I |       - out_features = 3072
25-12-28 10:39:17 | I |     + Replacing fused Linear in single_transformer_blocks.4 with ConcatLinear.
25-12-28 10:39:17 | I |       - in_features = 3072/15360
25-12-28 10:39:17 | I |       - out_features = 3072
25-12-28 10:39:17 | I |     + Replacing fused Linear in single_transformer_blocks.5 with ConcatLinear.
25-12-28 10:39:17 | I |       - in_features = 3072/15360
25-12-28 10:39:17 | I |       - out_features = 3072
25-12-28 10:39:17 | I |     + Replacing fused Linear in single_transformer_blocks.6 with ConcatLinear.
25-12-28 10:39:17 | I |       - in_features = 3072/15360
25-12-28 10:39:17 | I |       - out_features = 3072
25-12-28 10:39:17 | I |     + Replacing fused Linear in single_transformer_blocks.7 with ConcatLinear.
25-12-28 10:39:17 | I |       - in_features = 3072/15360
25-12-28 10:39:17 | I |       - out_features = 3072
25-12-28 10:39:17 | I |     + Replacing fused Linear in single_transformer_blocks.8 with ConcatLinear.
25-12-28 10:39:17 | I |       - in_features = 3072/15360
25-12-28 10:39:17 | I |       - out_features = 3072
25-12-28 10:39:17 | I |     + Replacing fused Linear in single_transformer_blocks.9 with ConcatLinear.
25-12-28 10:39:17 | I |       - in_features = 3072/15360
25-12-28 10:39:17 | I |       - out_features = 3072
25-12-28 10:39:17 | I |     + Replacing fused Linear in single_transformer_blocks.10 with ConcatLinear.
25-12-28 10:39:17 | I |       - in_features = 3072/15360
25-12-28 10:39:17 | I |       - out_features = 3072
25-12-28 10:39:17 | I |     + Replacing fused Linear in single_transformer_blocks.11 with ConcatLinear.
25-12-28 10:39:17 | I |       - in_features = 3072/15360
25-12-28 10:39:17 | I |       - out_features = 3072
25-12-28 10:39:17 | I |     + Replacing fused Linear in single_transformer_blocks.12 with ConcatLinear.
25-12-28 10:39:17 | I |       - in_features = 3072/15360
25-12-28 10:39:17 | I |       - out_features = 3072
25-12-28 10:39:17 | I |     + Replacing fused Linear in single_transformer_blocks.13 with ConcatLinear.
25-12-28 10:39:17 | I |       - in_features = 3072/15360
25-12-28 10:39:17 | I |       - out_features = 3072
25-12-28 10:39:17 | I |     + Replacing fused Linear in single_transformer_blocks.14 with ConcatLinear.
25-12-28 10:39:17 | I |       - in_features = 3072/15360
25-12-28 10:39:17 | I |       - out_features = 3072
25-12-28 10:39:17 | I |     + Replacing fused Linear in single_transformer_blocks.15 with ConcatLinear.
25-12-28 10:39:17 | I |       - in_features = 3072/15360
25-12-28 10:39:17 | I |       - out_features = 3072
25-12-28 10:39:17 | I |     + Replacing fused Linear in single_transformer_blocks.16 with ConcatLinear.
25-12-28 10:39:17 | I |       - in_features = 3072/15360
25-12-28 10:39:17 | I |       - out_features = 3072
25-12-28 10:39:17 | I |     + Replacing fused Linear in single_transformer_blocks.17 with ConcatLinear.
25-12-28 10:39:17 | I |       - in_features = 3072/15360
25-12-28 10:39:17 | I |       - out_features = 3072
25-12-28 10:39:17 | I |     + Replacing fused Linear in single_transformer_blocks.18 with ConcatLinear.
25-12-28 10:39:17 | I |       - in_features = 3072/15360
25-12-28 10:39:17 | I |       - out_features = 3072
25-12-28 10:39:17 | I |     + Replacing fused Linear in single_transformer_blocks.19 with ConcatLinear.
25-12-28 10:39:17 | I |       - in_features = 3072/15360
25-12-28 10:39:17 | I |       - out_features = 3072
25-12-28 10:39:17 | I |     + Replacing fused Linear in single_transformer_blocks.20 with ConcatLinear.
25-12-28 10:39:17 | I |       - in_features = 3072/15360
25-12-28 10:39:17 | I |       - out_features = 3072
25-12-28 10:39:17 | I |     + Replacing fused Linear in single_transformer_blocks.21 with ConcatLinear.
25-12-28 10:39:17 | I |       - in_features = 3072/15360
25-12-28 10:39:17 | I |       - out_features = 3072
25-12-28 10:39:17 | I |     + Replacing fused Linear in single_transformer_blocks.22 with ConcatLinear.
25-12-28 10:39:17 | I |       - in_features = 3072/15360
25-12-28 10:39:17 | I |       - out_features = 3072
25-12-28 10:39:17 | I |     + Replacing fused Linear in single_transformer_blocks.23 with ConcatLinear.
25-12-28 10:39:17 | I |       - in_features = 3072/15360
25-12-28 10:39:17 | I |       - out_features = 3072
25-12-28 10:39:17 | I |     + Replacing fused Linear in single_transformer_blocks.24 with ConcatLinear.
25-12-28 10:39:17 | I |       - in_features = 3072/15360
25-12-28 10:39:17 | I |       - out_features = 3072
25-12-28 10:39:17 | I |     + Replacing fused Linear in single_transformer_blocks.25 with ConcatLinear.
25-12-28 10:39:17 | I |       - in_features = 3072/15360
25-12-28 10:39:17 | I |       - out_features = 3072
25-12-28 10:39:17 | I |     + Replacing fused Linear in single_transformer_blocks.26 with ConcatLinear.
25-12-28 10:39:17 | I |       - in_features = 3072/15360
25-12-28 10:39:17 | I |       - out_features = 3072
25-12-28 10:39:17 | I |     + Replacing fused Linear in single_transformer_blocks.27 with ConcatLinear.
25-12-28 10:39:17 | I |       - in_features = 3072/15360
25-12-28 10:39:17 | I |       - out_features = 3072
25-12-28 10:39:17 | I |     + Replacing fused Linear in single_transformer_blocks.28 with ConcatLinear.
25-12-28 10:39:17 | I |       - in_features = 3072/15360
25-12-28 10:39:17 | I |       - out_features = 3072
25-12-28 10:39:17 | I |     + Replacing fused Linear in single_transformer_blocks.29 with ConcatLinear.
25-12-28 10:39:17 | I |       - in_features = 3072/15360
25-12-28 10:39:17 | I |       - out_features = 3072
25-12-28 10:39:17 | I |     + Replacing fused Linear in single_transformer_blocks.30 with ConcatLinear.
25-12-28 10:39:17 | I |       - in_features = 3072/15360
25-12-28 10:39:17 | I |       - out_features = 3072
25-12-28 10:39:17 | I |     + Replacing fused Linear in single_transformer_blocks.31 with ConcatLinear.
25-12-28 10:39:17 | I |       - in_features = 3072/15360
25-12-28 10:39:17 | I |       - out_features = 3072
25-12-28 10:39:17 | I |     + Replacing fused Linear in single_transformer_blocks.32 with ConcatLinear.
25-12-28 10:39:17 | I |       - in_features = 3072/15360
25-12-28 10:39:17 | I |       - out_features = 3072
25-12-28 10:39:17 | I |     + Replacing fused Linear in single_transformer_blocks.33 with ConcatLinear.
25-12-28 10:39:17 | I |       - in_features = 3072/15360
25-12-28 10:39:17 | I |       - out_features = 3072
25-12-28 10:39:17 | I |     + Replacing fused Linear in single_transformer_blocks.34 with ConcatLinear.
25-12-28 10:39:17 | I |       - in_features = 3072/15360
25-12-28 10:39:17 | I |       - out_features = 3072
25-12-28 10:39:17 | I |     + Replacing fused Linear in single_transformer_blocks.35 with ConcatLinear.
25-12-28 10:39:17 | I |       - in_features = 3072/15360
25-12-28 10:39:17 | I |       - out_features = 3072
25-12-28 10:39:17 | I |     + Replacing fused Linear in single_transformer_blocks.36 with ConcatLinear.
25-12-28 10:39:17 | I |       - in_features = 3072/15360
25-12-28 10:39:17 | I |       - out_features = 3072
25-12-28 10:39:17 | I |     + Replacing fused Linear in single_transformer_blocks.37 with ConcatLinear.
25-12-28 10:39:17 | I |       - in_features = 3072/15360
25-12-28 10:39:17 | I |       - out_features = 3072
25-12-28 10:39:17 | I | * Smoothing model for quantization
25-12-28 10:39:17 | I |   - Loading smooth scales from runs/diffusion/cache/quant/qdiff.128/smooth/w.4-x.4-y.16-w.4/w.sfp4_e2m1_all-x.sfp4_e2m1_all-y.bf16-w.sint4/w.v16.sfp8_e4m3_nan.tsnr.bf16-x.v16.sfp8_e4m3_nan-y.tnsr.bf16-w.v64.bf16/w.skip.[e+rs+rtp+s+tpi+tpo]-x.skip.[e+rs+rtp+s+tan+tn+tpi+tpo]-y.skip.[]-w.include.[tan+tn]/lowrank.r32/smooth.proj.OutputsError.GridSearch.Layer.d2.en1.sn1/smooth.proj.[a.AbsMax.b.AbsMax]/smooth.proj.g20.bn2.lr.nf/smooth.proj.skip.[rc+tan+tn]/flux.1-schnell.pt
25-12-28 10:39:17 | D |   - Smoothing Diffusion Block transformer_blocks.0
25-12-28 10:39:17 | D |     - Skipping Module transformer_blocks.0.norm1.linear
25-12-28 10:39:17 | D |     - Skipping Module transformer_blocks.0.norm1_context.linear
25-12-28 10:39:17 | D |     - Smoothing Transformer Block transformer_blocks.0
25-12-28 10:39:17 | D |       - transformer_blocks.0.attn.qkv_proj
25-12-28 10:39:17 | D |       - transformer_blocks.0.attn add_qkv_proj
25-12-28 10:39:17 | D |       - transformer_blocks.0.attn.out_proj + transformer_blocks.0.attn.add_out_proj
25-12-28 10:39:17 | D |       - transformer_blocks.0.ff.up_proj
25-12-28 10:39:17 | D |       - transformer_blocks.0.ff.down_proj
25-12-28 10:39:17 | D |       - transformer_blocks.0.ff_context.up_proj
25-12-28 10:39:17 | D |       - transformer_blocks.0.ff_context.down_proj
25-12-28 10:39:17 | D |   - Smoothing Diffusion Block transformer_blocks.1
25-12-28 10:39:17 | D |     - Skipping Module transformer_blocks.1.norm1.linear
25-12-28 10:39:17 | D |     - Skipping Module transformer_blocks.1.norm1_context.linear
25-12-28 10:39:17 | D |     - Smoothing Transformer Block transformer_blocks.1
25-12-28 10:39:17 | D |       - transformer_blocks.1.attn.qkv_proj
25-12-28 10:39:17 | D |       - transformer_blocks.1.attn add_qkv_proj
25-12-28 10:39:17 | D |       - transformer_blocks.1.attn.out_proj + transformer_blocks.1.attn.add_out_proj
25-12-28 10:39:17 | D |       - transformer_blocks.1.ff.up_proj
25-12-28 10:39:17 | D |       - transformer_blocks.1.ff.down_proj
25-12-28 10:39:17 | D |       - transformer_blocks.1.ff_context.up_proj
25-12-28 10:39:17 | D |       - transformer_blocks.1.ff_context.down_proj
25-12-28 10:39:17 | D |   - Smoothing Diffusion Block transformer_blocks.2
25-12-28 10:39:17 | D |     - Skipping Module transformer_blocks.2.norm1.linear
25-12-28 10:39:17 | D |     - Skipping Module transformer_blocks.2.norm1_context.linear
25-12-28 10:39:17 | D |     - Smoothing Transformer Block transformer_blocks.2
25-12-28 10:39:17 | D |       - transformer_blocks.2.attn.qkv_proj
25-12-28 10:39:17 | D |       - transformer_blocks.2.attn add_qkv_proj
25-12-28 10:39:17 | D |       - transformer_blocks.2.attn.out_proj + transformer_blocks.2.attn.add_out_proj
25-12-28 10:39:17 | D |       - transformer_blocks.2.ff.up_proj
25-12-28 10:39:17 | D |       - transformer_blocks.2.ff.down_proj
25-12-28 10:39:17 | D |       - transformer_blocks.2.ff_context.up_proj
25-12-28 10:39:17 | D |       - transformer_blocks.2.ff_context.down_proj
25-12-28 10:39:17 | D |   - Smoothing Diffusion Block transformer_blocks.3
25-12-28 10:39:17 | D |     - Skipping Module transformer_blocks.3.norm1.linear
25-12-28 10:39:17 | D |     - Skipping Module transformer_blocks.3.norm1_context.linear
25-12-28 10:39:17 | D |     - Smoothing Transformer Block transformer_blocks.3
25-12-28 10:39:17 | D |       - transformer_blocks.3.attn.qkv_proj
25-12-28 10:39:17 | D |       - transformer_blocks.3.attn add_qkv_proj
25-12-28 10:39:17 | D |       - transformer_blocks.3.attn.out_proj + transformer_blocks.3.attn.add_out_proj
25-12-28 10:39:17 | D |       - transformer_blocks.3.ff.up_proj
25-12-28 10:39:17 | D |       - transformer_blocks.3.ff.down_proj
25-12-28 10:39:17 | D |       - transformer_blocks.3.ff_context.up_proj
25-12-28 10:39:17 | D |       - transformer_blocks.3.ff_context.down_proj
25-12-28 10:39:17 | D |   - Smoothing Diffusion Block transformer_blocks.4
25-12-28 10:39:17 | D |     - Skipping Module transformer_blocks.4.norm1.linear
25-12-28 10:39:17 | D |     - Skipping Module transformer_blocks.4.norm1_context.linear
25-12-28 10:39:17 | D |     - Smoothing Transformer Block transformer_blocks.4
25-12-28 10:39:17 | D |       - transformer_blocks.4.attn.qkv_proj
25-12-28 10:39:17 | D |       - transformer_blocks.4.attn add_qkv_proj
25-12-28 10:39:17 | D |       - transformer_blocks.4.attn.out_proj + transformer_blocks.4.attn.add_out_proj
25-12-28 10:39:17 | D |       - transformer_blocks.4.ff.up_proj
25-12-28 10:39:17 | D |       - transformer_blocks.4.ff.down_proj
25-12-28 10:39:17 | D |       - transformer_blocks.4.ff_context.up_proj
25-12-28 10:39:17 | D |       - transformer_blocks.4.ff_context.down_proj
25-12-28 10:39:17 | D |   - Smoothing Diffusion Block transformer_blocks.5
25-12-28 10:39:17 | D |     - Skipping Module transformer_blocks.5.norm1.linear
25-12-28 10:39:17 | D |     - Skipping Module transformer_blocks.5.norm1_context.linear
25-12-28 10:39:17 | D |     - Smoothing Transformer Block transformer_blocks.5
25-12-28 10:39:17 | D |       - transformer_blocks.5.attn.qkv_proj
25-12-28 10:39:17 | D |       - transformer_blocks.5.attn add_qkv_proj
25-12-28 10:39:17 | D |       - transformer_blocks.5.attn.out_proj + transformer_blocks.5.attn.add_out_proj
25-12-28 10:39:17 | D |       - transformer_blocks.5.ff.up_proj
25-12-28 10:39:17 | D |       - transformer_blocks.5.ff.down_proj
25-12-28 10:39:17 | D |       - transformer_blocks.5.ff_context.up_proj
25-12-28 10:39:17 | D |       - transformer_blocks.5.ff_context.down_proj
25-12-28 10:39:17 | D |   - Smoothing Diffusion Block transformer_blocks.6
25-12-28 10:39:17 | D |     - Skipping Module transformer_blocks.6.norm1.linear
25-12-28 10:39:17 | D |     - Skipping Module transformer_blocks.6.norm1_context.linear
25-12-28 10:39:17 | D |     - Smoothing Transformer Block transformer_blocks.6
25-12-28 10:39:17 | D |       - transformer_blocks.6.attn.qkv_proj
25-12-28 10:39:17 | D |       - transformer_blocks.6.attn add_qkv_proj
25-12-28 10:39:17 | D |       - transformer_blocks.6.attn.out_proj + transformer_blocks.6.attn.add_out_proj
25-12-28 10:39:17 | D |       - transformer_blocks.6.ff.up_proj
25-12-28 10:39:17 | D |       - transformer_blocks.6.ff.down_proj
25-12-28 10:39:17 | D |       - transformer_blocks.6.ff_context.up_proj
25-12-28 10:39:17 | D |       - transformer_blocks.6.ff_context.down_proj
25-12-28 10:39:17 | D |   - Smoothing Diffusion Block transformer_blocks.7
25-12-28 10:39:17 | D |     - Skipping Module transformer_blocks.7.norm1.linear
25-12-28 10:39:17 | D |     - Skipping Module transformer_blocks.7.norm1_context.linear
25-12-28 10:39:17 | D |     - Smoothing Transformer Block transformer_blocks.7
25-12-28 10:39:17 | D |       - transformer_blocks.7.attn.qkv_proj
25-12-28 10:39:17 | D |       - transformer_blocks.7.attn add_qkv_proj
25-12-28 10:39:17 | D |       - transformer_blocks.7.attn.out_proj + transformer_blocks.7.attn.add_out_proj
25-12-28 10:39:17 | D |       - transformer_blocks.7.ff.up_proj
25-12-28 10:39:17 | D |       - transformer_blocks.7.ff.down_proj
25-12-28 10:39:17 | D |       - transformer_blocks.7.ff_context.up_proj
25-12-28 10:39:17 | D |       - transformer_blocks.7.ff_context.down_proj
25-12-28 10:39:17 | D |   - Smoothing Diffusion Block transformer_blocks.8
25-12-28 10:39:17 | D |     - Skipping Module transformer_blocks.8.norm1.linear
25-12-28 10:39:17 | D |     - Skipping Module transformer_blocks.8.norm1_context.linear
25-12-28 10:39:17 | D |     - Smoothing Transformer Block transformer_blocks.8
25-12-28 10:39:17 | D |       - transformer_blocks.8.attn.qkv_proj
25-12-28 10:39:17 | D |       - transformer_blocks.8.attn add_qkv_proj
25-12-28 10:39:17 | D |       - transformer_blocks.8.attn.out_proj + transformer_blocks.8.attn.add_out_proj
25-12-28 10:39:17 | D |       - transformer_blocks.8.ff.up_proj
25-12-28 10:39:17 | D |       - transformer_blocks.8.ff.down_proj
25-12-28 10:39:17 | D |       - transformer_blocks.8.ff_context.up_proj
25-12-28 10:39:17 | D |       - transformer_blocks.8.ff_context.down_proj
25-12-28 10:39:17 | D |   - Smoothing Diffusion Block transformer_blocks.9
25-12-28 10:39:17 | D |     - Skipping Module transformer_blocks.9.norm1.linear
25-12-28 10:39:17 | D |     - Skipping Module transformer_blocks.9.norm1_context.linear
25-12-28 10:39:17 | D |     - Smoothing Transformer Block transformer_blocks.9
25-12-28 10:39:17 | D |       - transformer_blocks.9.attn.qkv_proj
25-12-28 10:39:17 | D |       - transformer_blocks.9.attn add_qkv_proj
25-12-28 10:39:17 | D |       - transformer_blocks.9.attn.out_proj + transformer_blocks.9.attn.add_out_proj
25-12-28 10:39:17 | D |       - transformer_blocks.9.ff.up_proj
25-12-28 10:39:17 | D |       - transformer_blocks.9.ff.down_proj
25-12-28 10:39:17 | D |       - transformer_blocks.9.ff_context.up_proj
25-12-28 10:39:17 | D |       - transformer_blocks.9.ff_context.down_proj
25-12-28 10:39:17 | D |   - Smoothing Diffusion Block transformer_blocks.10
25-12-28 10:39:17 | D |     - Skipping Module transformer_blocks.10.norm1.linear
25-12-28 10:39:17 | D |     - Skipping Module transformer_blocks.10.norm1_context.linear
25-12-28 10:39:17 | D |     - Smoothing Transformer Block transformer_blocks.10
25-12-28 10:39:17 | D |       - transformer_blocks.10.attn.qkv_proj
25-12-28 10:39:17 | D |       - transformer_blocks.10.attn add_qkv_proj
25-12-28 10:39:17 | D |       - transformer_blocks.10.attn.out_proj + transformer_blocks.10.attn.add_out_proj
25-12-28 10:39:17 | D |       - transformer_blocks.10.ff.up_proj
25-12-28 10:39:17 | D |       - transformer_blocks.10.ff.down_proj
25-12-28 10:39:17 | D |       - transformer_blocks.10.ff_context.up_proj
25-12-28 10:39:17 | D |       - transformer_blocks.10.ff_context.down_proj
25-12-28 10:39:17 | D |   - Smoothing Diffusion Block transformer_blocks.11
25-12-28 10:39:17 | D |     - Skipping Module transformer_blocks.11.norm1.linear
25-12-28 10:39:17 | D |     - Skipping Module transformer_blocks.11.norm1_context.linear
25-12-28 10:39:17 | D |     - Smoothing Transformer Block transformer_blocks.11
25-12-28 10:39:17 | D |       - transformer_blocks.11.attn.qkv_proj
25-12-28 10:39:17 | D |       - transformer_blocks.11.attn add_qkv_proj
25-12-28 10:39:17 | D |       - transformer_blocks.11.attn.out_proj + transformer_blocks.11.attn.add_out_proj
25-12-28 10:39:17 | D |       - transformer_blocks.11.ff.up_proj
25-12-28 10:39:17 | D |       - transformer_blocks.11.ff.down_proj
25-12-28 10:39:17 | D |       - transformer_blocks.11.ff_context.up_proj
25-12-28 10:39:17 | D |       - transformer_blocks.11.ff_context.down_proj
25-12-28 10:39:17 | D |   - Smoothing Diffusion Block transformer_blocks.12
25-12-28 10:39:17 | D |     - Skipping Module transformer_blocks.12.norm1.linear
25-12-28 10:39:17 | D |     - Skipping Module transformer_blocks.12.norm1_context.linear
25-12-28 10:39:17 | D |     - Smoothing Transformer Block transformer_blocks.12
25-12-28 10:39:17 | D |       - transformer_blocks.12.attn.qkv_proj
25-12-28 10:39:17 | D |       - transformer_blocks.12.attn add_qkv_proj
25-12-28 10:39:17 | D |       - transformer_blocks.12.attn.out_proj + transformer_blocks.12.attn.add_out_proj
25-12-28 10:39:17 | D |       - transformer_blocks.12.ff.up_proj
25-12-28 10:39:17 | D |       - transformer_blocks.12.ff.down_proj
25-12-28 10:39:17 | D |       - transformer_blocks.12.ff_context.up_proj
25-12-28 10:39:17 | D |       - transformer_blocks.12.ff_context.down_proj
25-12-28 10:39:17 | D |   - Smoothing Diffusion Block transformer_blocks.13
25-12-28 10:39:17 | D |     - Skipping Module transformer_blocks.13.norm1.linear
25-12-28 10:39:17 | D |     - Skipping Module transformer_blocks.13.norm1_context.linear
25-12-28 10:39:17 | D |     - Smoothing Transformer Block transformer_blocks.13
25-12-28 10:39:17 | D |       - transformer_blocks.13.attn.qkv_proj
25-12-28 10:39:17 | D |       - transformer_blocks.13.attn add_qkv_proj
25-12-28 10:39:17 | D |       - transformer_blocks.13.attn.out_proj + transformer_blocks.13.attn.add_out_proj
25-12-28 10:39:17 | D |       - transformer_blocks.13.ff.up_proj
25-12-28 10:39:17 | D |       - transformer_blocks.13.ff.down_proj
25-12-28 10:39:17 | D |       - transformer_blocks.13.ff_context.up_proj
25-12-28 10:39:17 | D |       - transformer_blocks.13.ff_context.down_proj
25-12-28 10:39:17 | D |   - Smoothing Diffusion Block transformer_blocks.14
25-12-28 10:39:17 | D |     - Skipping Module transformer_blocks.14.norm1.linear
25-12-28 10:39:17 | D |     - Skipping Module transformer_blocks.14.norm1_context.linear
25-12-28 10:39:17 | D |     - Smoothing Transformer Block transformer_blocks.14
25-12-28 10:39:17 | D |       - transformer_blocks.14.attn.qkv_proj
25-12-28 10:39:17 | D |       - transformer_blocks.14.attn add_qkv_proj
25-12-28 10:39:17 | D |       - transformer_blocks.14.attn.out_proj + transformer_blocks.14.attn.add_out_proj
25-12-28 10:39:17 | D |       - transformer_blocks.14.ff.up_proj
25-12-28 10:39:17 | D |       - transformer_blocks.14.ff.down_proj
25-12-28 10:39:17 | D |       - transformer_blocks.14.ff_context.up_proj
25-12-28 10:39:17 | D |       - transformer_blocks.14.ff_context.down_proj
25-12-28 10:39:17 | D |   - Smoothing Diffusion Block transformer_blocks.15
25-12-28 10:39:17 | D |     - Skipping Module transformer_blocks.15.norm1.linear
25-12-28 10:39:17 | D |     - Skipping Module transformer_blocks.15.norm1_context.linear
25-12-28 10:39:17 | D |     - Smoothing Transformer Block transformer_blocks.15
25-12-28 10:39:17 | D |       - transformer_blocks.15.attn.qkv_proj
25-12-28 10:39:17 | D |       - transformer_blocks.15.attn add_qkv_proj
25-12-28 10:39:17 | D |       - transformer_blocks.15.attn.out_proj + transformer_blocks.15.attn.add_out_proj
25-12-28 10:39:17 | D |       - transformer_blocks.15.ff.up_proj
25-12-28 10:39:17 | D |       - transformer_blocks.15.ff.down_proj
25-12-28 10:39:17 | D |       - transformer_blocks.15.ff_context.up_proj
25-12-28 10:39:17 | D |       - transformer_blocks.15.ff_context.down_proj
25-12-28 10:39:17 | D |   - Smoothing Diffusion Block transformer_blocks.16
25-12-28 10:39:17 | D |     - Skipping Module transformer_blocks.16.norm1.linear
25-12-28 10:39:17 | D |     - Skipping Module transformer_blocks.16.norm1_context.linear
25-12-28 10:39:17 | D |     - Smoothing Transformer Block transformer_blocks.16
25-12-28 10:39:17 | D |       - transformer_blocks.16.attn.qkv_proj
25-12-28 10:39:17 | D |       - transformer_blocks.16.attn add_qkv_proj
25-12-28 10:39:17 | D |       - transformer_blocks.16.attn.out_proj + transformer_blocks.16.attn.add_out_proj
25-12-28 10:39:17 | D |       - transformer_blocks.16.ff.up_proj
25-12-28 10:39:17 | D |       - transformer_blocks.16.ff.down_proj
25-12-28 10:39:17 | D |       - transformer_blocks.16.ff_context.up_proj
25-12-28 10:39:17 | D |       - transformer_blocks.16.ff_context.down_proj
25-12-28 10:39:17 | D |   - Smoothing Diffusion Block transformer_blocks.17
25-12-28 10:39:17 | D |     - Skipping Module transformer_blocks.17.norm1.linear
25-12-28 10:39:17 | D |     - Skipping Module transformer_blocks.17.norm1_context.linear
25-12-28 10:39:17 | D |     - Smoothing Transformer Block transformer_blocks.17
25-12-28 10:39:17 | D |       - transformer_blocks.17.attn.qkv_proj
25-12-28 10:39:17 | D |       - transformer_blocks.17.attn add_qkv_proj
25-12-28 10:39:17 | D |       - transformer_blocks.17.attn.out_proj + transformer_blocks.17.attn.add_out_proj
25-12-28 10:39:17 | D |       - transformer_blocks.17.ff.up_proj
25-12-28 10:39:17 | D |       - transformer_blocks.17.ff.down_proj
25-12-28 10:39:17 | D |       - transformer_blocks.17.ff_context.up_proj
25-12-28 10:39:17 | D |       - transformer_blocks.17.ff_context.down_proj
25-12-28 10:39:17 | D |   - Smoothing Diffusion Block transformer_blocks.18
25-12-28 10:39:17 | D |     - Skipping Module transformer_blocks.18.norm1.linear
25-12-28 10:39:17 | D |     - Skipping Module transformer_blocks.18.norm1_context.linear
25-12-28 10:39:17 | D |     - Smoothing Transformer Block transformer_blocks.18
25-12-28 10:39:17 | D |       - transformer_blocks.18.attn.qkv_proj
25-12-28 10:39:17 | D |       - transformer_blocks.18.attn add_qkv_proj
25-12-28 10:39:17 | D |       - transformer_blocks.18.attn.out_proj + transformer_blocks.18.attn.add_out_proj
25-12-28 10:39:17 | D |       - transformer_blocks.18.ff.up_proj
25-12-28 10:39:17 | D |       - transformer_blocks.18.ff.down_proj
25-12-28 10:39:17 | D |       - transformer_blocks.18.ff_context.up_proj
25-12-28 10:39:17 | D |       - transformer_blocks.18.ff_context.down_proj
25-12-28 10:39:17 | D |   - Smoothing Diffusion Block single_transformer_blocks.0
25-12-28 10:39:17 | D |     - Skipping Module single_transformer_blocks.0.norm.linear
25-12-28 10:39:17 | D |     - Smoothing Transformer Block single_transformer_blocks.0
25-12-28 10:39:17 | D |       - single_transformer_blocks.0.attn.qkv_proj + single_transformer_blocks.0.up_proj
25-12-28 10:39:17 | D |       - single_transformer_blocks.0.attn.out_proj
25-12-28 10:39:17 | D |       - single_transformer_blocks.0.down_proj
25-12-28 10:39:17 | D |   - Smoothing Diffusion Block single_transformer_blocks.1
25-12-28 10:39:17 | D |     - Skipping Module single_transformer_blocks.1.norm.linear
25-12-28 10:39:17 | D |     - Smoothing Transformer Block single_transformer_blocks.1
25-12-28 10:39:17 | D |       - single_transformer_blocks.1.attn.qkv_proj + single_transformer_blocks.1.up_proj
25-12-28 10:39:17 | D |       - single_transformer_blocks.1.attn.out_proj
25-12-28 10:39:17 | D |       - single_transformer_blocks.1.down_proj
25-12-28 10:39:17 | D |   - Smoothing Diffusion Block single_transformer_blocks.2
25-12-28 10:39:17 | D |     - Skipping Module single_transformer_blocks.2.norm.linear
25-12-28 10:39:17 | D |     - Smoothing Transformer Block single_transformer_blocks.2
25-12-28 10:39:17 | D |       - single_transformer_blocks.2.attn.qkv_proj + single_transformer_blocks.2.up_proj
25-12-28 10:39:17 | D |       - single_transformer_blocks.2.attn.out_proj
25-12-28 10:39:17 | D |       - single_transformer_blocks.2.down_proj
25-12-28 10:39:17 | D |   - Smoothing Diffusion Block single_transformer_blocks.3
25-12-28 10:39:17 | D |     - Skipping Module single_transformer_blocks.3.norm.linear
25-12-28 10:39:17 | D |     - Smoothing Transformer Block single_transformer_blocks.3
25-12-28 10:39:17 | D |       - single_transformer_blocks.3.attn.qkv_proj + single_transformer_blocks.3.up_proj
25-12-28 10:39:17 | D |       - single_transformer_blocks.3.attn.out_proj
25-12-28 10:39:17 | D |       - single_transformer_blocks.3.down_proj
25-12-28 10:39:17 | D |   - Smoothing Diffusion Block single_transformer_blocks.4
25-12-28 10:39:17 | D |     - Skipping Module single_transformer_blocks.4.norm.linear
25-12-28 10:39:17 | D |     - Smoothing Transformer Block single_transformer_blocks.4
25-12-28 10:39:17 | D |       - single_transformer_blocks.4.attn.qkv_proj + single_transformer_blocks.4.up_proj
25-12-28 10:39:17 | D |       - single_transformer_blocks.4.attn.out_proj
25-12-28 10:39:17 | D |       - single_transformer_blocks.4.down_proj
25-12-28 10:39:17 | D |   - Smoothing Diffusion Block single_transformer_blocks.5
25-12-28 10:39:17 | D |     - Skipping Module single_transformer_blocks.5.norm.linear
25-12-28 10:39:17 | D |     - Smoothing Transformer Block single_transformer_blocks.5
25-12-28 10:39:17 | D |       - single_transformer_blocks.5.attn.qkv_proj + single_transformer_blocks.5.up_proj
25-12-28 10:39:17 | D |       - single_transformer_blocks.5.attn.out_proj
25-12-28 10:39:17 | D |       - single_transformer_blocks.5.down_proj
25-12-28 10:39:17 | D |   - Smoothing Diffusion Block single_transformer_blocks.6
25-12-28 10:39:17 | D |     - Skipping Module single_transformer_blocks.6.norm.linear
25-12-28 10:39:17 | D |     - Smoothing Transformer Block single_transformer_blocks.6
25-12-28 10:39:17 | D |       - single_transformer_blocks.6.attn.qkv_proj + single_transformer_blocks.6.up_proj
25-12-28 10:39:17 | D |       - single_transformer_blocks.6.attn.out_proj
25-12-28 10:39:17 | D |       - single_transformer_blocks.6.down_proj
25-12-28 10:39:17 | D |   - Smoothing Diffusion Block single_transformer_blocks.7
25-12-28 10:39:17 | D |     - Skipping Module single_transformer_blocks.7.norm.linear
25-12-28 10:39:17 | D |     - Smoothing Transformer Block single_transformer_blocks.7
25-12-28 10:39:17 | D |       - single_transformer_blocks.7.attn.qkv_proj + single_transformer_blocks.7.up_proj
25-12-28 10:39:17 | D |       - single_transformer_blocks.7.attn.out_proj
25-12-28 10:39:17 | D |       - single_transformer_blocks.7.down_proj
25-12-28 10:39:17 | D |   - Smoothing Diffusion Block single_transformer_blocks.8
25-12-28 10:39:17 | D |     - Skipping Module single_transformer_blocks.8.norm.linear
25-12-28 10:39:17 | D |     - Smoothing Transformer Block single_transformer_blocks.8
25-12-28 10:39:17 | D |       - single_transformer_blocks.8.attn.qkv_proj + single_transformer_blocks.8.up_proj
25-12-28 10:39:17 | D |       - single_transformer_blocks.8.attn.out_proj
25-12-28 10:39:17 | D |       - single_transformer_blocks.8.down_proj
25-12-28 10:39:17 | D |   - Smoothing Diffusion Block single_transformer_blocks.9
25-12-28 10:39:17 | D |     - Skipping Module single_transformer_blocks.9.norm.linear
25-12-28 10:39:17 | D |     - Smoothing Transformer Block single_transformer_blocks.9
25-12-28 10:39:17 | D |       - single_transformer_blocks.9.attn.qkv_proj + single_transformer_blocks.9.up_proj
25-12-28 10:39:17 | D |       - single_transformer_blocks.9.attn.out_proj
25-12-28 10:39:17 | D |       - single_transformer_blocks.9.down_proj
25-12-28 10:39:17 | D |   - Smoothing Diffusion Block single_transformer_blocks.10
25-12-28 10:39:17 | D |     - Skipping Module single_transformer_blocks.10.norm.linear
25-12-28 10:39:17 | D |     - Smoothing Transformer Block single_transformer_blocks.10
25-12-28 10:39:17 | D |       - single_transformer_blocks.10.attn.qkv_proj + single_transformer_blocks.10.up_proj
25-12-28 10:39:17 | D |       - single_transformer_blocks.10.attn.out_proj
25-12-28 10:39:17 | D |       - single_transformer_blocks.10.down_proj
25-12-28 10:39:17 | D |   - Smoothing Diffusion Block single_transformer_blocks.11
25-12-28 10:39:17 | D |     - Skipping Module single_transformer_blocks.11.norm.linear
25-12-28 10:39:17 | D |     - Smoothing Transformer Block single_transformer_blocks.11
25-12-28 10:39:17 | D |       - single_transformer_blocks.11.attn.qkv_proj + single_transformer_blocks.11.up_proj
25-12-28 10:39:17 | D |       - single_transformer_blocks.11.attn.out_proj
25-12-28 10:39:17 | D |       - single_transformer_blocks.11.down_proj
25-12-28 10:39:17 | D |   - Smoothing Diffusion Block single_transformer_blocks.12
25-12-28 10:39:17 | D |     - Skipping Module single_transformer_blocks.12.norm.linear
25-12-28 10:39:17 | D |     - Smoothing Transformer Block single_transformer_blocks.12
25-12-28 10:39:17 | D |       - single_transformer_blocks.12.attn.qkv_proj + single_transformer_blocks.12.up_proj
25-12-28 10:39:17 | D |       - single_transformer_blocks.12.attn.out_proj
25-12-28 10:39:17 | D |       - single_transformer_blocks.12.down_proj
25-12-28 10:39:17 | D |   - Smoothing Diffusion Block single_transformer_blocks.13
25-12-28 10:39:17 | D |     - Skipping Module single_transformer_blocks.13.norm.linear
25-12-28 10:39:17 | D |     - Smoothing Transformer Block single_transformer_blocks.13
25-12-28 10:39:17 | D |       - single_transformer_blocks.13.attn.qkv_proj + single_transformer_blocks.13.up_proj
25-12-28 10:39:17 | D |       - single_transformer_blocks.13.attn.out_proj
25-12-28 10:39:17 | D |       - single_transformer_blocks.13.down_proj
25-12-28 10:39:17 | D |   - Smoothing Diffusion Block single_transformer_blocks.14
25-12-28 10:39:17 | D |     - Skipping Module single_transformer_blocks.14.norm.linear
25-12-28 10:39:17 | D |     - Smoothing Transformer Block single_transformer_blocks.14
25-12-28 10:39:17 | D |       - single_transformer_blocks.14.attn.qkv_proj + single_transformer_blocks.14.up_proj
25-12-28 10:39:17 | D |       - single_transformer_blocks.14.attn.out_proj
25-12-28 10:39:17 | D |       - single_transformer_blocks.14.down_proj
25-12-28 10:39:17 | D |   - Smoothing Diffusion Block single_transformer_blocks.15
25-12-28 10:39:17 | D |     - Skipping Module single_transformer_blocks.15.norm.linear
25-12-28 10:39:17 | D |     - Smoothing Transformer Block single_transformer_blocks.15
25-12-28 10:39:17 | D |       - single_transformer_blocks.15.attn.qkv_proj + single_transformer_blocks.15.up_proj
25-12-28 10:39:17 | D |       - single_transformer_blocks.15.attn.out_proj
25-12-28 10:39:17 | D |       - single_transformer_blocks.15.down_proj
25-12-28 10:39:17 | D |   - Smoothing Diffusion Block single_transformer_blocks.16
25-12-28 10:39:17 | D |     - Skipping Module single_transformer_blocks.16.norm.linear
25-12-28 10:39:17 | D |     - Smoothing Transformer Block single_transformer_blocks.16
25-12-28 10:39:17 | D |       - single_transformer_blocks.16.attn.qkv_proj + single_transformer_blocks.16.up_proj
25-12-28 10:39:17 | D |       - single_transformer_blocks.16.attn.out_proj
25-12-28 10:39:17 | D |       - single_transformer_blocks.16.down_proj
25-12-28 10:39:17 | D |   - Smoothing Diffusion Block single_transformer_blocks.17
25-12-28 10:39:17 | D |     - Skipping Module single_transformer_blocks.17.norm.linear
25-12-28 10:39:17 | D |     - Smoothing Transformer Block single_transformer_blocks.17
25-12-28 10:39:17 | D |       - single_transformer_blocks.17.attn.qkv_proj + single_transformer_blocks.17.up_proj
25-12-28 10:39:17 | D |       - single_transformer_blocks.17.attn.out_proj
25-12-28 10:39:17 | D |       - single_transformer_blocks.17.down_proj
25-12-28 10:39:17 | D |   - Smoothing Diffusion Block single_transformer_blocks.18
25-12-28 10:39:17 | D |     - Skipping Module single_transformer_blocks.18.norm.linear
25-12-28 10:39:17 | D |     - Smoothing Transformer Block single_transformer_blocks.18
25-12-28 10:39:17 | D |       - single_transformer_blocks.18.attn.qkv_proj + single_transformer_blocks.18.up_proj
25-12-28 10:39:17 | D |       - single_transformer_blocks.18.attn.out_proj
25-12-28 10:39:17 | D |       - single_transformer_blocks.18.down_proj
25-12-28 10:39:17 | D |   - Smoothing Diffusion Block single_transformer_blocks.19
25-12-28 10:39:17 | D |     - Skipping Module single_transformer_blocks.19.norm.linear
25-12-28 10:39:17 | D |     - Smoothing Transformer Block single_transformer_blocks.19
25-12-28 10:39:17 | D |       - single_transformer_blocks.19.attn.qkv_proj + single_transformer_blocks.19.up_proj
25-12-28 10:39:17 | D |       - single_transformer_blocks.19.attn.out_proj
25-12-28 10:39:17 | D |       - single_transformer_blocks.19.down_proj
25-12-28 10:39:17 | D |   - Smoothing Diffusion Block single_transformer_blocks.20
25-12-28 10:39:17 | D |     - Skipping Module single_transformer_blocks.20.norm.linear
25-12-28 10:39:17 | D |     - Smoothing Transformer Block single_transformer_blocks.20
25-12-28 10:39:17 | D |       - single_transformer_blocks.20.attn.qkv_proj + single_transformer_blocks.20.up_proj
25-12-28 10:39:17 | D |       - single_transformer_blocks.20.attn.out_proj
25-12-28 10:39:17 | D |       - single_transformer_blocks.20.down_proj
25-12-28 10:39:17 | D |   - Smoothing Diffusion Block single_transformer_blocks.21
25-12-28 10:39:17 | D |     - Skipping Module single_transformer_blocks.21.norm.linear
25-12-28 10:39:17 | D |     - Smoothing Transformer Block single_transformer_blocks.21
25-12-28 10:39:17 | D |       - single_transformer_blocks.21.attn.qkv_proj + single_transformer_blocks.21.up_proj
25-12-28 10:39:17 | D |       - single_transformer_blocks.21.attn.out_proj
25-12-28 10:39:17 | D |       - single_transformer_blocks.21.down_proj
25-12-28 10:39:17 | D |   - Smoothing Diffusion Block single_transformer_blocks.22
25-12-28 10:39:17 | D |     - Skipping Module single_transformer_blocks.22.norm.linear
25-12-28 10:39:17 | D |     - Smoothing Transformer Block single_transformer_blocks.22
25-12-28 10:39:17 | D |       - single_transformer_blocks.22.attn.qkv_proj + single_transformer_blocks.22.up_proj
25-12-28 10:39:17 | D |       - single_transformer_blocks.22.attn.out_proj
25-12-28 10:39:17 | D |       - single_transformer_blocks.22.down_proj
25-12-28 10:39:17 | D |   - Smoothing Diffusion Block single_transformer_blocks.23
25-12-28 10:39:17 | D |     - Skipping Module single_transformer_blocks.23.norm.linear
25-12-28 10:39:17 | D |     - Smoothing Transformer Block single_transformer_blocks.23
25-12-28 10:39:17 | D |       - single_transformer_blocks.23.attn.qkv_proj + single_transformer_blocks.23.up_proj
25-12-28 10:39:17 | D |       - single_transformer_blocks.23.attn.out_proj
25-12-28 10:39:17 | D |       - single_transformer_blocks.23.down_proj
25-12-28 10:39:17 | D |   - Smoothing Diffusion Block single_transformer_blocks.24
25-12-28 10:39:17 | D |     - Skipping Module single_transformer_blocks.24.norm.linear
25-12-28 10:39:17 | D |     - Smoothing Transformer Block single_transformer_blocks.24
25-12-28 10:39:17 | D |       - single_transformer_blocks.24.attn.qkv_proj + single_transformer_blocks.24.up_proj
25-12-28 10:39:17 | D |       - single_transformer_blocks.24.attn.out_proj
25-12-28 10:39:17 | D |       - single_transformer_blocks.24.down_proj
25-12-28 10:39:17 | D |   - Smoothing Diffusion Block single_transformer_blocks.25
25-12-28 10:39:17 | D |     - Skipping Module single_transformer_blocks.25.norm.linear
25-12-28 10:39:17 | D |     - Smoothing Transformer Block single_transformer_blocks.25
25-12-28 10:39:17 | D |       - single_transformer_blocks.25.attn.qkv_proj + single_transformer_blocks.25.up_proj
25-12-28 10:39:17 | D |       - single_transformer_blocks.25.attn.out_proj
25-12-28 10:39:17 | D |       - single_transformer_blocks.25.down_proj
25-12-28 10:39:17 | D |   - Smoothing Diffusion Block single_transformer_blocks.26
25-12-28 10:39:17 | D |     - Skipping Module single_transformer_blocks.26.norm.linear
25-12-28 10:39:17 | D |     - Smoothing Transformer Block single_transformer_blocks.26
25-12-28 10:39:17 | D |       - single_transformer_blocks.26.attn.qkv_proj + single_transformer_blocks.26.up_proj
25-12-28 10:39:17 | D |       - single_transformer_blocks.26.attn.out_proj
25-12-28 10:39:17 | D |       - single_transformer_blocks.26.down_proj
25-12-28 10:39:17 | D |   - Smoothing Diffusion Block single_transformer_blocks.27
25-12-28 10:39:17 | D |     - Skipping Module single_transformer_blocks.27.norm.linear
25-12-28 10:39:17 | D |     - Smoothing Transformer Block single_transformer_blocks.27
25-12-28 10:39:17 | D |       - single_transformer_blocks.27.attn.qkv_proj + single_transformer_blocks.27.up_proj
25-12-28 10:39:17 | D |       - single_transformer_blocks.27.attn.out_proj
25-12-28 10:39:17 | D |       - single_transformer_blocks.27.down_proj
25-12-28 10:39:17 | D |   - Smoothing Diffusion Block single_transformer_blocks.28
25-12-28 10:39:17 | D |     - Skipping Module single_transformer_blocks.28.norm.linear
25-12-28 10:39:17 | D |     - Smoothing Transformer Block single_transformer_blocks.28
25-12-28 10:39:17 | D |       - single_transformer_blocks.28.attn.qkv_proj + single_transformer_blocks.28.up_proj
25-12-28 10:39:18 | D |       - single_transformer_blocks.28.attn.out_proj
25-12-28 10:39:18 | D |       - single_transformer_blocks.28.down_proj
25-12-28 10:39:18 | D |   - Smoothing Diffusion Block single_transformer_blocks.29
25-12-28 10:39:18 | D |     - Skipping Module single_transformer_blocks.29.norm.linear
25-12-28 10:39:18 | D |     - Smoothing Transformer Block single_transformer_blocks.29
25-12-28 10:39:18 | D |       - single_transformer_blocks.29.attn.qkv_proj + single_transformer_blocks.29.up_proj
25-12-28 10:39:18 | D |       - single_transformer_blocks.29.attn.out_proj
25-12-28 10:39:18 | D |       - single_transformer_blocks.29.down_proj
25-12-28 10:39:18 | D |   - Smoothing Diffusion Block single_transformer_blocks.30
25-12-28 10:39:18 | D |     - Skipping Module single_transformer_blocks.30.norm.linear
25-12-28 10:39:18 | D |     - Smoothing Transformer Block single_transformer_blocks.30
25-12-28 10:39:18 | D |       - single_transformer_blocks.30.attn.qkv_proj + single_transformer_blocks.30.up_proj
25-12-28 10:39:18 | D |       - single_transformer_blocks.30.attn.out_proj
25-12-28 10:39:18 | D |       - single_transformer_blocks.30.down_proj
25-12-28 10:39:18 | D |   - Smoothing Diffusion Block single_transformer_blocks.31
25-12-28 10:39:18 | D |     - Skipping Module single_transformer_blocks.31.norm.linear
25-12-28 10:39:18 | D |     - Smoothing Transformer Block single_transformer_blocks.31
25-12-28 10:39:18 | D |       - single_transformer_blocks.31.attn.qkv_proj + single_transformer_blocks.31.up_proj
25-12-28 10:39:18 | D |       - single_transformer_blocks.31.attn.out_proj
25-12-28 10:39:18 | D |       - single_transformer_blocks.31.down_proj
25-12-28 10:39:18 | D |   - Smoothing Diffusion Block single_transformer_blocks.32
25-12-28 10:39:18 | D |     - Skipping Module single_transformer_blocks.32.norm.linear
25-12-28 10:39:18 | D |     - Smoothing Transformer Block single_transformer_blocks.32
25-12-28 10:39:18 | D |       - single_transformer_blocks.32.attn.qkv_proj + single_transformer_blocks.32.up_proj
25-12-28 10:39:18 | D |       - single_transformer_blocks.32.attn.out_proj
25-12-28 10:39:18 | D |       - single_transformer_blocks.32.down_proj
25-12-28 10:39:18 | D |   - Smoothing Diffusion Block single_transformer_blocks.33
25-12-28 10:39:18 | D |     - Skipping Module single_transformer_blocks.33.norm.linear
25-12-28 10:39:18 | D |     - Smoothing Transformer Block single_transformer_blocks.33
25-12-28 10:39:18 | D |       - single_transformer_blocks.33.attn.qkv_proj + single_transformer_blocks.33.up_proj
25-12-28 10:39:18 | D |       - single_transformer_blocks.33.attn.out_proj
25-12-28 10:39:18 | D |       - single_transformer_blocks.33.down_proj
25-12-28 10:39:18 | D |   - Smoothing Diffusion Block single_transformer_blocks.34
25-12-28 10:39:18 | D |     - Skipping Module single_transformer_blocks.34.norm.linear
25-12-28 10:39:18 | D |     - Smoothing Transformer Block single_transformer_blocks.34
25-12-28 10:39:18 | D |       - single_transformer_blocks.34.attn.qkv_proj + single_transformer_blocks.34.up_proj
25-12-28 10:39:18 | D |       - single_transformer_blocks.34.attn.out_proj
25-12-28 10:39:18 | D |       - single_transformer_blocks.34.down_proj
25-12-28 10:39:18 | D |   - Smoothing Diffusion Block single_transformer_blocks.35
25-12-28 10:39:18 | D |     - Skipping Module single_transformer_blocks.35.norm.linear
25-12-28 10:39:18 | D |     - Smoothing Transformer Block single_transformer_blocks.35
25-12-28 10:39:18 | D |       - single_transformer_blocks.35.attn.qkv_proj + single_transformer_blocks.35.up_proj
25-12-28 10:39:18 | D |       - single_transformer_blocks.35.attn.out_proj
25-12-28 10:39:18 | D |       - single_transformer_blocks.35.down_proj
25-12-28 10:39:18 | D |   - Smoothing Diffusion Block single_transformer_blocks.36
25-12-28 10:39:18 | D |     - Skipping Module single_transformer_blocks.36.norm.linear
25-12-28 10:39:18 | D |     - Smoothing Transformer Block single_transformer_blocks.36
25-12-28 10:39:18 | D |       - single_transformer_blocks.36.attn.qkv_proj + single_transformer_blocks.36.up_proj
25-12-28 10:39:18 | D |       - single_transformer_blocks.36.attn.out_proj
25-12-28 10:39:18 | D |       - single_transformer_blocks.36.down_proj
25-12-28 10:39:18 | D |   - Smoothing Diffusion Block single_transformer_blocks.37
25-12-28 10:39:18 | D |     - Skipping Module single_transformer_blocks.37.norm.linear
25-12-28 10:39:18 | D |     - Smoothing Transformer Block single_transformer_blocks.37
25-12-28 10:39:18 | D |       - single_transformer_blocks.37.attn.qkv_proj + single_transformer_blocks.37.up_proj
25-12-28 10:39:18 | D |       - single_transformer_blocks.37.attn.out_proj
25-12-28 10:39:18 | D |       - single_transformer_blocks.37.down_proj
25-12-28 10:39:18 | I |   - Linking smooth scales to runs/diffusion/flux.1/flux.1-schnell/w.4-x.4-y.16-w.4/w.sfp4_e2m1_all-x.sfp4_e2m1_all-y.bf16-w.sint4/w.v16.sfp8_e4m3_nan.tsnr.bf16-x.v16.sfp8_e4m3_nan-y.tnsr.bf16-w.v64.bf16/smooth.proj-w.static.lowrank/skip.x.[[w]+tan+tn].w.[e+rs+rtp+s+tpi+tpo]-extra.[tan+tn]-low.r32.i100.e.skip.[rc+tan+tn]-smth.proj.GridSearch.bn2.[AbsMax].lr.skip.[rc+tan+tn]-qdiff.128-t4.g0-s1024.RUNNING/run-251228.103853.RUNNING/model/smooth.pt
25-12-28 10:39:18 | I | * Quantizing weights
25-12-28 10:39:18 | I |   - Loading branch settings from runs/diffusion/cache/quant/qdiff.128/branch/w.4-x.4-y.16-w.4/w.sfp4_e2m1_all-x.sfp4_e2m1_all-y.bf16-w.sint4/w.v16.sfp8_e4m3_nan.tsnr.bf16-x.v16.sfp8_e4m3_nan-y.tnsr.bf16-w.v64.bf16/w.skip.[e+rs+rtp+s+tpi+tpo]-x.skip.[e+rs+rtp+s+tan+tn+tpi+tpo]-y.skip.[]-w.include.[tan+tn]/lowrank.r32/smooth.proj.OutputsError.GridSearch.Layer.d2.en1.sn1/smooth.proj.[a.AbsMax.b.AbsMax]/smooth.proj.g20.bn2.lr.nf/smooth.proj.skip.[rc+tan+tn]/lowrank.OutputsError.Manual.Layer.d2.en1.sn1/lowrank.i100.r32.earlystop/lowrank.skip.[rc+tan+tn]/flux.1-schnell.pt
25-12-28 10:39:18 | I |   - Generating weight settings
25-12-28 10:39:18 | I |   * Adding low-rank branches to weights
25-12-28 10:39:18 | D |     - Calibrating low-rank branches of block transformer_blocks.0
25-12-28 10:39:18 | D |       + Adding low-rank branches to transformer_blocks.0.attn.to_q, transformer_blocks.0.attn.to_k, transformer_blocks.0.attn.to_v
25-12-28 10:39:20 | D |       + Adding low-rank branches to transformer_blocks.0.attn.add_q_proj, transformer_blocks.0.attn.add_k_proj, transformer_blocks.0.attn.add_v_proj
25-12-28 10:39:20 | D |       + Adding low-rank branches to transformer_blocks.0.attn.to_out.0
25-12-28 10:39:20 | D |       + Adding low-rank branches to transformer_blocks.0.attn.to_add_out
25-12-28 10:39:21 | D |       + Adding low-rank branches to transformer_blocks.0.ff.net.0.proj
25-12-28 10:39:21 | D |       + Adding low-rank branches to transformer_blocks.0.ff.net.2
25-12-28 10:39:21 | D |       + Adding low-rank branches to transformer_blocks.0.ff_context.net.0.proj
25-12-28 10:39:21 | D |       + Adding low-rank branches to transformer_blocks.0.ff_context.net.2
25-12-28 10:39:22 | D |     - Calibrating low-rank branches of block transformer_blocks.1
25-12-28 10:39:22 | D |       + Adding low-rank branches to transformer_blocks.1.attn.to_q, transformer_blocks.1.attn.to_k, transformer_blocks.1.attn.to_v
25-12-28 10:39:22 | D |       + Adding low-rank branches to transformer_blocks.1.attn.add_q_proj, transformer_blocks.1.attn.add_k_proj, transformer_blocks.1.attn.add_v_proj
25-12-28 10:39:22 | D |       + Adding low-rank branches to transformer_blocks.1.attn.to_out.0
25-12-28 10:39:23 | D |       + Adding low-rank branches to transformer_blocks.1.attn.to_add_out
25-12-28 10:39:23 | D |       + Adding low-rank branches to transformer_blocks.1.ff.net.0.proj
25-12-28 10:39:23 | D |       + Adding low-rank branches to transformer_blocks.1.ff.net.2
25-12-28 10:39:23 | D |       + Adding low-rank branches to transformer_blocks.1.ff_context.net.0.proj
25-12-28 10:39:23 | D |       + Adding low-rank branches to transformer_blocks.1.ff_context.net.2
25-12-28 10:39:24 | D |     - Calibrating low-rank branches of block transformer_blocks.2
25-12-28 10:39:24 | D |       + Adding low-rank branches to transformer_blocks.2.attn.to_q, transformer_blocks.2.attn.to_k, transformer_blocks.2.attn.to_v
25-12-28 10:39:24 | D |       + Adding low-rank branches to transformer_blocks.2.attn.add_q_proj, transformer_blocks.2.attn.add_k_proj, transformer_blocks.2.attn.add_v_proj
25-12-28 10:39:24 | D |       + Adding low-rank branches to transformer_blocks.2.attn.to_out.0
25-12-28 10:39:25 | D |       + Adding low-rank branches to transformer_blocks.2.attn.to_add_out
25-12-28 10:39:25 | D |       + Adding low-rank branches to transformer_blocks.2.ff.net.0.proj
25-12-28 10:39:25 | D |       + Adding low-rank branches to transformer_blocks.2.ff.net.2
25-12-28 10:39:25 | D |       + Adding low-rank branches to transformer_blocks.2.ff_context.net.0.proj
25-12-28 10:39:26 | D |       + Adding low-rank branches to transformer_blocks.2.ff_context.net.2
25-12-28 10:39:26 | D |     - Calibrating low-rank branches of block transformer_blocks.3
25-12-28 10:39:26 | D |       + Adding low-rank branches to transformer_blocks.3.attn.to_q, transformer_blocks.3.attn.to_k, transformer_blocks.3.attn.to_v
25-12-28 10:39:26 | D |       + Adding low-rank branches to transformer_blocks.3.attn.add_q_proj, transformer_blocks.3.attn.add_k_proj, transformer_blocks.3.attn.add_v_proj
25-12-28 10:39:26 | D |       + Adding low-rank branches to transformer_blocks.3.attn.to_out.0
25-12-28 10:39:27 | D |       + Adding low-rank branches to transformer_blocks.3.attn.to_add_out
25-12-28 10:39:27 | D |       + Adding low-rank branches to transformer_blocks.3.ff.net.0.proj
25-12-28 10:39:27 | D |       + Adding low-rank branches to transformer_blocks.3.ff.net.2
25-12-28 10:39:27 | D |       + Adding low-rank branches to transformer_blocks.3.ff_context.net.0.proj
25-12-28 10:39:28 | D |       + Adding low-rank branches to transformer_blocks.3.ff_context.net.2
25-12-28 10:39:28 | D |     - Calibrating low-rank branches of block transformer_blocks.4
25-12-28 10:39:28 | D |       + Adding low-rank branches to transformer_blocks.4.attn.to_q, transformer_blocks.4.attn.to_k, transformer_blocks.4.attn.to_v
25-12-28 10:39:28 | D |       + Adding low-rank branches to transformer_blocks.4.attn.add_q_proj, transformer_blocks.4.attn.add_k_proj, transformer_blocks.4.attn.add_v_proj
25-12-28 10:39:28 | D |       + Adding low-rank branches to transformer_blocks.4.attn.to_out.0
25-12-28 10:39:29 | D |       + Adding low-rank branches to transformer_blocks.4.attn.to_add_out
25-12-28 10:39:29 | D |       + Adding low-rank branches to transformer_blocks.4.ff.net.0.proj
25-12-28 10:39:29 | D |       + Adding low-rank branches to transformer_blocks.4.ff.net.2
25-12-28 10:39:29 | D |       + Adding low-rank branches to transformer_blocks.4.ff_context.net.0.proj
25-12-28 10:39:30 | D |       + Adding low-rank branches to transformer_blocks.4.ff_context.net.2
25-12-28 10:39:30 | D |     - Calibrating low-rank branches of block transformer_blocks.5
25-12-28 10:39:30 | D |       + Adding low-rank branches to transformer_blocks.5.attn.to_q, transformer_blocks.5.attn.to_k, transformer_blocks.5.attn.to_v
25-12-28 10:39:30 | D |       + Adding low-rank branches to transformer_blocks.5.attn.add_q_proj, transformer_blocks.5.attn.add_k_proj, transformer_blocks.5.attn.add_v_proj
25-12-28 10:39:30 | D |       + Adding low-rank branches to transformer_blocks.5.attn.to_out.0
25-12-28 10:39:31 | D |       + Adding low-rank branches to transformer_blocks.5.attn.to_add_out
25-12-28 10:39:31 | D |       + Adding low-rank branches to transformer_blocks.5.ff.net.0.proj
25-12-28 10:39:31 | D |       + Adding low-rank branches to transformer_blocks.5.ff.net.2
25-12-28 10:39:31 | D |       + Adding low-rank branches to transformer_blocks.5.ff_context.net.0.proj
25-12-28 10:39:32 | D |       + Adding low-rank branches to transformer_blocks.5.ff_context.net.2
25-12-28 10:39:32 | D |     - Calibrating low-rank branches of block transformer_blocks.6
25-12-28 10:39:32 | D |       + Adding low-rank branches to transformer_blocks.6.attn.to_q, transformer_blocks.6.attn.to_k, transformer_blocks.6.attn.to_v
25-12-28 10:39:32 | D |       + Adding low-rank branches to transformer_blocks.6.attn.add_q_proj, transformer_blocks.6.attn.add_k_proj, transformer_blocks.6.attn.add_v_proj
25-12-28 10:39:33 | D |       + Adding low-rank branches to transformer_blocks.6.attn.to_out.0
25-12-28 10:39:33 | D |       + Adding low-rank branches to transformer_blocks.6.attn.to_add_out
25-12-28 10:39:33 | D |       + Adding low-rank branches to transformer_blocks.6.ff.net.0.proj
25-12-28 10:39:33 | D |       + Adding low-rank branches to transformer_blocks.6.ff.net.2
25-12-28 10:39:34 | D |       + Adding low-rank branches to transformer_blocks.6.ff_context.net.0.proj
25-12-28 10:39:34 | D |       + Adding low-rank branches to transformer_blocks.6.ff_context.net.2
25-12-28 10:39:34 | D |     - Calibrating low-rank branches of block transformer_blocks.7
25-12-28 10:39:34 | D |       + Adding low-rank branches to transformer_blocks.7.attn.to_q, transformer_blocks.7.attn.to_k, transformer_blocks.7.attn.to_v
25-12-28 10:39:34 | D |       + Adding low-rank branches to transformer_blocks.7.attn.add_q_proj, transformer_blocks.7.attn.add_k_proj, transformer_blocks.7.attn.add_v_proj
25-12-28 10:39:35 | D |       + Adding low-rank branches to transformer_blocks.7.attn.to_out.0
25-12-28 10:39:35 | D |       + Adding low-rank branches to transformer_blocks.7.attn.to_add_out
25-12-28 10:39:35 | D |       + Adding low-rank branches to transformer_blocks.7.ff.net.0.proj
25-12-28 10:39:35 | D |       + Adding low-rank branches to transformer_blocks.7.ff.net.2
25-12-28 10:39:36 | D |       + Adding low-rank branches to transformer_blocks.7.ff_context.net.0.proj
25-12-28 10:39:36 | D |       + Adding low-rank branches to transformer_blocks.7.ff_context.net.2
25-12-28 10:39:36 | D |     - Calibrating low-rank branches of block transformer_blocks.8
25-12-28 10:39:36 | D |       + Adding low-rank branches to transformer_blocks.8.attn.to_q, transformer_blocks.8.attn.to_k, transformer_blocks.8.attn.to_v
25-12-28 10:39:36 | D |       + Adding low-rank branches to transformer_blocks.8.attn.add_q_proj, transformer_blocks.8.attn.add_k_proj, transformer_blocks.8.attn.add_v_proj
25-12-28 10:39:37 | D |       + Adding low-rank branches to transformer_blocks.8.attn.to_out.0
25-12-28 10:39:37 | D |       + Adding low-rank branches to transformer_blocks.8.attn.to_add_out
25-12-28 10:39:37 | D |       + Adding low-rank branches to transformer_blocks.8.ff.net.0.proj
25-12-28 10:39:37 | D |       + Adding low-rank branches to transformer_blocks.8.ff.net.2
25-12-28 10:39:38 | D |       + Adding low-rank branches to transformer_blocks.8.ff_context.net.0.proj
25-12-28 10:39:38 | D |       + Adding low-rank branches to transformer_blocks.8.ff_context.net.2
25-12-28 10:39:38 | D |     - Calibrating low-rank branches of block transformer_blocks.9
25-12-28 10:39:38 | D |       + Adding low-rank branches to transformer_blocks.9.attn.to_q, transformer_blocks.9.attn.to_k, transformer_blocks.9.attn.to_v
25-12-28 10:39:38 | D |       + Adding low-rank branches to transformer_blocks.9.attn.add_q_proj, transformer_blocks.9.attn.add_k_proj, transformer_blocks.9.attn.add_v_proj
25-12-28 10:39:39 | D |       + Adding low-rank branches to transformer_blocks.9.attn.to_out.0
25-12-28 10:39:39 | D |       + Adding low-rank branches to transformer_blocks.9.attn.to_add_out
25-12-28 10:39:39 | D |       + Adding low-rank branches to transformer_blocks.9.ff.net.0.proj
25-12-28 10:39:39 | D |       + Adding low-rank branches to transformer_blocks.9.ff.net.2
25-12-28 10:39:40 | D |       + Adding low-rank branches to transformer_blocks.9.ff_context.net.0.proj
25-12-28 10:39:40 | D |       + Adding low-rank branches to transformer_blocks.9.ff_context.net.2
25-12-28 10:39:40 | D |     - Calibrating low-rank branches of block transformer_blocks.10
25-12-28 10:39:40 | D |       + Adding low-rank branches to transformer_blocks.10.attn.to_q, transformer_blocks.10.attn.to_k, transformer_blocks.10.attn.to_v
25-12-28 10:39:41 | D |       + Adding low-rank branches to transformer_blocks.10.attn.add_q_proj, transformer_blocks.10.attn.add_k_proj, transformer_blocks.10.attn.add_v_proj
25-12-28 10:39:41 | D |       + Adding low-rank branches to transformer_blocks.10.attn.to_out.0
25-12-28 10:39:41 | D |       + Adding low-rank branches to transformer_blocks.10.attn.to_add_out
25-12-28 10:39:42 | D |       + Adding low-rank branches to transformer_blocks.10.ff.net.0.proj
25-12-28 10:39:42 | D |       + Adding low-rank branches to transformer_blocks.10.ff.net.2
25-12-28 10:39:42 | D |       + Adding low-rank branches to transformer_blocks.10.ff_context.net.0.proj
25-12-28 10:39:43 | D |       + Adding low-rank branches to transformer_blocks.10.ff_context.net.2
25-12-28 10:39:43 | D |     - Calibrating low-rank branches of block transformer_blocks.11
25-12-28 10:39:43 | D |       + Adding low-rank branches to transformer_blocks.11.attn.to_q, transformer_blocks.11.attn.to_k, transformer_blocks.11.attn.to_v
25-12-28 10:39:43 | D |       + Adding low-rank branches to transformer_blocks.11.attn.add_q_proj, transformer_blocks.11.attn.add_k_proj, transformer_blocks.11.attn.add_v_proj
25-12-28 10:39:43 | D |       + Adding low-rank branches to transformer_blocks.11.attn.to_out.0
25-12-28 10:39:44 | D |       + Adding low-rank branches to transformer_blocks.11.attn.to_add_out
25-12-28 10:39:44 | D |       + Adding low-rank branches to transformer_blocks.11.ff.net.0.proj
25-12-28 10:39:44 | D |       + Adding low-rank branches to transformer_blocks.11.ff.net.2
25-12-28 10:39:44 | D |       + Adding low-rank branches to transformer_blocks.11.ff_context.net.0.proj
25-12-28 10:39:45 | D |       + Adding low-rank branches to transformer_blocks.11.ff_context.net.2
25-12-28 10:39:45 | D |     - Calibrating low-rank branches of block transformer_blocks.12
25-12-28 10:39:45 | D |       + Adding low-rank branches to transformer_blocks.12.attn.to_q, transformer_blocks.12.attn.to_k, transformer_blocks.12.attn.to_v
25-12-28 10:39:46 | D |       + Adding low-rank branches to transformer_blocks.12.attn.add_q_proj, transformer_blocks.12.attn.add_k_proj, transformer_blocks.12.attn.add_v_proj
25-12-28 10:39:46 | D |       + Adding low-rank branches to transformer_blocks.12.attn.to_out.0
25-12-28 10:39:46 | D |       + Adding low-rank branches to transformer_blocks.12.attn.to_add_out
25-12-28 10:39:47 | D |       + Adding low-rank branches to transformer_blocks.12.ff.net.0.proj
25-12-28 10:39:47 | D |       + Adding low-rank branches to transformer_blocks.12.ff.net.2
25-12-28 10:39:47 | D |       + Adding low-rank branches to transformer_blocks.12.ff_context.net.0.proj
25-12-28 10:39:48 | D |       + Adding low-rank branches to transformer_blocks.12.ff_context.net.2
25-12-28 10:39:48 | D |     - Calibrating low-rank branches of block transformer_blocks.13
25-12-28 10:39:48 | D |       + Adding low-rank branches to transformer_blocks.13.attn.to_q, transformer_blocks.13.attn.to_k, transformer_blocks.13.attn.to_v
25-12-28 10:39:48 | D |       + Adding low-rank branches to transformer_blocks.13.attn.add_q_proj, transformer_blocks.13.attn.add_k_proj, transformer_blocks.13.attn.add_v_proj
25-12-28 10:39:48 | D |       + Adding low-rank branches to transformer_blocks.13.attn.to_out.0
25-12-28 10:39:49 | D |       + Adding low-rank branches to transformer_blocks.13.attn.to_add_out
25-12-28 10:39:49 | D |       + Adding low-rank branches to transformer_blocks.13.ff.net.0.proj
25-12-28 10:39:49 | D |       + Adding low-rank branches to transformer_blocks.13.ff.net.2
25-12-28 10:39:49 | D |       + Adding low-rank branches to transformer_blocks.13.ff_context.net.0.proj
25-12-28 10:39:50 | D |       + Adding low-rank branches to transformer_blocks.13.ff_context.net.2
25-12-28 10:39:50 | D |     - Calibrating low-rank branches of block transformer_blocks.14
25-12-28 10:39:50 | D |       + Adding low-rank branches to transformer_blocks.14.attn.to_q, transformer_blocks.14.attn.to_k, transformer_blocks.14.attn.to_v
25-12-28 10:39:50 | D |       + Adding low-rank branches to transformer_blocks.14.attn.add_q_proj, transformer_blocks.14.attn.add_k_proj, transformer_blocks.14.attn.add_v_proj
25-12-28 10:39:51 | D |       + Adding low-rank branches to transformer_blocks.14.attn.to_out.0
25-12-28 10:39:51 | D |       + Adding low-rank branches to transformer_blocks.14.attn.to_add_out
25-12-28 10:39:51 | D |       + Adding low-rank branches to transformer_blocks.14.ff.net.0.proj
25-12-28 10:39:51 | D |       + Adding low-rank branches to transformer_blocks.14.ff.net.2
25-12-28 10:39:52 | D |       + Adding low-rank branches to transformer_blocks.14.ff_context.net.0.proj
25-12-28 10:39:52 | D |       + Adding low-rank branches to transformer_blocks.14.ff_context.net.2
25-12-28 10:39:52 | D |     - Calibrating low-rank branches of block transformer_blocks.15
25-12-28 10:39:52 | D |       + Adding low-rank branches to transformer_blocks.15.attn.to_q, transformer_blocks.15.attn.to_k, transformer_blocks.15.attn.to_v
25-12-28 10:39:52 | D |       + Adding low-rank branches to transformer_blocks.15.attn.add_q_proj, transformer_blocks.15.attn.add_k_proj, transformer_blocks.15.attn.add_v_proj
25-12-28 10:39:53 | D |       + Adding low-rank branches to transformer_blocks.15.attn.to_out.0
25-12-28 10:39:53 | D |       + Adding low-rank branches to transformer_blocks.15.attn.to_add_out
25-12-28 10:39:54 | D |       + Adding low-rank branches to transformer_blocks.15.ff.net.0.proj
25-12-28 10:39:54 | D |       + Adding low-rank branches to transformer_blocks.15.ff.net.2
25-12-28 10:39:54 | D |       + Adding low-rank branches to transformer_blocks.15.ff_context.net.0.proj
25-12-28 10:39:55 | D |       + Adding low-rank branches to transformer_blocks.15.ff_context.net.2
25-12-28 10:39:55 | D |     - Calibrating low-rank branches of block transformer_blocks.16
25-12-28 10:39:55 | D |       + Adding low-rank branches to transformer_blocks.16.attn.to_q, transformer_blocks.16.attn.to_k, transformer_blocks.16.attn.to_v
25-12-28 10:39:55 | D |       + Adding low-rank branches to transformer_blocks.16.attn.add_q_proj, transformer_blocks.16.attn.add_k_proj, transformer_blocks.16.attn.add_v_proj
25-12-28 10:39:55 | D |       + Adding low-rank branches to transformer_blocks.16.attn.to_out.0
25-12-28 10:39:56 | D |       + Adding low-rank branches to transformer_blocks.16.attn.to_add_out
25-12-28 10:39:56 | D |       + Adding low-rank branches to transformer_blocks.16.ff.net.0.proj
25-12-28 10:39:56 | D |       + Adding low-rank branches to transformer_blocks.16.ff.net.2
25-12-28 10:39:56 | D |       + Adding low-rank branches to transformer_blocks.16.ff_context.net.0.proj
25-12-28 10:39:57 | D |       + Adding low-rank branches to transformer_blocks.16.ff_context.net.2
25-12-28 10:39:57 | D |     - Calibrating low-rank branches of block transformer_blocks.17
25-12-28 10:39:57 | D |       + Adding low-rank branches to transformer_blocks.17.attn.to_q, transformer_blocks.17.attn.to_k, transformer_blocks.17.attn.to_v
25-12-28 10:39:57 | D |       + Adding low-rank branches to transformer_blocks.17.attn.add_q_proj, transformer_blocks.17.attn.add_k_proj, transformer_blocks.17.attn.add_v_proj
25-12-28 10:39:58 | D |       + Adding low-rank branches to transformer_blocks.17.attn.to_out.0
25-12-28 10:39:58 | D |       + Adding low-rank branches to transformer_blocks.17.attn.to_add_out
25-12-28 10:39:58 | D |       + Adding low-rank branches to transformer_blocks.17.ff.net.0.proj
25-12-28 10:39:58 | D |       + Adding low-rank branches to transformer_blocks.17.ff.net.2
25-12-28 10:39:59 | D |       + Adding low-rank branches to transformer_blocks.17.ff_context.net.0.proj
25-12-28 10:39:59 | D |       + Adding low-rank branches to transformer_blocks.17.ff_context.net.2
25-12-28 10:39:59 | D |     - Calibrating low-rank branches of block transformer_blocks.18
25-12-28 10:39:59 | D |       + Adding low-rank branches to transformer_blocks.18.attn.to_q, transformer_blocks.18.attn.to_k, transformer_blocks.18.attn.to_v
25-12-28 10:39:59 | D |       + Adding low-rank branches to transformer_blocks.18.attn.add_q_proj, transformer_blocks.18.attn.add_k_proj, transformer_blocks.18.attn.add_v_proj
25-12-28 10:40:00 | D |       + Adding low-rank branches to transformer_blocks.18.attn.to_out.0
25-12-28 10:40:00 | D |       + Adding low-rank branches to transformer_blocks.18.attn.to_add_out
25-12-28 10:40:00 | D |       + Adding low-rank branches to transformer_blocks.18.ff.net.0.proj
25-12-28 10:40:00 | D |       + Adding low-rank branches to transformer_blocks.18.ff.net.2
25-12-28 10:40:01 | D |       + Adding low-rank branches to transformer_blocks.18.ff_context.net.0.proj
25-12-28 10:40:01 | D |       + Adding low-rank branches to transformer_blocks.18.ff_context.net.2
25-12-28 10:40:01 | D |     - Calibrating low-rank branches of block single_transformer_blocks.0
25-12-28 10:40:01 | D |       + Adding low-rank branches to single_transformer_blocks.0.attn.to_q, single_transformer_blocks.0.attn.to_k, single_transformer_blocks.0.attn.to_v
25-12-28 10:40:02 | D |       + Adding low-rank branches to single_transformer_blocks.0.proj_out.linears.0
25-12-28 10:40:02 | D |       + Adding low-rank branches to single_transformer_blocks.0.proj_mlp
25-12-28 10:40:02 | D |       + Adding low-rank branches to single_transformer_blocks.0.proj_out.linears.1
25-12-28 10:40:02 | D |     - Calibrating low-rank branches of block single_transformer_blocks.1
25-12-28 10:40:02 | D |       + Adding low-rank branches to single_transformer_blocks.1.attn.to_q, single_transformer_blocks.1.attn.to_k, single_transformer_blocks.1.attn.to_v
25-12-28 10:40:03 | D |       + Adding low-rank branches to single_transformer_blocks.1.proj_out.linears.0
25-12-28 10:40:03 | D |       + Adding low-rank branches to single_transformer_blocks.1.proj_mlp
25-12-28 10:40:03 | D |       + Adding low-rank branches to single_transformer_blocks.1.proj_out.linears.1
25-12-28 10:40:04 | D |     - Calibrating low-rank branches of block single_transformer_blocks.2
25-12-28 10:40:04 | D |       + Adding low-rank branches to single_transformer_blocks.2.attn.to_q, single_transformer_blocks.2.attn.to_k, single_transformer_blocks.2.attn.to_v
25-12-28 10:40:04 | D |       + Adding low-rank branches to single_transformer_blocks.2.proj_out.linears.0
25-12-28 10:40:04 | D |       + Adding low-rank branches to single_transformer_blocks.2.proj_mlp
25-12-28 10:40:04 | D |       + Adding low-rank branches to single_transformer_blocks.2.proj_out.linears.1
25-12-28 10:40:05 | D |     - Calibrating low-rank branches of block single_transformer_blocks.3
25-12-28 10:40:05 | D |       + Adding low-rank branches to single_transformer_blocks.3.attn.to_q, single_transformer_blocks.3.attn.to_k, single_transformer_blocks.3.attn.to_v
25-12-28 10:40:05 | D |       + Adding low-rank branches to single_transformer_blocks.3.proj_out.linears.0
25-12-28 10:40:05 | D |       + Adding low-rank branches to single_transformer_blocks.3.proj_mlp
25-12-28 10:40:05 | D |       + Adding low-rank branches to single_transformer_blocks.3.proj_out.linears.1
25-12-28 10:40:06 | D |     - Calibrating low-rank branches of block single_transformer_blocks.4
25-12-28 10:40:06 | D |       + Adding low-rank branches to single_transformer_blocks.4.attn.to_q, single_transformer_blocks.4.attn.to_k, single_transformer_blocks.4.attn.to_v
25-12-28 10:40:06 | D |       + Adding low-rank branches to single_transformer_blocks.4.proj_out.linears.0
25-12-28 10:40:06 | D |       + Adding low-rank branches to single_transformer_blocks.4.proj_mlp
25-12-28 10:40:07 | D |       + Adding low-rank branches to single_transformer_blocks.4.proj_out.linears.1
25-12-28 10:40:07 | D |     - Calibrating low-rank branches of block single_transformer_blocks.5
25-12-28 10:40:07 | D |       + Adding low-rank branches to single_transformer_blocks.5.attn.to_q, single_transformer_blocks.5.attn.to_k, single_transformer_blocks.5.attn.to_v
25-12-28 10:40:07 | D |       + Adding low-rank branches to single_transformer_blocks.5.proj_out.linears.0
25-12-28 10:40:07 | D |       + Adding low-rank branches to single_transformer_blocks.5.proj_mlp
25-12-28 10:40:08 | D |       + Adding low-rank branches to single_transformer_blocks.5.proj_out.linears.1
25-12-28 10:40:08 | D |     - Calibrating low-rank branches of block single_transformer_blocks.6
25-12-28 10:40:08 | D |       + Adding low-rank branches to single_transformer_blocks.6.attn.to_q, single_transformer_blocks.6.attn.to_k, single_transformer_blocks.6.attn.to_v
25-12-28 10:40:08 | D |       + Adding low-rank branches to single_transformer_blocks.6.proj_out.linears.0
25-12-28 10:40:08 | D |       + Adding low-rank branches to single_transformer_blocks.6.proj_mlp
25-12-28 10:40:09 | D |       + Adding low-rank branches to single_transformer_blocks.6.proj_out.linears.1
25-12-28 10:40:09 | D |     - Calibrating low-rank branches of block single_transformer_blocks.7
25-12-28 10:40:09 | D |       + Adding low-rank branches to single_transformer_blocks.7.attn.to_q, single_transformer_blocks.7.attn.to_k, single_transformer_blocks.7.attn.to_v
25-12-28 10:40:09 | D |       + Adding low-rank branches to single_transformer_blocks.7.proj_out.linears.0
25-12-28 10:40:10 | D |       + Adding low-rank branches to single_transformer_blocks.7.proj_mlp
25-12-28 10:40:10 | D |       + Adding low-rank branches to single_transformer_blocks.7.proj_out.linears.1
25-12-28 10:40:10 | D |     - Calibrating low-rank branches of block single_transformer_blocks.8
25-12-28 10:40:10 | D |       + Adding low-rank branches to single_transformer_blocks.8.attn.to_q, single_transformer_blocks.8.attn.to_k, single_transformer_blocks.8.attn.to_v
25-12-28 10:40:10 | D |       + Adding low-rank branches to single_transformer_blocks.8.proj_out.linears.0
25-12-28 10:40:11 | D |       + Adding low-rank branches to single_transformer_blocks.8.proj_mlp
25-12-28 10:40:11 | D |       + Adding low-rank branches to single_transformer_blocks.8.proj_out.linears.1
25-12-28 10:40:11 | D |     - Calibrating low-rank branches of block single_transformer_blocks.9
25-12-28 10:40:11 | D |       + Adding low-rank branches to single_transformer_blocks.9.attn.to_q, single_transformer_blocks.9.attn.to_k, single_transformer_blocks.9.attn.to_v
25-12-28 10:40:11 | D |       + Adding low-rank branches to single_transformer_blocks.9.proj_out.linears.0
25-12-28 10:40:12 | D |       + Adding low-rank branches to single_transformer_blocks.9.proj_mlp
25-12-28 10:40:12 | D |       + Adding low-rank branches to single_transformer_blocks.9.proj_out.linears.1
25-12-28 10:40:12 | D |     - Calibrating low-rank branches of block single_transformer_blocks.10
25-12-28 10:40:12 | D |       + Adding low-rank branches to single_transformer_blocks.10.attn.to_q, single_transformer_blocks.10.attn.to_k, single_transformer_blocks.10.attn.to_v
25-12-28 10:40:13 | D |       + Adding low-rank branches to single_transformer_blocks.10.proj_out.linears.0
25-12-28 10:40:13 | D |       + Adding low-rank branches to single_transformer_blocks.10.proj_mlp
25-12-28 10:40:13 | D |       + Adding low-rank branches to single_transformer_blocks.10.proj_out.linears.1
25-12-28 10:40:13 | D |     - Calibrating low-rank branches of block single_transformer_blocks.11
25-12-28 10:40:13 | D |       + Adding low-rank branches to single_transformer_blocks.11.attn.to_q, single_transformer_blocks.11.attn.to_k, single_transformer_blocks.11.attn.to_v
25-12-28 10:40:14 | D |       + Adding low-rank branches to single_transformer_blocks.11.proj_out.linears.0
25-12-28 10:40:14 | D |       + Adding low-rank branches to single_transformer_blocks.11.proj_mlp
25-12-28 10:40:14 | D |       + Adding low-rank branches to single_transformer_blocks.11.proj_out.linears.1
25-12-28 10:40:14 | D |     - Calibrating low-rank branches of block single_transformer_blocks.12
25-12-28 10:40:14 | D |       + Adding low-rank branches to single_transformer_blocks.12.attn.to_q, single_transformer_blocks.12.attn.to_k, single_transformer_blocks.12.attn.to_v
25-12-28 10:40:15 | D |       + Adding low-rank branches to single_transformer_blocks.12.proj_out.linears.0
25-12-28 10:40:15 | D |       + Adding low-rank branches to single_transformer_blocks.12.proj_mlp
25-12-28 10:40:15 | D |       + Adding low-rank branches to single_transformer_blocks.12.proj_out.linears.1
25-12-28 10:40:15 | D |     - Calibrating low-rank branches of block single_transformer_blocks.13
25-12-28 10:40:15 | D |       + Adding low-rank branches to single_transformer_blocks.13.attn.to_q, single_transformer_blocks.13.attn.to_k, single_transformer_blocks.13.attn.to_v
25-12-28 10:40:16 | D |       + Adding low-rank branches to single_transformer_blocks.13.proj_out.linears.0
25-12-28 10:40:16 | D |       + Adding low-rank branches to single_transformer_blocks.13.proj_mlp
25-12-28 10:40:16 | D |       + Adding low-rank branches to single_transformer_blocks.13.proj_out.linears.1
25-12-28 10:40:16 | D |     - Calibrating low-rank branches of block single_transformer_blocks.14
25-12-28 10:40:16 | D |       + Adding low-rank branches to single_transformer_blocks.14.attn.to_q, single_transformer_blocks.14.attn.to_k, single_transformer_blocks.14.attn.to_v
25-12-28 10:40:17 | D |       + Adding low-rank branches to single_transformer_blocks.14.proj_out.linears.0
25-12-28 10:40:17 | D |       + Adding low-rank branches to single_transformer_blocks.14.proj_mlp
25-12-28 10:40:17 | D |       + Adding low-rank branches to single_transformer_blocks.14.proj_out.linears.1
25-12-28 10:40:18 | D |     - Calibrating low-rank branches of block single_transformer_blocks.15
25-12-28 10:40:18 | D |       + Adding low-rank branches to single_transformer_blocks.15.attn.to_q, single_transformer_blocks.15.attn.to_k, single_transformer_blocks.15.attn.to_v
25-12-28 10:40:18 | D |       + Adding low-rank branches to single_transformer_blocks.15.proj_out.linears.0
25-12-28 10:40:18 | D |       + Adding low-rank branches to single_transformer_blocks.15.proj_mlp
25-12-28 10:40:18 | D |       + Adding low-rank branches to single_transformer_blocks.15.proj_out.linears.1
25-12-28 10:40:19 | D |     - Calibrating low-rank branches of block single_transformer_blocks.16
25-12-28 10:40:19 | D |       + Adding low-rank branches to single_transformer_blocks.16.attn.to_q, single_transformer_blocks.16.attn.to_k, single_transformer_blocks.16.attn.to_v
25-12-28 10:40:19 | D |       + Adding low-rank branches to single_transformer_blocks.16.proj_out.linears.0
25-12-28 10:40:19 | D |       + Adding low-rank branches to single_transformer_blocks.16.proj_mlp
25-12-28 10:40:20 | D |       + Adding low-rank branches to single_transformer_blocks.16.proj_out.linears.1
25-12-28 10:40:20 | D |     - Calibrating low-rank branches of block single_transformer_blocks.17
25-12-28 10:40:20 | D |       + Adding low-rank branches to single_transformer_blocks.17.attn.to_q, single_transformer_blocks.17.attn.to_k, single_transformer_blocks.17.attn.to_v
25-12-28 10:40:20 | D |       + Adding low-rank branches to single_transformer_blocks.17.proj_out.linears.0
25-12-28 10:40:20 | D |       + Adding low-rank branches to single_transformer_blocks.17.proj_mlp
25-12-28 10:40:21 | D |       + Adding low-rank branches to single_transformer_blocks.17.proj_out.linears.1
25-12-28 10:40:21 | D |     - Calibrating low-rank branches of block single_transformer_blocks.18
25-12-28 10:40:21 | D |       + Adding low-rank branches to single_transformer_blocks.18.attn.to_q, single_transformer_blocks.18.attn.to_k, single_transformer_blocks.18.attn.to_v
25-12-28 10:40:21 | D |       + Adding low-rank branches to single_transformer_blocks.18.proj_out.linears.0
25-12-28 10:40:21 | D |       + Adding low-rank branches to single_transformer_blocks.18.proj_mlp
25-12-28 10:40:22 | D |       + Adding low-rank branches to single_transformer_blocks.18.proj_out.linears.1
25-12-28 10:40:22 | D |     - Calibrating low-rank branches of block single_transformer_blocks.19
25-12-28 10:40:22 | D |       + Adding low-rank branches to single_transformer_blocks.19.attn.to_q, single_transformer_blocks.19.attn.to_k, single_transformer_blocks.19.attn.to_v
25-12-28 10:40:22 | D |       + Adding low-rank branches to single_transformer_blocks.19.proj_out.linears.0
25-12-28 10:40:23 | D |       + Adding low-rank branches to single_transformer_blocks.19.proj_mlp
25-12-28 10:40:23 | D |       + Adding low-rank branches to single_transformer_blocks.19.proj_out.linears.1
25-12-28 10:40:23 | D |     - Calibrating low-rank branches of block single_transformer_blocks.20
25-12-28 10:40:23 | D |       + Adding low-rank branches to single_transformer_blocks.20.attn.to_q, single_transformer_blocks.20.attn.to_k, single_transformer_blocks.20.attn.to_v
25-12-28 10:40:23 | D |       + Adding low-rank branches to single_transformer_blocks.20.proj_out.linears.0
25-12-28 10:40:24 | D |       + Adding low-rank branches to single_transformer_blocks.20.proj_mlp
25-12-28 10:40:24 | D |       + Adding low-rank branches to single_transformer_blocks.20.proj_out.linears.1
25-12-28 10:40:24 | D |     - Calibrating low-rank branches of block single_transformer_blocks.21
25-12-28 10:40:24 | D |       + Adding low-rank branches to single_transformer_blocks.21.attn.to_q, single_transformer_blocks.21.attn.to_k, single_transformer_blocks.21.attn.to_v
25-12-28 10:40:24 | D |       + Adding low-rank branches to single_transformer_blocks.21.proj_out.linears.0
25-12-28 10:40:25 | D |       + Adding low-rank branches to single_transformer_blocks.21.proj_mlp
25-12-28 10:40:25 | D |       + Adding low-rank branches to single_transformer_blocks.21.proj_out.linears.1
25-12-28 10:40:25 | D |     - Calibrating low-rank branches of block single_transformer_blocks.22
25-12-28 10:40:25 | D |       + Adding low-rank branches to single_transformer_blocks.22.attn.to_q, single_transformer_blocks.22.attn.to_k, single_transformer_blocks.22.attn.to_v
25-12-28 10:40:26 | D |       + Adding low-rank branches to single_transformer_blocks.22.proj_out.linears.0
25-12-28 10:40:26 | D |       + Adding low-rank branches to single_transformer_blocks.22.proj_mlp
25-12-28 10:40:26 | D |       + Adding low-rank branches to single_transformer_blocks.22.proj_out.linears.1
25-12-28 10:40:26 | D |     - Calibrating low-rank branches of block single_transformer_blocks.23
25-12-28 10:40:26 | D |       + Adding low-rank branches to single_transformer_blocks.23.attn.to_q, single_transformer_blocks.23.attn.to_k, single_transformer_blocks.23.attn.to_v
25-12-28 10:40:27 | D |       + Adding low-rank branches to single_transformer_blocks.23.proj_out.linears.0
25-12-28 10:40:27 | D |       + Adding low-rank branches to single_transformer_blocks.23.proj_mlp
25-12-28 10:40:27 | D |       + Adding low-rank branches to single_transformer_blocks.23.proj_out.linears.1
25-12-28 10:40:27 | D |     - Calibrating low-rank branches of block single_transformer_blocks.24
25-12-28 10:40:27 | D |       + Adding low-rank branches to single_transformer_blocks.24.attn.to_q, single_transformer_blocks.24.attn.to_k, single_transformer_blocks.24.attn.to_v
25-12-28 10:40:28 | D |       + Adding low-rank branches to single_transformer_blocks.24.proj_out.linears.0
25-12-28 10:40:28 | D |       + Adding low-rank branches to single_transformer_blocks.24.proj_mlp
25-12-28 10:40:28 | D |       + Adding low-rank branches to single_transformer_blocks.24.proj_out.linears.1
25-12-28 10:40:29 | D |     - Calibrating low-rank branches of block single_transformer_blocks.25
25-12-28 10:40:29 | D |       + Adding low-rank branches to single_transformer_blocks.25.attn.to_q, single_transformer_blocks.25.attn.to_k, single_transformer_blocks.25.attn.to_v
25-12-28 10:40:29 | D |       + Adding low-rank branches to single_transformer_blocks.25.proj_out.linears.0
25-12-28 10:40:29 | D |       + Adding low-rank branches to single_transformer_blocks.25.proj_mlp
25-12-28 10:40:29 | D |       + Adding low-rank branches to single_transformer_blocks.25.proj_out.linears.1
25-12-28 10:40:30 | D |     - Calibrating low-rank branches of block single_transformer_blocks.26
25-12-28 10:40:30 | D |       + Adding low-rank branches to single_transformer_blocks.26.attn.to_q, single_transformer_blocks.26.attn.to_k, single_transformer_blocks.26.attn.to_v
25-12-28 10:40:30 | D |       + Adding low-rank branches to single_transformer_blocks.26.proj_out.linears.0
25-12-28 10:40:30 | D |       + Adding low-rank branches to single_transformer_blocks.26.proj_mlp
25-12-28 10:40:31 | D |       + Adding low-rank branches to single_transformer_blocks.26.proj_out.linears.1
25-12-28 10:40:31 | D |     - Calibrating low-rank branches of block single_transformer_blocks.27
25-12-28 10:40:31 | D |       + Adding low-rank branches to single_transformer_blocks.27.attn.to_q, single_transformer_blocks.27.attn.to_k, single_transformer_blocks.27.attn.to_v
25-12-28 10:40:31 | D |       + Adding low-rank branches to single_transformer_blocks.27.proj_out.linears.0
25-12-28 10:40:31 | D |       + Adding low-rank branches to single_transformer_blocks.27.proj_mlp
25-12-28 10:40:32 | D |       + Adding low-rank branches to single_transformer_blocks.27.proj_out.linears.1
25-12-28 10:40:32 | D |     - Calibrating low-rank branches of block single_transformer_blocks.28
25-12-28 10:40:32 | D |       + Adding low-rank branches to single_transformer_blocks.28.attn.to_q, single_transformer_blocks.28.attn.to_k, single_transformer_blocks.28.attn.to_v
25-12-28 10:40:32 | D |       + Adding low-rank branches to single_transformer_blocks.28.proj_out.linears.0
25-12-28 10:40:32 | D |       + Adding low-rank branches to single_transformer_blocks.28.proj_mlp
25-12-28 10:40:33 | D |       + Adding low-rank branches to single_transformer_blocks.28.proj_out.linears.1
25-12-28 10:40:33 | D |     - Calibrating low-rank branches of block single_transformer_blocks.29
25-12-28 10:40:33 | D |       + Adding low-rank branches to single_transformer_blocks.29.attn.to_q, single_transformer_blocks.29.attn.to_k, single_transformer_blocks.29.attn.to_v
25-12-28 10:40:33 | D |       + Adding low-rank branches to single_transformer_blocks.29.proj_out.linears.0
25-12-28 10:40:34 | D |       + Adding low-rank branches to single_transformer_blocks.29.proj_mlp
25-12-28 10:40:34 | D |       + Adding low-rank branches to single_transformer_blocks.29.proj_out.linears.1
25-12-28 10:40:34 | D |     - Calibrating low-rank branches of block single_transformer_blocks.30
25-12-28 10:40:34 | D |       + Adding low-rank branches to single_transformer_blocks.30.attn.to_q, single_transformer_blocks.30.attn.to_k, single_transformer_blocks.30.attn.to_v
25-12-28 10:40:34 | D |       + Adding low-rank branches to single_transformer_blocks.30.proj_out.linears.0
25-12-28 10:40:35 | D |       + Adding low-rank branches to single_transformer_blocks.30.proj_mlp
25-12-28 10:40:35 | D |       + Adding low-rank branches to single_transformer_blocks.30.proj_out.linears.1
25-12-28 10:40:35 | D |     - Calibrating low-rank branches of block single_transformer_blocks.31
25-12-28 10:40:35 | D |       + Adding low-rank branches to single_transformer_blocks.31.attn.to_q, single_transformer_blocks.31.attn.to_k, single_transformer_blocks.31.attn.to_v
25-12-28 10:40:35 | D |       + Adding low-rank branches to single_transformer_blocks.31.proj_out.linears.0
25-12-28 10:40:36 | D |       + Adding low-rank branches to single_transformer_blocks.31.proj_mlp
25-12-28 10:40:36 | D |       + Adding low-rank branches to single_transformer_blocks.31.proj_out.linears.1
25-12-28 10:40:36 | D |     - Calibrating low-rank branches of block single_transformer_blocks.32
25-12-28 10:40:36 | D |       + Adding low-rank branches to single_transformer_blocks.32.attn.to_q, single_transformer_blocks.32.attn.to_k, single_transformer_blocks.32.attn.to_v
25-12-28 10:40:37 | D |       + Adding low-rank branches to single_transformer_blocks.32.proj_out.linears.0
25-12-28 10:40:37 | D |       + Adding low-rank branches to single_transformer_blocks.32.proj_mlp
25-12-28 10:40:37 | D |       + Adding low-rank branches to single_transformer_blocks.32.proj_out.linears.1
25-12-28 10:40:37 | D |     - Calibrating low-rank branches of block single_transformer_blocks.33
25-12-28 10:40:37 | D |       + Adding low-rank branches to single_transformer_blocks.33.attn.to_q, single_transformer_blocks.33.attn.to_k, single_transformer_blocks.33.attn.to_v
25-12-28 10:40:38 | D |       + Adding low-rank branches to single_transformer_blocks.33.proj_out.linears.0
25-12-28 10:40:38 | D |       + Adding low-rank branches to single_transformer_blocks.33.proj_mlp
25-12-28 10:40:38 | D |       + Adding low-rank branches to single_transformer_blocks.33.proj_out.linears.1
25-12-28 10:40:39 | D |     - Calibrating low-rank branches of block single_transformer_blocks.34
25-12-28 10:40:39 | D |       + Adding low-rank branches to single_transformer_blocks.34.attn.to_q, single_transformer_blocks.34.attn.to_k, single_transformer_blocks.34.attn.to_v
25-12-28 10:40:39 | D |       + Adding low-rank branches to single_transformer_blocks.34.proj_out.linears.0
25-12-28 10:40:39 | D |       + Adding low-rank branches to single_transformer_blocks.34.proj_mlp
25-12-28 10:40:39 | D |       + Adding low-rank branches to single_transformer_blocks.34.proj_out.linears.1
25-12-28 10:40:40 | D |     - Calibrating low-rank branches of block single_transformer_blocks.35
25-12-28 10:40:40 | D |       + Adding low-rank branches to single_transformer_blocks.35.attn.to_q, single_transformer_blocks.35.attn.to_k, single_transformer_blocks.35.attn.to_v
25-12-28 10:40:40 | D |       + Adding low-rank branches to single_transformer_blocks.35.proj_out.linears.0
25-12-28 10:40:40 | D |       + Adding low-rank branches to single_transformer_blocks.35.proj_mlp
25-12-28 10:40:40 | D |       + Adding low-rank branches to single_transformer_blocks.35.proj_out.linears.1
25-12-28 10:40:41 | D |     - Calibrating low-rank branches of block single_transformer_blocks.36
25-12-28 10:40:41 | D |       + Adding low-rank branches to single_transformer_blocks.36.attn.to_q, single_transformer_blocks.36.attn.to_k, single_transformer_blocks.36.attn.to_v
25-12-28 10:40:41 | D |       + Adding low-rank branches to single_transformer_blocks.36.proj_out.linears.0
25-12-28 10:40:41 | D |       + Adding low-rank branches to single_transformer_blocks.36.proj_mlp
25-12-28 10:40:42 | D |       + Adding low-rank branches to single_transformer_blocks.36.proj_out.linears.1
25-12-28 10:40:42 | D |     - Calibrating low-rank branches of block single_transformer_blocks.37
25-12-28 10:40:42 | D |       + Adding low-rank branches to single_transformer_blocks.37.attn.to_q, single_transformer_blocks.37.attn.to_k, single_transformer_blocks.37.attn.to_v
25-12-28 10:40:42 | D |       + Adding low-rank branches to single_transformer_blocks.37.proj_out.linears.0
25-12-28 10:40:43 | D |       + Adding low-rank branches to single_transformer_blocks.37.proj_mlp
25-12-28 10:40:43 | D |       + Adding low-rank branches to single_transformer_blocks.37.proj_out.linears.1
25-12-28 10:40:43 | D |   - Calibrating weights: block transformer_blocks.0
25-12-28 10:40:43 | D |     - Calibrating transformer_blocks.0.norm1.linear.weight quantizer
25-12-28 10:40:44 | D |     - Calibrating transformer_blocks.0.norm1_context.linear.weight quantizer
25-12-28 10:40:44 | D |     - Calibrating transformer_blocks.0.attn.to_q.weight quantizer
25-12-28 10:40:44 | D |     - Calibrating transformer_blocks.0.attn.to_k.weight quantizer
25-12-28 10:40:44 | D |     - Calibrating transformer_blocks.0.attn.to_v.weight quantizer
25-12-28 10:40:45 | D |     - Calibrating transformer_blocks.0.attn.add_q_proj.weight quantizer
25-12-28 10:40:45 | D |     - Calibrating transformer_blocks.0.attn.add_k_proj.weight quantizer
25-12-28 10:40:45 | D |     - Calibrating transformer_blocks.0.attn.add_v_proj.weight quantizer
25-12-28 10:40:46 | D |     - Calibrating transformer_blocks.0.attn.to_out.0.weight quantizer
25-12-28 10:40:46 | D |     - Calibrating transformer_blocks.0.attn.to_add_out.weight quantizer
25-12-28 10:40:46 | D |     - Calibrating transformer_blocks.0.ff.net.0.proj.weight quantizer
25-12-28 10:40:46 | D |     - Calibrating transformer_blocks.0.ff.net.2.weight quantizer
25-12-28 10:40:47 | D |     - Calibrating transformer_blocks.0.ff_context.net.0.proj.weight quantizer
25-12-28 10:40:47 | D |     - Calibrating transformer_blocks.0.ff_context.net.2.weight quantizer
25-12-28 10:40:47 | D |   - Calibrating weights: block transformer_blocks.1
25-12-28 10:40:47 | D |     - Calibrating transformer_blocks.1.norm1.linear.weight quantizer
25-12-28 10:40:47 | D |     - Calibrating transformer_blocks.1.norm1_context.linear.weight quantizer
25-12-28 10:40:48 | D |     - Calibrating transformer_blocks.1.attn.to_q.weight quantizer
25-12-28 10:40:48 | D |     - Calibrating transformer_blocks.1.attn.to_k.weight quantizer
25-12-28 10:40:48 | D |     - Calibrating transformer_blocks.1.attn.to_v.weight quantizer
25-12-28 10:40:48 | D |     - Calibrating transformer_blocks.1.attn.add_q_proj.weight quantizer
25-12-28 10:40:49 | D |     - Calibrating transformer_blocks.1.attn.add_k_proj.weight quantizer
25-12-28 10:40:49 | D |     - Calibrating transformer_blocks.1.attn.add_v_proj.weight quantizer
25-12-28 10:40:49 | D |     - Calibrating transformer_blocks.1.attn.to_out.0.weight quantizer
25-12-28 10:40:49 | D |     - Calibrating transformer_blocks.1.attn.to_add_out.weight quantizer
25-12-28 10:40:50 | D |     - Calibrating transformer_blocks.1.ff.net.0.proj.weight quantizer
25-12-28 10:40:50 | D |     - Calibrating transformer_blocks.1.ff.net.2.weight quantizer
25-12-28 10:40:50 | D |     - Calibrating transformer_blocks.1.ff_context.net.0.proj.weight quantizer
25-12-28 10:40:50 | D |     - Calibrating transformer_blocks.1.ff_context.net.2.weight quantizer
25-12-28 10:40:51 | D |   - Calibrating weights: block transformer_blocks.2
25-12-28 10:40:51 | D |     - Calibrating transformer_blocks.2.norm1.linear.weight quantizer
25-12-28 10:40:51 | D |     - Calibrating transformer_blocks.2.norm1_context.linear.weight quantizer
25-12-28 10:40:51 | D |     - Calibrating transformer_blocks.2.attn.to_q.weight quantizer
25-12-28 10:40:51 | D |     - Calibrating transformer_blocks.2.attn.to_k.weight quantizer
25-12-28 10:40:52 | D |     - Calibrating transformer_blocks.2.attn.to_v.weight quantizer
25-12-28 10:40:52 | D |     - Calibrating transformer_blocks.2.attn.add_q_proj.weight quantizer
25-12-28 10:40:52 | D |     - Calibrating transformer_blocks.2.attn.add_k_proj.weight quantizer
25-12-28 10:40:52 | D |     - Calibrating transformer_blocks.2.attn.add_v_proj.weight quantizer
25-12-28 10:40:53 | D |     - Calibrating transformer_blocks.2.attn.to_out.0.weight quantizer
25-12-28 10:40:53 | D |     - Calibrating transformer_blocks.2.attn.to_add_out.weight quantizer
25-12-28 10:40:53 | D |     - Calibrating transformer_blocks.2.ff.net.0.proj.weight quantizer
25-12-28 10:40:53 | D |     - Calibrating transformer_blocks.2.ff.net.2.weight quantizer
25-12-28 10:40:54 | D |     - Calibrating transformer_blocks.2.ff_context.net.0.proj.weight quantizer
25-12-28 10:40:54 | D |     - Calibrating transformer_blocks.2.ff_context.net.2.weight quantizer
25-12-28 10:40:54 | D |   - Calibrating weights: block transformer_blocks.3
25-12-28 10:40:54 | D |     - Calibrating transformer_blocks.3.norm1.linear.weight quantizer
25-12-28 10:40:54 | D |     - Calibrating transformer_blocks.3.norm1_context.linear.weight quantizer
25-12-28 10:40:55 | D |     - Calibrating transformer_blocks.3.attn.to_q.weight quantizer
25-12-28 10:40:55 | D |     - Calibrating transformer_blocks.3.attn.to_k.weight quantizer
25-12-28 10:40:55 | D |     - Calibrating transformer_blocks.3.attn.to_v.weight quantizer
25-12-28 10:40:56 | D |     - Calibrating transformer_blocks.3.attn.add_q_proj.weight quantizer
25-12-28 10:40:56 | D |     - Calibrating transformer_blocks.3.attn.add_k_proj.weight quantizer
25-12-28 10:40:56 | D |     - Calibrating transformer_blocks.3.attn.add_v_proj.weight quantizer
25-12-28 10:40:56 | D |     - Calibrating transformer_blocks.3.attn.to_out.0.weight quantizer
25-12-28 10:40:57 | D |     - Calibrating transformer_blocks.3.attn.to_add_out.weight quantizer
25-12-28 10:40:57 | D |     - Calibrating transformer_blocks.3.ff.net.0.proj.weight quantizer
25-12-28 10:40:57 | D |     - Calibrating transformer_blocks.3.ff.net.2.weight quantizer
25-12-28 10:40:57 | D |     - Calibrating transformer_blocks.3.ff_context.net.0.proj.weight quantizer
25-12-28 10:40:58 | D |     - Calibrating transformer_blocks.3.ff_context.net.2.weight quantizer
25-12-28 10:40:58 | D |   - Calibrating weights: block transformer_blocks.4
25-12-28 10:40:58 | D |     - Calibrating transformer_blocks.4.norm1.linear.weight quantizer
25-12-28 10:40:58 | D |     - Calibrating transformer_blocks.4.norm1_context.linear.weight quantizer
25-12-28 10:40:58 | D |     - Calibrating transformer_blocks.4.attn.to_q.weight quantizer
25-12-28 10:40:59 | D |     - Calibrating transformer_blocks.4.attn.to_k.weight quantizer
25-12-28 10:40:59 | D |     - Calibrating transformer_blocks.4.attn.to_v.weight quantizer
25-12-28 10:40:59 | D |     - Calibrating transformer_blocks.4.attn.add_q_proj.weight quantizer
25-12-28 10:40:59 | D |     - Calibrating transformer_blocks.4.attn.add_k_proj.weight quantizer
25-12-28 10:41:00 | D |     - Calibrating transformer_blocks.4.attn.add_v_proj.weight quantizer
25-12-28 10:41:00 | D |     - Calibrating transformer_blocks.4.attn.to_out.0.weight quantizer
25-12-28 10:41:00 | D |     - Calibrating transformer_blocks.4.attn.to_add_out.weight quantizer
25-12-28 10:41:00 | D |     - Calibrating transformer_blocks.4.ff.net.0.proj.weight quantizer
25-12-28 10:41:01 | D |     - Calibrating transformer_blocks.4.ff.net.2.weight quantizer
25-12-28 10:41:01 | D |     - Calibrating transformer_blocks.4.ff_context.net.0.proj.weight quantizer
25-12-28 10:41:01 | D |     - Calibrating transformer_blocks.4.ff_context.net.2.weight quantizer
25-12-28 10:41:01 | D |   - Calibrating weights: block transformer_blocks.5
25-12-28 10:41:01 | D |     - Calibrating transformer_blocks.5.norm1.linear.weight quantizer
25-12-28 10:41:02 | D |     - Calibrating transformer_blocks.5.norm1_context.linear.weight quantizer
25-12-28 10:41:02 | D |     - Calibrating transformer_blocks.5.attn.to_q.weight quantizer
25-12-28 10:41:02 | D |     - Calibrating transformer_blocks.5.attn.to_k.weight quantizer
25-12-28 10:41:02 | D |     - Calibrating transformer_blocks.5.attn.to_v.weight quantizer
25-12-28 10:41:03 | D |     - Calibrating transformer_blocks.5.attn.add_q_proj.weight quantizer
25-12-28 10:41:03 | D |     - Calibrating transformer_blocks.5.attn.add_k_proj.weight quantizer
25-12-28 10:41:03 | D |     - Calibrating transformer_blocks.5.attn.add_v_proj.weight quantizer
25-12-28 10:41:04 | D |     - Calibrating transformer_blocks.5.attn.to_out.0.weight quantizer
25-12-28 10:41:04 | D |     - Calibrating transformer_blocks.5.attn.to_add_out.weight quantizer
25-12-28 10:41:04 | D |     - Calibrating transformer_blocks.5.ff.net.0.proj.weight quantizer
25-12-28 10:41:05 | D |     - Calibrating transformer_blocks.5.ff.net.2.weight quantizer
25-12-28 10:41:05 | D |     - Calibrating transformer_blocks.5.ff_context.net.0.proj.weight quantizer
25-12-28 10:41:05 | D |     - Calibrating transformer_blocks.5.ff_context.net.2.weight quantizer
25-12-28 10:41:06 | D |   - Calibrating weights: block transformer_blocks.6
25-12-28 10:41:06 | D |     - Calibrating transformer_blocks.6.norm1.linear.weight quantizer
25-12-28 10:41:06 | D |     - Calibrating transformer_blocks.6.norm1_context.linear.weight quantizer
25-12-28 10:41:06 | D |     - Calibrating transformer_blocks.6.attn.to_q.weight quantizer
25-12-28 10:41:06 | D |     - Calibrating transformer_blocks.6.attn.to_k.weight quantizer
25-12-28 10:41:07 | D |     - Calibrating transformer_blocks.6.attn.to_v.weight quantizer
25-12-28 10:41:07 | D |     - Calibrating transformer_blocks.6.attn.add_q_proj.weight quantizer
25-12-28 10:41:07 | D |     - Calibrating transformer_blocks.6.attn.add_k_proj.weight quantizer
25-12-28 10:41:07 | D |     - Calibrating transformer_blocks.6.attn.add_v_proj.weight quantizer
25-12-28 10:41:08 | D |     - Calibrating transformer_blocks.6.attn.to_out.0.weight quantizer
25-12-28 10:41:08 | D |     - Calibrating transformer_blocks.6.attn.to_add_out.weight quantizer
25-12-28 10:41:08 | D |     - Calibrating transformer_blocks.6.ff.net.0.proj.weight quantizer
25-12-28 10:41:09 | D |     - Calibrating transformer_blocks.6.ff.net.2.weight quantizer
25-12-28 10:41:09 | D |     - Calibrating transformer_blocks.6.ff_context.net.0.proj.weight quantizer
25-12-28 10:41:09 | D |     - Calibrating transformer_blocks.6.ff_context.net.2.weight quantizer
25-12-28 10:41:09 | D |   - Calibrating weights: block transformer_blocks.7
25-12-28 10:41:09 | D |     - Calibrating transformer_blocks.7.norm1.linear.weight quantizer
25-12-28 10:41:10 | D |     - Calibrating transformer_blocks.7.norm1_context.linear.weight quantizer
25-12-28 10:41:10 | D |     - Calibrating transformer_blocks.7.attn.to_q.weight quantizer
25-12-28 10:41:10 | D |     - Calibrating transformer_blocks.7.attn.to_k.weight quantizer
25-12-28 10:41:11 | D |     - Calibrating transformer_blocks.7.attn.to_v.weight quantizer
25-12-28 10:41:11 | D |     - Calibrating transformer_blocks.7.attn.add_q_proj.weight quantizer
25-12-28 10:41:11 | D |     - Calibrating transformer_blocks.7.attn.add_k_proj.weight quantizer
25-12-28 10:41:12 | D |     - Calibrating transformer_blocks.7.attn.add_v_proj.weight quantizer
25-12-28 10:41:12 | D |     - Calibrating transformer_blocks.7.attn.to_out.0.weight quantizer
25-12-28 10:41:12 | D |     - Calibrating transformer_blocks.7.attn.to_add_out.weight quantizer
25-12-28 10:41:12 | D |     - Calibrating transformer_blocks.7.ff.net.0.proj.weight quantizer
25-12-28 10:41:13 | D |     - Calibrating transformer_blocks.7.ff.net.2.weight quantizer
25-12-28 10:41:13 | D |     - Calibrating transformer_blocks.7.ff_context.net.0.proj.weight quantizer
25-12-28 10:41:13 | D |     - Calibrating transformer_blocks.7.ff_context.net.2.weight quantizer
25-12-28 10:41:13 | D |   - Calibrating weights: block transformer_blocks.8
25-12-28 10:41:13 | D |     - Calibrating transformer_blocks.8.norm1.linear.weight quantizer
25-12-28 10:41:14 | D |     - Calibrating transformer_blocks.8.norm1_context.linear.weight quantizer
25-12-28 10:41:14 | D |     - Calibrating transformer_blocks.8.attn.to_q.weight quantizer
25-12-28 10:41:14 | D |     - Calibrating transformer_blocks.8.attn.to_k.weight quantizer
25-12-28 10:41:14 | D |     - Calibrating transformer_blocks.8.attn.to_v.weight quantizer
25-12-28 10:41:15 | D |     - Calibrating transformer_blocks.8.attn.add_q_proj.weight quantizer
25-12-28 10:41:15 | D |     - Calibrating transformer_blocks.8.attn.add_k_proj.weight quantizer
25-12-28 10:41:15 | D |     - Calibrating transformer_blocks.8.attn.add_v_proj.weight quantizer
25-12-28 10:41:15 | D |     - Calibrating transformer_blocks.8.attn.to_out.0.weight quantizer
25-12-28 10:41:16 | D |     - Calibrating transformer_blocks.8.attn.to_add_out.weight quantizer
25-12-28 10:41:16 | D |     - Calibrating transformer_blocks.8.ff.net.0.proj.weight quantizer
25-12-28 10:41:16 | D |     - Calibrating transformer_blocks.8.ff.net.2.weight quantizer
25-12-28 10:41:17 | D |     - Calibrating transformer_blocks.8.ff_context.net.0.proj.weight quantizer
25-12-28 10:41:17 | D |     - Calibrating transformer_blocks.8.ff_context.net.2.weight quantizer
25-12-28 10:41:17 | D |   - Calibrating weights: block transformer_blocks.9
25-12-28 10:41:17 | D |     - Calibrating transformer_blocks.9.norm1.linear.weight quantizer
25-12-28 10:41:17 | D |     - Calibrating transformer_blocks.9.norm1_context.linear.weight quantizer
25-12-28 10:41:18 | D |     - Calibrating transformer_blocks.9.attn.to_q.weight quantizer
25-12-28 10:41:18 | D |     - Calibrating transformer_blocks.9.attn.to_k.weight quantizer
25-12-28 10:41:18 | D |     - Calibrating transformer_blocks.9.attn.to_v.weight quantizer
25-12-28 10:41:18 | D |     - Calibrating transformer_blocks.9.attn.add_q_proj.weight quantizer
25-12-28 10:41:19 | D |     - Calibrating transformer_blocks.9.attn.add_k_proj.weight quantizer
25-12-28 10:41:19 | D |     - Calibrating transformer_blocks.9.attn.add_v_proj.weight quantizer
25-12-28 10:41:19 | D |     - Calibrating transformer_blocks.9.attn.to_out.0.weight quantizer
25-12-28 10:41:19 | D |     - Calibrating transformer_blocks.9.attn.to_add_out.weight quantizer
25-12-28 10:41:20 | D |     - Calibrating transformer_blocks.9.ff.net.0.proj.weight quantizer
25-12-28 10:41:20 | D |     - Calibrating transformer_blocks.9.ff.net.2.weight quantizer
25-12-28 10:41:20 | D |     - Calibrating transformer_blocks.9.ff_context.net.0.proj.weight quantizer
25-12-28 10:41:20 | D |     - Calibrating transformer_blocks.9.ff_context.net.2.weight quantizer
25-12-28 10:41:21 | D |   - Calibrating weights: block transformer_blocks.10
25-12-28 10:41:21 | D |     - Calibrating transformer_blocks.10.norm1.linear.weight quantizer
25-12-28 10:41:21 | D |     - Calibrating transformer_blocks.10.norm1_context.linear.weight quantizer
25-12-28 10:41:21 | D |     - Calibrating transformer_blocks.10.attn.to_q.weight quantizer
25-12-28 10:41:22 | D |     - Calibrating transformer_blocks.10.attn.to_k.weight quantizer
25-12-28 10:41:22 | D |     - Calibrating transformer_blocks.10.attn.to_v.weight quantizer
25-12-28 10:41:22 | D |     - Calibrating transformer_blocks.10.attn.add_q_proj.weight quantizer
25-12-28 10:41:22 | D |     - Calibrating transformer_blocks.10.attn.add_k_proj.weight quantizer
25-12-28 10:41:23 | D |     - Calibrating transformer_blocks.10.attn.add_v_proj.weight quantizer
25-12-28 10:41:23 | D |     - Calibrating transformer_blocks.10.attn.to_out.0.weight quantizer
25-12-28 10:41:23 | D |     - Calibrating transformer_blocks.10.attn.to_add_out.weight quantizer
25-12-28 10:41:23 | D |     - Calibrating transformer_blocks.10.ff.net.0.proj.weight quantizer
25-12-28 10:41:24 | D |     - Calibrating transformer_blocks.10.ff.net.2.weight quantizer
25-12-28 10:41:24 | D |     - Calibrating transformer_blocks.10.ff_context.net.0.proj.weight quantizer
25-12-28 10:41:24 | D |     - Calibrating transformer_blocks.10.ff_context.net.2.weight quantizer
25-12-28 10:41:24 | D |   - Calibrating weights: block transformer_blocks.11
25-12-28 10:41:24 | D |     - Calibrating transformer_blocks.11.norm1.linear.weight quantizer
25-12-28 10:41:25 | D |     - Calibrating transformer_blocks.11.norm1_context.linear.weight quantizer
25-12-28 10:41:25 | D |     - Calibrating transformer_blocks.11.attn.to_q.weight quantizer
25-12-28 10:41:25 | D |     - Calibrating transformer_blocks.11.attn.to_k.weight quantizer
25-12-28 10:41:25 | D |     - Calibrating transformer_blocks.11.attn.to_v.weight quantizer
25-12-28 10:41:26 | D |     - Calibrating transformer_blocks.11.attn.add_q_proj.weight quantizer
25-12-28 10:41:26 | D |     - Calibrating transformer_blocks.11.attn.add_k_proj.weight quantizer
25-12-28 10:41:26 | D |     - Calibrating transformer_blocks.11.attn.add_v_proj.weight quantizer
25-12-28 10:41:26 | D |     - Calibrating transformer_blocks.11.attn.to_out.0.weight quantizer
25-12-28 10:41:27 | D |     - Calibrating transformer_blocks.11.attn.to_add_out.weight quantizer
25-12-28 10:41:27 | D |     - Calibrating transformer_blocks.11.ff.net.0.proj.weight quantizer
25-12-28 10:41:27 | D |     - Calibrating transformer_blocks.11.ff.net.2.weight quantizer
25-12-28 10:41:27 | D |     - Calibrating transformer_blocks.11.ff_context.net.0.proj.weight quantizer
25-12-28 10:41:28 | D |     - Calibrating transformer_blocks.11.ff_context.net.2.weight quantizer
25-12-28 10:41:28 | D |   - Calibrating weights: block transformer_blocks.12
25-12-28 10:41:28 | D |     - Calibrating transformer_blocks.12.norm1.linear.weight quantizer
25-12-28 10:41:28 | D |     - Calibrating transformer_blocks.12.norm1_context.linear.weight quantizer
25-12-28 10:41:28 | D |     - Calibrating transformer_blocks.12.attn.to_q.weight quantizer
25-12-28 10:41:29 | D |     - Calibrating transformer_blocks.12.attn.to_k.weight quantizer
25-12-28 10:41:29 | D |     - Calibrating transformer_blocks.12.attn.to_v.weight quantizer
25-12-28 10:41:29 | D |     - Calibrating transformer_blocks.12.attn.add_q_proj.weight quantizer
25-12-28 10:41:29 | D |     - Calibrating transformer_blocks.12.attn.add_k_proj.weight quantizer
25-12-28 10:41:30 | D |     - Calibrating transformer_blocks.12.attn.add_v_proj.weight quantizer
25-12-28 10:41:30 | D |     - Calibrating transformer_blocks.12.attn.to_out.0.weight quantizer
25-12-28 10:41:30 | D |     - Calibrating transformer_blocks.12.attn.to_add_out.weight quantizer
25-12-28 10:41:30 | D |     - Calibrating transformer_blocks.12.ff.net.0.proj.weight quantizer
25-12-28 10:41:31 | D |     - Calibrating transformer_blocks.12.ff.net.2.weight quantizer
25-12-28 10:41:31 | D |     - Calibrating transformer_blocks.12.ff_context.net.0.proj.weight quantizer
25-12-28 10:41:31 | D |     - Calibrating transformer_blocks.12.ff_context.net.2.weight quantizer
25-12-28 10:41:31 | D |   - Calibrating weights: block transformer_blocks.13
25-12-28 10:41:31 | D |     - Calibrating transformer_blocks.13.norm1.linear.weight quantizer
25-12-28 10:41:32 | D |     - Calibrating transformer_blocks.13.norm1_context.linear.weight quantizer
25-12-28 10:41:32 | D |     - Calibrating transformer_blocks.13.attn.to_q.weight quantizer
25-12-28 10:41:32 | D |     - Calibrating transformer_blocks.13.attn.to_k.weight quantizer
25-12-28 10:41:32 | D |     - Calibrating transformer_blocks.13.attn.to_v.weight quantizer
25-12-28 10:41:33 | D |     - Calibrating transformer_blocks.13.attn.add_q_proj.weight quantizer
25-12-28 10:41:33 | D |     - Calibrating transformer_blocks.13.attn.add_k_proj.weight quantizer
25-12-28 10:41:33 | D |     - Calibrating transformer_blocks.13.attn.add_v_proj.weight quantizer
25-12-28 10:41:34 | D |     - Calibrating transformer_blocks.13.attn.to_out.0.weight quantizer
25-12-28 10:41:34 | D |     - Calibrating transformer_blocks.13.attn.to_add_out.weight quantizer
25-12-28 10:41:34 | D |     - Calibrating transformer_blocks.13.ff.net.0.proj.weight quantizer
25-12-28 10:41:35 | D |     - Calibrating transformer_blocks.13.ff.net.2.weight quantizer
25-12-28 10:41:35 | D |     - Calibrating transformer_blocks.13.ff_context.net.0.proj.weight quantizer
25-12-28 10:41:35 | D |     - Calibrating transformer_blocks.13.ff_context.net.2.weight quantizer
25-12-28 10:41:35 | D |   - Calibrating weights: block transformer_blocks.14
25-12-28 10:41:35 | D |     - Calibrating transformer_blocks.14.norm1.linear.weight quantizer
25-12-28 10:41:36 | D |     - Calibrating transformer_blocks.14.norm1_context.linear.weight quantizer
25-12-28 10:41:36 | D |     - Calibrating transformer_blocks.14.attn.to_q.weight quantizer
25-12-28 10:41:36 | D |     - Calibrating transformer_blocks.14.attn.to_k.weight quantizer
25-12-28 10:41:37 | D |     - Calibrating transformer_blocks.14.attn.to_v.weight quantizer
25-12-28 10:41:37 | D |     - Calibrating transformer_blocks.14.attn.add_q_proj.weight quantizer
25-12-28 10:41:37 | D |     - Calibrating transformer_blocks.14.attn.add_k_proj.weight quantizer
25-12-28 10:41:37 | D |     - Calibrating transformer_blocks.14.attn.add_v_proj.weight quantizer
25-12-28 10:41:38 | D |     - Calibrating transformer_blocks.14.attn.to_out.0.weight quantizer
25-12-28 10:41:38 | D |     - Calibrating transformer_blocks.14.attn.to_add_out.weight quantizer
25-12-28 10:41:38 | D |     - Calibrating transformer_blocks.14.ff.net.0.proj.weight quantizer
25-12-28 10:41:38 | D |     - Calibrating transformer_blocks.14.ff.net.2.weight quantizer
25-12-28 10:41:39 | D |     - Calibrating transformer_blocks.14.ff_context.net.0.proj.weight quantizer
25-12-28 10:41:39 | D |     - Calibrating transformer_blocks.14.ff_context.net.2.weight quantizer
25-12-28 10:41:39 | D |   - Calibrating weights: block transformer_blocks.15
25-12-28 10:41:39 | D |     - Calibrating transformer_blocks.15.norm1.linear.weight quantizer
25-12-28 10:41:39 | D |     - Calibrating transformer_blocks.15.norm1_context.linear.weight quantizer
25-12-28 10:41:40 | D |     - Calibrating transformer_blocks.15.attn.to_q.weight quantizer
25-12-28 10:41:40 | D |     - Calibrating transformer_blocks.15.attn.to_k.weight quantizer
25-12-28 10:41:40 | D |     - Calibrating transformer_blocks.15.attn.to_v.weight quantizer
25-12-28 10:41:41 | D |     - Calibrating transformer_blocks.15.attn.add_q_proj.weight quantizer
25-12-28 10:41:41 | D |     - Calibrating transformer_blocks.15.attn.add_k_proj.weight quantizer
25-12-28 10:41:41 | D |     - Calibrating transformer_blocks.15.attn.add_v_proj.weight quantizer
25-12-28 10:41:41 | D |     - Calibrating transformer_blocks.15.attn.to_out.0.weight quantizer
25-12-28 10:41:42 | D |     - Calibrating transformer_blocks.15.attn.to_add_out.weight quantizer
25-12-28 10:41:42 | D |     - Calibrating transformer_blocks.15.ff.net.0.proj.weight quantizer
25-12-28 10:41:42 | D |     - Calibrating transformer_blocks.15.ff.net.2.weight quantizer
25-12-28 10:41:42 | D |     - Calibrating transformer_blocks.15.ff_context.net.0.proj.weight quantizer
25-12-28 10:41:43 | D |     - Calibrating transformer_blocks.15.ff_context.net.2.weight quantizer
25-12-28 10:41:43 | D |   - Calibrating weights: block transformer_blocks.16
25-12-28 10:41:43 | D |     - Calibrating transformer_blocks.16.norm1.linear.weight quantizer
25-12-28 10:41:43 | D |     - Calibrating transformer_blocks.16.norm1_context.linear.weight quantizer
25-12-28 10:41:43 | D |     - Calibrating transformer_blocks.16.attn.to_q.weight quantizer
25-12-28 10:41:44 | D |     - Calibrating transformer_blocks.16.attn.to_k.weight quantizer
25-12-28 10:41:44 | D |     - Calibrating transformer_blocks.16.attn.to_v.weight quantizer
25-12-28 10:41:44 | D |     - Calibrating transformer_blocks.16.attn.add_q_proj.weight quantizer
25-12-28 10:41:44 | D |     - Calibrating transformer_blocks.16.attn.add_k_proj.weight quantizer
25-12-28 10:41:45 | D |     - Calibrating transformer_blocks.16.attn.add_v_proj.weight quantizer
25-12-28 10:41:45 | D |     - Calibrating transformer_blocks.16.attn.to_out.0.weight quantizer
25-12-28 10:41:45 | D |     - Calibrating transformer_blocks.16.attn.to_add_out.weight quantizer
25-12-28 10:41:46 | D |     - Calibrating transformer_blocks.16.ff.net.0.proj.weight quantizer
25-12-28 10:41:46 | D |     - Calibrating transformer_blocks.16.ff.net.2.weight quantizer
25-12-28 10:41:46 | D |     - Calibrating transformer_blocks.16.ff_context.net.0.proj.weight quantizer
25-12-28 10:41:47 | D |     - Calibrating transformer_blocks.16.ff_context.net.2.weight quantizer
25-12-28 10:41:47 | D |   - Calibrating weights: block transformer_blocks.17
25-12-28 10:41:47 | D |     - Calibrating transformer_blocks.17.norm1.linear.weight quantizer
25-12-28 10:41:47 | D |     - Calibrating transformer_blocks.17.norm1_context.linear.weight quantizer
25-12-28 10:41:47 | D |     - Calibrating transformer_blocks.17.attn.to_q.weight quantizer
25-12-28 10:41:48 | D |     - Calibrating transformer_blocks.17.attn.to_k.weight quantizer
25-12-28 10:41:48 | D |     - Calibrating transformer_blocks.17.attn.to_v.weight quantizer
25-12-28 10:41:48 | D |     - Calibrating transformer_blocks.17.attn.add_q_proj.weight quantizer
25-12-28 10:41:48 | D |     - Calibrating transformer_blocks.17.attn.add_k_proj.weight quantizer
25-12-28 10:41:49 | D |     - Calibrating transformer_blocks.17.attn.add_v_proj.weight quantizer
25-12-28 10:41:49 | D |     - Calibrating transformer_blocks.17.attn.to_out.0.weight quantizer
25-12-28 10:41:49 | D |     - Calibrating transformer_blocks.17.attn.to_add_out.weight quantizer
25-12-28 10:41:49 | D |     - Calibrating transformer_blocks.17.ff.net.0.proj.weight quantizer
25-12-28 10:41:50 | D |     - Calibrating transformer_blocks.17.ff.net.2.weight quantizer
25-12-28 10:41:50 | D |     - Calibrating transformer_blocks.17.ff_context.net.0.proj.weight quantizer
25-12-28 10:41:50 | D |     - Calibrating transformer_blocks.17.ff_context.net.2.weight quantizer
25-12-28 10:41:50 | D |   - Calibrating weights: block transformer_blocks.18
25-12-28 10:41:50 | D |     - Calibrating transformer_blocks.18.norm1.linear.weight quantizer
25-12-28 10:41:51 | D |     - Calibrating transformer_blocks.18.norm1_context.linear.weight quantizer
25-12-28 10:41:51 | D |     - Calibrating transformer_blocks.18.attn.to_q.weight quantizer
25-12-28 10:41:51 | D |     - Calibrating transformer_blocks.18.attn.to_k.weight quantizer
25-12-28 10:41:51 | D |     - Calibrating transformer_blocks.18.attn.to_v.weight quantizer
25-12-28 10:41:52 | D |     - Calibrating transformer_blocks.18.attn.add_q_proj.weight quantizer
25-12-28 10:41:52 | D |     - Calibrating transformer_blocks.18.attn.add_k_proj.weight quantizer
25-12-28 10:41:52 | D |     - Calibrating transformer_blocks.18.attn.add_v_proj.weight quantizer
25-12-28 10:41:52 | D |     - Calibrating transformer_blocks.18.attn.to_out.0.weight quantizer
25-12-28 10:41:53 | D |     - Calibrating transformer_blocks.18.attn.to_add_out.weight quantizer
25-12-28 10:41:53 | D |     - Calibrating transformer_blocks.18.ff.net.0.proj.weight quantizer
25-12-28 10:41:53 | D |     - Calibrating transformer_blocks.18.ff.net.2.weight quantizer
25-12-28 10:41:53 | D |     - Calibrating transformer_blocks.18.ff_context.net.0.proj.weight quantizer
25-12-28 10:41:54 | D |     - Calibrating transformer_blocks.18.ff_context.net.2.weight quantizer
25-12-28 10:41:54 | D |   - Calibrating weights: block single_transformer_blocks.0
25-12-28 10:41:54 | D |     - Calibrating single_transformer_blocks.0.norm.linear.weight quantizer
25-12-28 10:41:54 | D |     - Calibrating single_transformer_blocks.0.attn.to_q.weight quantizer
25-12-28 10:41:54 | D |     - Calibrating single_transformer_blocks.0.attn.to_k.weight quantizer
25-12-28 10:41:55 | D |     - Calibrating single_transformer_blocks.0.attn.to_v.weight quantizer
25-12-28 10:41:55 | D |     - Calibrating single_transformer_blocks.0.proj_out.linears.0.weight quantizer
25-12-28 10:41:55 | D |     - Calibrating single_transformer_blocks.0.proj_mlp.weight quantizer
25-12-28 10:41:55 | D |     - Calibrating single_transformer_blocks.0.proj_out.linears.1.weight quantizer
25-12-28 10:41:56 | D |   - Calibrating weights: block single_transformer_blocks.1
25-12-28 10:41:56 | D |     - Calibrating single_transformer_blocks.1.norm.linear.weight quantizer
25-12-28 10:41:56 | D |     - Calibrating single_transformer_blocks.1.attn.to_q.weight quantizer
25-12-28 10:41:56 | D |     - Calibrating single_transformer_blocks.1.attn.to_k.weight quantizer
25-12-28 10:41:57 | D |     - Calibrating single_transformer_blocks.1.attn.to_v.weight quantizer
25-12-28 10:41:57 | D |     - Calibrating single_transformer_blocks.1.proj_out.linears.0.weight quantizer
25-12-28 10:41:57 | D |     - Calibrating single_transformer_blocks.1.proj_mlp.weight quantizer
25-12-28 10:41:57 | D |     - Calibrating single_transformer_blocks.1.proj_out.linears.1.weight quantizer
25-12-28 10:41:58 | D |   - Calibrating weights: block single_transformer_blocks.2
25-12-28 10:41:58 | D |     - Calibrating single_transformer_blocks.2.norm.linear.weight quantizer
25-12-28 10:41:58 | D |     - Calibrating single_transformer_blocks.2.attn.to_q.weight quantizer
25-12-28 10:41:58 | D |     - Calibrating single_transformer_blocks.2.attn.to_k.weight quantizer
25-12-28 10:41:58 | D |     - Calibrating single_transformer_blocks.2.attn.to_v.weight quantizer
25-12-28 10:41:59 | D |     - Calibrating single_transformer_blocks.2.proj_out.linears.0.weight quantizer
25-12-28 10:41:59 | D |     - Calibrating single_transformer_blocks.2.proj_mlp.weight quantizer
25-12-28 10:41:59 | D |     - Calibrating single_transformer_blocks.2.proj_out.linears.1.weight quantizer
25-12-28 10:41:59 | D |   - Calibrating weights: block single_transformer_blocks.3
25-12-28 10:41:59 | D |     - Calibrating single_transformer_blocks.3.norm.linear.weight quantizer
25-12-28 10:42:00 | D |     - Calibrating single_transformer_blocks.3.attn.to_q.weight quantizer
25-12-28 10:42:00 | D |     - Calibrating single_transformer_blocks.3.attn.to_k.weight quantizer
25-12-28 10:42:00 | D |     - Calibrating single_transformer_blocks.3.attn.to_v.weight quantizer
25-12-28 10:42:00 | D |     - Calibrating single_transformer_blocks.3.proj_out.linears.0.weight quantizer
25-12-28 10:42:01 | D |     - Calibrating single_transformer_blocks.3.proj_mlp.weight quantizer
25-12-28 10:42:01 | D |     - Calibrating single_transformer_blocks.3.proj_out.linears.1.weight quantizer
25-12-28 10:42:01 | D |   - Calibrating weights: block single_transformer_blocks.4
25-12-28 10:42:01 | D |     - Calibrating single_transformer_blocks.4.norm.linear.weight quantizer
25-12-28 10:42:02 | D |     - Calibrating single_transformer_blocks.4.attn.to_q.weight quantizer
25-12-28 10:42:02 | D |     - Calibrating single_transformer_blocks.4.attn.to_k.weight quantizer
25-12-28 10:42:03 | D |     - Calibrating single_transformer_blocks.4.attn.to_v.weight quantizer
25-12-28 10:42:03 | D |     - Calibrating single_transformer_blocks.4.proj_out.linears.0.weight quantizer
25-12-28 10:42:03 | D |     - Calibrating single_transformer_blocks.4.proj_mlp.weight quantizer
25-12-28 10:42:03 | D |     - Calibrating single_transformer_blocks.4.proj_out.linears.1.weight quantizer
25-12-28 10:42:04 | D |   - Calibrating weights: block single_transformer_blocks.5
25-12-28 10:42:04 | D |     - Calibrating single_transformer_blocks.5.norm.linear.weight quantizer
25-12-28 10:42:04 | D |     - Calibrating single_transformer_blocks.5.attn.to_q.weight quantizer
25-12-28 10:42:04 | D |     - Calibrating single_transformer_blocks.5.attn.to_k.weight quantizer
25-12-28 10:42:04 | D |     - Calibrating single_transformer_blocks.5.attn.to_v.weight quantizer
25-12-28 10:42:05 | D |     - Calibrating single_transformer_blocks.5.proj_out.linears.0.weight quantizer
25-12-28 10:42:05 | D |     - Calibrating single_transformer_blocks.5.proj_mlp.weight quantizer
25-12-28 10:42:05 | D |     - Calibrating single_transformer_blocks.5.proj_out.linears.1.weight quantizer
25-12-28 10:42:06 | D |   - Calibrating weights: block single_transformer_blocks.6
25-12-28 10:42:06 | D |     - Calibrating single_transformer_blocks.6.norm.linear.weight quantizer
25-12-28 10:42:06 | D |     - Calibrating single_transformer_blocks.6.attn.to_q.weight quantizer
25-12-28 10:42:06 | D |     - Calibrating single_transformer_blocks.6.attn.to_k.weight quantizer
25-12-28 10:42:07 | D |     - Calibrating single_transformer_blocks.6.attn.to_v.weight quantizer
25-12-28 10:42:07 | D |     - Calibrating single_transformer_blocks.6.proj_out.linears.0.weight quantizer
25-12-28 10:42:07 | D |     - Calibrating single_transformer_blocks.6.proj_mlp.weight quantizer
25-12-28 10:42:07 | D |     - Calibrating single_transformer_blocks.6.proj_out.linears.1.weight quantizer
25-12-28 10:42:08 | D |   - Calibrating weights: block single_transformer_blocks.7
25-12-28 10:42:08 | D |     - Calibrating single_transformer_blocks.7.norm.linear.weight quantizer
25-12-28 10:42:08 | D |     - Calibrating single_transformer_blocks.7.attn.to_q.weight quantizer
25-12-28 10:42:08 | D |     - Calibrating single_transformer_blocks.7.attn.to_k.weight quantizer
25-12-28 10:42:09 | D |     - Calibrating single_transformer_blocks.7.attn.to_v.weight quantizer
25-12-28 10:42:09 | D |     - Calibrating single_transformer_blocks.7.proj_out.linears.0.weight quantizer
25-12-28 10:42:09 | D |     - Calibrating single_transformer_blocks.7.proj_mlp.weight quantizer
25-12-28 10:42:09 | D |     - Calibrating single_transformer_blocks.7.proj_out.linears.1.weight quantizer
25-12-28 10:42:10 | D |   - Calibrating weights: block single_transformer_blocks.8
25-12-28 10:42:10 | D |     - Calibrating single_transformer_blocks.8.norm.linear.weight quantizer
25-12-28 10:42:10 | D |     - Calibrating single_transformer_blocks.8.attn.to_q.weight quantizer
25-12-28 10:42:10 | D |     - Calibrating single_transformer_blocks.8.attn.to_k.weight quantizer
25-12-28 10:42:10 | D |     - Calibrating single_transformer_blocks.8.attn.to_v.weight quantizer
25-12-28 10:42:11 | D |     - Calibrating single_transformer_blocks.8.proj_out.linears.0.weight quantizer
25-12-28 10:42:11 | D |     - Calibrating single_transformer_blocks.8.proj_mlp.weight quantizer
25-12-28 10:42:11 | D |     - Calibrating single_transformer_blocks.8.proj_out.linears.1.weight quantizer
25-12-28 10:42:11 | D |   - Calibrating weights: block single_transformer_blocks.9
25-12-28 10:42:11 | D |     - Calibrating single_transformer_blocks.9.norm.linear.weight quantizer
25-12-28 10:42:12 | D |     - Calibrating single_transformer_blocks.9.attn.to_q.weight quantizer
25-12-28 10:42:12 | D |     - Calibrating single_transformer_blocks.9.attn.to_k.weight quantizer
25-12-28 10:42:12 | D |     - Calibrating single_transformer_blocks.9.attn.to_v.weight quantizer
25-12-28 10:42:12 | D |     - Calibrating single_transformer_blocks.9.proj_out.linears.0.weight quantizer
25-12-28 10:42:13 | D |     - Calibrating single_transformer_blocks.9.proj_mlp.weight quantizer
25-12-28 10:42:13 | D |     - Calibrating single_transformer_blocks.9.proj_out.linears.1.weight quantizer
25-12-28 10:42:13 | D |   - Calibrating weights: block single_transformer_blocks.10
25-12-28 10:42:13 | D |     - Calibrating single_transformer_blocks.10.norm.linear.weight quantizer
25-12-28 10:42:13 | D |     - Calibrating single_transformer_blocks.10.attn.to_q.weight quantizer
25-12-28 10:42:14 | D |     - Calibrating single_transformer_blocks.10.attn.to_k.weight quantizer
25-12-28 10:42:14 | D |     - Calibrating single_transformer_blocks.10.attn.to_v.weight quantizer
25-12-28 10:42:14 | D |     - Calibrating single_transformer_blocks.10.proj_out.linears.0.weight quantizer
25-12-28 10:42:14 | D |     - Calibrating single_transformer_blocks.10.proj_mlp.weight quantizer
25-12-28 10:42:15 | D |     - Calibrating single_transformer_blocks.10.proj_out.linears.1.weight quantizer
25-12-28 10:42:15 | D |   - Calibrating weights: block single_transformer_blocks.11
25-12-28 10:42:15 | D |     - Calibrating single_transformer_blocks.11.norm.linear.weight quantizer
25-12-28 10:42:15 | D |     - Calibrating single_transformer_blocks.11.attn.to_q.weight quantizer
25-12-28 10:42:16 | D |     - Calibrating single_transformer_blocks.11.attn.to_k.weight quantizer
25-12-28 10:42:16 | D |     - Calibrating single_transformer_blocks.11.attn.to_v.weight quantizer
25-12-28 10:42:16 | D |     - Calibrating single_transformer_blocks.11.proj_out.linears.0.weight quantizer
25-12-28 10:42:16 | D |     - Calibrating single_transformer_blocks.11.proj_mlp.weight quantizer
25-12-28 10:42:17 | D |     - Calibrating single_transformer_blocks.11.proj_out.linears.1.weight quantizer
25-12-28 10:42:17 | D |   - Calibrating weights: block single_transformer_blocks.12
25-12-28 10:42:17 | D |     - Calibrating single_transformer_blocks.12.norm.linear.weight quantizer
25-12-28 10:42:17 | D |     - Calibrating single_transformer_blocks.12.attn.to_q.weight quantizer
25-12-28 10:42:17 | D |     - Calibrating single_transformer_blocks.12.attn.to_k.weight quantizer
25-12-28 10:42:18 | D |     - Calibrating single_transformer_blocks.12.attn.to_v.weight quantizer
25-12-28 10:42:18 | D |     - Calibrating single_transformer_blocks.12.proj_out.linears.0.weight quantizer
25-12-28 10:42:18 | D |     - Calibrating single_transformer_blocks.12.proj_mlp.weight quantizer
25-12-28 10:42:18 | D |     - Calibrating single_transformer_blocks.12.proj_out.linears.1.weight quantizer
25-12-28 10:42:19 | D |   - Calibrating weights: block single_transformer_blocks.13
25-12-28 10:42:19 | D |     - Calibrating single_transformer_blocks.13.norm.linear.weight quantizer
25-12-28 10:42:19 | D |     - Calibrating single_transformer_blocks.13.attn.to_q.weight quantizer
25-12-28 10:42:19 | D |     - Calibrating single_transformer_blocks.13.attn.to_k.weight quantizer
25-12-28 10:42:20 | D |     - Calibrating single_transformer_blocks.13.attn.to_v.weight quantizer
25-12-28 10:42:20 | D |     - Calibrating single_transformer_blocks.13.proj_out.linears.0.weight quantizer
25-12-28 10:42:20 | D |     - Calibrating single_transformer_blocks.13.proj_mlp.weight quantizer
25-12-28 10:42:20 | D |     - Calibrating single_transformer_blocks.13.proj_out.linears.1.weight quantizer
25-12-28 10:42:21 | D |   - Calibrating weights: block single_transformer_blocks.14
25-12-28 10:42:21 | D |     - Calibrating single_transformer_blocks.14.norm.linear.weight quantizer
25-12-28 10:42:21 | D |     - Calibrating single_transformer_blocks.14.attn.to_q.weight quantizer
25-12-28 10:42:21 | D |     - Calibrating single_transformer_blocks.14.attn.to_k.weight quantizer
25-12-28 10:42:21 | D |     - Calibrating single_transformer_blocks.14.attn.to_v.weight quantizer
25-12-28 10:42:22 | D |     - Calibrating single_transformer_blocks.14.proj_out.linears.0.weight quantizer
25-12-28 10:42:22 | D |     - Calibrating single_transformer_blocks.14.proj_mlp.weight quantizer
25-12-28 10:42:22 | D |     - Calibrating single_transformer_blocks.14.proj_out.linears.1.weight quantizer
25-12-28 10:42:23 | D |   - Calibrating weights: block single_transformer_blocks.15
25-12-28 10:42:23 | D |     - Calibrating single_transformer_blocks.15.norm.linear.weight quantizer
25-12-28 10:42:23 | D |     - Calibrating single_transformer_blocks.15.attn.to_q.weight quantizer
25-12-28 10:42:23 | D |     - Calibrating single_transformer_blocks.15.attn.to_k.weight quantizer
25-12-28 10:42:24 | D |     - Calibrating single_transformer_blocks.15.attn.to_v.weight quantizer
25-12-28 10:42:24 | D |     - Calibrating single_transformer_blocks.15.proj_out.linears.0.weight quantizer
25-12-28 10:42:24 | D |     - Calibrating single_transformer_blocks.15.proj_mlp.weight quantizer
25-12-28 10:42:24 | D |     - Calibrating single_transformer_blocks.15.proj_out.linears.1.weight quantizer
25-12-28 10:42:25 | D |   - Calibrating weights: block single_transformer_blocks.16
25-12-28 10:42:25 | D |     - Calibrating single_transformer_blocks.16.norm.linear.weight quantizer
25-12-28 10:42:25 | D |     - Calibrating single_transformer_blocks.16.attn.to_q.weight quantizer
25-12-28 10:42:25 | D |     - Calibrating single_transformer_blocks.16.attn.to_k.weight quantizer
25-12-28 10:42:25 | D |     - Calibrating single_transformer_blocks.16.attn.to_v.weight quantizer
25-12-28 10:42:26 | D |     - Calibrating single_transformer_blocks.16.proj_out.linears.0.weight quantizer
25-12-28 10:42:26 | D |     - Calibrating single_transformer_blocks.16.proj_mlp.weight quantizer
25-12-28 10:42:26 | D |     - Calibrating single_transformer_blocks.16.proj_out.linears.1.weight quantizer
25-12-28 10:42:26 | D |   - Calibrating weights: block single_transformer_blocks.17
25-12-28 10:42:26 | D |     - Calibrating single_transformer_blocks.17.norm.linear.weight quantizer
25-12-28 10:42:27 | D |     - Calibrating single_transformer_blocks.17.attn.to_q.weight quantizer
25-12-28 10:42:27 | D |     - Calibrating single_transformer_blocks.17.attn.to_k.weight quantizer
25-12-28 10:42:27 | D |     - Calibrating single_transformer_blocks.17.attn.to_v.weight quantizer
25-12-28 10:42:28 | D |     - Calibrating single_transformer_blocks.17.proj_out.linears.0.weight quantizer
25-12-28 10:42:28 | D |     - Calibrating single_transformer_blocks.17.proj_mlp.weight quantizer
25-12-28 10:42:28 | D |     - Calibrating single_transformer_blocks.17.proj_out.linears.1.weight quantizer
25-12-28 10:42:28 | D |   - Calibrating weights: block single_transformer_blocks.18
25-12-28 10:42:28 | D |     - Calibrating single_transformer_blocks.18.norm.linear.weight quantizer
25-12-28 10:42:29 | D |     - Calibrating single_transformer_blocks.18.attn.to_q.weight quantizer
25-12-28 10:42:29 | D |     - Calibrating single_transformer_blocks.18.attn.to_k.weight quantizer
25-12-28 10:42:29 | D |     - Calibrating single_transformer_blocks.18.attn.to_v.weight quantizer
25-12-28 10:42:29 | D |     - Calibrating single_transformer_blocks.18.proj_out.linears.0.weight quantizer
25-12-28 10:42:30 | D |     - Calibrating single_transformer_blocks.18.proj_mlp.weight quantizer
25-12-28 10:42:30 | D |     - Calibrating single_transformer_blocks.18.proj_out.linears.1.weight quantizer
25-12-28 10:42:30 | D |   - Calibrating weights: block single_transformer_blocks.19
25-12-28 10:42:30 | D |     - Calibrating single_transformer_blocks.19.norm.linear.weight quantizer
25-12-28 10:42:30 | D |     - Calibrating single_transformer_blocks.19.attn.to_q.weight quantizer
25-12-28 10:42:31 | D |     - Calibrating single_transformer_blocks.19.attn.to_k.weight quantizer
25-12-28 10:42:31 | D |     - Calibrating single_transformer_blocks.19.attn.to_v.weight quantizer
25-12-28 10:42:31 | D |     - Calibrating single_transformer_blocks.19.proj_out.linears.0.weight quantizer
25-12-28 10:42:32 | D |     - Calibrating single_transformer_blocks.19.proj_mlp.weight quantizer
25-12-28 10:42:32 | D |     - Calibrating single_transformer_blocks.19.proj_out.linears.1.weight quantizer
25-12-28 10:42:32 | D |   - Calibrating weights: block single_transformer_blocks.20
25-12-28 10:42:32 | D |     - Calibrating single_transformer_blocks.20.norm.linear.weight quantizer
25-12-28 10:42:32 | D |     - Calibrating single_transformer_blocks.20.attn.to_q.weight quantizer
25-12-28 10:42:33 | D |     - Calibrating single_transformer_blocks.20.attn.to_k.weight quantizer
25-12-28 10:42:33 | D |     - Calibrating single_transformer_blocks.20.attn.to_v.weight quantizer
25-12-28 10:42:33 | D |     - Calibrating single_transformer_blocks.20.proj_out.linears.0.weight quantizer
25-12-28 10:42:33 | D |     - Calibrating single_transformer_blocks.20.proj_mlp.weight quantizer
25-12-28 10:42:34 | D |     - Calibrating single_transformer_blocks.20.proj_out.linears.1.weight quantizer
25-12-28 10:42:34 | D |   - Calibrating weights: block single_transformer_blocks.21
25-12-28 10:42:34 | D |     - Calibrating single_transformer_blocks.21.norm.linear.weight quantizer
25-12-28 10:42:34 | D |     - Calibrating single_transformer_blocks.21.attn.to_q.weight quantizer
25-12-28 10:42:34 | D |     - Calibrating single_transformer_blocks.21.attn.to_k.weight quantizer
25-12-28 10:42:35 | D |     - Calibrating single_transformer_blocks.21.attn.to_v.weight quantizer
25-12-28 10:42:35 | D |     - Calibrating single_transformer_blocks.21.proj_out.linears.0.weight quantizer
25-12-28 10:42:35 | D |     - Calibrating single_transformer_blocks.21.proj_mlp.weight quantizer
25-12-28 10:42:36 | D |     - Calibrating single_transformer_blocks.21.proj_out.linears.1.weight quantizer
25-12-28 10:42:36 | D |   - Calibrating weights: block single_transformer_blocks.22
25-12-28 10:42:36 | D |     - Calibrating single_transformer_blocks.22.norm.linear.weight quantizer
25-12-28 10:42:36 | D |     - Calibrating single_transformer_blocks.22.attn.to_q.weight quantizer
25-12-28 10:42:36 | D |     - Calibrating single_transformer_blocks.22.attn.to_k.weight quantizer
25-12-28 10:42:37 | D |     - Calibrating single_transformer_blocks.22.attn.to_v.weight quantizer
25-12-28 10:42:37 | D |     - Calibrating single_transformer_blocks.22.proj_out.linears.0.weight quantizer
25-12-28 10:42:37 | D |     - Calibrating single_transformer_blocks.22.proj_mlp.weight quantizer
25-12-28 10:42:37 | D |     - Calibrating single_transformer_blocks.22.proj_out.linears.1.weight quantizer
25-12-28 10:42:38 | D |   - Calibrating weights: block single_transformer_blocks.23
25-12-28 10:42:38 | D |     - Calibrating single_transformer_blocks.23.norm.linear.weight quantizer
25-12-28 10:42:38 | D |     - Calibrating single_transformer_blocks.23.attn.to_q.weight quantizer
25-12-28 10:42:38 | D |     - Calibrating single_transformer_blocks.23.attn.to_k.weight quantizer
25-12-28 10:42:39 | D |     - Calibrating single_transformer_blocks.23.attn.to_v.weight quantizer
25-12-28 10:42:39 | D |     - Calibrating single_transformer_blocks.23.proj_out.linears.0.weight quantizer
25-12-28 10:42:39 | D |     - Calibrating single_transformer_blocks.23.proj_mlp.weight quantizer
25-12-28 10:42:39 | D |     - Calibrating single_transformer_blocks.23.proj_out.linears.1.weight quantizer
25-12-28 10:42:40 | D |   - Calibrating weights: block single_transformer_blocks.24
25-12-28 10:42:40 | D |     - Calibrating single_transformer_blocks.24.norm.linear.weight quantizer
25-12-28 10:42:40 | D |     - Calibrating single_transformer_blocks.24.attn.to_q.weight quantizer
25-12-28 10:42:40 | D |     - Calibrating single_transformer_blocks.24.attn.to_k.weight quantizer
25-12-28 10:42:40 | D |     - Calibrating single_transformer_blocks.24.attn.to_v.weight quantizer
25-12-28 10:42:41 | D |     - Calibrating single_transformer_blocks.24.proj_out.linears.0.weight quantizer
25-12-28 10:42:41 | D |     - Calibrating single_transformer_blocks.24.proj_mlp.weight quantizer
25-12-28 10:42:41 | D |     - Calibrating single_transformer_blocks.24.proj_out.linears.1.weight quantizer
25-12-28 10:42:41 | D |   - Calibrating weights: block single_transformer_blocks.25
25-12-28 10:42:41 | D |     - Calibrating single_transformer_blocks.25.norm.linear.weight quantizer
25-12-28 10:42:42 | D |     - Calibrating single_transformer_blocks.25.attn.to_q.weight quantizer
25-12-28 10:42:42 | D |     - Calibrating single_transformer_blocks.25.attn.to_k.weight quantizer
25-12-28 10:42:42 | D |     - Calibrating single_transformer_blocks.25.attn.to_v.weight quantizer
25-12-28 10:42:43 | D |     - Calibrating single_transformer_blocks.25.proj_out.linears.0.weight quantizer
25-12-28 10:42:43 | D |     - Calibrating single_transformer_blocks.25.proj_mlp.weight quantizer
25-12-28 10:42:43 | D |     - Calibrating single_transformer_blocks.25.proj_out.linears.1.weight quantizer
25-12-28 10:42:43 | D |   - Calibrating weights: block single_transformer_blocks.26
25-12-28 10:42:43 | D |     - Calibrating single_transformer_blocks.26.norm.linear.weight quantizer
25-12-28 10:42:44 | D |     - Calibrating single_transformer_blocks.26.attn.to_q.weight quantizer
25-12-28 10:42:44 | D |     - Calibrating single_transformer_blocks.26.attn.to_k.weight quantizer
25-12-28 10:42:44 | D |     - Calibrating single_transformer_blocks.26.attn.to_v.weight quantizer
25-12-28 10:42:44 | D |     - Calibrating single_transformer_blocks.26.proj_out.linears.0.weight quantizer
25-12-28 10:42:45 | D |     - Calibrating single_transformer_blocks.26.proj_mlp.weight quantizer
25-12-28 10:42:45 | D |     - Calibrating single_transformer_blocks.26.proj_out.linears.1.weight quantizer
25-12-28 10:42:45 | D |   - Calibrating weights: block single_transformer_blocks.27
25-12-28 10:42:45 | D |     - Calibrating single_transformer_blocks.27.norm.linear.weight quantizer
25-12-28 10:42:45 | D |     - Calibrating single_transformer_blocks.27.attn.to_q.weight quantizer
25-12-28 10:42:46 | D |     - Calibrating single_transformer_blocks.27.attn.to_k.weight quantizer
25-12-28 10:42:46 | D |     - Calibrating single_transformer_blocks.27.attn.to_v.weight quantizer
25-12-28 10:42:46 | D |     - Calibrating single_transformer_blocks.27.proj_out.linears.0.weight quantizer
25-12-28 10:42:46 | D |     - Calibrating single_transformer_blocks.27.proj_mlp.weight quantizer
25-12-28 10:42:47 | D |     - Calibrating single_transformer_blocks.27.proj_out.linears.1.weight quantizer
25-12-28 10:42:47 | D |   - Calibrating weights: block single_transformer_blocks.28
25-12-28 10:42:47 | D |     - Calibrating single_transformer_blocks.28.norm.linear.weight quantizer
25-12-28 10:42:47 | D |     - Calibrating single_transformer_blocks.28.attn.to_q.weight quantizer
25-12-28 10:42:47 | D |     - Calibrating single_transformer_blocks.28.attn.to_k.weight quantizer
25-12-28 10:42:48 | D |     - Calibrating single_transformer_blocks.28.attn.to_v.weight quantizer
25-12-28 10:42:48 | D |     - Calibrating single_transformer_blocks.28.proj_out.linears.0.weight quantizer
25-12-28 10:42:48 | D |     - Calibrating single_transformer_blocks.28.proj_mlp.weight quantizer
25-12-28 10:42:48 | D |     - Calibrating single_transformer_blocks.28.proj_out.linears.1.weight quantizer
25-12-28 10:42:49 | D |   - Calibrating weights: block single_transformer_blocks.29
25-12-28 10:42:49 | D |     - Calibrating single_transformer_blocks.29.norm.linear.weight quantizer
25-12-28 10:42:49 | D |     - Calibrating single_transformer_blocks.29.attn.to_q.weight quantizer
25-12-28 10:42:49 | D |     - Calibrating single_transformer_blocks.29.attn.to_k.weight quantizer
25-12-28 10:42:49 | D |     - Calibrating single_transformer_blocks.29.attn.to_v.weight quantizer
25-12-28 10:42:50 | D |     - Calibrating single_transformer_blocks.29.proj_out.linears.0.weight quantizer
25-12-28 10:42:50 | D |     - Calibrating single_transformer_blocks.29.proj_mlp.weight quantizer
25-12-28 10:42:50 | D |     - Calibrating single_transformer_blocks.29.proj_out.linears.1.weight quantizer
25-12-28 10:42:50 | D |   - Calibrating weights: block single_transformer_blocks.30
25-12-28 10:42:50 | D |     - Calibrating single_transformer_blocks.30.norm.linear.weight quantizer
25-12-28 10:42:51 | D |     - Calibrating single_transformer_blocks.30.attn.to_q.weight quantizer
25-12-28 10:42:51 | D |     - Calibrating single_transformer_blocks.30.attn.to_k.weight quantizer
25-12-28 10:42:51 | D |     - Calibrating single_transformer_blocks.30.attn.to_v.weight quantizer
25-12-28 10:42:51 | D |     - Calibrating single_transformer_blocks.30.proj_out.linears.0.weight quantizer
25-12-28 10:42:52 | D |     - Calibrating single_transformer_blocks.30.proj_mlp.weight quantizer
25-12-28 10:42:52 | D |     - Calibrating single_transformer_blocks.30.proj_out.linears.1.weight quantizer
25-12-28 10:42:52 | D |   - Calibrating weights: block single_transformer_blocks.31
25-12-28 10:42:52 | D |     - Calibrating single_transformer_blocks.31.norm.linear.weight quantizer
25-12-28 10:42:53 | D |     - Calibrating single_transformer_blocks.31.attn.to_q.weight quantizer
25-12-28 10:42:53 | D |     - Calibrating single_transformer_blocks.31.attn.to_k.weight quantizer
25-12-28 10:42:53 | D |     - Calibrating single_transformer_blocks.31.attn.to_v.weight quantizer
25-12-28 10:42:53 | D |     - Calibrating single_transformer_blocks.31.proj_out.linears.0.weight quantizer
25-12-28 10:42:54 | D |     - Calibrating single_transformer_blocks.31.proj_mlp.weight quantizer
25-12-28 10:42:54 | D |     - Calibrating single_transformer_blocks.31.proj_out.linears.1.weight quantizer
25-12-28 10:42:54 | D |   - Calibrating weights: block single_transformer_blocks.32
25-12-28 10:42:54 | D |     - Calibrating single_transformer_blocks.32.norm.linear.weight quantizer
25-12-28 10:42:54 | D |     - Calibrating single_transformer_blocks.32.attn.to_q.weight quantizer
25-12-28 10:42:55 | D |     - Calibrating single_transformer_blocks.32.attn.to_k.weight quantizer
25-12-28 10:42:55 | D |     - Calibrating single_transformer_blocks.32.attn.to_v.weight quantizer
25-12-28 10:42:55 | D |     - Calibrating single_transformer_blocks.32.proj_out.linears.0.weight quantizer
25-12-28 10:42:55 | D |     - Calibrating single_transformer_blocks.32.proj_mlp.weight quantizer
25-12-28 10:42:56 | D |     - Calibrating single_transformer_blocks.32.proj_out.linears.1.weight quantizer
25-12-28 10:42:56 | D |   - Calibrating weights: block single_transformer_blocks.33
25-12-28 10:42:56 | D |     - Calibrating single_transformer_blocks.33.norm.linear.weight quantizer
25-12-28 10:42:56 | D |     - Calibrating single_transformer_blocks.33.attn.to_q.weight quantizer
25-12-28 10:42:56 | D |     - Calibrating single_transformer_blocks.33.attn.to_k.weight quantizer
25-12-28 10:42:57 | D |     - Calibrating single_transformer_blocks.33.attn.to_v.weight quantizer
25-12-28 10:42:57 | D |     - Calibrating single_transformer_blocks.33.proj_out.linears.0.weight quantizer
25-12-28 10:42:57 | D |     - Calibrating single_transformer_blocks.33.proj_mlp.weight quantizer
25-12-28 10:42:57 | D |     - Calibrating single_transformer_blocks.33.proj_out.linears.1.weight quantizer
25-12-28 10:42:58 | D |   - Calibrating weights: block single_transformer_blocks.34
25-12-28 10:42:58 | D |     - Calibrating single_transformer_blocks.34.norm.linear.weight quantizer
25-12-28 10:42:58 | D |     - Calibrating single_transformer_blocks.34.attn.to_q.weight quantizer
25-12-28 10:42:58 | D |     - Calibrating single_transformer_blocks.34.attn.to_k.weight quantizer
25-12-28 10:42:58 | D |     - Calibrating single_transformer_blocks.34.attn.to_v.weight quantizer
25-12-28 10:42:59 | D |     - Calibrating single_transformer_blocks.34.proj_out.linears.0.weight quantizer
25-12-28 10:42:59 | D |     - Calibrating single_transformer_blocks.34.proj_mlp.weight quantizer
25-12-28 10:42:59 | D |     - Calibrating single_transformer_blocks.34.proj_out.linears.1.weight quantizer
25-12-28 10:42:59 | D |   - Calibrating weights: block single_transformer_blocks.35
25-12-28 10:42:59 | D |     - Calibrating single_transformer_blocks.35.norm.linear.weight quantizer
25-12-28 10:43:00 | D |     - Calibrating single_transformer_blocks.35.attn.to_q.weight quantizer
25-12-28 10:43:00 | D |     - Calibrating single_transformer_blocks.35.attn.to_k.weight quantizer
25-12-28 10:43:00 | D |     - Calibrating single_transformer_blocks.35.attn.to_v.weight quantizer
25-12-28 10:43:01 | D |     - Calibrating single_transformer_blocks.35.proj_out.linears.0.weight quantizer
25-12-28 10:43:01 | D |     - Calibrating single_transformer_blocks.35.proj_mlp.weight quantizer
25-12-28 10:43:01 | D |     - Calibrating single_transformer_blocks.35.proj_out.linears.1.weight quantizer
25-12-28 10:43:01 | D |   - Calibrating weights: block single_transformer_blocks.36
25-12-28 10:43:01 | D |     - Calibrating single_transformer_blocks.36.norm.linear.weight quantizer
25-12-28 10:43:02 | D |     - Calibrating single_transformer_blocks.36.attn.to_q.weight quantizer
25-12-28 10:43:02 | D |     - Calibrating single_transformer_blocks.36.attn.to_k.weight quantizer
25-12-28 10:43:02 | D |     - Calibrating single_transformer_blocks.36.attn.to_v.weight quantizer
25-12-28 10:43:02 | D |     - Calibrating single_transformer_blocks.36.proj_out.linears.0.weight quantizer
25-12-28 10:43:03 | D |     - Calibrating single_transformer_blocks.36.proj_mlp.weight quantizer
25-12-28 10:43:03 | D |     - Calibrating single_transformer_blocks.36.proj_out.linears.1.weight quantizer
25-12-28 10:43:03 | D |   - Calibrating weights: block single_transformer_blocks.37
25-12-28 10:43:03 | D |     - Calibrating single_transformer_blocks.37.norm.linear.weight quantizer
25-12-28 10:43:03 | D |     - Calibrating single_transformer_blocks.37.attn.to_q.weight quantizer
25-12-28 10:43:04 | D |     - Calibrating single_transformer_blocks.37.attn.to_k.weight quantizer
25-12-28 10:43:04 | D |     - Calibrating single_transformer_blocks.37.attn.to_v.weight quantizer
25-12-28 10:43:04 | D |     - Calibrating single_transformer_blocks.37.proj_out.linears.0.weight quantizer
25-12-28 10:43:04 | D |     - Calibrating single_transformer_blocks.37.proj_mlp.weight quantizer
25-12-28 10:43:05 | D |     - Calibrating single_transformer_blocks.37.proj_out.linears.1.weight quantizer
25-12-28 10:43:05 | D |   - Quantizing weights: block transformer_blocks.0
25-12-28 10:43:05 | D |     - Quantizing transformer_blocks.0.norm1.linear.weight
25-12-28 10:43:05 | D |       + quant_dtype: sint4
25-12-28 10:43:05 | D |       + group_shape: ((1, 64, 1),)
25-12-28 10:43:05 | D |       + scale_dtype: (None,)
25-12-28 10:43:05 | D |     - Quantizing transformer_blocks.0.norm1_context.linear.weight
25-12-28 10:43:05 | D |       + quant_dtype: sint4
25-12-28 10:43:05 | D |       + group_shape: ((1, 64, 1),)
25-12-28 10:43:05 | D |       + scale_dtype: (None,)
25-12-28 10:43:06 | D |     - Quantizing transformer_blocks.0.attn.to_q.weight
25-12-28 10:43:06 | D |       + quant_dtype: sfp4_e2m1_all
25-12-28 10:43:06 | D |       + group_shape: ((-1, -1, -1), (1, 16, 1))
25-12-28 10:43:06 | D |       + scale_dtype: (None, sfp8_e4m3_nan)
25-12-28 10:43:06 | D |     - Quantizing transformer_blocks.0.attn.to_k.weight
25-12-28 10:43:06 | D |       + quant_dtype: sfp4_e2m1_all
25-12-28 10:43:06 | D |       + group_shape: ((-1, -1, -1), (1, 16, 1))
25-12-28 10:43:06 | D |       + scale_dtype: (None, sfp8_e4m3_nan)
25-12-28 10:43:07 | D |     - Quantizing transformer_blocks.0.attn.to_v.weight
25-12-28 10:43:07 | D |       + quant_dtype: sfp4_e2m1_all
25-12-28 10:43:07 | D |       + group_shape: ((-1, -1, -1), (1, 16, 1))
25-12-28 10:43:07 | D |       + scale_dtype: (None, sfp8_e4m3_nan)
25-12-28 10:43:07 | D |     - Quantizing transformer_blocks.0.attn.add_q_proj.weight
25-12-28 10:43:07 | D |       + quant_dtype: sfp4_e2m1_all
25-12-28 10:43:07 | D |       + group_shape: ((-1, -1, -1), (1, 16, 1))
25-12-28 10:43:07 | D |       + scale_dtype: (None, sfp8_e4m3_nan)
25-12-28 10:43:08 | D |     - Quantizing transformer_blocks.0.attn.add_k_proj.weight
25-12-28 10:43:08 | D |       + quant_dtype: sfp4_e2m1_all
25-12-28 10:43:08 | D |       + group_shape: ((-1, -1, -1), (1, 16, 1))
25-12-28 10:43:08 | D |       + scale_dtype: (None, sfp8_e4m3_nan)
25-12-28 10:43:08 | D |     - Quantizing transformer_blocks.0.attn.add_v_proj.weight
25-12-28 10:43:08 | D |       + quant_dtype: sfp4_e2m1_all
25-12-28 10:43:08 | D |       + group_shape: ((-1, -1, -1), (1, 16, 1))
25-12-28 10:43:08 | D |       + scale_dtype: (None, sfp8_e4m3_nan)
25-12-28 10:43:08 | D |     - Quantizing transformer_blocks.0.attn.to_out.0.weight
25-12-28 10:43:08 | D |       + quant_dtype: sfp4_e2m1_all
25-12-28 10:43:08 | D |       + group_shape: ((-1, -1, -1), (1, 16, 1))
25-12-28 10:43:08 | D |       + scale_dtype: (None, sfp8_e4m3_nan)
25-12-28 10:43:09 | D |     - Quantizing transformer_blocks.0.attn.to_add_out.weight
25-12-28 10:43:09 | D |       + quant_dtype: sfp4_e2m1_all
25-12-28 10:43:09 | D |       + group_shape: ((-1, -1, -1), (1, 16, 1))
25-12-28 10:43:09 | D |       + scale_dtype: (None, sfp8_e4m3_nan)
25-12-28 10:43:09 | D |     - Quantizing transformer_blocks.0.ff.net.0.proj.weight
25-12-28 10:43:09 | D |       + quant_dtype: sfp4_e2m1_all
25-12-28 10:43:09 | D |       + group_shape: ((-1, -1, -1), (1, 16, 1))
25-12-28 10:43:09 | D |       + scale_dtype: (None, sfp8_e4m3_nan)
25-12-28 10:43:09 | D |     - Quantizing transformer_blocks.0.ff.net.2.weight
25-12-28 10:43:09 | D |       + quant_dtype: sfp4_e2m1_all
25-12-28 10:43:09 | D |       + group_shape: ((-1, -1, -1), (1, 16, 1))
25-12-28 10:43:09 | D |       + scale_dtype: (None, sfp8_e4m3_nan)
25-12-28 10:43:10 | D |     - Quantizing transformer_blocks.0.ff_context.net.0.proj.weight
25-12-28 10:43:10 | D |       + quant_dtype: sfp4_e2m1_all
25-12-28 10:43:10 | D |       + group_shape: ((-1, -1, -1), (1, 16, 1))
25-12-28 10:43:10 | D |       + scale_dtype: (None, sfp8_e4m3_nan)
25-12-28 10:43:10 | D |     - Quantizing transformer_blocks.0.ff_context.net.2.weight
25-12-28 10:43:10 | D |       + quant_dtype: sfp4_e2m1_all
25-12-28 10:43:10 | D |       + group_shape: ((-1, -1, -1), (1, 16, 1))
25-12-28 10:43:10 | D |       + scale_dtype: (None, sfp8_e4m3_nan)
25-12-28 10:43:10 | D |   - Quantizing weights: block transformer_blocks.1
25-12-28 10:43:10 | D |     - Quantizing transformer_blocks.1.norm1.linear.weight
25-12-28 10:43:10 | D |       + quant_dtype: sint4
25-12-28 10:43:10 | D |       + group_shape: ((1, 64, 1),)
25-12-28 10:43:10 | D |       + scale_dtype: (None,)
25-12-28 10:43:11 | D |     - Quantizing transformer_blocks.1.norm1_context.linear.weight
25-12-28 10:43:11 | D |       + quant_dtype: sint4
25-12-28 10:43:11 | D |       + group_shape: ((1, 64, 1),)
25-12-28 10:43:11 | D |       + scale_dtype: (None,)
25-12-28 10:43:11 | D |     - Quantizing transformer_blocks.1.attn.to_q.weight
25-12-28 10:43:11 | D |       + quant_dtype: sfp4_e2m1_all
25-12-28 10:43:11 | D |       + group_shape: ((-1, -1, -1), (1, 16, 1))
25-12-28 10:43:11 | D |       + scale_dtype: (None, sfp8_e4m3_nan)
25-12-28 10:43:11 | D |     - Quantizing transformer_blocks.1.attn.to_k.weight
25-12-28 10:43:11 | D |       + quant_dtype: sfp4_e2m1_all
25-12-28 10:43:11 | D |       + group_shape: ((-1, -1, -1), (1, 16, 1))
25-12-28 10:43:11 | D |       + scale_dtype: (None, sfp8_e4m3_nan)
25-12-28 10:43:11 | D |     - Quantizing transformer_blocks.1.attn.to_v.weight
25-12-28 10:43:11 | D |       + quant_dtype: sfp4_e2m1_all
25-12-28 10:43:11 | D |       + group_shape: ((-1, -1, -1), (1, 16, 1))
25-12-28 10:43:11 | D |       + scale_dtype: (None, sfp8_e4m3_nan)
25-12-28 10:43:12 | D |     - Quantizing transformer_blocks.1.attn.add_q_proj.weight
25-12-28 10:43:12 | D |       + quant_dtype: sfp4_e2m1_all
25-12-28 10:43:12 | D |       + group_shape: ((-1, -1, -1), (1, 16, 1))
25-12-28 10:43:12 | D |       + scale_dtype: (None, sfp8_e4m3_nan)
25-12-28 10:43:12 | D |     - Quantizing transformer_blocks.1.attn.add_k_proj.weight
25-12-28 10:43:12 | D |       + quant_dtype: sfp4_e2m1_all
25-12-28 10:43:12 | D |       + group_shape: ((-1, -1, -1), (1, 16, 1))
25-12-28 10:43:12 | D |       + scale_dtype: (None, sfp8_e4m3_nan)
25-12-28 10:43:12 | D |     - Quantizing transformer_blocks.1.attn.add_v_proj.weight
25-12-28 10:43:12 | D |       + quant_dtype: sfp4_e2m1_all
25-12-28 10:43:12 | D |       + group_shape: ((-1, -1, -1), (1, 16, 1))
25-12-28 10:43:12 | D |       + scale_dtype: (None, sfp8_e4m3_nan)
25-12-28 10:43:13 | D |     - Quantizing transformer_blocks.1.attn.to_out.0.weight
25-12-28 10:43:13 | D |       + quant_dtype: sfp4_e2m1_all
25-12-28 10:43:13 | D |       + group_shape: ((-1, -1, -1), (1, 16, 1))
25-12-28 10:43:13 | D |       + scale_dtype: (None, sfp8_e4m3_nan)
25-12-28 10:43:13 | D |     - Quantizing transformer_blocks.1.attn.to_add_out.weight
25-12-28 10:43:13 | D |       + quant_dtype: sfp4_e2m1_all
25-12-28 10:43:13 | D |       + group_shape: ((-1, -1, -1), (1, 16, 1))
25-12-28 10:43:13 | D |       + scale_dtype: (None, sfp8_e4m3_nan)
25-12-28 10:43:13 | D |     - Quantizing transformer_blocks.1.ff.net.0.proj.weight
25-12-28 10:43:13 | D |       + quant_dtype: sfp4_e2m1_all
25-12-28 10:43:13 | D |       + group_shape: ((-1, -1, -1), (1, 16, 1))
25-12-28 10:43:13 | D |       + scale_dtype: (None, sfp8_e4m3_nan)
25-12-28 10:43:14 | D |     - Quantizing transformer_blocks.1.ff.net.2.weight
25-12-28 10:43:14 | D |       + quant_dtype: sfp4_e2m1_all
25-12-28 10:43:14 | D |       + group_shape: ((-1, -1, -1), (1, 16, 1))
25-12-28 10:43:14 | D |       + scale_dtype: (None, sfp8_e4m3_nan)
25-12-28 10:43:14 | D |     - Quantizing transformer_blocks.1.ff_context.net.0.proj.weight
25-12-28 10:43:14 | D |       + quant_dtype: sfp4_e2m1_all
25-12-28 10:43:14 | D |       + group_shape: ((-1, -1, -1), (1, 16, 1))
25-12-28 10:43:14 | D |       + scale_dtype: (None, sfp8_e4m3_nan)
25-12-28 10:43:15 | D |     - Quantizing transformer_blocks.1.ff_context.net.2.weight
25-12-28 10:43:15 | D |       + quant_dtype: sfp4_e2m1_all
25-12-28 10:43:15 | D |       + group_shape: ((-1, -1, -1), (1, 16, 1))
25-12-28 10:43:15 | D |       + scale_dtype: (None, sfp8_e4m3_nan)
25-12-28 10:43:15 | D |   - Quantizing weights: block transformer_blocks.2
25-12-28 10:43:15 | D |     - Quantizing transformer_blocks.2.norm1.linear.weight
25-12-28 10:43:15 | D |       + quant_dtype: sint4
25-12-28 10:43:15 | D |       + group_shape: ((1, 64, 1),)
25-12-28 10:43:15 | D |       + scale_dtype: (None,)
25-12-28 10:43:15 | D |     - Quantizing transformer_blocks.2.norm1_context.linear.weight
25-12-28 10:43:15 | D |       + quant_dtype: sint4
25-12-28 10:43:15 | D |       + group_shape: ((1, 64, 1),)
25-12-28 10:43:15 | D |       + scale_dtype: (None,)
25-12-28 10:43:16 | D |     - Quantizing transformer_blocks.2.attn.to_q.weight
25-12-28 10:43:16 | D |       + quant_dtype: sfp4_e2m1_all
25-12-28 10:43:16 | D |       + group_shape: ((-1, -1, -1), (1, 16, 1))
25-12-28 10:43:16 | D |       + scale_dtype: (None, sfp8_e4m3_nan)
25-12-28 10:43:16 | D |     - Quantizing transformer_blocks.2.attn.to_k.weight
25-12-28 10:43:16 | D |       + quant_dtype: sfp4_e2m1_all
25-12-28 10:43:16 | D |       + group_shape: ((-1, -1, -1), (1, 16, 1))
25-12-28 10:43:16 | D |       + scale_dtype: (None, sfp8_e4m3_nan)
25-12-28 10:43:16 | D |     - Quantizing transformer_blocks.2.attn.to_v.weight
25-12-28 10:43:16 | D |       + quant_dtype: sfp4_e2m1_all
25-12-28 10:43:16 | D |       + group_shape: ((-1, -1, -1), (1, 16, 1))
25-12-28 10:43:16 | D |       + scale_dtype: (None, sfp8_e4m3_nan)
25-12-28 10:43:17 | D |     - Quantizing transformer_blocks.2.attn.add_q_proj.weight
25-12-28 10:43:17 | D |       + quant_dtype: sfp4_e2m1_all
25-12-28 10:43:17 | D |       + group_shape: ((-1, -1, -1), (1, 16, 1))
25-12-28 10:43:17 | D |       + scale_dtype: (None, sfp8_e4m3_nan)
25-12-28 10:43:17 | D |     - Quantizing transformer_blocks.2.attn.add_k_proj.weight
25-12-28 10:43:17 | D |       + quant_dtype: sfp4_e2m1_all
25-12-28 10:43:17 | D |       + group_shape: ((-1, -1, -1), (1, 16, 1))
25-12-28 10:43:17 | D |       + scale_dtype: (None, sfp8_e4m3_nan)
25-12-28 10:43:17 | D |     - Quantizing transformer_blocks.2.attn.add_v_proj.weight
25-12-28 10:43:17 | D |       + quant_dtype: sfp4_e2m1_all
25-12-28 10:43:17 | D |       + group_shape: ((-1, -1, -1), (1, 16, 1))
25-12-28 10:43:17 | D |       + scale_dtype: (None, sfp8_e4m3_nan)
25-12-28 10:43:18 | D |     - Quantizing transformer_blocks.2.attn.to_out.0.weight
25-12-28 10:43:18 | D |       + quant_dtype: sfp4_e2m1_all
25-12-28 10:43:18 | D |       + group_shape: ((-1, -1, -1), (1, 16, 1))
25-12-28 10:43:18 | D |       + scale_dtype: (None, sfp8_e4m3_nan)
25-12-28 10:43:18 | D |     - Quantizing transformer_blocks.2.attn.to_add_out.weight
25-12-28 10:43:18 | D |       + quant_dtype: sfp4_e2m1_all
25-12-28 10:43:18 | D |       + group_shape: ((-1, -1, -1), (1, 16, 1))
25-12-28 10:43:18 | D |       + scale_dtype: (None, sfp8_e4m3_nan)
25-12-28 10:43:18 | D |     - Quantizing transformer_blocks.2.ff.net.0.proj.weight
25-12-28 10:43:18 | D |       + quant_dtype: sfp4_e2m1_all
25-12-28 10:43:18 | D |       + group_shape: ((-1, -1, -1), (1, 16, 1))
25-12-28 10:43:18 | D |       + scale_dtype: (None, sfp8_e4m3_nan)
25-12-28 10:43:19 | D |     - Quantizing transformer_blocks.2.ff.net.2.weight
25-12-28 10:43:19 | D |       + quant_dtype: sfp4_e2m1_all
25-12-28 10:43:19 | D |       + group_shape: ((-1, -1, -1), (1, 16, 1))
25-12-28 10:43:19 | D |       + scale_dtype: (None, sfp8_e4m3_nan)
25-12-28 10:43:19 | D |     - Quantizing transformer_blocks.2.ff_context.net.0.proj.weight
25-12-28 10:43:19 | D |       + quant_dtype: sfp4_e2m1_all
25-12-28 10:43:19 | D |       + group_shape: ((-1, -1, -1), (1, 16, 1))
25-12-28 10:43:19 | D |       + scale_dtype: (None, sfp8_e4m3_nan)
25-12-28 10:43:19 | D |     - Quantizing transformer_blocks.2.ff_context.net.2.weight
25-12-28 10:43:19 | D |       + quant_dtype: sfp4_e2m1_all
25-12-28 10:43:19 | D |       + group_shape: ((-1, -1, -1), (1, 16, 1))
25-12-28 10:43:19 | D |       + scale_dtype: (None, sfp8_e4m3_nan)
25-12-28 10:43:20 | D |   - Quantizing weights: block transformer_blocks.3
25-12-28 10:43:20 | D |     - Quantizing transformer_blocks.3.norm1.linear.weight
25-12-28 10:43:20 | D |       + quant_dtype: sint4
25-12-28 10:43:20 | D |       + group_shape: ((1, 64, 1),)
25-12-28 10:43:20 | D |       + scale_dtype: (None,)
25-12-28 10:43:20 | D |     - Quantizing transformer_blocks.3.norm1_context.linear.weight
25-12-28 10:43:20 | D |       + quant_dtype: sint4
25-12-28 10:43:20 | D |       + group_shape: ((1, 64, 1),)
25-12-28 10:43:20 | D |       + scale_dtype: (None,)
25-12-28 10:43:20 | D |     - Quantizing transformer_blocks.3.attn.to_q.weight
25-12-28 10:43:20 | D |       + quant_dtype: sfp4_e2m1_all
25-12-28 10:43:20 | D |       + group_shape: ((-1, -1, -1), (1, 16, 1))
25-12-28 10:43:20 | D |       + scale_dtype: (None, sfp8_e4m3_nan)
25-12-28 10:43:20 | D |     - Quantizing transformer_blocks.3.attn.to_k.weight
25-12-28 10:43:20 | D |       + quant_dtype: sfp4_e2m1_all
25-12-28 10:43:20 | D |       + group_shape: ((-1, -1, -1), (1, 16, 1))
25-12-28 10:43:20 | D |       + scale_dtype: (None, sfp8_e4m3_nan)
25-12-28 10:43:21 | D |     - Quantizing transformer_blocks.3.attn.to_v.weight
25-12-28 10:43:21 | D |       + quant_dtype: sfp4_e2m1_all
25-12-28 10:43:21 | D |       + group_shape: ((-1, -1, -1), (1, 16, 1))
25-12-28 10:43:21 | D |       + scale_dtype: (None, sfp8_e4m3_nan)
25-12-28 10:43:21 | D |     - Quantizing transformer_blocks.3.attn.add_q_proj.weight
25-12-28 10:43:21 | D |       + quant_dtype: sfp4_e2m1_all
25-12-28 10:43:21 | D |       + group_shape: ((-1, -1, -1), (1, 16, 1))
25-12-28 10:43:21 | D |       + scale_dtype: (None, sfp8_e4m3_nan)
25-12-28 10:43:22 | D |     - Quantizing transformer_blocks.3.attn.add_k_proj.weight
25-12-28 10:43:22 | D |       + quant_dtype: sfp4_e2m1_all
25-12-28 10:43:22 | D |       + group_shape: ((-1, -1, -1), (1, 16, 1))
25-12-28 10:43:22 | D |       + scale_dtype: (None, sfp8_e4m3_nan)
25-12-28 10:43:22 | D |     - Quantizing transformer_blocks.3.attn.add_v_proj.weight
25-12-28 10:43:22 | D |       + quant_dtype: sfp4_e2m1_all
25-12-28 10:43:22 | D |       + group_shape: ((-1, -1, -1), (1, 16, 1))
25-12-28 10:43:22 | D |       + scale_dtype: (None, sfp8_e4m3_nan)
25-12-28 10:43:22 | D |     - Quantizing transformer_blocks.3.attn.to_out.0.weight
25-12-28 10:43:22 | D |       + quant_dtype: sfp4_e2m1_all
25-12-28 10:43:22 | D |       + group_shape: ((-1, -1, -1), (1, 16, 1))
25-12-28 10:43:22 | D |       + scale_dtype: (None, sfp8_e4m3_nan)
25-12-28 10:43:22 | D |     - Quantizing transformer_blocks.3.attn.to_add_out.weight
25-12-28 10:43:23 | D |       + quant_dtype: sfp4_e2m1_all
25-12-28 10:43:23 | D |       + group_shape: ((-1, -1, -1), (1, 16, 1))
25-12-28 10:43:23 | D |       + scale_dtype: (None, sfp8_e4m3_nan)
25-12-28 10:43:23 | D |     - Quantizing transformer_blocks.3.ff.net.0.proj.weight
25-12-28 10:43:23 | D |       + quant_dtype: sfp4_e2m1_all
25-12-28 10:43:23 | D |       + group_shape: ((-1, -1, -1), (1, 16, 1))
25-12-28 10:43:23 | D |       + scale_dtype: (None, sfp8_e4m3_nan)
25-12-28 10:43:23 | D |     - Quantizing transformer_blocks.3.ff.net.2.weight
25-12-28 10:43:23 | D |       + quant_dtype: sfp4_e2m1_all
25-12-28 10:43:23 | D |       + group_shape: ((-1, -1, -1), (1, 16, 1))
25-12-28 10:43:23 | D |       + scale_dtype: (None, sfp8_e4m3_nan)
25-12-28 10:43:23 | D |     - Quantizing transformer_blocks.3.ff_context.net.0.proj.weight
25-12-28 10:43:23 | D |       + quant_dtype: sfp4_e2m1_all
25-12-28 10:43:23 | D |       + group_shape: ((-1, -1, -1), (1, 16, 1))
25-12-28 10:43:23 | D |       + scale_dtype: (None, sfp8_e4m3_nan)
25-12-28 10:43:24 | D |     - Quantizing transformer_blocks.3.ff_context.net.2.weight
25-12-28 10:43:24 | D |       + quant_dtype: sfp4_e2m1_all
25-12-28 10:43:24 | D |       + group_shape: ((-1, -1, -1), (1, 16, 1))
25-12-28 10:43:24 | D |       + scale_dtype: (None, sfp8_e4m3_nan)
25-12-28 10:43:24 | D |   - Quantizing weights: block transformer_blocks.4
25-12-28 10:43:24 | D |     - Quantizing transformer_blocks.4.norm1.linear.weight
25-12-28 10:43:24 | D |       + quant_dtype: sint4
25-12-28 10:43:24 | D |       + group_shape: ((1, 64, 1),)
25-12-28 10:43:24 | D |       + scale_dtype: (None,)
25-12-28 10:43:24 | D |     - Quantizing transformer_blocks.4.norm1_context.linear.weight
25-12-28 10:43:24 | D |       + quant_dtype: sint4
25-12-28 10:43:24 | D |       + group_shape: ((1, 64, 1),)
25-12-28 10:43:24 | D |       + scale_dtype: (None,)
25-12-28 10:43:25 | D |     - Quantizing transformer_blocks.4.attn.to_q.weight
25-12-28 10:43:25 | D |       + quant_dtype: sfp4_e2m1_all
25-12-28 10:43:25 | D |       + group_shape: ((-1, -1, -1), (1, 16, 1))
25-12-28 10:43:25 | D |       + scale_dtype: (None, sfp8_e4m3_nan)
25-12-28 10:43:25 | D |     - Quantizing transformer_blocks.4.attn.to_k.weight
25-12-28 10:43:25 | D |       + quant_dtype: sfp4_e2m1_all
25-12-28 10:43:25 | D |       + group_shape: ((-1, -1, -1), (1, 16, 1))
25-12-28 10:43:25 | D |       + scale_dtype: (None, sfp8_e4m3_nan)
25-12-28 10:43:25 | D |     - Quantizing transformer_blocks.4.attn.to_v.weight
25-12-28 10:43:25 | D |       + quant_dtype: sfp4_e2m1_all
25-12-28 10:43:25 | D |       + group_shape: ((-1, -1, -1), (1, 16, 1))
25-12-28 10:43:25 | D |       + scale_dtype: (None, sfp8_e4m3_nan)
25-12-28 10:43:26 | D |     - Quantizing transformer_blocks.4.attn.add_q_proj.weight
25-12-28 10:43:26 | D |       + quant_dtype: sfp4_e2m1_all
25-12-28 10:43:26 | D |       + group_shape: ((-1, -1, -1), (1, 16, 1))
25-12-28 10:43:26 | D |       + scale_dtype: (None, sfp8_e4m3_nan)
25-12-28 10:43:26 | D |     - Quantizing transformer_blocks.4.attn.add_k_proj.weight
25-12-28 10:43:26 | D |       + quant_dtype: sfp4_e2m1_all
25-12-28 10:43:26 | D |       + group_shape: ((-1, -1, -1), (1, 16, 1))
25-12-28 10:43:26 | D |       + scale_dtype: (None, sfp8_e4m3_nan)
25-12-28 10:43:26 | D |     - Quantizing transformer_blocks.4.attn.add_v_proj.weight
25-12-28 10:43:26 | D |       + quant_dtype: sfp4_e2m1_all
25-12-28 10:43:26 | D |       + group_shape: ((-1, -1, -1), (1, 16, 1))
25-12-28 10:43:26 | D |       + scale_dtype: (None, sfp8_e4m3_nan)
25-12-28 10:43:27 | D |     - Quantizing transformer_blocks.4.attn.to_out.0.weight
25-12-28 10:43:27 | D |       + quant_dtype: sfp4_e2m1_all
25-12-28 10:43:27 | D |       + group_shape: ((-1, -1, -1), (1, 16, 1))
25-12-28 10:43:27 | D |       + scale_dtype: (None, sfp8_e4m3_nan)
25-12-28 10:43:27 | D |     - Quantizing transformer_blocks.4.attn.to_add_out.weight
25-12-28 10:43:27 | D |       + quant_dtype: sfp4_e2m1_all
25-12-28 10:43:27 | D |       + group_shape: ((-1, -1, -1), (1, 16, 1))
25-12-28 10:43:27 | D |       + scale_dtype: (None, sfp8_e4m3_nan)
25-12-28 10:43:27 | D |     - Quantizing transformer_blocks.4.ff.net.0.proj.weight
25-12-28 10:43:27 | D |       + quant_dtype: sfp4_e2m1_all
25-12-28 10:43:27 | D |       + group_shape: ((-1, -1, -1), (1, 16, 1))
25-12-28 10:43:27 | D |       + scale_dtype: (None, sfp8_e4m3_nan)
25-12-28 10:43:28 | D |     - Quantizing transformer_blocks.4.ff.net.2.weight
25-12-28 10:43:28 | D |       + quant_dtype: sfp4_e2m1_all
25-12-28 10:43:28 | D |       + group_shape: ((-1, -1, -1), (1, 16, 1))
25-12-28 10:43:28 | D |       + scale_dtype: (None, sfp8_e4m3_nan)
25-12-28 10:43:28 | D |     - Quantizing transformer_blocks.4.ff_context.net.0.proj.weight
25-12-28 10:43:28 | D |       + quant_dtype: sfp4_e2m1_all
25-12-28 10:43:28 | D |       + group_shape: ((-1, -1, -1), (1, 16, 1))
25-12-28 10:43:28 | D |       + scale_dtype: (None, sfp8_e4m3_nan)
25-12-28 10:43:28 | D |     - Quantizing transformer_blocks.4.ff_context.net.2.weight
25-12-28 10:43:28 | D |       + quant_dtype: sfp4_e2m1_all
25-12-28 10:43:28 | D |       + group_shape: ((-1, -1, -1), (1, 16, 1))
25-12-28 10:43:28 | D |       + scale_dtype: (None, sfp8_e4m3_nan)
25-12-28 10:43:29 | D |   - Quantizing weights: block transformer_blocks.5
25-12-28 10:43:29 | D |     - Quantizing transformer_blocks.5.norm1.linear.weight
25-12-28 10:43:29 | D |       + quant_dtype: sint4
25-12-28 10:43:29 | D |       + group_shape: ((1, 64, 1),)
25-12-28 10:43:29 | D |       + scale_dtype: (None,)
25-12-28 10:43:29 | D |     - Quantizing transformer_blocks.5.norm1_context.linear.weight
25-12-28 10:43:29 | D |       + quant_dtype: sint4
25-12-28 10:43:29 | D |       + group_shape: ((1, 64, 1),)
25-12-28 10:43:29 | D |       + scale_dtype: (None,)
25-12-28 10:43:30 | D |     - Quantizing transformer_blocks.5.attn.to_q.weight
25-12-28 10:43:30 | D |       + quant_dtype: sfp4_e2m1_all
25-12-28 10:43:30 | D |       + group_shape: ((-1, -1, -1), (1, 16, 1))
25-12-28 10:43:30 | D |       + scale_dtype: (None, sfp8_e4m3_nan)
25-12-28 10:43:30 | D |     - Quantizing transformer_blocks.5.attn.to_k.weight
25-12-28 10:43:30 | D |       + quant_dtype: sfp4_e2m1_all
25-12-28 10:43:30 | D |       + group_shape: ((-1, -1, -1), (1, 16, 1))
25-12-28 10:43:30 | D |       + scale_dtype: (None, sfp8_e4m3_nan)
25-12-28 10:43:30 | D |     - Quantizing transformer_blocks.5.attn.to_v.weight
25-12-28 10:43:30 | D |       + quant_dtype: sfp4_e2m1_all
25-12-28 10:43:30 | D |       + group_shape: ((-1, -1, -1), (1, 16, 1))
25-12-28 10:43:30 | D |       + scale_dtype: (None, sfp8_e4m3_nan)
25-12-28 10:43:31 | D |     - Quantizing transformer_blocks.5.attn.add_q_proj.weight
25-12-28 10:43:31 | D |       + quant_dtype: sfp4_e2m1_all
25-12-28 10:43:31 | D |       + group_shape: ((-1, -1, -1), (1, 16, 1))
25-12-28 10:43:31 | D |       + scale_dtype: (None, sfp8_e4m3_nan)
25-12-28 10:43:31 | D |     - Quantizing transformer_blocks.5.attn.add_k_proj.weight
25-12-28 10:43:31 | D |       + quant_dtype: sfp4_e2m1_all
25-12-28 10:43:31 | D |       + group_shape: ((-1, -1, -1), (1, 16, 1))
25-12-28 10:43:31 | D |       + scale_dtype: (None, sfp8_e4m3_nan)
25-12-28 10:43:31 | D |     - Quantizing transformer_blocks.5.attn.add_v_proj.weight
25-12-28 10:43:31 | D |       + quant_dtype: sfp4_e2m1_all
25-12-28 10:43:31 | D |       + group_shape: ((-1, -1, -1), (1, 16, 1))
25-12-28 10:43:31 | D |       + scale_dtype: (None, sfp8_e4m3_nan)
25-12-28 10:43:32 | D |     - Quantizing transformer_blocks.5.attn.to_out.0.weight
25-12-28 10:43:32 | D |       + quant_dtype: sfp4_e2m1_all
25-12-28 10:43:32 | D |       + group_shape: ((-1, -1, -1), (1, 16, 1))
25-12-28 10:43:32 | D |       + scale_dtype: (None, sfp8_e4m3_nan)
25-12-28 10:43:32 | D |     - Quantizing transformer_blocks.5.attn.to_add_out.weight
25-12-28 10:43:32 | D |       + quant_dtype: sfp4_e2m1_all
25-12-28 10:43:32 | D |       + group_shape: ((-1, -1, -1), (1, 16, 1))
25-12-28 10:43:32 | D |       + scale_dtype: (None, sfp8_e4m3_nan)
25-12-28 10:43:32 | D |     - Quantizing transformer_blocks.5.ff.net.0.proj.weight
25-12-28 10:43:32 | D |       + quant_dtype: sfp4_e2m1_all
25-12-28 10:43:32 | D |       + group_shape: ((-1, -1, -1), (1, 16, 1))
25-12-28 10:43:32 | D |       + scale_dtype: (None, sfp8_e4m3_nan)
25-12-28 10:43:33 | D |     - Quantizing transformer_blocks.5.ff.net.2.weight
25-12-28 10:43:33 | D |       + quant_dtype: sfp4_e2m1_all
25-12-28 10:43:33 | D |       + group_shape: ((-1, -1, -1), (1, 16, 1))
25-12-28 10:43:33 | D |       + scale_dtype: (None, sfp8_e4m3_nan)
25-12-28 10:43:33 | D |     - Quantizing transformer_blocks.5.ff_context.net.0.proj.weight
25-12-28 10:43:33 | D |       + quant_dtype: sfp4_e2m1_all
25-12-28 10:43:33 | D |       + group_shape: ((-1, -1, -1), (1, 16, 1))
25-12-28 10:43:33 | D |       + scale_dtype: (None, sfp8_e4m3_nan)
25-12-28 10:43:33 | D |     - Quantizing transformer_blocks.5.ff_context.net.2.weight
25-12-28 10:43:33 | D |       + quant_dtype: sfp4_e2m1_all
25-12-28 10:43:33 | D |       + group_shape: ((-1, -1, -1), (1, 16, 1))
25-12-28 10:43:33 | D |       + scale_dtype: (None, sfp8_e4m3_nan)
25-12-28 10:43:33 | D |   - Quantizing weights: block transformer_blocks.6
25-12-28 10:43:33 | D |     - Quantizing transformer_blocks.6.norm1.linear.weight
25-12-28 10:43:33 | D |       + quant_dtype: sint4
25-12-28 10:43:33 | D |       + group_shape: ((1, 64, 1),)
25-12-28 10:43:33 | D |       + scale_dtype: (None,)
25-12-28 10:43:34 | D |     - Quantizing transformer_blocks.6.norm1_context.linear.weight
25-12-28 10:43:34 | D |       + quant_dtype: sint4
25-12-28 10:43:34 | D |       + group_shape: ((1, 64, 1),)
25-12-28 10:43:34 | D |       + scale_dtype: (None,)
25-12-28 10:43:34 | D |     - Quantizing transformer_blocks.6.attn.to_q.weight
25-12-28 10:43:34 | D |       + quant_dtype: sfp4_e2m1_all
25-12-28 10:43:34 | D |       + group_shape: ((-1, -1, -1), (1, 16, 1))
25-12-28 10:43:34 | D |       + scale_dtype: (None, sfp8_e4m3_nan)
25-12-28 10:43:34 | D |     - Quantizing transformer_blocks.6.attn.to_k.weight
25-12-28 10:43:34 | D |       + quant_dtype: sfp4_e2m1_all
25-12-28 10:43:34 | D |       + group_shape: ((-1, -1, -1), (1, 16, 1))
25-12-28 10:43:34 | D |       + scale_dtype: (None, sfp8_e4m3_nan)
25-12-28 10:43:35 | D |     - Quantizing transformer_blocks.6.attn.to_v.weight
25-12-28 10:43:35 | D |       + quant_dtype: sfp4_e2m1_all
25-12-28 10:43:35 | D |       + group_shape: ((-1, -1, -1), (1, 16, 1))
25-12-28 10:43:35 | D |       + scale_dtype: (None, sfp8_e4m3_nan)
25-12-28 10:43:35 | D |     - Quantizing transformer_blocks.6.attn.add_q_proj.weight
25-12-28 10:43:35 | D |       + quant_dtype: sfp4_e2m1_all
25-12-28 10:43:35 | D |       + group_shape: ((-1, -1, -1), (1, 16, 1))
25-12-28 10:43:35 | D |       + scale_dtype: (None, sfp8_e4m3_nan)
25-12-28 10:43:35 | D |     - Quantizing transformer_blocks.6.attn.add_k_proj.weight
25-12-28 10:43:35 | D |       + quant_dtype: sfp4_e2m1_all
25-12-28 10:43:35 | D |       + group_shape: ((-1, -1, -1), (1, 16, 1))
25-12-28 10:43:35 | D |       + scale_dtype: (None, sfp8_e4m3_nan)
25-12-28 10:43:35 | D |     - Quantizing transformer_blocks.6.attn.add_v_proj.weight
25-12-28 10:43:35 | D |       + quant_dtype: sfp4_e2m1_all
25-12-28 10:43:35 | D |       + group_shape: ((-1, -1, -1), (1, 16, 1))
25-12-28 10:43:35 | D |       + scale_dtype: (None, sfp8_e4m3_nan)
25-12-28 10:43:36 | D |     - Quantizing transformer_blocks.6.attn.to_out.0.weight
25-12-28 10:43:36 | D |       + quant_dtype: sfp4_e2m1_all
25-12-28 10:43:36 | D |       + group_shape: ((-1, -1, -1), (1, 16, 1))
25-12-28 10:43:36 | D |       + scale_dtype: (None, sfp8_e4m3_nan)
25-12-28 10:43:36 | D |     - Quantizing transformer_blocks.6.attn.to_add_out.weight
25-12-28 10:43:36 | D |       + quant_dtype: sfp4_e2m1_all
25-12-28 10:43:36 | D |       + group_shape: ((-1, -1, -1), (1, 16, 1))
25-12-28 10:43:36 | D |       + scale_dtype: (None, sfp8_e4m3_nan)
25-12-28 10:43:36 | D |     - Quantizing transformer_blocks.6.ff.net.0.proj.weight
25-12-28 10:43:36 | D |       + quant_dtype: sfp4_e2m1_all
25-12-28 10:43:36 | D |       + group_shape: ((-1, -1, -1), (1, 16, 1))
25-12-28 10:43:36 | D |       + scale_dtype: (None, sfp8_e4m3_nan)
25-12-28 10:43:37 | D |     - Quantizing transformer_blocks.6.ff.net.2.weight
25-12-28 10:43:37 | D |       + quant_dtype: sfp4_e2m1_all
25-12-28 10:43:37 | D |       + group_shape: ((-1, -1, -1), (1, 16, 1))
25-12-28 10:43:37 | D |       + scale_dtype: (None, sfp8_e4m3_nan)
25-12-28 10:43:37 | D |     - Quantizing transformer_blocks.6.ff_context.net.0.proj.weight
25-12-28 10:43:37 | D |       + quant_dtype: sfp4_e2m1_all
25-12-28 10:43:37 | D |       + group_shape: ((-1, -1, -1), (1, 16, 1))
25-12-28 10:43:37 | D |       + scale_dtype: (None, sfp8_e4m3_nan)
25-12-28 10:43:37 | D |     - Quantizing transformer_blocks.6.ff_context.net.2.weight
25-12-28 10:43:37 | D |       + quant_dtype: sfp4_e2m1_all
25-12-28 10:43:37 | D |       + group_shape: ((-1, -1, -1), (1, 16, 1))
25-12-28 10:43:37 | D |       + scale_dtype: (None, sfp8_e4m3_nan)
25-12-28 10:43:37 | D |   - Quantizing weights: block transformer_blocks.7
25-12-28 10:43:37 | D |     - Quantizing transformer_blocks.7.norm1.linear.weight
25-12-28 10:43:37 | D |       + quant_dtype: sint4
25-12-28 10:43:37 | D |       + group_shape: ((1, 64, 1),)
25-12-28 10:43:37 | D |       + scale_dtype: (None,)
25-12-28 10:43:38 | D |     - Quantizing transformer_blocks.7.norm1_context.linear.weight
25-12-28 10:43:38 | D |       + quant_dtype: sint4
25-12-28 10:43:38 | D |       + group_shape: ((1, 64, 1),)
25-12-28 10:43:38 | D |       + scale_dtype: (None,)
25-12-28 10:43:38 | D |     - Quantizing transformer_blocks.7.attn.to_q.weight
25-12-28 10:43:38 | D |       + quant_dtype: sfp4_e2m1_all
25-12-28 10:43:38 | D |       + group_shape: ((-1, -1, -1), (1, 16, 1))
25-12-28 10:43:38 | D |       + scale_dtype: (None, sfp8_e4m3_nan)
25-12-28 10:43:38 | D |     - Quantizing transformer_blocks.7.attn.to_k.weight
25-12-28 10:43:38 | D |       + quant_dtype: sfp4_e2m1_all
25-12-28 10:43:38 | D |       + group_shape: ((-1, -1, -1), (1, 16, 1))
25-12-28 10:43:38 | D |       + scale_dtype: (None, sfp8_e4m3_nan)
25-12-28 10:43:39 | D |     - Quantizing transformer_blocks.7.attn.to_v.weight
25-12-28 10:43:39 | D |       + quant_dtype: sfp4_e2m1_all
25-12-28 10:43:39 | D |       + group_shape: ((-1, -1, -1), (1, 16, 1))
25-12-28 10:43:39 | D |       + scale_dtype: (None, sfp8_e4m3_nan)
25-12-28 10:43:39 | D |     - Quantizing transformer_blocks.7.attn.add_q_proj.weight
25-12-28 10:43:39 | D |       + quant_dtype: sfp4_e2m1_all
25-12-28 10:43:39 | D |       + group_shape: ((-1, -1, -1), (1, 16, 1))
25-12-28 10:43:39 | D |       + scale_dtype: (None, sfp8_e4m3_nan)
25-12-28 10:43:39 | D |     - Quantizing transformer_blocks.7.attn.add_k_proj.weight
25-12-28 10:43:39 | D |       + quant_dtype: sfp4_e2m1_all
25-12-28 10:43:39 | D |       + group_shape: ((-1, -1, -1), (1, 16, 1))
25-12-28 10:43:39 | D |       + scale_dtype: (None, sfp8_e4m3_nan)
25-12-28 10:43:40 | D |     - Quantizing transformer_blocks.7.attn.add_v_proj.weight
25-12-28 10:43:40 | D |       + quant_dtype: sfp4_e2m1_all
25-12-28 10:43:40 | D |       + group_shape: ((-1, -1, -1), (1, 16, 1))
25-12-28 10:43:40 | D |       + scale_dtype: (None, sfp8_e4m3_nan)
25-12-28 10:43:40 | D |     - Quantizing transformer_blocks.7.attn.to_out.0.weight
25-12-28 10:43:40 | D |       + quant_dtype: sfp4_e2m1_all
25-12-28 10:43:40 | D |       + group_shape: ((-1, -1, -1), (1, 16, 1))
25-12-28 10:43:40 | D |       + scale_dtype: (None, sfp8_e4m3_nan)
25-12-28 10:43:40 | D |     - Quantizing transformer_blocks.7.attn.to_add_out.weight
25-12-28 10:43:40 | D |       + quant_dtype: sfp4_e2m1_all
25-12-28 10:43:40 | D |       + group_shape: ((-1, -1, -1), (1, 16, 1))
25-12-28 10:43:40 | D |       + scale_dtype: (None, sfp8_e4m3_nan)
25-12-28 10:43:41 | D |     - Quantizing transformer_blocks.7.ff.net.0.proj.weight
25-12-28 10:43:41 | D |       + quant_dtype: sfp4_e2m1_all
25-12-28 10:43:41 | D |       + group_shape: ((-1, -1, -1), (1, 16, 1))
25-12-28 10:43:41 | D |       + scale_dtype: (None, sfp8_e4m3_nan)
25-12-28 10:43:41 | D |     - Quantizing transformer_blocks.7.ff.net.2.weight
25-12-28 10:43:41 | D |       + quant_dtype: sfp4_e2m1_all
25-12-28 10:43:41 | D |       + group_shape: ((-1, -1, -1), (1, 16, 1))
25-12-28 10:43:41 | D |       + scale_dtype: (None, sfp8_e4m3_nan)
25-12-28 10:43:41 | D |     - Quantizing transformer_blocks.7.ff_context.net.0.proj.weight
25-12-28 10:43:41 | D |       + quant_dtype: sfp4_e2m1_all
25-12-28 10:43:41 | D |       + group_shape: ((-1, -1, -1), (1, 16, 1))
25-12-28 10:43:41 | D |       + scale_dtype: (None, sfp8_e4m3_nan)
25-12-28 10:43:42 | D |     - Quantizing transformer_blocks.7.ff_context.net.2.weight
25-12-28 10:43:42 | D |       + quant_dtype: sfp4_e2m1_all
25-12-28 10:43:42 | D |       + group_shape: ((-1, -1, -1), (1, 16, 1))
25-12-28 10:43:42 | D |       + scale_dtype: (None, sfp8_e4m3_nan)
25-12-28 10:43:42 | D |   - Quantizing weights: block transformer_blocks.8
25-12-28 10:43:42 | D |     - Quantizing transformer_blocks.8.norm1.linear.weight
25-12-28 10:43:42 | D |       + quant_dtype: sint4
25-12-28 10:43:42 | D |       + group_shape: ((1, 64, 1),)
25-12-28 10:43:42 | D |       + scale_dtype: (None,)
25-12-28 10:43:42 | D |     - Quantizing transformer_blocks.8.norm1_context.linear.weight
25-12-28 10:43:42 | D |       + quant_dtype: sint4
25-12-28 10:43:42 | D |       + group_shape: ((1, 64, 1),)
25-12-28 10:43:42 | D |       + scale_dtype: (None,)
25-12-28 10:43:43 | D |     - Quantizing transformer_blocks.8.attn.to_q.weight
25-12-28 10:43:43 | D |       + quant_dtype: sfp4_e2m1_all
25-12-28 10:43:43 | D |       + group_shape: ((-1, -1, -1), (1, 16, 1))
25-12-28 10:43:43 | D |       + scale_dtype: (None, sfp8_e4m3_nan)
25-12-28 10:43:43 | D |     - Quantizing transformer_blocks.8.attn.to_k.weight
25-12-28 10:43:43 | D |       + quant_dtype: sfp4_e2m1_all
25-12-28 10:43:43 | D |       + group_shape: ((-1, -1, -1), (1, 16, 1))
25-12-28 10:43:43 | D |       + scale_dtype: (None, sfp8_e4m3_nan)
25-12-28 10:43:43 | D |     - Quantizing transformer_blocks.8.attn.to_v.weight
25-12-28 10:43:43 | D |       + quant_dtype: sfp4_e2m1_all
25-12-28 10:43:43 | D |       + group_shape: ((-1, -1, -1), (1, 16, 1))
25-12-28 10:43:43 | D |       + scale_dtype: (None, sfp8_e4m3_nan)
25-12-28 10:43:44 | D |     - Quantizing transformer_blocks.8.attn.add_q_proj.weight
25-12-28 10:43:44 | D |       + quant_dtype: sfp4_e2m1_all
25-12-28 10:43:44 | D |       + group_shape: ((-1, -1, -1), (1, 16, 1))
25-12-28 10:43:44 | D |       + scale_dtype: (None, sfp8_e4m3_nan)
25-12-28 10:43:44 | D |     - Quantizing transformer_blocks.8.attn.add_k_proj.weight
25-12-28 10:43:44 | D |       + quant_dtype: sfp4_e2m1_all
25-12-28 10:43:44 | D |       + group_shape: ((-1, -1, -1), (1, 16, 1))
25-12-28 10:43:44 | D |       + scale_dtype: (None, sfp8_e4m3_nan)
25-12-28 10:43:44 | D |     - Quantizing transformer_blocks.8.attn.add_v_proj.weight
25-12-28 10:43:44 | D |       + quant_dtype: sfp4_e2m1_all
25-12-28 10:43:44 | D |       + group_shape: ((-1, -1, -1), (1, 16, 1))
25-12-28 10:43:44 | D |       + scale_dtype: (None, sfp8_e4m3_nan)
25-12-28 10:43:44 | D |     - Quantizing transformer_blocks.8.attn.to_out.0.weight
25-12-28 10:43:44 | D |       + quant_dtype: sfp4_e2m1_all
25-12-28 10:43:44 | D |       + group_shape: ((-1, -1, -1), (1, 16, 1))
25-12-28 10:43:44 | D |       + scale_dtype: (None, sfp8_e4m3_nan)
25-12-28 10:43:45 | D |     - Quantizing transformer_blocks.8.attn.to_add_out.weight
25-12-28 10:43:45 | D |       + quant_dtype: sfp4_e2m1_all
25-12-28 10:43:45 | D |       + group_shape: ((-1, -1, -1), (1, 16, 1))
25-12-28 10:43:45 | D |       + scale_dtype: (None, sfp8_e4m3_nan)
25-12-28 10:43:45 | D |     - Quantizing transformer_blocks.8.ff.net.0.proj.weight
25-12-28 10:43:45 | D |       + quant_dtype: sfp4_e2m1_all
25-12-28 10:43:45 | D |       + group_shape: ((-1, -1, -1), (1, 16, 1))
25-12-28 10:43:45 | D |       + scale_dtype: (None, sfp8_e4m3_nan)
25-12-28 10:43:45 | D |     - Quantizing transformer_blocks.8.ff.net.2.weight
25-12-28 10:43:45 | D |       + quant_dtype: sfp4_e2m1_all
25-12-28 10:43:45 | D |       + group_shape: ((-1, -1, -1), (1, 16, 1))
25-12-28 10:43:45 | D |       + scale_dtype: (None, sfp8_e4m3_nan)
25-12-28 10:43:46 | D |     - Quantizing transformer_blocks.8.ff_context.net.0.proj.weight
25-12-28 10:43:46 | D |       + quant_dtype: sfp4_e2m1_all
25-12-28 10:43:46 | D |       + group_shape: ((-1, -1, -1), (1, 16, 1))
25-12-28 10:43:46 | D |       + scale_dtype: (None, sfp8_e4m3_nan)
25-12-28 10:43:46 | D |     - Quantizing transformer_blocks.8.ff_context.net.2.weight
25-12-28 10:43:46 | D |       + quant_dtype: sfp4_e2m1_all
25-12-28 10:43:46 | D |       + group_shape: ((-1, -1, -1), (1, 16, 1))
25-12-28 10:43:46 | D |       + scale_dtype: (None, sfp8_e4m3_nan)
25-12-28 10:43:46 | D |   - Quantizing weights: block transformer_blocks.9
25-12-28 10:43:46 | D |     - Quantizing transformer_blocks.9.norm1.linear.weight
25-12-28 10:43:46 | D |       + quant_dtype: sint4
25-12-28 10:43:46 | D |       + group_shape: ((1, 64, 1),)
25-12-28 10:43:46 | D |       + scale_dtype: (None,)
25-12-28 10:43:47 | D |     - Quantizing transformer_blocks.9.norm1_context.linear.weight
25-12-28 10:43:47 | D |       + quant_dtype: sint4
25-12-28 10:43:47 | D |       + group_shape: ((1, 64, 1),)
25-12-28 10:43:47 | D |       + scale_dtype: (None,)
25-12-28 10:43:47 | D |     - Quantizing transformer_blocks.9.attn.to_q.weight
25-12-28 10:43:47 | D |       + quant_dtype: sfp4_e2m1_all
25-12-28 10:43:47 | D |       + group_shape: ((-1, -1, -1), (1, 16, 1))
25-12-28 10:43:47 | D |       + scale_dtype: (None, sfp8_e4m3_nan)
25-12-28 10:43:47 | D |     - Quantizing transformer_blocks.9.attn.to_k.weight
25-12-28 10:43:47 | D |       + quant_dtype: sfp4_e2m1_all
25-12-28 10:43:47 | D |       + group_shape: ((-1, -1, -1), (1, 16, 1))
25-12-28 10:43:47 | D |       + scale_dtype: (None, sfp8_e4m3_nan)
25-12-28 10:43:48 | D |     - Quantizing transformer_blocks.9.attn.to_v.weight
25-12-28 10:43:48 | D |       + quant_dtype: sfp4_e2m1_all
25-12-28 10:43:48 | D |       + group_shape: ((-1, -1, -1), (1, 16, 1))
25-12-28 10:43:48 | D |       + scale_dtype: (None, sfp8_e4m3_nan)
25-12-28 10:43:48 | D |     - Quantizing transformer_blocks.9.attn.add_q_proj.weight
25-12-28 10:43:48 | D |       + quant_dtype: sfp4_e2m1_all
25-12-28 10:43:48 | D |       + group_shape: ((-1, -1, -1), (1, 16, 1))
25-12-28 10:43:48 | D |       + scale_dtype: (None, sfp8_e4m3_nan)
25-12-28 10:43:48 | D |     - Quantizing transformer_blocks.9.attn.add_k_proj.weight
25-12-28 10:43:48 | D |       + quant_dtype: sfp4_e2m1_all
25-12-28 10:43:48 | D |       + group_shape: ((-1, -1, -1), (1, 16, 1))
25-12-28 10:43:48 | D |       + scale_dtype: (None, sfp8_e4m3_nan)
25-12-28 10:43:48 | D |     - Quantizing transformer_blocks.9.attn.add_v_proj.weight
25-12-28 10:43:48 | D |       + quant_dtype: sfp4_e2m1_all
25-12-28 10:43:48 | D |       + group_shape: ((-1, -1, -1), (1, 16, 1))
25-12-28 10:43:48 | D |       + scale_dtype: (None, sfp8_e4m3_nan)
25-12-28 10:43:49 | D |     - Quantizing transformer_blocks.9.attn.to_out.0.weight
25-12-28 10:43:49 | D |       + quant_dtype: sfp4_e2m1_all
25-12-28 10:43:49 | D |       + group_shape: ((-1, -1, -1), (1, 16, 1))
25-12-28 10:43:49 | D |       + scale_dtype: (None, sfp8_e4m3_nan)
25-12-28 10:43:49 | D |     - Quantizing transformer_blocks.9.attn.to_add_out.weight
25-12-28 10:43:49 | D |       + quant_dtype: sfp4_e2m1_all
25-12-28 10:43:49 | D |       + group_shape: ((-1, -1, -1), (1, 16, 1))
25-12-28 10:43:49 | D |       + scale_dtype: (None, sfp8_e4m3_nan)
25-12-28 10:43:50 | D |     - Quantizing transformer_blocks.9.ff.net.0.proj.weight
25-12-28 10:43:50 | D |       + quant_dtype: sfp4_e2m1_all
25-12-28 10:43:50 | D |       + group_shape: ((-1, -1, -1), (1, 16, 1))
25-12-28 10:43:50 | D |       + scale_dtype: (None, sfp8_e4m3_nan)
25-12-28 10:43:50 | D |     - Quantizing transformer_blocks.9.ff.net.2.weight
25-12-28 10:43:50 | D |       + quant_dtype: sfp4_e2m1_all
25-12-28 10:43:50 | D |       + group_shape: ((-1, -1, -1), (1, 16, 1))
25-12-28 10:43:50 | D |       + scale_dtype: (None, sfp8_e4m3_nan)
25-12-28 10:43:50 | D |     - Quantizing transformer_blocks.9.ff_context.net.0.proj.weight
25-12-28 10:43:50 | D |       + quant_dtype: sfp4_e2m1_all
25-12-28 10:43:50 | D |       + group_shape: ((-1, -1, -1), (1, 16, 1))
25-12-28 10:43:50 | D |       + scale_dtype: (None, sfp8_e4m3_nan)
25-12-28 10:43:51 | D |     - Quantizing transformer_blocks.9.ff_context.net.2.weight
25-12-28 10:43:51 | D |       + quant_dtype: sfp4_e2m1_all
25-12-28 10:43:51 | D |       + group_shape: ((-1, -1, -1), (1, 16, 1))
25-12-28 10:43:51 | D |       + scale_dtype: (None, sfp8_e4m3_nan)
25-12-28 10:43:51 | D |   - Quantizing weights: block transformer_blocks.10
25-12-28 10:43:51 | D |     - Quantizing transformer_blocks.10.norm1.linear.weight
25-12-28 10:43:51 | D |       + quant_dtype: sint4
25-12-28 10:43:51 | D |       + group_shape: ((1, 64, 1),)
25-12-28 10:43:51 | D |       + scale_dtype: (None,)
25-12-28 10:43:51 | D |     - Quantizing transformer_blocks.10.norm1_context.linear.weight
25-12-28 10:43:51 | D |       + quant_dtype: sint4
25-12-28 10:43:51 | D |       + group_shape: ((1, 64, 1),)
25-12-28 10:43:51 | D |       + scale_dtype: (None,)
25-12-28 10:43:52 | D |     - Quantizing transformer_blocks.10.attn.to_q.weight
25-12-28 10:43:52 | D |       + quant_dtype: sfp4_e2m1_all
25-12-28 10:43:52 | D |       + group_shape: ((-1, -1, -1), (1, 16, 1))
25-12-28 10:43:52 | D |       + scale_dtype: (None, sfp8_e4m3_nan)
25-12-28 10:43:52 | D |     - Quantizing transformer_blocks.10.attn.to_k.weight
25-12-28 10:43:52 | D |       + quant_dtype: sfp4_e2m1_all
25-12-28 10:43:52 | D |       + group_shape: ((-1, -1, -1), (1, 16, 1))
25-12-28 10:43:52 | D |       + scale_dtype: (None, sfp8_e4m3_nan)
25-12-28 10:43:52 | D |     - Quantizing transformer_blocks.10.attn.to_v.weight
25-12-28 10:43:52 | D |       + quant_dtype: sfp4_e2m1_all
25-12-28 10:43:52 | D |       + group_shape: ((-1, -1, -1), (1, 16, 1))
25-12-28 10:43:52 | D |       + scale_dtype: (None, sfp8_e4m3_nan)
25-12-28 10:43:52 | D |     - Quantizing transformer_blocks.10.attn.add_q_proj.weight
25-12-28 10:43:52 | D |       + quant_dtype: sfp4_e2m1_all
25-12-28 10:43:52 | D |       + group_shape: ((-1, -1, -1), (1, 16, 1))
25-12-28 10:43:52 | D |       + scale_dtype: (None, sfp8_e4m3_nan)
25-12-28 10:43:53 | D |     - Quantizing transformer_blocks.10.attn.add_k_proj.weight
25-12-28 10:43:53 | D |       + quant_dtype: sfp4_e2m1_all
25-12-28 10:43:53 | D |       + group_shape: ((-1, -1, -1), (1, 16, 1))
25-12-28 10:43:53 | D |       + scale_dtype: (None, sfp8_e4m3_nan)
25-12-28 10:43:53 | D |     - Quantizing transformer_blocks.10.attn.add_v_proj.weight
25-12-28 10:43:53 | D |       + quant_dtype: sfp4_e2m1_all
25-12-28 10:43:53 | D |       + group_shape: ((-1, -1, -1), (1, 16, 1))
25-12-28 10:43:53 | D |       + scale_dtype: (None, sfp8_e4m3_nan)
25-12-28 10:43:54 | D |     - Quantizing transformer_blocks.10.attn.to_out.0.weight
25-12-28 10:43:54 | D |       + quant_dtype: sfp4_e2m1_all
25-12-28 10:43:54 | D |       + group_shape: ((-1, -1, -1), (1, 16, 1))
25-12-28 10:43:54 | D |       + scale_dtype: (None, sfp8_e4m3_nan)
25-12-28 10:43:54 | D |     - Quantizing transformer_blocks.10.attn.to_add_out.weight
25-12-28 10:43:54 | D |       + quant_dtype: sfp4_e2m1_all
25-12-28 10:43:54 | D |       + group_shape: ((-1, -1, -1), (1, 16, 1))
25-12-28 10:43:54 | D |       + scale_dtype: (None, sfp8_e4m3_nan)
25-12-28 10:43:54 | D |     - Quantizing transformer_blocks.10.ff.net.0.proj.weight
25-12-28 10:43:54 | D |       + quant_dtype: sfp4_e2m1_all
25-12-28 10:43:54 | D |       + group_shape: ((-1, -1, -1), (1, 16, 1))
25-12-28 10:43:54 | D |       + scale_dtype: (None, sfp8_e4m3_nan)
25-12-28 10:43:55 | D |     - Quantizing transformer_blocks.10.ff.net.2.weight
25-12-28 10:43:55 | D |       + quant_dtype: sfp4_e2m1_all
25-12-28 10:43:55 | D |       + group_shape: ((-1, -1, -1), (1, 16, 1))
25-12-28 10:43:55 | D |       + scale_dtype: (None, sfp8_e4m3_nan)
25-12-28 10:43:55 | D |     - Quantizing transformer_blocks.10.ff_context.net.0.proj.weight
25-12-28 10:43:55 | D |       + quant_dtype: sfp4_e2m1_all
25-12-28 10:43:55 | D |       + group_shape: ((-1, -1, -1), (1, 16, 1))
25-12-28 10:43:55 | D |       + scale_dtype: (None, sfp8_e4m3_nan)
25-12-28 10:43:56 | D |     - Quantizing transformer_blocks.10.ff_context.net.2.weight
25-12-28 10:43:56 | D |       + quant_dtype: sfp4_e2m1_all
25-12-28 10:43:56 | D |       + group_shape: ((-1, -1, -1), (1, 16, 1))
25-12-28 10:43:56 | D |       + scale_dtype: (None, sfp8_e4m3_nan)
25-12-28 10:43:56 | D |   - Quantizing weights: block transformer_blocks.11
25-12-28 10:43:56 | D |     - Quantizing transformer_blocks.11.norm1.linear.weight
25-12-28 10:43:56 | D |       + quant_dtype: sint4
25-12-28 10:43:56 | D |       + group_shape: ((1, 64, 1),)
25-12-28 10:43:56 | D |       + scale_dtype: (None,)
25-12-28 10:43:56 | D |     - Quantizing transformer_blocks.11.norm1_context.linear.weight
25-12-28 10:43:56 | D |       + quant_dtype: sint4
25-12-28 10:43:56 | D |       + group_shape: ((1, 64, 1),)
25-12-28 10:43:56 | D |       + scale_dtype: (None,)
25-12-28 10:43:56 | D |     - Quantizing transformer_blocks.11.attn.to_q.weight
25-12-28 10:43:56 | D |       + quant_dtype: sfp4_e2m1_all
25-12-28 10:43:56 | D |       + group_shape: ((-1, -1, -1), (1, 16, 1))
25-12-28 10:43:56 | D |       + scale_dtype: (None, sfp8_e4m3_nan)
25-12-28 10:43:57 | D |     - Quantizing transformer_blocks.11.attn.to_k.weight
25-12-28 10:43:57 | D |       + quant_dtype: sfp4_e2m1_all
25-12-28 10:43:57 | D |       + group_shape: ((-1, -1, -1), (1, 16, 1))
25-12-28 10:43:57 | D |       + scale_dtype: (None, sfp8_e4m3_nan)
25-12-28 10:43:57 | D |     - Quantizing transformer_blocks.11.attn.to_v.weight
25-12-28 10:43:57 | D |       + quant_dtype: sfp4_e2m1_all
25-12-28 10:43:57 | D |       + group_shape: ((-1, -1, -1), (1, 16, 1))
25-12-28 10:43:57 | D |       + scale_dtype: (None, sfp8_e4m3_nan)
25-12-28 10:43:58 | D |     - Quantizing transformer_blocks.11.attn.add_q_proj.weight
25-12-28 10:43:58 | D |       + quant_dtype: sfp4_e2m1_all
25-12-28 10:43:58 | D |       + group_shape: ((-1, -1, -1), (1, 16, 1))
25-12-28 10:43:58 | D |       + scale_dtype: (None, sfp8_e4m3_nan)
25-12-28 10:43:58 | D |     - Quantizing transformer_blocks.11.attn.add_k_proj.weight
25-12-28 10:43:58 | D |       + quant_dtype: sfp4_e2m1_all
25-12-28 10:43:58 | D |       + group_shape: ((-1, -1, -1), (1, 16, 1))
25-12-28 10:43:58 | D |       + scale_dtype: (None, sfp8_e4m3_nan)
25-12-28 10:43:58 | D |     - Quantizing transformer_blocks.11.attn.add_v_proj.weight
25-12-28 10:43:58 | D |       + quant_dtype: sfp4_e2m1_all
25-12-28 10:43:58 | D |       + group_shape: ((-1, -1, -1), (1, 16, 1))
25-12-28 10:43:58 | D |       + scale_dtype: (None, sfp8_e4m3_nan)
25-12-28 10:43:58 | D |     - Quantizing transformer_blocks.11.attn.to_out.0.weight
25-12-28 10:43:58 | D |       + quant_dtype: sfp4_e2m1_all
25-12-28 10:43:58 | D |       + group_shape: ((-1, -1, -1), (1, 16, 1))
25-12-28 10:43:58 | D |       + scale_dtype: (None, sfp8_e4m3_nan)
25-12-28 10:43:59 | D |     - Quantizing transformer_blocks.11.attn.to_add_out.weight
25-12-28 10:43:59 | D |       + quant_dtype: sfp4_e2m1_all
25-12-28 10:43:59 | D |       + group_shape: ((-1, -1, -1), (1, 16, 1))
25-12-28 10:43:59 | D |       + scale_dtype: (None, sfp8_e4m3_nan)
25-12-28 10:43:59 | D |     - Quantizing transformer_blocks.11.ff.net.0.proj.weight
25-12-28 10:43:59 | D |       + quant_dtype: sfp4_e2m1_all
25-12-28 10:43:59 | D |       + group_shape: ((-1, -1, -1), (1, 16, 1))
25-12-28 10:43:59 | D |       + scale_dtype: (None, sfp8_e4m3_nan)
25-12-28 10:43:59 | D |     - Quantizing transformer_blocks.11.ff.net.2.weight
25-12-28 10:43:59 | D |       + quant_dtype: sfp4_e2m1_all
25-12-28 10:43:59 | D |       + group_shape: ((-1, -1, -1), (1, 16, 1))
25-12-28 10:43:59 | D |       + scale_dtype: (None, sfp8_e4m3_nan)
25-12-28 10:44:00 | D |     - Quantizing transformer_blocks.11.ff_context.net.0.proj.weight
25-12-28 10:44:00 | D |       + quant_dtype: sfp4_e2m1_all
25-12-28 10:44:00 | D |       + group_shape: ((-1, -1, -1), (1, 16, 1))
25-12-28 10:44:00 | D |       + scale_dtype: (None, sfp8_e4m3_nan)
25-12-28 10:44:00 | D |     - Quantizing transformer_blocks.11.ff_context.net.2.weight
25-12-28 10:44:00 | D |       + quant_dtype: sfp4_e2m1_all
25-12-28 10:44:00 | D |       + group_shape: ((-1, -1, -1), (1, 16, 1))
25-12-28 10:44:00 | D |       + scale_dtype: (None, sfp8_e4m3_nan)
25-12-28 10:44:00 | D |   - Quantizing weights: block transformer_blocks.12
25-12-28 10:44:00 | D |     - Quantizing transformer_blocks.12.norm1.linear.weight
25-12-28 10:44:00 | D |       + quant_dtype: sint4
25-12-28 10:44:00 | D |       + group_shape: ((1, 64, 1),)
25-12-28 10:44:00 | D |       + scale_dtype: (None,)
25-12-28 10:44:01 | D |     - Quantizing transformer_blocks.12.norm1_context.linear.weight
25-12-28 10:44:01 | D |       + quant_dtype: sint4
25-12-28 10:44:01 | D |       + group_shape: ((1, 64, 1),)
25-12-28 10:44:01 | D |       + scale_dtype: (None,)
25-12-28 10:44:01 | D |     - Quantizing transformer_blocks.12.attn.to_q.weight
25-12-28 10:44:01 | D |       + quant_dtype: sfp4_e2m1_all
25-12-28 10:44:01 | D |       + group_shape: ((-1, -1, -1), (1, 16, 1))
25-12-28 10:44:01 | D |       + scale_dtype: (None, sfp8_e4m3_nan)
25-12-28 10:44:01 | D |     - Quantizing transformer_blocks.12.attn.to_k.weight
25-12-28 10:44:01 | D |       + quant_dtype: sfp4_e2m1_all
25-12-28 10:44:01 | D |       + group_shape: ((-1, -1, -1), (1, 16, 1))
25-12-28 10:44:01 | D |       + scale_dtype: (None, sfp8_e4m3_nan)
25-12-28 10:44:02 | D |     - Quantizing transformer_blocks.12.attn.to_v.weight
25-12-28 10:44:02 | D |       + quant_dtype: sfp4_e2m1_all
25-12-28 10:44:02 | D |       + group_shape: ((-1, -1, -1), (1, 16, 1))
25-12-28 10:44:02 | D |       + scale_dtype: (None, sfp8_e4m3_nan)
25-12-28 10:44:02 | D |     - Quantizing transformer_blocks.12.attn.add_q_proj.weight
25-12-28 10:44:02 | D |       + quant_dtype: sfp4_e2m1_all
25-12-28 10:44:02 | D |       + group_shape: ((-1, -1, -1), (1, 16, 1))
25-12-28 10:44:02 | D |       + scale_dtype: (None, sfp8_e4m3_nan)
25-12-28 10:44:02 | D |     - Quantizing transformer_blocks.12.attn.add_k_proj.weight
25-12-28 10:44:02 | D |       + quant_dtype: sfp4_e2m1_all
25-12-28 10:44:02 | D |       + group_shape: ((-1, -1, -1), (1, 16, 1))
25-12-28 10:44:02 | D |       + scale_dtype: (None, sfp8_e4m3_nan)
25-12-28 10:44:03 | D |     - Quantizing transformer_blocks.12.attn.add_v_proj.weight
25-12-28 10:44:03 | D |       + quant_dtype: sfp4_e2m1_all
25-12-28 10:44:03 | D |       + group_shape: ((-1, -1, -1), (1, 16, 1))
25-12-28 10:44:03 | D |       + scale_dtype: (None, sfp8_e4m3_nan)
25-12-28 10:44:03 | D |     - Quantizing transformer_blocks.12.attn.to_out.0.weight
25-12-28 10:44:03 | D |       + quant_dtype: sfp4_e2m1_all
25-12-28 10:44:03 | D |       + group_shape: ((-1, -1, -1), (1, 16, 1))
25-12-28 10:44:03 | D |       + scale_dtype: (None, sfp8_e4m3_nan)
25-12-28 10:44:03 | D |     - Quantizing transformer_blocks.12.attn.to_add_out.weight
25-12-28 10:44:03 | D |       + quant_dtype: sfp4_e2m1_all
25-12-28 10:44:03 | D |       + group_shape: ((-1, -1, -1), (1, 16, 1))
25-12-28 10:44:03 | D |       + scale_dtype: (None, sfp8_e4m3_nan)
25-12-28 10:44:03 | D |     - Quantizing transformer_blocks.12.ff.net.0.proj.weight
25-12-28 10:44:03 | D |       + quant_dtype: sfp4_e2m1_all
25-12-28 10:44:03 | D |       + group_shape: ((-1, -1, -1), (1, 16, 1))
25-12-28 10:44:03 | D |       + scale_dtype: (None, sfp8_e4m3_nan)
25-12-28 10:44:04 | D |     - Quantizing transformer_blocks.12.ff.net.2.weight
25-12-28 10:44:04 | D |       + quant_dtype: sfp4_e2m1_all
25-12-28 10:44:04 | D |       + group_shape: ((-1, -1, -1), (1, 16, 1))
25-12-28 10:44:04 | D |       + scale_dtype: (None, sfp8_e4m3_nan)
25-12-28 10:44:04 | D |     - Quantizing transformer_blocks.12.ff_context.net.0.proj.weight
25-12-28 10:44:04 | D |       + quant_dtype: sfp4_e2m1_all
25-12-28 10:44:04 | D |       + group_shape: ((-1, -1, -1), (1, 16, 1))
25-12-28 10:44:04 | D |       + scale_dtype: (None, sfp8_e4m3_nan)
25-12-28 10:44:05 | D |     - Quantizing transformer_blocks.12.ff_context.net.2.weight
25-12-28 10:44:05 | D |       + quant_dtype: sfp4_e2m1_all
25-12-28 10:44:05 | D |       + group_shape: ((-1, -1, -1), (1, 16, 1))
25-12-28 10:44:05 | D |       + scale_dtype: (None, sfp8_e4m3_nan)
25-12-28 10:44:05 | D |   - Quantizing weights: block transformer_blocks.13
25-12-28 10:44:05 | D |     - Quantizing transformer_blocks.13.norm1.linear.weight
25-12-28 10:44:05 | D |       + quant_dtype: sint4
25-12-28 10:44:05 | D |       + group_shape: ((1, 64, 1),)
25-12-28 10:44:05 | D |       + scale_dtype: (None,)
25-12-28 10:44:05 | D |     - Quantizing transformer_blocks.13.norm1_context.linear.weight
25-12-28 10:44:05 | D |       + quant_dtype: sint4
25-12-28 10:44:05 | D |       + group_shape: ((1, 64, 1),)
25-12-28 10:44:05 | D |       + scale_dtype: (None,)
25-12-28 10:44:06 | D |     - Quantizing transformer_blocks.13.attn.to_q.weight
25-12-28 10:44:06 | D |       + quant_dtype: sfp4_e2m1_all
25-12-28 10:44:06 | D |       + group_shape: ((-1, -1, -1), (1, 16, 1))
25-12-28 10:44:06 | D |       + scale_dtype: (None, sfp8_e4m3_nan)
25-12-28 10:44:06 | D |     - Quantizing transformer_blocks.13.attn.to_k.weight
25-12-28 10:44:06 | D |       + quant_dtype: sfp4_e2m1_all
25-12-28 10:44:06 | D |       + group_shape: ((-1, -1, -1), (1, 16, 1))
25-12-28 10:44:06 | D |       + scale_dtype: (None, sfp8_e4m3_nan)
25-12-28 10:44:06 | D |     - Quantizing transformer_blocks.13.attn.to_v.weight
25-12-28 10:44:06 | D |       + quant_dtype: sfp4_e2m1_all
25-12-28 10:44:06 | D |       + group_shape: ((-1, -1, -1), (1, 16, 1))
25-12-28 10:44:06 | D |       + scale_dtype: (None, sfp8_e4m3_nan)
25-12-28 10:44:07 | D |     - Quantizing transformer_blocks.13.attn.add_q_proj.weight
25-12-28 10:44:07 | D |       + quant_dtype: sfp4_e2m1_all
25-12-28 10:44:07 | D |       + group_shape: ((-1, -1, -1), (1, 16, 1))
25-12-28 10:44:07 | D |       + scale_dtype: (None, sfp8_e4m3_nan)
25-12-28 10:44:07 | D |     - Quantizing transformer_blocks.13.attn.add_k_proj.weight
25-12-28 10:44:07 | D |       + quant_dtype: sfp4_e2m1_all
25-12-28 10:44:07 | D |       + group_shape: ((-1, -1, -1), (1, 16, 1))
25-12-28 10:44:07 | D |       + scale_dtype: (None, sfp8_e4m3_nan)
25-12-28 10:44:08 | D |     - Quantizing transformer_blocks.13.attn.add_v_proj.weight
25-12-28 10:44:08 | D |       + quant_dtype: sfp4_e2m1_all
25-12-28 10:44:08 | D |       + group_shape: ((-1, -1, -1), (1, 16, 1))
25-12-28 10:44:08 | D |       + scale_dtype: (None, sfp8_e4m3_nan)
25-12-28 10:44:08 | D |     - Quantizing transformer_blocks.13.attn.to_out.0.weight
25-12-28 10:44:08 | D |       + quant_dtype: sfp4_e2m1_all
25-12-28 10:44:08 | D |       + group_shape: ((-1, -1, -1), (1, 16, 1))
25-12-28 10:44:08 | D |       + scale_dtype: (None, sfp8_e4m3_nan)
25-12-28 10:44:08 | D |     - Quantizing transformer_blocks.13.attn.to_add_out.weight
25-12-28 10:44:08 | D |       + quant_dtype: sfp4_e2m1_all
25-12-28 10:44:08 | D |       + group_shape: ((-1, -1, -1), (1, 16, 1))
25-12-28 10:44:08 | D |       + scale_dtype: (None, sfp8_e4m3_nan)
25-12-28 10:44:08 | D |     - Quantizing transformer_blocks.13.ff.net.0.proj.weight
25-12-28 10:44:08 | D |       + quant_dtype: sfp4_e2m1_all
25-12-28 10:44:08 | D |       + group_shape: ((-1, -1, -1), (1, 16, 1))
25-12-28 10:44:08 | D |       + scale_dtype: (None, sfp8_e4m3_nan)
25-12-28 10:44:09 | D |     - Quantizing transformer_blocks.13.ff.net.2.weight
25-12-28 10:44:09 | D |       + quant_dtype: sfp4_e2m1_all
25-12-28 10:44:09 | D |       + group_shape: ((-1, -1, -1), (1, 16, 1))
25-12-28 10:44:09 | D |       + scale_dtype: (None, sfp8_e4m3_nan)
25-12-28 10:44:09 | D |     - Quantizing transformer_blocks.13.ff_context.net.0.proj.weight
25-12-28 10:44:09 | D |       + quant_dtype: sfp4_e2m1_all
25-12-28 10:44:09 | D |       + group_shape: ((-1, -1, -1), (1, 16, 1))
25-12-28 10:44:09 | D |       + scale_dtype: (None, sfp8_e4m3_nan)
25-12-28 10:44:10 | D |     - Quantizing transformer_blocks.13.ff_context.net.2.weight
25-12-28 10:44:10 | D |       + quant_dtype: sfp4_e2m1_all
25-12-28 10:44:10 | D |       + group_shape: ((-1, -1, -1), (1, 16, 1))
25-12-28 10:44:10 | D |       + scale_dtype: (None, sfp8_e4m3_nan)
25-12-28 10:44:10 | D |   - Quantizing weights: block transformer_blocks.14
25-12-28 10:44:10 | D |     - Quantizing transformer_blocks.14.norm1.linear.weight
25-12-28 10:44:10 | D |       + quant_dtype: sint4
25-12-28 10:44:10 | D |       + group_shape: ((1, 64, 1),)
25-12-28 10:44:10 | D |       + scale_dtype: (None,)
25-12-28 10:44:10 | D |     - Quantizing transformer_blocks.14.norm1_context.linear.weight
25-12-28 10:44:10 | D |       + quant_dtype: sint4
25-12-28 10:44:10 | D |       + group_shape: ((1, 64, 1),)
25-12-28 10:44:10 | D |       + scale_dtype: (None,)
25-12-28 10:44:10 | D |     - Quantizing transformer_blocks.14.attn.to_q.weight
25-12-28 10:44:10 | D |       + quant_dtype: sfp4_e2m1_all
25-12-28 10:44:10 | D |       + group_shape: ((-1, -1, -1), (1, 16, 1))
25-12-28 10:44:10 | D |       + scale_dtype: (None, sfp8_e4m3_nan)
25-12-28 10:44:11 | D |     - Quantizing transformer_blocks.14.attn.to_k.weight
25-12-28 10:44:11 | D |       + quant_dtype: sfp4_e2m1_all
25-12-28 10:44:11 | D |       + group_shape: ((-1, -1, -1), (1, 16, 1))
25-12-28 10:44:11 | D |       + scale_dtype: (None, sfp8_e4m3_nan)
25-12-28 10:44:11 | D |     - Quantizing transformer_blocks.14.attn.to_v.weight
25-12-28 10:44:11 | D |       + quant_dtype: sfp4_e2m1_all
25-12-28 10:44:11 | D |       + group_shape: ((-1, -1, -1), (1, 16, 1))
25-12-28 10:44:11 | D |       + scale_dtype: (None, sfp8_e4m3_nan)
25-12-28 10:44:12 | D |     - Quantizing transformer_blocks.14.attn.add_q_proj.weight
25-12-28 10:44:12 | D |       + quant_dtype: sfp4_e2m1_all
25-12-28 10:44:12 | D |       + group_shape: ((-1, -1, -1), (1, 16, 1))
25-12-28 10:44:12 | D |       + scale_dtype: (None, sfp8_e4m3_nan)
25-12-28 10:44:12 | D |     - Quantizing transformer_blocks.14.attn.add_k_proj.weight
25-12-28 10:44:12 | D |       + quant_dtype: sfp4_e2m1_all
25-12-28 10:44:12 | D |       + group_shape: ((-1, -1, -1), (1, 16, 1))
25-12-28 10:44:12 | D |       + scale_dtype: (None, sfp8_e4m3_nan)
25-12-28 10:44:12 | D |     - Quantizing transformer_blocks.14.attn.add_v_proj.weight
25-12-28 10:44:12 | D |       + quant_dtype: sfp4_e2m1_all
25-12-28 10:44:12 | D |       + group_shape: ((-1, -1, -1), (1, 16, 1))
25-12-28 10:44:12 | D |       + scale_dtype: (None, sfp8_e4m3_nan)
25-12-28 10:44:13 | D |     - Quantizing transformer_blocks.14.attn.to_out.0.weight
25-12-28 10:44:13 | D |       + quant_dtype: sfp4_e2m1_all
25-12-28 10:44:13 | D |       + group_shape: ((-1, -1, -1), (1, 16, 1))
25-12-28 10:44:13 | D |       + scale_dtype: (None, sfp8_e4m3_nan)
25-12-28 10:44:13 | D |     - Quantizing transformer_blocks.14.attn.to_add_out.weight
25-12-28 10:44:13 | D |       + quant_dtype: sfp4_e2m1_all
25-12-28 10:44:13 | D |       + group_shape: ((-1, -1, -1), (1, 16, 1))
25-12-28 10:44:13 | D |       + scale_dtype: (None, sfp8_e4m3_nan)
25-12-28 10:44:13 | D |     - Quantizing transformer_blocks.14.ff.net.0.proj.weight
25-12-28 10:44:13 | D |       + quant_dtype: sfp4_e2m1_all
25-12-28 10:44:13 | D |       + group_shape: ((-1, -1, -1), (1, 16, 1))
25-12-28 10:44:13 | D |       + scale_dtype: (None, sfp8_e4m3_nan)
25-12-28 10:44:13 | D |     - Quantizing transformer_blocks.14.ff.net.2.weight
25-12-28 10:44:13 | D |       + quant_dtype: sfp4_e2m1_all
25-12-28 10:44:13 | D |       + group_shape: ((-1, -1, -1), (1, 16, 1))
25-12-28 10:44:13 | D |       + scale_dtype: (None, sfp8_e4m3_nan)
25-12-28 10:44:14 | D |     - Quantizing transformer_blocks.14.ff_context.net.0.proj.weight
25-12-28 10:44:14 | D |       + quant_dtype: sfp4_e2m1_all
25-12-28 10:44:14 | D |       + group_shape: ((-1, -1, -1), (1, 16, 1))
25-12-28 10:44:14 | D |       + scale_dtype: (None, sfp8_e4m3_nan)
25-12-28 10:44:15 | D |     - Quantizing transformer_blocks.14.ff_context.net.2.weight
25-12-28 10:44:15 | D |       + quant_dtype: sfp4_e2m1_all
25-12-28 10:44:15 | D |       + group_shape: ((-1, -1, -1), (1, 16, 1))
25-12-28 10:44:15 | D |       + scale_dtype: (None, sfp8_e4m3_nan)
25-12-28 10:44:15 | D |   - Quantizing weights: block transformer_blocks.15
25-12-28 10:44:15 | D |     - Quantizing transformer_blocks.15.norm1.linear.weight
25-12-28 10:44:15 | D |       + quant_dtype: sint4
25-12-28 10:44:15 | D |       + group_shape: ((1, 64, 1),)
25-12-28 10:44:15 | D |       + scale_dtype: (None,)
25-12-28 10:44:15 | D |     - Quantizing transformer_blocks.15.norm1_context.linear.weight
25-12-28 10:44:15 | D |       + quant_dtype: sint4
25-12-28 10:44:15 | D |       + group_shape: ((1, 64, 1),)
25-12-28 10:44:15 | D |       + scale_dtype: (None,)
25-12-28 10:44:15 | D |     - Quantizing transformer_blocks.15.attn.to_q.weight
25-12-28 10:44:15 | D |       + quant_dtype: sfp4_e2m1_all
25-12-28 10:44:15 | D |       + group_shape: ((-1, -1, -1), (1, 16, 1))
25-12-28 10:44:15 | D |       + scale_dtype: (None, sfp8_e4m3_nan)
25-12-28 10:44:16 | D |     - Quantizing transformer_blocks.15.attn.to_k.weight
25-12-28 10:44:16 | D |       + quant_dtype: sfp4_e2m1_all
25-12-28 10:44:16 | D |       + group_shape: ((-1, -1, -1), (1, 16, 1))
25-12-28 10:44:16 | D |       + scale_dtype: (None, sfp8_e4m3_nan)
25-12-28 10:44:16 | D |     - Quantizing transformer_blocks.15.attn.to_v.weight
25-12-28 10:44:16 | D |       + quant_dtype: sfp4_e2m1_all
25-12-28 10:44:16 | D |       + group_shape: ((-1, -1, -1), (1, 16, 1))
25-12-28 10:44:16 | D |       + scale_dtype: (None, sfp8_e4m3_nan)
25-12-28 10:44:16 | D |     - Quantizing transformer_blocks.15.attn.add_q_proj.weight
25-12-28 10:44:16 | D |       + quant_dtype: sfp4_e2m1_all
25-12-28 10:44:16 | D |       + group_shape: ((-1, -1, -1), (1, 16, 1))
25-12-28 10:44:16 | D |       + scale_dtype: (None, sfp8_e4m3_nan)
25-12-28 10:44:17 | D |     - Quantizing transformer_blocks.15.attn.add_k_proj.weight
25-12-28 10:44:17 | D |       + quant_dtype: sfp4_e2m1_all
25-12-28 10:44:17 | D |       + group_shape: ((-1, -1, -1), (1, 16, 1))
25-12-28 10:44:17 | D |       + scale_dtype: (None, sfp8_e4m3_nan)
25-12-28 10:44:17 | D |     - Quantizing transformer_blocks.15.attn.add_v_proj.weight
25-12-28 10:44:17 | D |       + quant_dtype: sfp4_e2m1_all
25-12-28 10:44:17 | D |       + group_shape: ((-1, -1, -1), (1, 16, 1))
25-12-28 10:44:17 | D |       + scale_dtype: (None, sfp8_e4m3_nan)
25-12-28 10:44:17 | D |     - Quantizing transformer_blocks.15.attn.to_out.0.weight
25-12-28 10:44:17 | D |       + quant_dtype: sfp4_e2m1_all
25-12-28 10:44:17 | D |       + group_shape: ((-1, -1, -1), (1, 16, 1))
25-12-28 10:44:17 | D |       + scale_dtype: (None, sfp8_e4m3_nan)
25-12-28 10:44:17 | D |     - Quantizing transformer_blocks.15.attn.to_add_out.weight
25-12-28 10:44:17 | D |       + quant_dtype: sfp4_e2m1_all
25-12-28 10:44:17 | D |       + group_shape: ((-1, -1, -1), (1, 16, 1))
25-12-28 10:44:17 | D |       + scale_dtype: (None, sfp8_e4m3_nan)
25-12-28 10:44:18 | D |     - Quantizing transformer_blocks.15.ff.net.0.proj.weight
25-12-28 10:44:18 | D |       + quant_dtype: sfp4_e2m1_all
25-12-28 10:44:18 | D |       + group_shape: ((-1, -1, -1), (1, 16, 1))
25-12-28 10:44:18 | D |       + scale_dtype: (None, sfp8_e4m3_nan)
25-12-28 10:44:18 | D |     - Quantizing transformer_blocks.15.ff.net.2.weight
25-12-28 10:44:18 | D |       + quant_dtype: sfp4_e2m1_all
25-12-28 10:44:18 | D |       + group_shape: ((-1, -1, -1), (1, 16, 1))
25-12-28 10:44:18 | D |       + scale_dtype: (None, sfp8_e4m3_nan)
25-12-28 10:44:18 | D |     - Quantizing transformer_blocks.15.ff_context.net.0.proj.weight
25-12-28 10:44:18 | D |       + quant_dtype: sfp4_e2m1_all
25-12-28 10:44:18 | D |       + group_shape: ((-1, -1, -1), (1, 16, 1))
25-12-28 10:44:18 | D |       + scale_dtype: (None, sfp8_e4m3_nan)
25-12-28 10:44:19 | D |     - Quantizing transformer_blocks.15.ff_context.net.2.weight
25-12-28 10:44:19 | D |       + quant_dtype: sfp4_e2m1_all
25-12-28 10:44:19 | D |       + group_shape: ((-1, -1, -1), (1, 16, 1))
25-12-28 10:44:19 | D |       + scale_dtype: (None, sfp8_e4m3_nan)
25-12-28 10:44:19 | D |   - Quantizing weights: block transformer_blocks.16
25-12-28 10:44:19 | D |     - Quantizing transformer_blocks.16.norm1.linear.weight
25-12-28 10:44:19 | D |       + quant_dtype: sint4
25-12-28 10:44:19 | D |       + group_shape: ((1, 64, 1),)
25-12-28 10:44:19 | D |       + scale_dtype: (None,)
25-12-28 10:44:19 | D |     - Quantizing transformer_blocks.16.norm1_context.linear.weight
25-12-28 10:44:19 | D |       + quant_dtype: sint4
25-12-28 10:44:19 | D |       + group_shape: ((1, 64, 1),)
25-12-28 10:44:19 | D |       + scale_dtype: (None,)
25-12-28 10:44:20 | D |     - Quantizing transformer_blocks.16.attn.to_q.weight
25-12-28 10:44:20 | D |       + quant_dtype: sfp4_e2m1_all
25-12-28 10:44:20 | D |       + group_shape: ((-1, -1, -1), (1, 16, 1))
25-12-28 10:44:20 | D |       + scale_dtype: (None, sfp8_e4m3_nan)
25-12-28 10:44:20 | D |     - Quantizing transformer_blocks.16.attn.to_k.weight
25-12-28 10:44:20 | D |       + quant_dtype: sfp4_e2m1_all
25-12-28 10:44:20 | D |       + group_shape: ((-1, -1, -1), (1, 16, 1))
25-12-28 10:44:20 | D |       + scale_dtype: (None, sfp8_e4m3_nan)
25-12-28 10:44:20 | D |     - Quantizing transformer_blocks.16.attn.to_v.weight
25-12-28 10:44:20 | D |       + quant_dtype: sfp4_e2m1_all
25-12-28 10:44:20 | D |       + group_shape: ((-1, -1, -1), (1, 16, 1))
25-12-28 10:44:20 | D |       + scale_dtype: (None, sfp8_e4m3_nan)
25-12-28 10:44:20 | D |     - Quantizing transformer_blocks.16.attn.add_q_proj.weight
25-12-28 10:44:20 | D |       + quant_dtype: sfp4_e2m1_all
25-12-28 10:44:20 | D |       + group_shape: ((-1, -1, -1), (1, 16, 1))
25-12-28 10:44:20 | D |       + scale_dtype: (None, sfp8_e4m3_nan)
25-12-28 10:44:21 | D |     - Quantizing transformer_blocks.16.attn.add_k_proj.weight
25-12-28 10:44:21 | D |       + quant_dtype: sfp4_e2m1_all
25-12-28 10:44:21 | D |       + group_shape: ((-1, -1, -1), (1, 16, 1))
25-12-28 10:44:21 | D |       + scale_dtype: (None, sfp8_e4m3_nan)
25-12-28 10:44:21 | D |     - Quantizing transformer_blocks.16.attn.add_v_proj.weight
25-12-28 10:44:21 | D |       + quant_dtype: sfp4_e2m1_all
25-12-28 10:44:21 | D |       + group_shape: ((-1, -1, -1), (1, 16, 1))
25-12-28 10:44:21 | D |       + scale_dtype: (None, sfp8_e4m3_nan)
25-12-28 10:44:21 | D |     - Quantizing transformer_blocks.16.attn.to_out.0.weight
25-12-28 10:44:21 | D |       + quant_dtype: sfp4_e2m1_all
25-12-28 10:44:21 | D |       + group_shape: ((-1, -1, -1), (1, 16, 1))
25-12-28 10:44:21 | D |       + scale_dtype: (None, sfp8_e4m3_nan)
25-12-28 10:44:22 | D |     - Quantizing transformer_blocks.16.attn.to_add_out.weight
25-12-28 10:44:22 | D |       + quant_dtype: sfp4_e2m1_all
25-12-28 10:44:22 | D |       + group_shape: ((-1, -1, -1), (1, 16, 1))
25-12-28 10:44:22 | D |       + scale_dtype: (None, sfp8_e4m3_nan)
25-12-28 10:44:22 | D |     - Quantizing transformer_blocks.16.ff.net.0.proj.weight
25-12-28 10:44:22 | D |       + quant_dtype: sfp4_e2m1_all
25-12-28 10:44:22 | D |       + group_shape: ((-1, -1, -1), (1, 16, 1))
25-12-28 10:44:22 | D |       + scale_dtype: (None, sfp8_e4m3_nan)
25-12-28 10:44:22 | D |     - Quantizing transformer_blocks.16.ff.net.2.weight
25-12-28 10:44:22 | D |       + quant_dtype: sfp4_e2m1_all
25-12-28 10:44:22 | D |       + group_shape: ((-1, -1, -1), (1, 16, 1))
25-12-28 10:44:22 | D |       + scale_dtype: (None, sfp8_e4m3_nan)
25-12-28 10:44:23 | D |     - Quantizing transformer_blocks.16.ff_context.net.0.proj.weight
25-12-28 10:44:23 | D |       + quant_dtype: sfp4_e2m1_all
25-12-28 10:44:23 | D |       + group_shape: ((-1, -1, -1), (1, 16, 1))
25-12-28 10:44:23 | D |       + scale_dtype: (None, sfp8_e4m3_nan)
25-12-28 10:44:23 | D |     - Quantizing transformer_blocks.16.ff_context.net.2.weight
25-12-28 10:44:23 | D |       + quant_dtype: sfp4_e2m1_all
25-12-28 10:44:23 | D |       + group_shape: ((-1, -1, -1), (1, 16, 1))
25-12-28 10:44:23 | D |       + scale_dtype: (None, sfp8_e4m3_nan)
25-12-28 10:44:23 | D |   - Quantizing weights: block transformer_blocks.17
25-12-28 10:44:23 | D |     - Quantizing transformer_blocks.17.norm1.linear.weight
25-12-28 10:44:23 | D |       + quant_dtype: sint4
25-12-28 10:44:23 | D |       + group_shape: ((1, 64, 1),)
25-12-28 10:44:23 | D |       + scale_dtype: (None,)
25-12-28 10:44:23 | D |     - Quantizing transformer_blocks.17.norm1_context.linear.weight
25-12-28 10:44:23 | D |       + quant_dtype: sint4
25-12-28 10:44:23 | D |       + group_shape: ((1, 64, 1),)
25-12-28 10:44:23 | D |       + scale_dtype: (None,)
25-12-28 10:44:24 | D |     - Quantizing transformer_blocks.17.attn.to_q.weight
25-12-28 10:44:24 | D |       + quant_dtype: sfp4_e2m1_all
25-12-28 10:44:24 | D |       + group_shape: ((-1, -1, -1), (1, 16, 1))
25-12-28 10:44:24 | D |       + scale_dtype: (None, sfp8_e4m3_nan)
25-12-28 10:44:24 | D |     - Quantizing transformer_blocks.17.attn.to_k.weight
25-12-28 10:44:24 | D |       + quant_dtype: sfp4_e2m1_all
25-12-28 10:44:24 | D |       + group_shape: ((-1, -1, -1), (1, 16, 1))
25-12-28 10:44:24 | D |       + scale_dtype: (None, sfp8_e4m3_nan)
25-12-28 10:44:24 | D |     - Quantizing transformer_blocks.17.attn.to_v.weight
25-12-28 10:44:24 | D |       + quant_dtype: sfp4_e2m1_all
25-12-28 10:44:24 | D |       + group_shape: ((-1, -1, -1), (1, 16, 1))
25-12-28 10:44:24 | D |       + scale_dtype: (None, sfp8_e4m3_nan)
25-12-28 10:44:25 | D |     - Quantizing transformer_blocks.17.attn.add_q_proj.weight
25-12-28 10:44:25 | D |       + quant_dtype: sfp4_e2m1_all
25-12-28 10:44:25 | D |       + group_shape: ((-1, -1, -1), (1, 16, 1))
25-12-28 10:44:25 | D |       + scale_dtype: (None, sfp8_e4m3_nan)
25-12-28 10:44:25 | D |     - Quantizing transformer_blocks.17.attn.add_k_proj.weight
25-12-28 10:44:25 | D |       + quant_dtype: sfp4_e2m1_all
25-12-28 10:44:25 | D |       + group_shape: ((-1, -1, -1), (1, 16, 1))
25-12-28 10:44:25 | D |       + scale_dtype: (None, sfp8_e4m3_nan)
25-12-28 10:44:25 | D |     - Quantizing transformer_blocks.17.attn.add_v_proj.weight
25-12-28 10:44:25 | D |       + quant_dtype: sfp4_e2m1_all
25-12-28 10:44:25 | D |       + group_shape: ((-1, -1, -1), (1, 16, 1))
25-12-28 10:44:25 | D |       + scale_dtype: (None, sfp8_e4m3_nan)
25-12-28 10:44:26 | D |     - Quantizing transformer_blocks.17.attn.to_out.0.weight
25-12-28 10:44:26 | D |       + quant_dtype: sfp4_e2m1_all
25-12-28 10:44:26 | D |       + group_shape: ((-1, -1, -1), (1, 16, 1))
25-12-28 10:44:26 | D |       + scale_dtype: (None, sfp8_e4m3_nan)
25-12-28 10:44:26 | D |     - Quantizing transformer_blocks.17.attn.to_add_out.weight
25-12-28 10:44:26 | D |       + quant_dtype: sfp4_e2m1_all
25-12-28 10:44:26 | D |       + group_shape: ((-1, -1, -1), (1, 16, 1))
25-12-28 10:44:26 | D |       + scale_dtype: (None, sfp8_e4m3_nan)
25-12-28 10:44:26 | D |     - Quantizing transformer_blocks.17.ff.net.0.proj.weight
25-12-28 10:44:26 | D |       + quant_dtype: sfp4_e2m1_all
25-12-28 10:44:26 | D |       + group_shape: ((-1, -1, -1), (1, 16, 1))
25-12-28 10:44:26 | D |       + scale_dtype: (None, sfp8_e4m3_nan)
25-12-28 10:44:26 | D |     - Quantizing transformer_blocks.17.ff.net.2.weight
25-12-28 10:44:26 | D |       + quant_dtype: sfp4_e2m1_all
25-12-28 10:44:26 | D |       + group_shape: ((-1, -1, -1), (1, 16, 1))
25-12-28 10:44:26 | D |       + scale_dtype: (None, sfp8_e4m3_nan)
25-12-28 10:44:27 | D |     - Quantizing transformer_blocks.17.ff_context.net.0.proj.weight
25-12-28 10:44:27 | D |       + quant_dtype: sfp4_e2m1_all
25-12-28 10:44:27 | D |       + group_shape: ((-1, -1, -1), (1, 16, 1))
25-12-28 10:44:27 | D |       + scale_dtype: (None, sfp8_e4m3_nan)
25-12-28 10:44:27 | D |     - Quantizing transformer_blocks.17.ff_context.net.2.weight
25-12-28 10:44:27 | D |       + quant_dtype: sfp4_e2m1_all
25-12-28 10:44:27 | D |       + group_shape: ((-1, -1, -1), (1, 16, 1))
25-12-28 10:44:27 | D |       + scale_dtype: (None, sfp8_e4m3_nan)
25-12-28 10:44:27 | D |   - Quantizing weights: block transformer_blocks.18
25-12-28 10:44:27 | D |     - Quantizing transformer_blocks.18.norm1.linear.weight
25-12-28 10:44:27 | D |       + quant_dtype: sint4
25-12-28 10:44:27 | D |       + group_shape: ((1, 64, 1),)
25-12-28 10:44:27 | D |       + scale_dtype: (None,)
25-12-28 10:44:28 | D |     - Quantizing transformer_blocks.18.norm1_context.linear.weight
25-12-28 10:44:28 | D |       + quant_dtype: sint4
25-12-28 10:44:28 | D |       + group_shape: ((1, 64, 1),)
25-12-28 10:44:28 | D |       + scale_dtype: (None,)
25-12-28 10:44:28 | D |     - Quantizing transformer_blocks.18.attn.to_q.weight
25-12-28 10:44:28 | D |       + quant_dtype: sfp4_e2m1_all
25-12-28 10:44:28 | D |       + group_shape: ((-1, -1, -1), (1, 16, 1))
25-12-28 10:44:28 | D |       + scale_dtype: (None, sfp8_e4m3_nan)
25-12-28 10:44:28 | D |     - Quantizing transformer_blocks.18.attn.to_k.weight
25-12-28 10:44:28 | D |       + quant_dtype: sfp4_e2m1_all
25-12-28 10:44:28 | D |       + group_shape: ((-1, -1, -1), (1, 16, 1))
25-12-28 10:44:28 | D |       + scale_dtype: (None, sfp8_e4m3_nan)
25-12-28 10:44:28 | D |     - Quantizing transformer_blocks.18.attn.to_v.weight
25-12-28 10:44:28 | D |       + quant_dtype: sfp4_e2m1_all
25-12-28 10:44:28 | D |       + group_shape: ((-1, -1, -1), (1, 16, 1))
25-12-28 10:44:28 | D |       + scale_dtype: (None, sfp8_e4m3_nan)
25-12-28 10:44:29 | D |     - Quantizing transformer_blocks.18.attn.add_q_proj.weight
25-12-28 10:44:29 | D |       + quant_dtype: sfp4_e2m1_all
25-12-28 10:44:29 | D |       + group_shape: ((-1, -1, -1), (1, 16, 1))
25-12-28 10:44:29 | D |       + scale_dtype: (None, sfp8_e4m3_nan)
25-12-28 10:44:29 | D |     - Quantizing transformer_blocks.18.attn.add_k_proj.weight
25-12-28 10:44:29 | D |       + quant_dtype: sfp4_e2m1_all
25-12-28 10:44:29 | D |       + group_shape: ((-1, -1, -1), (1, 16, 1))
25-12-28 10:44:29 | D |       + scale_dtype: (None, sfp8_e4m3_nan)
25-12-28 10:44:29 | D |     - Quantizing transformer_blocks.18.attn.add_v_proj.weight
25-12-28 10:44:29 | D |       + quant_dtype: sfp4_e2m1_all
25-12-28 10:44:29 | D |       + group_shape: ((-1, -1, -1), (1, 16, 1))
25-12-28 10:44:29 | D |       + scale_dtype: (None, sfp8_e4m3_nan)
25-12-28 10:44:30 | D |     - Quantizing transformer_blocks.18.attn.to_out.0.weight
25-12-28 10:44:30 | D |       + quant_dtype: sfp4_e2m1_all
25-12-28 10:44:30 | D |       + group_shape: ((-1, -1, -1), (1, 16, 1))
25-12-28 10:44:30 | D |       + scale_dtype: (None, sfp8_e4m3_nan)
25-12-28 10:44:30 | D |     - Quantizing transformer_blocks.18.attn.to_add_out.weight
25-12-28 10:44:30 | D |       + quant_dtype: sfp4_e2m1_all
25-12-28 10:44:30 | D |       + group_shape: ((-1, -1, -1), (1, 16, 1))
25-12-28 10:44:30 | D |       + scale_dtype: (None, sfp8_e4m3_nan)
25-12-28 10:44:30 | D |     - Quantizing transformer_blocks.18.ff.net.0.proj.weight
25-12-28 10:44:30 | D |       + quant_dtype: sfp4_e2m1_all
25-12-28 10:44:30 | D |       + group_shape: ((-1, -1, -1), (1, 16, 1))
25-12-28 10:44:30 | D |       + scale_dtype: (None, sfp8_e4m3_nan)
25-12-28 10:44:31 | D |     - Quantizing transformer_blocks.18.ff.net.2.weight
25-12-28 10:44:31 | D |       + quant_dtype: sfp4_e2m1_all
25-12-28 10:44:31 | D |       + group_shape: ((-1, -1, -1), (1, 16, 1))
25-12-28 10:44:31 | D |       + scale_dtype: (None, sfp8_e4m3_nan)
25-12-28 10:44:31 | D |     - Quantizing transformer_blocks.18.ff_context.net.0.proj.weight
25-12-28 10:44:31 | D |       + quant_dtype: sfp4_e2m1_all
25-12-28 10:44:31 | D |       + group_shape: ((-1, -1, -1), (1, 16, 1))
25-12-28 10:44:31 | D |       + scale_dtype: (None, sfp8_e4m3_nan)
25-12-28 10:44:31 | D |     - Quantizing transformer_blocks.18.ff_context.net.2.weight
25-12-28 10:44:31 | D |       + quant_dtype: sfp4_e2m1_all
25-12-28 10:44:31 | D |       + group_shape: ((-1, -1, -1), (1, 16, 1))
25-12-28 10:44:31 | D |       + scale_dtype: (None, sfp8_e4m3_nan)
25-12-28 10:44:31 | D |   - Quantizing weights: block single_transformer_blocks.0
25-12-28 10:44:31 | D |     - Quantizing single_transformer_blocks.0.norm.linear.weight
25-12-28 10:44:31 | D |       + quant_dtype: sint4
25-12-28 10:44:31 | D |       + group_shape: ((1, 64, 1),)
25-12-28 10:44:31 | D |       + scale_dtype: (None,)
25-12-28 10:44:32 | D |     - Quantizing single_transformer_blocks.0.attn.to_q.weight
25-12-28 10:44:32 | D |       + quant_dtype: sfp4_e2m1_all
25-12-28 10:44:32 | D |       + group_shape: ((-1, -1, -1), (1, 16, 1))
25-12-28 10:44:32 | D |       + scale_dtype: (None, sfp8_e4m3_nan)
25-12-28 10:44:32 | D |     - Quantizing single_transformer_blocks.0.attn.to_k.weight
25-12-28 10:44:32 | D |       + quant_dtype: sfp4_e2m1_all
25-12-28 10:44:32 | D |       + group_shape: ((-1, -1, -1), (1, 16, 1))
25-12-28 10:44:32 | D |       + scale_dtype: (None, sfp8_e4m3_nan)
25-12-28 10:44:33 | D |     - Quantizing single_transformer_blocks.0.attn.to_v.weight
25-12-28 10:44:33 | D |       + quant_dtype: sfp4_e2m1_all
25-12-28 10:44:33 | D |       + group_shape: ((-1, -1, -1), (1, 16, 1))
25-12-28 10:44:33 | D |       + scale_dtype: (None, sfp8_e4m3_nan)
25-12-28 10:44:33 | D |     - Quantizing single_transformer_blocks.0.proj_out.linears.0.weight
25-12-28 10:44:33 | D |       + quant_dtype: sfp4_e2m1_all
25-12-28 10:44:33 | D |       + group_shape: ((-1, -1, -1), (1, 16, 1))
25-12-28 10:44:33 | D |       + scale_dtype: (None, sfp8_e4m3_nan)
25-12-28 10:44:33 | D |     - Quantizing single_transformer_blocks.0.proj_mlp.weight
25-12-28 10:44:33 | D |       + quant_dtype: sfp4_e2m1_all
25-12-28 10:44:33 | D |       + group_shape: ((-1, -1, -1), (1, 16, 1))
25-12-28 10:44:33 | D |       + scale_dtype: (None, sfp8_e4m3_nan)
25-12-28 10:44:34 | D |     - Quantizing single_transformer_blocks.0.proj_out.linears.1.weight
25-12-28 10:44:34 | D |       + quant_dtype: sfp4_e2m1_all
25-12-28 10:44:34 | D |       + group_shape: ((-1, -1, -1), (1, 16, 1))
25-12-28 10:44:34 | D |       + scale_dtype: (None, sfp8_e4m3_nan)
25-12-28 10:44:34 | D |   - Quantizing weights: block single_transformer_blocks.1
25-12-28 10:44:34 | D |     - Quantizing single_transformer_blocks.1.norm.linear.weight
25-12-28 10:44:34 | D |       + quant_dtype: sint4
25-12-28 10:44:34 | D |       + group_shape: ((1, 64, 1),)
25-12-28 10:44:34 | D |       + scale_dtype: (None,)
25-12-28 10:44:34 | D |     - Quantizing single_transformer_blocks.1.attn.to_q.weight
25-12-28 10:44:34 | D |       + quant_dtype: sfp4_e2m1_all
25-12-28 10:44:34 | D |       + group_shape: ((-1, -1, -1), (1, 16, 1))
25-12-28 10:44:34 | D |       + scale_dtype: (None, sfp8_e4m3_nan)
25-12-28 10:44:34 | D |     - Quantizing single_transformer_blocks.1.attn.to_k.weight
25-12-28 10:44:34 | D |       + quant_dtype: sfp4_e2m1_all
25-12-28 10:44:34 | D |       + group_shape: ((-1, -1, -1), (1, 16, 1))
25-12-28 10:44:34 | D |       + scale_dtype: (None, sfp8_e4m3_nan)
25-12-28 10:44:35 | D |     - Quantizing single_transformer_blocks.1.attn.to_v.weight
25-12-28 10:44:35 | D |       + quant_dtype: sfp4_e2m1_all
25-12-28 10:44:35 | D |       + group_shape: ((-1, -1, -1), (1, 16, 1))
25-12-28 10:44:35 | D |       + scale_dtype: (None, sfp8_e4m3_nan)
25-12-28 10:44:35 | D |     - Quantizing single_transformer_blocks.1.proj_out.linears.0.weight
25-12-28 10:44:35 | D |       + quant_dtype: sfp4_e2m1_all
25-12-28 10:44:35 | D |       + group_shape: ((-1, -1, -1), (1, 16, 1))
25-12-28 10:44:35 | D |       + scale_dtype: (None, sfp8_e4m3_nan)
25-12-28 10:44:35 | D |     - Quantizing single_transformer_blocks.1.proj_mlp.weight
25-12-28 10:44:35 | D |       + quant_dtype: sfp4_e2m1_all
25-12-28 10:44:35 | D |       + group_shape: ((-1, -1, -1), (1, 16, 1))
25-12-28 10:44:35 | D |       + scale_dtype: (None, sfp8_e4m3_nan)
25-12-28 10:44:36 | D |     - Quantizing single_transformer_blocks.1.proj_out.linears.1.weight
25-12-28 10:44:36 | D |       + quant_dtype: sfp4_e2m1_all
25-12-28 10:44:36 | D |       + group_shape: ((-1, -1, -1), (1, 16, 1))
25-12-28 10:44:36 | D |       + scale_dtype: (None, sfp8_e4m3_nan)
25-12-28 10:44:36 | D |   - Quantizing weights: block single_transformer_blocks.2
25-12-28 10:44:36 | D |     - Quantizing single_transformer_blocks.2.norm.linear.weight
25-12-28 10:44:36 | D |       + quant_dtype: sint4
25-12-28 10:44:36 | D |       + group_shape: ((1, 64, 1),)
25-12-28 10:44:36 | D |       + scale_dtype: (None,)
25-12-28 10:44:37 | D |     - Quantizing single_transformer_blocks.2.attn.to_q.weight
25-12-28 10:44:37 | D |       + quant_dtype: sfp4_e2m1_all
25-12-28 10:44:37 | D |       + group_shape: ((-1, -1, -1), (1, 16, 1))
25-12-28 10:44:37 | D |       + scale_dtype: (None, sfp8_e4m3_nan)
25-12-28 10:44:37 | D |     - Quantizing single_transformer_blocks.2.attn.to_k.weight
25-12-28 10:44:37 | D |       + quant_dtype: sfp4_e2m1_all
25-12-28 10:44:37 | D |       + group_shape: ((-1, -1, -1), (1, 16, 1))
25-12-28 10:44:37 | D |       + scale_dtype: (None, sfp8_e4m3_nan)
25-12-28 10:44:37 | D |     - Quantizing single_transformer_blocks.2.attn.to_v.weight
25-12-28 10:44:37 | D |       + quant_dtype: sfp4_e2m1_all
25-12-28 10:44:37 | D |       + group_shape: ((-1, -1, -1), (1, 16, 1))
25-12-28 10:44:37 | D |       + scale_dtype: (None, sfp8_e4m3_nan)
25-12-28 10:44:37 | D |     - Quantizing single_transformer_blocks.2.proj_out.linears.0.weight
25-12-28 10:44:37 | D |       + quant_dtype: sfp4_e2m1_all
25-12-28 10:44:37 | D |       + group_shape: ((-1, -1, -1), (1, 16, 1))
25-12-28 10:44:37 | D |       + scale_dtype: (None, sfp8_e4m3_nan)
25-12-28 10:44:38 | D |     - Quantizing single_transformer_blocks.2.proj_mlp.weight
25-12-28 10:44:38 | D |       + quant_dtype: sfp4_e2m1_all
25-12-28 10:44:38 | D |       + group_shape: ((-1, -1, -1), (1, 16, 1))
25-12-28 10:44:38 | D |       + scale_dtype: (None, sfp8_e4m3_nan)
25-12-28 10:44:38 | D |     - Quantizing single_transformer_blocks.2.proj_out.linears.1.weight
25-12-28 10:44:38 | D |       + quant_dtype: sfp4_e2m1_all
25-12-28 10:44:38 | D |       + group_shape: ((-1, -1, -1), (1, 16, 1))
25-12-28 10:44:38 | D |       + scale_dtype: (None, sfp8_e4m3_nan)
25-12-28 10:44:38 | D |   - Quantizing weights: block single_transformer_blocks.3
25-12-28 10:44:38 | D |     - Quantizing single_transformer_blocks.3.norm.linear.weight
25-12-28 10:44:38 | D |       + quant_dtype: sint4
25-12-28 10:44:38 | D |       + group_shape: ((1, 64, 1),)
25-12-28 10:44:38 | D |       + scale_dtype: (None,)
25-12-28 10:44:39 | D |     - Quantizing single_transformer_blocks.3.attn.to_q.weight
25-12-28 10:44:39 | D |       + quant_dtype: sfp4_e2m1_all
25-12-28 10:44:39 | D |       + group_shape: ((-1, -1, -1), (1, 16, 1))
25-12-28 10:44:39 | D |       + scale_dtype: (None, sfp8_e4m3_nan)
25-12-28 10:44:39 | D |     - Quantizing single_transformer_blocks.3.attn.to_k.weight
25-12-28 10:44:39 | D |       + quant_dtype: sfp4_e2m1_all
25-12-28 10:44:39 | D |       + group_shape: ((-1, -1, -1), (1, 16, 1))
25-12-28 10:44:39 | D |       + scale_dtype: (None, sfp8_e4m3_nan)
25-12-28 10:44:40 | D |     - Quantizing single_transformer_blocks.3.attn.to_v.weight
25-12-28 10:44:40 | D |       + quant_dtype: sfp4_e2m1_all
25-12-28 10:44:40 | D |       + group_shape: ((-1, -1, -1), (1, 16, 1))
25-12-28 10:44:40 | D |       + scale_dtype: (None, sfp8_e4m3_nan)
25-12-28 10:44:40 | D |     - Quantizing single_transformer_blocks.3.proj_out.linears.0.weight
25-12-28 10:44:40 | D |       + quant_dtype: sfp4_e2m1_all
25-12-28 10:44:40 | D |       + group_shape: ((-1, -1, -1), (1, 16, 1))
25-12-28 10:44:40 | D |       + scale_dtype: (None, sfp8_e4m3_nan)
25-12-28 10:44:41 | D |     - Quantizing single_transformer_blocks.3.proj_mlp.weight
25-12-28 10:44:41 | D |       + quant_dtype: sfp4_e2m1_all
25-12-28 10:44:41 | D |       + group_shape: ((-1, -1, -1), (1, 16, 1))
25-12-28 10:44:41 | D |       + scale_dtype: (None, sfp8_e4m3_nan)
25-12-28 10:44:41 | D |     - Quantizing single_transformer_blocks.3.proj_out.linears.1.weight
25-12-28 10:44:41 | D |       + quant_dtype: sfp4_e2m1_all
25-12-28 10:44:41 | D |       + group_shape: ((-1, -1, -1), (1, 16, 1))
25-12-28 10:44:41 | D |       + scale_dtype: (None, sfp8_e4m3_nan)
25-12-28 10:44:41 | D |   - Quantizing weights: block single_transformer_blocks.4
25-12-28 10:44:41 | D |     - Quantizing single_transformer_blocks.4.norm.linear.weight
25-12-28 10:44:41 | D |       + quant_dtype: sint4
25-12-28 10:44:41 | D |       + group_shape: ((1, 64, 1),)
25-12-28 10:44:41 | D |       + scale_dtype: (None,)
25-12-28 10:44:42 | D |     - Quantizing single_transformer_blocks.4.attn.to_q.weight
25-12-28 10:44:42 | D |       + quant_dtype: sfp4_e2m1_all
25-12-28 10:44:42 | D |       + group_shape: ((-1, -1, -1), (1, 16, 1))
25-12-28 10:44:42 | D |       + scale_dtype: (None, sfp8_e4m3_nan)
25-12-28 10:44:42 | D |     - Quantizing single_transformer_blocks.4.attn.to_k.weight
25-12-28 10:44:42 | D |       + quant_dtype: sfp4_e2m1_all
25-12-28 10:44:42 | D |       + group_shape: ((-1, -1, -1), (1, 16, 1))
25-12-28 10:44:42 | D |       + scale_dtype: (None, sfp8_e4m3_nan)
25-12-28 10:44:42 | D |     - Quantizing single_transformer_blocks.4.attn.to_v.weight
25-12-28 10:44:42 | D |       + quant_dtype: sfp4_e2m1_all
25-12-28 10:44:42 | D |       + group_shape: ((-1, -1, -1), (1, 16, 1))
25-12-28 10:44:42 | D |       + scale_dtype: (None, sfp8_e4m3_nan)
25-12-28 10:44:43 | D |     - Quantizing single_transformer_blocks.4.proj_out.linears.0.weight
25-12-28 10:44:43 | D |       + quant_dtype: sfp4_e2m1_all
25-12-28 10:44:43 | D |       + group_shape: ((-1, -1, -1), (1, 16, 1))
25-12-28 10:44:43 | D |       + scale_dtype: (None, sfp8_e4m3_nan)
25-12-28 10:44:43 | D |     - Quantizing single_transformer_blocks.4.proj_mlp.weight
25-12-28 10:44:43 | D |       + quant_dtype: sfp4_e2m1_all
25-12-28 10:44:43 | D |       + group_shape: ((-1, -1, -1), (1, 16, 1))
25-12-28 10:44:43 | D |       + scale_dtype: (None, sfp8_e4m3_nan)
25-12-28 10:44:43 | D |     - Quantizing single_transformer_blocks.4.proj_out.linears.1.weight
25-12-28 10:44:43 | D |       + quant_dtype: sfp4_e2m1_all
25-12-28 10:44:43 | D |       + group_shape: ((-1, -1, -1), (1, 16, 1))
25-12-28 10:44:43 | D |       + scale_dtype: (None, sfp8_e4m3_nan)
25-12-28 10:44:44 | D |   - Quantizing weights: block single_transformer_blocks.5
25-12-28 10:44:44 | D |     - Quantizing single_transformer_blocks.5.norm.linear.weight
25-12-28 10:44:44 | D |       + quant_dtype: sint4
25-12-28 10:44:44 | D |       + group_shape: ((1, 64, 1),)
25-12-28 10:44:44 | D |       + scale_dtype: (None,)
25-12-28 10:44:44 | D |     - Quantizing single_transformer_blocks.5.attn.to_q.weight
25-12-28 10:44:44 | D |       + quant_dtype: sfp4_e2m1_all
25-12-28 10:44:44 | D |       + group_shape: ((-1, -1, -1), (1, 16, 1))
25-12-28 10:44:44 | D |       + scale_dtype: (None, sfp8_e4m3_nan)
25-12-28 10:44:44 | D |     - Quantizing single_transformer_blocks.5.attn.to_k.weight
25-12-28 10:44:44 | D |       + quant_dtype: sfp4_e2m1_all
25-12-28 10:44:44 | D |       + group_shape: ((-1, -1, -1), (1, 16, 1))
25-12-28 10:44:44 | D |       + scale_dtype: (None, sfp8_e4m3_nan)
25-12-28 10:44:45 | D |     - Quantizing single_transformer_blocks.5.attn.to_v.weight
25-12-28 10:44:45 | D |       + quant_dtype: sfp4_e2m1_all
25-12-28 10:44:45 | D |       + group_shape: ((-1, -1, -1), (1, 16, 1))
25-12-28 10:44:45 | D |       + scale_dtype: (None, sfp8_e4m3_nan)
25-12-28 10:44:45 | D |     - Quantizing single_transformer_blocks.5.proj_out.linears.0.weight
25-12-28 10:44:45 | D |       + quant_dtype: sfp4_e2m1_all
25-12-28 10:44:45 | D |       + group_shape: ((-1, -1, -1), (1, 16, 1))
25-12-28 10:44:45 | D |       + scale_dtype: (None, sfp8_e4m3_nan)
25-12-28 10:44:45 | D |     - Quantizing single_transformer_blocks.5.proj_mlp.weight
25-12-28 10:44:45 | D |       + quant_dtype: sfp4_e2m1_all
25-12-28 10:44:45 | D |       + group_shape: ((-1, -1, -1), (1, 16, 1))
25-12-28 10:44:45 | D |       + scale_dtype: (None, sfp8_e4m3_nan)
25-12-28 10:44:46 | D |     - Quantizing single_transformer_blocks.5.proj_out.linears.1.weight
25-12-28 10:44:46 | D |       + quant_dtype: sfp4_e2m1_all
25-12-28 10:44:46 | D |       + group_shape: ((-1, -1, -1), (1, 16, 1))
25-12-28 10:44:46 | D |       + scale_dtype: (None, sfp8_e4m3_nan)
25-12-28 10:44:46 | D |   - Quantizing weights: block single_transformer_blocks.6
25-12-28 10:44:46 | D |     - Quantizing single_transformer_blocks.6.norm.linear.weight
25-12-28 10:44:46 | D |       + quant_dtype: sint4
25-12-28 10:44:46 | D |       + group_shape: ((1, 64, 1),)
25-12-28 10:44:46 | D |       + scale_dtype: (None,)
25-12-28 10:44:47 | D |     - Quantizing single_transformer_blocks.6.attn.to_q.weight
25-12-28 10:44:47 | D |       + quant_dtype: sfp4_e2m1_all
25-12-28 10:44:47 | D |       + group_shape: ((-1, -1, -1), (1, 16, 1))
25-12-28 10:44:47 | D |       + scale_dtype: (None, sfp8_e4m3_nan)
25-12-28 10:44:47 | D |     - Quantizing single_transformer_blocks.6.attn.to_k.weight
25-12-28 10:44:47 | D |       + quant_dtype: sfp4_e2m1_all
25-12-28 10:44:47 | D |       + group_shape: ((-1, -1, -1), (1, 16, 1))
25-12-28 10:44:47 | D |       + scale_dtype: (None, sfp8_e4m3_nan)
25-12-28 10:44:47 | D |     - Quantizing single_transformer_blocks.6.attn.to_v.weight
25-12-28 10:44:47 | D |       + quant_dtype: sfp4_e2m1_all
25-12-28 10:44:47 | D |       + group_shape: ((-1, -1, -1), (1, 16, 1))
25-12-28 10:44:47 | D |       + scale_dtype: (None, sfp8_e4m3_nan)
25-12-28 10:44:48 | D |     - Quantizing single_transformer_blocks.6.proj_out.linears.0.weight
25-12-28 10:44:48 | D |       + quant_dtype: sfp4_e2m1_all
25-12-28 10:44:48 | D |       + group_shape: ((-1, -1, -1), (1, 16, 1))
25-12-28 10:44:48 | D |       + scale_dtype: (None, sfp8_e4m3_nan)
25-12-28 10:44:48 | D |     - Quantizing single_transformer_blocks.6.proj_mlp.weight
25-12-28 10:44:48 | D |       + quant_dtype: sfp4_e2m1_all
25-12-28 10:44:48 | D |       + group_shape: ((-1, -1, -1), (1, 16, 1))
25-12-28 10:44:48 | D |       + scale_dtype: (None, sfp8_e4m3_nan)
25-12-28 10:44:48 | D |     - Quantizing single_transformer_blocks.6.proj_out.linears.1.weight
25-12-28 10:44:48 | D |       + quant_dtype: sfp4_e2m1_all
25-12-28 10:44:48 | D |       + group_shape: ((-1, -1, -1), (1, 16, 1))
25-12-28 10:44:48 | D |       + scale_dtype: (None, sfp8_e4m3_nan)
25-12-28 10:44:49 | D |   - Quantizing weights: block single_transformer_blocks.7
25-12-28 10:44:49 | D |     - Quantizing single_transformer_blocks.7.norm.linear.weight
25-12-28 10:44:49 | D |       + quant_dtype: sint4
25-12-28 10:44:49 | D |       + group_shape: ((1, 64, 1),)
25-12-28 10:44:49 | D |       + scale_dtype: (None,)
25-12-28 10:44:49 | D |     - Quantizing single_transformer_blocks.7.attn.to_q.weight
25-12-28 10:44:49 | D |       + quant_dtype: sfp4_e2m1_all
25-12-28 10:44:49 | D |       + group_shape: ((-1, -1, -1), (1, 16, 1))
25-12-28 10:44:49 | D |       + scale_dtype: (None, sfp8_e4m3_nan)
25-12-28 10:44:49 | D |     - Quantizing single_transformer_blocks.7.attn.to_k.weight
25-12-28 10:44:49 | D |       + quant_dtype: sfp4_e2m1_all
25-12-28 10:44:49 | D |       + group_shape: ((-1, -1, -1), (1, 16, 1))
25-12-28 10:44:49 | D |       + scale_dtype: (None, sfp8_e4m3_nan)
25-12-28 10:44:49 | D |     - Quantizing single_transformer_blocks.7.attn.to_v.weight
25-12-28 10:44:49 | D |       + quant_dtype: sfp4_e2m1_all
25-12-28 10:44:49 | D |       + group_shape: ((-1, -1, -1), (1, 16, 1))
25-12-28 10:44:49 | D |       + scale_dtype: (None, sfp8_e4m3_nan)
25-12-28 10:44:50 | D |     - Quantizing single_transformer_blocks.7.proj_out.linears.0.weight
25-12-28 10:44:50 | D |       + quant_dtype: sfp4_e2m1_all
25-12-28 10:44:50 | D |       + group_shape: ((-1, -1, -1), (1, 16, 1))
25-12-28 10:44:50 | D |       + scale_dtype: (None, sfp8_e4m3_nan)
25-12-28 10:44:50 | D |     - Quantizing single_transformer_blocks.7.proj_mlp.weight
25-12-28 10:44:50 | D |       + quant_dtype: sfp4_e2m1_all
25-12-28 10:44:50 | D |       + group_shape: ((-1, -1, -1), (1, 16, 1))
25-12-28 10:44:50 | D |       + scale_dtype: (None, sfp8_e4m3_nan)
25-12-28 10:44:50 | D |     - Quantizing single_transformer_blocks.7.proj_out.linears.1.weight
25-12-28 10:44:50 | D |       + quant_dtype: sfp4_e2m1_all
25-12-28 10:44:50 | D |       + group_shape: ((-1, -1, -1), (1, 16, 1))
25-12-28 10:44:50 | D |       + scale_dtype: (None, sfp8_e4m3_nan)
25-12-28 10:44:51 | D |   - Quantizing weights: block single_transformer_blocks.8
25-12-28 10:44:51 | D |     - Quantizing single_transformer_blocks.8.norm.linear.weight
25-12-28 10:44:51 | D |       + quant_dtype: sint4
25-12-28 10:44:51 | D |       + group_shape: ((1, 64, 1),)
25-12-28 10:44:51 | D |       + scale_dtype: (None,)
25-12-28 10:44:51 | D |     - Quantizing single_transformer_blocks.8.attn.to_q.weight
25-12-28 10:44:51 | D |       + quant_dtype: sfp4_e2m1_all
25-12-28 10:44:51 | D |       + group_shape: ((-1, -1, -1), (1, 16, 1))
25-12-28 10:44:51 | D |       + scale_dtype: (None, sfp8_e4m3_nan)
25-12-28 10:44:51 | D |     - Quantizing single_transformer_blocks.8.attn.to_k.weight
25-12-28 10:44:51 | D |       + quant_dtype: sfp4_e2m1_all
25-12-28 10:44:51 | D |       + group_shape: ((-1, -1, -1), (1, 16, 1))
25-12-28 10:44:51 | D |       + scale_dtype: (None, sfp8_e4m3_nan)
25-12-28 10:44:51 | D |     - Quantizing single_transformer_blocks.8.attn.to_v.weight
25-12-28 10:44:51 | D |       + quant_dtype: sfp4_e2m1_all
25-12-28 10:44:51 | D |       + group_shape: ((-1, -1, -1), (1, 16, 1))
25-12-28 10:44:51 | D |       + scale_dtype: (None, sfp8_e4m3_nan)
25-12-28 10:44:52 | D |     - Quantizing single_transformer_blocks.8.proj_out.linears.0.weight
25-12-28 10:44:52 | D |       + quant_dtype: sfp4_e2m1_all
25-12-28 10:44:52 | D |       + group_shape: ((-1, -1, -1), (1, 16, 1))
25-12-28 10:44:52 | D |       + scale_dtype: (None, sfp8_e4m3_nan)
25-12-28 10:44:52 | D |     - Quantizing single_transformer_blocks.8.proj_mlp.weight
25-12-28 10:44:52 | D |       + quant_dtype: sfp4_e2m1_all
25-12-28 10:44:52 | D |       + group_shape: ((-1, -1, -1), (1, 16, 1))
25-12-28 10:44:52 | D |       + scale_dtype: (None, sfp8_e4m3_nan)
25-12-28 10:44:52 | D |     - Quantizing single_transformer_blocks.8.proj_out.linears.1.weight
25-12-28 10:44:52 | D |       + quant_dtype: sfp4_e2m1_all
25-12-28 10:44:52 | D |       + group_shape: ((-1, -1, -1), (1, 16, 1))
25-12-28 10:44:52 | D |       + scale_dtype: (None, sfp8_e4m3_nan)
25-12-28 10:44:53 | D |   - Quantizing weights: block single_transformer_blocks.9
25-12-28 10:44:53 | D |     - Quantizing single_transformer_blocks.9.norm.linear.weight
25-12-28 10:44:53 | D |       + quant_dtype: sint4
25-12-28 10:44:53 | D |       + group_shape: ((1, 64, 1),)
25-12-28 10:44:53 | D |       + scale_dtype: (None,)
25-12-28 10:44:53 | D |     - Quantizing single_transformer_blocks.9.attn.to_q.weight
25-12-28 10:44:53 | D |       + quant_dtype: sfp4_e2m1_all
25-12-28 10:44:53 | D |       + group_shape: ((-1, -1, -1), (1, 16, 1))
25-12-28 10:44:53 | D |       + scale_dtype: (None, sfp8_e4m3_nan)
25-12-28 10:44:53 | D |     - Quantizing single_transformer_blocks.9.attn.to_k.weight
25-12-28 10:44:53 | D |       + quant_dtype: sfp4_e2m1_all
25-12-28 10:44:53 | D |       + group_shape: ((-1, -1, -1), (1, 16, 1))
25-12-28 10:44:53 | D |       + scale_dtype: (None, sfp8_e4m3_nan)
25-12-28 10:44:53 | D |     - Quantizing single_transformer_blocks.9.attn.to_v.weight
25-12-28 10:44:53 | D |       + quant_dtype: sfp4_e2m1_all
25-12-28 10:44:53 | D |       + group_shape: ((-1, -1, -1), (1, 16, 1))
25-12-28 10:44:53 | D |       + scale_dtype: (None, sfp8_e4m3_nan)
25-12-28 10:44:54 | D |     - Quantizing single_transformer_blocks.9.proj_out.linears.0.weight
25-12-28 10:44:54 | D |       + quant_dtype: sfp4_e2m1_all
25-12-28 10:44:54 | D |       + group_shape: ((-1, -1, -1), (1, 16, 1))
25-12-28 10:44:54 | D |       + scale_dtype: (None, sfp8_e4m3_nan)
25-12-28 10:44:54 | D |     - Quantizing single_transformer_blocks.9.proj_mlp.weight
25-12-28 10:44:54 | D |       + quant_dtype: sfp4_e2m1_all
25-12-28 10:44:54 | D |       + group_shape: ((-1, -1, -1), (1, 16, 1))
25-12-28 10:44:54 | D |       + scale_dtype: (None, sfp8_e4m3_nan)
25-12-28 10:44:54 | D |     - Quantizing single_transformer_blocks.9.proj_out.linears.1.weight
25-12-28 10:44:54 | D |       + quant_dtype: sfp4_e2m1_all
25-12-28 10:44:54 | D |       + group_shape: ((-1, -1, -1), (1, 16, 1))
25-12-28 10:44:54 | D |       + scale_dtype: (None, sfp8_e4m3_nan)
25-12-28 10:44:55 | D |   - Quantizing weights: block single_transformer_blocks.10
25-12-28 10:44:55 | D |     - Quantizing single_transformer_blocks.10.norm.linear.weight
25-12-28 10:44:55 | D |       + quant_dtype: sint4
25-12-28 10:44:55 | D |       + group_shape: ((1, 64, 1),)
25-12-28 10:44:55 | D |       + scale_dtype: (None,)
25-12-28 10:44:55 | D |     - Quantizing single_transformer_blocks.10.attn.to_q.weight
25-12-28 10:44:55 | D |       + quant_dtype: sfp4_e2m1_all
25-12-28 10:44:55 | D |       + group_shape: ((-1, -1, -1), (1, 16, 1))
25-12-28 10:44:55 | D |       + scale_dtype: (None, sfp8_e4m3_nan)
25-12-28 10:44:55 | D |     - Quantizing single_transformer_blocks.10.attn.to_k.weight
25-12-28 10:44:55 | D |       + quant_dtype: sfp4_e2m1_all
25-12-28 10:44:55 | D |       + group_shape: ((-1, -1, -1), (1, 16, 1))
25-12-28 10:44:55 | D |       + scale_dtype: (None, sfp8_e4m3_nan)
25-12-28 10:44:56 | D |     - Quantizing single_transformer_blocks.10.attn.to_v.weight
25-12-28 10:44:56 | D |       + quant_dtype: sfp4_e2m1_all
25-12-28 10:44:56 | D |       + group_shape: ((-1, -1, -1), (1, 16, 1))
25-12-28 10:44:56 | D |       + scale_dtype: (None, sfp8_e4m3_nan)
25-12-28 10:44:56 | D |     - Quantizing single_transformer_blocks.10.proj_out.linears.0.weight
25-12-28 10:44:56 | D |       + quant_dtype: sfp4_e2m1_all
25-12-28 10:44:56 | D |       + group_shape: ((-1, -1, -1), (1, 16, 1))
25-12-28 10:44:56 | D |       + scale_dtype: (None, sfp8_e4m3_nan)
25-12-28 10:44:57 | D |     - Quantizing single_transformer_blocks.10.proj_mlp.weight
25-12-28 10:44:57 | D |       + quant_dtype: sfp4_e2m1_all
25-12-28 10:44:57 | D |       + group_shape: ((-1, -1, -1), (1, 16, 1))
25-12-28 10:44:57 | D |       + scale_dtype: (None, sfp8_e4m3_nan)
25-12-28 10:44:57 | D |     - Quantizing single_transformer_blocks.10.proj_out.linears.1.weight
25-12-28 10:44:57 | D |       + quant_dtype: sfp4_e2m1_all
25-12-28 10:44:57 | D |       + group_shape: ((-1, -1, -1), (1, 16, 1))
25-12-28 10:44:57 | D |       + scale_dtype: (None, sfp8_e4m3_nan)
25-12-28 10:44:57 | D |   - Quantizing weights: block single_transformer_blocks.11
25-12-28 10:44:57 | D |     - Quantizing single_transformer_blocks.11.norm.linear.weight
25-12-28 10:44:57 | D |       + quant_dtype: sint4
25-12-28 10:44:57 | D |       + group_shape: ((1, 64, 1),)
25-12-28 10:44:57 | D |       + scale_dtype: (None,)
25-12-28 10:44:57 | D |     - Quantizing single_transformer_blocks.11.attn.to_q.weight
25-12-28 10:44:57 | D |       + quant_dtype: sfp4_e2m1_all
25-12-28 10:44:57 | D |       + group_shape: ((-1, -1, -1), (1, 16, 1))
25-12-28 10:44:57 | D |       + scale_dtype: (None, sfp8_e4m3_nan)
25-12-28 10:44:58 | D |     - Quantizing single_transformer_blocks.11.attn.to_k.weight
25-12-28 10:44:58 | D |       + quant_dtype: sfp4_e2m1_all
25-12-28 10:44:58 | D |       + group_shape: ((-1, -1, -1), (1, 16, 1))
25-12-28 10:44:58 | D |       + scale_dtype: (None, sfp8_e4m3_nan)
25-12-28 10:44:58 | D |     - Quantizing single_transformer_blocks.11.attn.to_v.weight
25-12-28 10:44:58 | D |       + quant_dtype: sfp4_e2m1_all
25-12-28 10:44:58 | D |       + group_shape: ((-1, -1, -1), (1, 16, 1))
25-12-28 10:44:58 | D |       + scale_dtype: (None, sfp8_e4m3_nan)
25-12-28 10:44:58 | D |     - Quantizing single_transformer_blocks.11.proj_out.linears.0.weight
25-12-28 10:44:58 | D |       + quant_dtype: sfp4_e2m1_all
25-12-28 10:44:58 | D |       + group_shape: ((-1, -1, -1), (1, 16, 1))
25-12-28 10:44:58 | D |       + scale_dtype: (None, sfp8_e4m3_nan)
25-12-28 10:44:59 | D |     - Quantizing single_transformer_blocks.11.proj_mlp.weight
25-12-28 10:44:59 | D |       + quant_dtype: sfp4_e2m1_all
25-12-28 10:44:59 | D |       + group_shape: ((-1, -1, -1), (1, 16, 1))
25-12-28 10:44:59 | D |       + scale_dtype: (None, sfp8_e4m3_nan)
25-12-28 10:44:59 | D |     - Quantizing single_transformer_blocks.11.proj_out.linears.1.weight
25-12-28 10:44:59 | D |       + quant_dtype: sfp4_e2m1_all
25-12-28 10:44:59 | D |       + group_shape: ((-1, -1, -1), (1, 16, 1))
25-12-28 10:44:59 | D |       + scale_dtype: (None, sfp8_e4m3_nan)
25-12-28 10:44:59 | D |   - Quantizing weights: block single_transformer_blocks.12
25-12-28 10:44:59 | D |     - Quantizing single_transformer_blocks.12.norm.linear.weight
25-12-28 10:44:59 | D |       + quant_dtype: sint4
25-12-28 10:44:59 | D |       + group_shape: ((1, 64, 1),)
25-12-28 10:44:59 | D |       + scale_dtype: (None,)
25-12-28 10:45:00 | D |     - Quantizing single_transformer_blocks.12.attn.to_q.weight
25-12-28 10:45:00 | D |       + quant_dtype: sfp4_e2m1_all
25-12-28 10:45:00 | D |       + group_shape: ((-1, -1, -1), (1, 16, 1))
25-12-28 10:45:00 | D |       + scale_dtype: (None, sfp8_e4m3_nan)
25-12-28 10:45:00 | D |     - Quantizing single_transformer_blocks.12.attn.to_k.weight
25-12-28 10:45:00 | D |       + quant_dtype: sfp4_e2m1_all
25-12-28 10:45:00 | D |       + group_shape: ((-1, -1, -1), (1, 16, 1))
25-12-28 10:45:00 | D |       + scale_dtype: (None, sfp8_e4m3_nan)
25-12-28 10:45:00 | D |     - Quantizing single_transformer_blocks.12.attn.to_v.weight
25-12-28 10:45:00 | D |       + quant_dtype: sfp4_e2m1_all
25-12-28 10:45:00 | D |       + group_shape: ((-1, -1, -1), (1, 16, 1))
25-12-28 10:45:00 | D |       + scale_dtype: (None, sfp8_e4m3_nan)
25-12-28 10:45:01 | D |     - Quantizing single_transformer_blocks.12.proj_out.linears.0.weight
25-12-28 10:45:01 | D |       + quant_dtype: sfp4_e2m1_all
25-12-28 10:45:01 | D |       + group_shape: ((-1, -1, -1), (1, 16, 1))
25-12-28 10:45:01 | D |       + scale_dtype: (None, sfp8_e4m3_nan)
25-12-28 10:45:01 | D |     - Quantizing single_transformer_blocks.12.proj_mlp.weight
25-12-28 10:45:01 | D |       + quant_dtype: sfp4_e2m1_all
25-12-28 10:45:01 | D |       + group_shape: ((-1, -1, -1), (1, 16, 1))
25-12-28 10:45:01 | D |       + scale_dtype: (None, sfp8_e4m3_nan)
25-12-28 10:45:02 | D |     - Quantizing single_transformer_blocks.12.proj_out.linears.1.weight
25-12-28 10:45:02 | D |       + quant_dtype: sfp4_e2m1_all
25-12-28 10:45:02 | D |       + group_shape: ((-1, -1, -1), (1, 16, 1))
25-12-28 10:45:02 | D |       + scale_dtype: (None, sfp8_e4m3_nan)
25-12-28 10:45:02 | D |   - Quantizing weights: block single_transformer_blocks.13
25-12-28 10:45:02 | D |     - Quantizing single_transformer_blocks.13.norm.linear.weight
25-12-28 10:45:02 | D |       + quant_dtype: sint4
25-12-28 10:45:02 | D |       + group_shape: ((1, 64, 1),)
25-12-28 10:45:02 | D |       + scale_dtype: (None,)
25-12-28 10:45:02 | D |     - Quantizing single_transformer_blocks.13.attn.to_q.weight
25-12-28 10:45:02 | D |       + quant_dtype: sfp4_e2m1_all
25-12-28 10:45:02 | D |       + group_shape: ((-1, -1, -1), (1, 16, 1))
25-12-28 10:45:02 | D |       + scale_dtype: (None, sfp8_e4m3_nan)
25-12-28 10:45:02 | D |     - Quantizing single_transformer_blocks.13.attn.to_k.weight
25-12-28 10:45:02 | D |       + quant_dtype: sfp4_e2m1_all
25-12-28 10:45:02 | D |       + group_shape: ((-1, -1, -1), (1, 16, 1))
25-12-28 10:45:02 | D |       + scale_dtype: (None, sfp8_e4m3_nan)
25-12-28 10:45:03 | D |     - Quantizing single_transformer_blocks.13.attn.to_v.weight
25-12-28 10:45:03 | D |       + quant_dtype: sfp4_e2m1_all
25-12-28 10:45:03 | D |       + group_shape: ((-1, -1, -1), (1, 16, 1))
25-12-28 10:45:03 | D |       + scale_dtype: (None, sfp8_e4m3_nan)
25-12-28 10:45:03 | D |     - Quantizing single_transformer_blocks.13.proj_out.linears.0.weight
25-12-28 10:45:03 | D |       + quant_dtype: sfp4_e2m1_all
25-12-28 10:45:03 | D |       + group_shape: ((-1, -1, -1), (1, 16, 1))
25-12-28 10:45:03 | D |       + scale_dtype: (None, sfp8_e4m3_nan)
25-12-28 10:45:03 | D |     - Quantizing single_transformer_blocks.13.proj_mlp.weight
25-12-28 10:45:03 | D |       + quant_dtype: sfp4_e2m1_all
25-12-28 10:45:03 | D |       + group_shape: ((-1, -1, -1), (1, 16, 1))
25-12-28 10:45:03 | D |       + scale_dtype: (None, sfp8_e4m3_nan)
25-12-28 10:45:04 | D |     - Quantizing single_transformer_blocks.13.proj_out.linears.1.weight
25-12-28 10:45:04 | D |       + quant_dtype: sfp4_e2m1_all
25-12-28 10:45:04 | D |       + group_shape: ((-1, -1, -1), (1, 16, 1))
25-12-28 10:45:04 | D |       + scale_dtype: (None, sfp8_e4m3_nan)
25-12-28 10:45:04 | D |   - Quantizing weights: block single_transformer_blocks.14
25-12-28 10:45:04 | D |     - Quantizing single_transformer_blocks.14.norm.linear.weight
25-12-28 10:45:04 | D |       + quant_dtype: sint4
25-12-28 10:45:04 | D |       + group_shape: ((1, 64, 1),)
25-12-28 10:45:04 | D |       + scale_dtype: (None,)
25-12-28 10:45:04 | D |     - Quantizing single_transformer_blocks.14.attn.to_q.weight
25-12-28 10:45:04 | D |       + quant_dtype: sfp4_e2m1_all
25-12-28 10:45:04 | D |       + group_shape: ((-1, -1, -1), (1, 16, 1))
25-12-28 10:45:04 | D |       + scale_dtype: (None, sfp8_e4m3_nan)
25-12-28 10:45:04 | D |     - Quantizing single_transformer_blocks.14.attn.to_k.weight
25-12-28 10:45:04 | D |       + quant_dtype: sfp4_e2m1_all
25-12-28 10:45:04 | D |       + group_shape: ((-1, -1, -1), (1, 16, 1))
25-12-28 10:45:04 | D |       + scale_dtype: (None, sfp8_e4m3_nan)
25-12-28 10:45:05 | D |     - Quantizing single_transformer_blocks.14.attn.to_v.weight
25-12-28 10:45:05 | D |       + quant_dtype: sfp4_e2m1_all
25-12-28 10:45:05 | D |       + group_shape: ((-1, -1, -1), (1, 16, 1))
25-12-28 10:45:05 | D |       + scale_dtype: (None, sfp8_e4m3_nan)
25-12-28 10:45:05 | D |     - Quantizing single_transformer_blocks.14.proj_out.linears.0.weight
25-12-28 10:45:05 | D |       + quant_dtype: sfp4_e2m1_all
25-12-28 10:45:05 | D |       + group_shape: ((-1, -1, -1), (1, 16, 1))
25-12-28 10:45:05 | D |       + scale_dtype: (None, sfp8_e4m3_nan)
25-12-28 10:45:05 | D |     - Quantizing single_transformer_blocks.14.proj_mlp.weight
25-12-28 10:45:05 | D |       + quant_dtype: sfp4_e2m1_all
25-12-28 10:45:05 | D |       + group_shape: ((-1, -1, -1), (1, 16, 1))
25-12-28 10:45:05 | D |       + scale_dtype: (None, sfp8_e4m3_nan)
25-12-28 10:45:06 | D |     - Quantizing single_transformer_blocks.14.proj_out.linears.1.weight
25-12-28 10:45:06 | D |       + quant_dtype: sfp4_e2m1_all
25-12-28 10:45:06 | D |       + group_shape: ((-1, -1, -1), (1, 16, 1))
25-12-28 10:45:06 | D |       + scale_dtype: (None, sfp8_e4m3_nan)
25-12-28 10:45:06 | D |   - Quantizing weights: block single_transformer_blocks.15
25-12-28 10:45:06 | D |     - Quantizing single_transformer_blocks.15.norm.linear.weight
25-12-28 10:45:06 | D |       + quant_dtype: sint4
25-12-28 10:45:06 | D |       + group_shape: ((1, 64, 1),)
25-12-28 10:45:06 | D |       + scale_dtype: (None,)
25-12-28 10:45:06 | D |     - Quantizing single_transformer_blocks.15.attn.to_q.weight
25-12-28 10:45:06 | D |       + quant_dtype: sfp4_e2m1_all
25-12-28 10:45:06 | D |       + group_shape: ((-1, -1, -1), (1, 16, 1))
25-12-28 10:45:06 | D |       + scale_dtype: (None, sfp8_e4m3_nan)
25-12-28 10:45:07 | D |     - Quantizing single_transformer_blocks.15.attn.to_k.weight
25-12-28 10:45:07 | D |       + quant_dtype: sfp4_e2m1_all
25-12-28 10:45:07 | D |       + group_shape: ((-1, -1, -1), (1, 16, 1))
25-12-28 10:45:07 | D |       + scale_dtype: (None, sfp8_e4m3_nan)
25-12-28 10:45:07 | D |     - Quantizing single_transformer_blocks.15.attn.to_v.weight
25-12-28 10:45:07 | D |       + quant_dtype: sfp4_e2m1_all
25-12-28 10:45:07 | D |       + group_shape: ((-1, -1, -1), (1, 16, 1))
25-12-28 10:45:07 | D |       + scale_dtype: (None, sfp8_e4m3_nan)
25-12-28 10:45:07 | D |     - Quantizing single_transformer_blocks.15.proj_out.linears.0.weight
25-12-28 10:45:07 | D |       + quant_dtype: sfp4_e2m1_all
25-12-28 10:45:07 | D |       + group_shape: ((-1, -1, -1), (1, 16, 1))
25-12-28 10:45:07 | D |       + scale_dtype: (None, sfp8_e4m3_nan)
25-12-28 10:45:07 | D |     - Quantizing single_transformer_blocks.15.proj_mlp.weight
25-12-28 10:45:07 | D |       + quant_dtype: sfp4_e2m1_all
25-12-28 10:45:07 | D |       + group_shape: ((-1, -1, -1), (1, 16, 1))
25-12-28 10:45:07 | D |       + scale_dtype: (None, sfp8_e4m3_nan)
25-12-28 10:45:08 | D |     - Quantizing single_transformer_blocks.15.proj_out.linears.1.weight
25-12-28 10:45:08 | D |       + quant_dtype: sfp4_e2m1_all
25-12-28 10:45:08 | D |       + group_shape: ((-1, -1, -1), (1, 16, 1))
25-12-28 10:45:08 | D |       + scale_dtype: (None, sfp8_e4m3_nan)
25-12-28 10:45:08 | D |   - Quantizing weights: block single_transformer_blocks.16
25-12-28 10:45:08 | D |     - Quantizing single_transformer_blocks.16.norm.linear.weight
25-12-28 10:45:08 | D |       + quant_dtype: sint4
25-12-28 10:45:08 | D |       + group_shape: ((1, 64, 1),)
25-12-28 10:45:08 | D |       + scale_dtype: (None,)
25-12-28 10:45:08 | D |     - Quantizing single_transformer_blocks.16.attn.to_q.weight
25-12-28 10:45:08 | D |       + quant_dtype: sfp4_e2m1_all
25-12-28 10:45:08 | D |       + group_shape: ((-1, -1, -1), (1, 16, 1))
25-12-28 10:45:08 | D |       + scale_dtype: (None, sfp8_e4m3_nan)
25-12-28 10:45:09 | D |     - Quantizing single_transformer_blocks.16.attn.to_k.weight
25-12-28 10:45:09 | D |       + quant_dtype: sfp4_e2m1_all
25-12-28 10:45:09 | D |       + group_shape: ((-1, -1, -1), (1, 16, 1))
25-12-28 10:45:09 | D |       + scale_dtype: (None, sfp8_e4m3_nan)
25-12-28 10:45:09 | D |     - Quantizing single_transformer_blocks.16.attn.to_v.weight
25-12-28 10:45:09 | D |       + quant_dtype: sfp4_e2m1_all
25-12-28 10:45:09 | D |       + group_shape: ((-1, -1, -1), (1, 16, 1))
25-12-28 10:45:09 | D |       + scale_dtype: (None, sfp8_e4m3_nan)
25-12-28 10:45:09 | D |     - Quantizing single_transformer_blocks.16.proj_out.linears.0.weight
25-12-28 10:45:09 | D |       + quant_dtype: sfp4_e2m1_all
25-12-28 10:45:09 | D |       + group_shape: ((-1, -1, -1), (1, 16, 1))
25-12-28 10:45:09 | D |       + scale_dtype: (None, sfp8_e4m3_nan)
25-12-28 10:45:09 | D |     - Quantizing single_transformer_blocks.16.proj_mlp.weight
25-12-28 10:45:09 | D |       + quant_dtype: sfp4_e2m1_all
25-12-28 10:45:09 | D |       + group_shape: ((-1, -1, -1), (1, 16, 1))
25-12-28 10:45:09 | D |       + scale_dtype: (None, sfp8_e4m3_nan)
25-12-28 10:45:10 | D |     - Quantizing single_transformer_blocks.16.proj_out.linears.1.weight
25-12-28 10:45:10 | D |       + quant_dtype: sfp4_e2m1_all
25-12-28 10:45:10 | D |       + group_shape: ((-1, -1, -1), (1, 16, 1))
25-12-28 10:45:10 | D |       + scale_dtype: (None, sfp8_e4m3_nan)
25-12-28 10:45:10 | D |   - Quantizing weights: block single_transformer_blocks.17
25-12-28 10:45:10 | D |     - Quantizing single_transformer_blocks.17.norm.linear.weight
25-12-28 10:45:10 | D |       + quant_dtype: sint4
25-12-28 10:45:10 | D |       + group_shape: ((1, 64, 1),)
25-12-28 10:45:10 | D |       + scale_dtype: (None,)
25-12-28 10:45:10 | D |     - Quantizing single_transformer_blocks.17.attn.to_q.weight
25-12-28 10:45:10 | D |       + quant_dtype: sfp4_e2m1_all
25-12-28 10:45:10 | D |       + group_shape: ((-1, -1, -1), (1, 16, 1))
25-12-28 10:45:10 | D |       + scale_dtype: (None, sfp8_e4m3_nan)
25-12-28 10:45:11 | D |     - Quantizing single_transformer_blocks.17.attn.to_k.weight
25-12-28 10:45:11 | D |       + quant_dtype: sfp4_e2m1_all
25-12-28 10:45:11 | D |       + group_shape: ((-1, -1, -1), (1, 16, 1))
25-12-28 10:45:11 | D |       + scale_dtype: (None, sfp8_e4m3_nan)
25-12-28 10:45:11 | D |     - Quantizing single_transformer_blocks.17.attn.to_v.weight
25-12-28 10:45:11 | D |       + quant_dtype: sfp4_e2m1_all
25-12-28 10:45:11 | D |       + group_shape: ((-1, -1, -1), (1, 16, 1))
25-12-28 10:45:11 | D |       + scale_dtype: (None, sfp8_e4m3_nan)
25-12-28 10:45:11 | D |     - Quantizing single_transformer_blocks.17.proj_out.linears.0.weight
25-12-28 10:45:11 | D |       + quant_dtype: sfp4_e2m1_all
25-12-28 10:45:11 | D |       + group_shape: ((-1, -1, -1), (1, 16, 1))
25-12-28 10:45:11 | D |       + scale_dtype: (None, sfp8_e4m3_nan)
25-12-28 10:45:11 | D |     - Quantizing single_transformer_blocks.17.proj_mlp.weight
25-12-28 10:45:11 | D |       + quant_dtype: sfp4_e2m1_all
25-12-28 10:45:11 | D |       + group_shape: ((-1, -1, -1), (1, 16, 1))
25-12-28 10:45:11 | D |       + scale_dtype: (None, sfp8_e4m3_nan)
25-12-28 10:45:12 | D |     - Quantizing single_transformer_blocks.17.proj_out.linears.1.weight
25-12-28 10:45:12 | D |       + quant_dtype: sfp4_e2m1_all
25-12-28 10:45:12 | D |       + group_shape: ((-1, -1, -1), (1, 16, 1))
25-12-28 10:45:12 | D |       + scale_dtype: (None, sfp8_e4m3_nan)
25-12-28 10:45:12 | D |   - Quantizing weights: block single_transformer_blocks.18
25-12-28 10:45:12 | D |     - Quantizing single_transformer_blocks.18.norm.linear.weight
25-12-28 10:45:12 | D |       + quant_dtype: sint4
25-12-28 10:45:12 | D |       + group_shape: ((1, 64, 1),)
25-12-28 10:45:12 | D |       + scale_dtype: (None,)
25-12-28 10:45:12 | D |     - Quantizing single_transformer_blocks.18.attn.to_q.weight
25-12-28 10:45:12 | D |       + quant_dtype: sfp4_e2m1_all
25-12-28 10:45:12 | D |       + group_shape: ((-1, -1, -1), (1, 16, 1))
25-12-28 10:45:12 | D |       + scale_dtype: (None, sfp8_e4m3_nan)
25-12-28 10:45:13 | D |     - Quantizing single_transformer_blocks.18.attn.to_k.weight
25-12-28 10:45:13 | D |       + quant_dtype: sfp4_e2m1_all
25-12-28 10:45:13 | D |       + group_shape: ((-1, -1, -1), (1, 16, 1))
25-12-28 10:45:13 | D |       + scale_dtype: (None, sfp8_e4m3_nan)
25-12-28 10:45:13 | D |     - Quantizing single_transformer_blocks.18.attn.to_v.weight
25-12-28 10:45:13 | D |       + quant_dtype: sfp4_e2m1_all
25-12-28 10:45:13 | D |       + group_shape: ((-1, -1, -1), (1, 16, 1))
25-12-28 10:45:13 | D |       + scale_dtype: (None, sfp8_e4m3_nan)
25-12-28 10:45:13 | D |     - Quantizing single_transformer_blocks.18.proj_out.linears.0.weight
25-12-28 10:45:13 | D |       + quant_dtype: sfp4_e2m1_all
25-12-28 10:45:13 | D |       + group_shape: ((-1, -1, -1), (1, 16, 1))
25-12-28 10:45:13 | D |       + scale_dtype: (None, sfp8_e4m3_nan)
25-12-28 10:45:13 | D |     - Quantizing single_transformer_blocks.18.proj_mlp.weight
25-12-28 10:45:13 | D |       + quant_dtype: sfp4_e2m1_all
25-12-28 10:45:13 | D |       + group_shape: ((-1, -1, -1), (1, 16, 1))
25-12-28 10:45:13 | D |       + scale_dtype: (None, sfp8_e4m3_nan)
25-12-28 10:45:14 | D |     - Quantizing single_transformer_blocks.18.proj_out.linears.1.weight
25-12-28 10:45:14 | D |       + quant_dtype: sfp4_e2m1_all
25-12-28 10:45:14 | D |       + group_shape: ((-1, -1, -1), (1, 16, 1))
25-12-28 10:45:14 | D |       + scale_dtype: (None, sfp8_e4m3_nan)
25-12-28 10:45:14 | D |   - Quantizing weights: block single_transformer_blocks.19
25-12-28 10:45:14 | D |     - Quantizing single_transformer_blocks.19.norm.linear.weight
25-12-28 10:45:14 | D |       + quant_dtype: sint4
25-12-28 10:45:14 | D |       + group_shape: ((1, 64, 1),)
25-12-28 10:45:14 | D |       + scale_dtype: (None,)
25-12-28 10:45:14 | D |     - Quantizing single_transformer_blocks.19.attn.to_q.weight
25-12-28 10:45:14 | D |       + quant_dtype: sfp4_e2m1_all
25-12-28 10:45:14 | D |       + group_shape: ((-1, -1, -1), (1, 16, 1))
25-12-28 10:45:14 | D |       + scale_dtype: (None, sfp8_e4m3_nan)
25-12-28 10:45:15 | D |     - Quantizing single_transformer_blocks.19.attn.to_k.weight
25-12-28 10:45:15 | D |       + quant_dtype: sfp4_e2m1_all
25-12-28 10:45:15 | D |       + group_shape: ((-1, -1, -1), (1, 16, 1))
25-12-28 10:45:15 | D |       + scale_dtype: (None, sfp8_e4m3_nan)
25-12-28 10:45:15 | D |     - Quantizing single_transformer_blocks.19.attn.to_v.weight
25-12-28 10:45:15 | D |       + quant_dtype: sfp4_e2m1_all
25-12-28 10:45:15 | D |       + group_shape: ((-1, -1, -1), (1, 16, 1))
25-12-28 10:45:15 | D |       + scale_dtype: (None, sfp8_e4m3_nan)
25-12-28 10:45:15 | D |     - Quantizing single_transformer_blocks.19.proj_out.linears.0.weight
25-12-28 10:45:15 | D |       + quant_dtype: sfp4_e2m1_all
25-12-28 10:45:15 | D |       + group_shape: ((-1, -1, -1), (1, 16, 1))
25-12-28 10:45:15 | D |       + scale_dtype: (None, sfp8_e4m3_nan)
25-12-28 10:45:15 | D |     - Quantizing single_transformer_blocks.19.proj_mlp.weight
25-12-28 10:45:15 | D |       + quant_dtype: sfp4_e2m1_all
25-12-28 10:45:15 | D |       + group_shape: ((-1, -1, -1), (1, 16, 1))
25-12-28 10:45:15 | D |       + scale_dtype: (None, sfp8_e4m3_nan)
25-12-28 10:45:16 | D |     - Quantizing single_transformer_blocks.19.proj_out.linears.1.weight
25-12-28 10:45:16 | D |       + quant_dtype: sfp4_e2m1_all
25-12-28 10:45:16 | D |       + group_shape: ((-1, -1, -1), (1, 16, 1))
25-12-28 10:45:16 | D |       + scale_dtype: (None, sfp8_e4m3_nan)
25-12-28 10:45:16 | D |   - Quantizing weights: block single_transformer_blocks.20
25-12-28 10:45:16 | D |     - Quantizing single_transformer_blocks.20.norm.linear.weight
25-12-28 10:45:16 | D |       + quant_dtype: sint4
25-12-28 10:45:16 | D |       + group_shape: ((1, 64, 1),)
25-12-28 10:45:16 | D |       + scale_dtype: (None,)
25-12-28 10:45:16 | D |     - Quantizing single_transformer_blocks.20.attn.to_q.weight
25-12-28 10:45:16 | D |       + quant_dtype: sfp4_e2m1_all
25-12-28 10:45:16 | D |       + group_shape: ((-1, -1, -1), (1, 16, 1))
25-12-28 10:45:16 | D |       + scale_dtype: (None, sfp8_e4m3_nan)
25-12-28 10:45:17 | D |     - Quantizing single_transformer_blocks.20.attn.to_k.weight
25-12-28 10:45:17 | D |       + quant_dtype: sfp4_e2m1_all
25-12-28 10:45:17 | D |       + group_shape: ((-1, -1, -1), (1, 16, 1))
25-12-28 10:45:17 | D |       + scale_dtype: (None, sfp8_e4m3_nan)
25-12-28 10:45:17 | D |     - Quantizing single_transformer_blocks.20.attn.to_v.weight
25-12-28 10:45:17 | D |       + quant_dtype: sfp4_e2m1_all
25-12-28 10:45:17 | D |       + group_shape: ((-1, -1, -1), (1, 16, 1))
25-12-28 10:45:17 | D |       + scale_dtype: (None, sfp8_e4m3_nan)
25-12-28 10:45:17 | D |     - Quantizing single_transformer_blocks.20.proj_out.linears.0.weight
25-12-28 10:45:17 | D |       + quant_dtype: sfp4_e2m1_all
25-12-28 10:45:17 | D |       + group_shape: ((-1, -1, -1), (1, 16, 1))
25-12-28 10:45:17 | D |       + scale_dtype: (None, sfp8_e4m3_nan)
25-12-28 10:45:18 | D |     - Quantizing single_transformer_blocks.20.proj_mlp.weight
25-12-28 10:45:18 | D |       + quant_dtype: sfp4_e2m1_all
25-12-28 10:45:18 | D |       + group_shape: ((-1, -1, -1), (1, 16, 1))
25-12-28 10:45:18 | D |       + scale_dtype: (None, sfp8_e4m3_nan)
25-12-28 10:45:18 | D |     - Quantizing single_transformer_blocks.20.proj_out.linears.1.weight
25-12-28 10:45:18 | D |       + quant_dtype: sfp4_e2m1_all
25-12-28 10:45:18 | D |       + group_shape: ((-1, -1, -1), (1, 16, 1))
25-12-28 10:45:18 | D |       + scale_dtype: (None, sfp8_e4m3_nan)
25-12-28 10:45:18 | D |   - Quantizing weights: block single_transformer_blocks.21
25-12-28 10:45:18 | D |     - Quantizing single_transformer_blocks.21.norm.linear.weight
25-12-28 10:45:18 | D |       + quant_dtype: sint4
25-12-28 10:45:18 | D |       + group_shape: ((1, 64, 1),)
25-12-28 10:45:18 | D |       + scale_dtype: (None,)
25-12-28 10:45:18 | D |     - Quantizing single_transformer_blocks.21.attn.to_q.weight
25-12-28 10:45:18 | D |       + quant_dtype: sfp4_e2m1_all
25-12-28 10:45:18 | D |       + group_shape: ((-1, -1, -1), (1, 16, 1))
25-12-28 10:45:18 | D |       + scale_dtype: (None, sfp8_e4m3_nan)
25-12-28 10:45:19 | D |     - Quantizing single_transformer_blocks.21.attn.to_k.weight
25-12-28 10:45:19 | D |       + quant_dtype: sfp4_e2m1_all
25-12-28 10:45:19 | D |       + group_shape: ((-1, -1, -1), (1, 16, 1))
25-12-28 10:45:19 | D |       + scale_dtype: (None, sfp8_e4m3_nan)
25-12-28 10:45:19 | D |     - Quantizing single_transformer_blocks.21.attn.to_v.weight
25-12-28 10:45:19 | D |       + quant_dtype: sfp4_e2m1_all
25-12-28 10:45:19 | D |       + group_shape: ((-1, -1, -1), (1, 16, 1))
25-12-28 10:45:19 | D |       + scale_dtype: (None, sfp8_e4m3_nan)
25-12-28 10:45:19 | D |     - Quantizing single_transformer_blocks.21.proj_out.linears.0.weight
25-12-28 10:45:19 | D |       + quant_dtype: sfp4_e2m1_all
25-12-28 10:45:19 | D |       + group_shape: ((-1, -1, -1), (1, 16, 1))
25-12-28 10:45:19 | D |       + scale_dtype: (None, sfp8_e4m3_nan)
25-12-28 10:45:20 | D |     - Quantizing single_transformer_blocks.21.proj_mlp.weight
25-12-28 10:45:20 | D |       + quant_dtype: sfp4_e2m1_all
25-12-28 10:45:20 | D |       + group_shape: ((-1, -1, -1), (1, 16, 1))
25-12-28 10:45:20 | D |       + scale_dtype: (None, sfp8_e4m3_nan)
25-12-28 10:45:20 | D |     - Quantizing single_transformer_blocks.21.proj_out.linears.1.weight
25-12-28 10:45:20 | D |       + quant_dtype: sfp4_e2m1_all
25-12-28 10:45:20 | D |       + group_shape: ((-1, -1, -1), (1, 16, 1))
25-12-28 10:45:20 | D |       + scale_dtype: (None, sfp8_e4m3_nan)
25-12-28 10:45:20 | D |   - Quantizing weights: block single_transformer_blocks.22
25-12-28 10:45:20 | D |     - Quantizing single_transformer_blocks.22.norm.linear.weight
25-12-28 10:45:20 | D |       + quant_dtype: sint4
25-12-28 10:45:20 | D |       + group_shape: ((1, 64, 1),)
25-12-28 10:45:20 | D |       + scale_dtype: (None,)
25-12-28 10:45:20 | D |     - Quantizing single_transformer_blocks.22.attn.to_q.weight
25-12-28 10:45:20 | D |       + quant_dtype: sfp4_e2m1_all
25-12-28 10:45:20 | D |       + group_shape: ((-1, -1, -1), (1, 16, 1))
25-12-28 10:45:20 | D |       + scale_dtype: (None, sfp8_e4m3_nan)
25-12-28 10:45:21 | D |     - Quantizing single_transformer_blocks.22.attn.to_k.weight
25-12-28 10:45:21 | D |       + quant_dtype: sfp4_e2m1_all
25-12-28 10:45:21 | D |       + group_shape: ((-1, -1, -1), (1, 16, 1))
25-12-28 10:45:21 | D |       + scale_dtype: (None, sfp8_e4m3_nan)
25-12-28 10:45:21 | D |     - Quantizing single_transformer_blocks.22.attn.to_v.weight
25-12-28 10:45:21 | D |       + quant_dtype: sfp4_e2m1_all
25-12-28 10:45:21 | D |       + group_shape: ((-1, -1, -1), (1, 16, 1))
25-12-28 10:45:21 | D |       + scale_dtype: (None, sfp8_e4m3_nan)
25-12-28 10:45:21 | D |     - Quantizing single_transformer_blocks.22.proj_out.linears.0.weight
25-12-28 10:45:21 | D |       + quant_dtype: sfp4_e2m1_all
25-12-28 10:45:21 | D |       + group_shape: ((-1, -1, -1), (1, 16, 1))
25-12-28 10:45:21 | D |       + scale_dtype: (None, sfp8_e4m3_nan)
25-12-28 10:45:22 | D |     - Quantizing single_transformer_blocks.22.proj_mlp.weight
25-12-28 10:45:22 | D |       + quant_dtype: sfp4_e2m1_all
25-12-28 10:45:22 | D |       + group_shape: ((-1, -1, -1), (1, 16, 1))
25-12-28 10:45:22 | D |       + scale_dtype: (None, sfp8_e4m3_nan)
25-12-28 10:45:22 | D |     - Quantizing single_transformer_blocks.22.proj_out.linears.1.weight
25-12-28 10:45:22 | D |       + quant_dtype: sfp4_e2m1_all
25-12-28 10:45:22 | D |       + group_shape: ((-1, -1, -1), (1, 16, 1))
25-12-28 10:45:22 | D |       + scale_dtype: (None, sfp8_e4m3_nan)
25-12-28 10:45:22 | D |   - Quantizing weights: block single_transformer_blocks.23
25-12-28 10:45:22 | D |     - Quantizing single_transformer_blocks.23.norm.linear.weight
25-12-28 10:45:22 | D |       + quant_dtype: sint4
25-12-28 10:45:22 | D |       + group_shape: ((1, 64, 1),)
25-12-28 10:45:22 | D |       + scale_dtype: (None,)
25-12-28 10:45:22 | D |     - Quantizing single_transformer_blocks.23.attn.to_q.weight
25-12-28 10:45:22 | D |       + quant_dtype: sfp4_e2m1_all
25-12-28 10:45:22 | D |       + group_shape: ((-1, -1, -1), (1, 16, 1))
25-12-28 10:45:22 | D |       + scale_dtype: (None, sfp8_e4m3_nan)
25-12-28 10:45:23 | D |     - Quantizing single_transformer_blocks.23.attn.to_k.weight
25-12-28 10:45:23 | D |       + quant_dtype: sfp4_e2m1_all
25-12-28 10:45:23 | D |       + group_shape: ((-1, -1, -1), (1, 16, 1))
25-12-28 10:45:23 | D |       + scale_dtype: (None, sfp8_e4m3_nan)
25-12-28 10:45:23 | D |     - Quantizing single_transformer_blocks.23.attn.to_v.weight
25-12-28 10:45:23 | D |       + quant_dtype: sfp4_e2m1_all
25-12-28 10:45:23 | D |       + group_shape: ((-1, -1, -1), (1, 16, 1))
25-12-28 10:45:23 | D |       + scale_dtype: (None, sfp8_e4m3_nan)
25-12-28 10:45:23 | D |     - Quantizing single_transformer_blocks.23.proj_out.linears.0.weight
25-12-28 10:45:23 | D |       + quant_dtype: sfp4_e2m1_all
25-12-28 10:45:23 | D |       + group_shape: ((-1, -1, -1), (1, 16, 1))
25-12-28 10:45:23 | D |       + scale_dtype: (None, sfp8_e4m3_nan)
25-12-28 10:45:24 | D |     - Quantizing single_transformer_blocks.23.proj_mlp.weight
25-12-28 10:45:24 | D |       + quant_dtype: sfp4_e2m1_all
25-12-28 10:45:24 | D |       + group_shape: ((-1, -1, -1), (1, 16, 1))
25-12-28 10:45:24 | D |       + scale_dtype: (None, sfp8_e4m3_nan)
25-12-28 10:45:24 | D |     - Quantizing single_transformer_blocks.23.proj_out.linears.1.weight
25-12-28 10:45:24 | D |       + quant_dtype: sfp4_e2m1_all
25-12-28 10:45:24 | D |       + group_shape: ((-1, -1, -1), (1, 16, 1))
25-12-28 10:45:24 | D |       + scale_dtype: (None, sfp8_e4m3_nan)
25-12-28 10:45:24 | D |   - Quantizing weights: block single_transformer_blocks.24
25-12-28 10:45:24 | D |     - Quantizing single_transformer_blocks.24.norm.linear.weight
25-12-28 10:45:24 | D |       + quant_dtype: sint4
25-12-28 10:45:24 | D |       + group_shape: ((1, 64, 1),)
25-12-28 10:45:24 | D |       + scale_dtype: (None,)
25-12-28 10:45:24 | D |     - Quantizing single_transformer_blocks.24.attn.to_q.weight
25-12-28 10:45:24 | D |       + quant_dtype: sfp4_e2m1_all
25-12-28 10:45:24 | D |       + group_shape: ((-1, -1, -1), (1, 16, 1))
25-12-28 10:45:24 | D |       + scale_dtype: (None, sfp8_e4m3_nan)
25-12-28 10:45:25 | D |     - Quantizing single_transformer_blocks.24.attn.to_k.weight
25-12-28 10:45:25 | D |       + quant_dtype: sfp4_e2m1_all
25-12-28 10:45:25 | D |       + group_shape: ((-1, -1, -1), (1, 16, 1))
25-12-28 10:45:25 | D |       + scale_dtype: (None, sfp8_e4m3_nan)
25-12-28 10:45:25 | D |     - Quantizing single_transformer_blocks.24.attn.to_v.weight
25-12-28 10:45:25 | D |       + quant_dtype: sfp4_e2m1_all
25-12-28 10:45:25 | D |       + group_shape: ((-1, -1, -1), (1, 16, 1))
25-12-28 10:45:25 | D |       + scale_dtype: (None, sfp8_e4m3_nan)
25-12-28 10:45:25 | D |     - Quantizing single_transformer_blocks.24.proj_out.linears.0.weight
25-12-28 10:45:25 | D |       + quant_dtype: sfp4_e2m1_all
25-12-28 10:45:25 | D |       + group_shape: ((-1, -1, -1), (1, 16, 1))
25-12-28 10:45:25 | D |       + scale_dtype: (None, sfp8_e4m3_nan)
25-12-28 10:45:26 | D |     - Quantizing single_transformer_blocks.24.proj_mlp.weight
25-12-28 10:45:26 | D |       + quant_dtype: sfp4_e2m1_all
25-12-28 10:45:26 | D |       + group_shape: ((-1, -1, -1), (1, 16, 1))
25-12-28 10:45:26 | D |       + scale_dtype: (None, sfp8_e4m3_nan)
25-12-28 10:45:26 | D |     - Quantizing single_transformer_blocks.24.proj_out.linears.1.weight
25-12-28 10:45:26 | D |       + quant_dtype: sfp4_e2m1_all
25-12-28 10:45:26 | D |       + group_shape: ((-1, -1, -1), (1, 16, 1))
25-12-28 10:45:26 | D |       + scale_dtype: (None, sfp8_e4m3_nan)
25-12-28 10:45:26 | D |   - Quantizing weights: block single_transformer_blocks.25
25-12-28 10:45:26 | D |     - Quantizing single_transformer_blocks.25.norm.linear.weight
25-12-28 10:45:26 | D |       + quant_dtype: sint4
25-12-28 10:45:26 | D |       + group_shape: ((1, 64, 1),)
25-12-28 10:45:26 | D |       + scale_dtype: (None,)
25-12-28 10:45:26 | D |     - Quantizing single_transformer_blocks.25.attn.to_q.weight
25-12-28 10:45:26 | D |       + quant_dtype: sfp4_e2m1_all
25-12-28 10:45:26 | D |       + group_shape: ((-1, -1, -1), (1, 16, 1))
25-12-28 10:45:26 | D |       + scale_dtype: (None, sfp8_e4m3_nan)
25-12-28 10:45:27 | D |     - Quantizing single_transformer_blocks.25.attn.to_k.weight
25-12-28 10:45:27 | D |       + quant_dtype: sfp4_e2m1_all
25-12-28 10:45:27 | D |       + group_shape: ((-1, -1, -1), (1, 16, 1))
25-12-28 10:45:27 | D |       + scale_dtype: (None, sfp8_e4m3_nan)
25-12-28 10:45:27 | D |     - Quantizing single_transformer_blocks.25.attn.to_v.weight
25-12-28 10:45:27 | D |       + quant_dtype: sfp4_e2m1_all
25-12-28 10:45:27 | D |       + group_shape: ((-1, -1, -1), (1, 16, 1))
25-12-28 10:45:27 | D |       + scale_dtype: (None, sfp8_e4m3_nan)
25-12-28 10:45:27 | D |     - Quantizing single_transformer_blocks.25.proj_out.linears.0.weight
25-12-28 10:45:27 | D |       + quant_dtype: sfp4_e2m1_all
25-12-28 10:45:27 | D |       + group_shape: ((-1, -1, -1), (1, 16, 1))
25-12-28 10:45:27 | D |       + scale_dtype: (None, sfp8_e4m3_nan)
25-12-28 10:45:28 | D |     - Quantizing single_transformer_blocks.25.proj_mlp.weight
25-12-28 10:45:28 | D |       + quant_dtype: sfp4_e2m1_all
25-12-28 10:45:28 | D |       + group_shape: ((-1, -1, -1), (1, 16, 1))
25-12-28 10:45:28 | D |       + scale_dtype: (None, sfp8_e4m3_nan)
25-12-28 10:45:28 | D |     - Quantizing single_transformer_blocks.25.proj_out.linears.1.weight
25-12-28 10:45:28 | D |       + quant_dtype: sfp4_e2m1_all
25-12-28 10:45:28 | D |       + group_shape: ((-1, -1, -1), (1, 16, 1))
25-12-28 10:45:28 | D |       + scale_dtype: (None, sfp8_e4m3_nan)
25-12-28 10:45:28 | D |   - Quantizing weights: block single_transformer_blocks.26
25-12-28 10:45:28 | D |     - Quantizing single_transformer_blocks.26.norm.linear.weight
25-12-28 10:45:28 | D |       + quant_dtype: sint4
25-12-28 10:45:28 | D |       + group_shape: ((1, 64, 1),)
25-12-28 10:45:28 | D |       + scale_dtype: (None,)
25-12-28 10:45:28 | D |     - Quantizing single_transformer_blocks.26.attn.to_q.weight
25-12-28 10:45:28 | D |       + quant_dtype: sfp4_e2m1_all
25-12-28 10:45:28 | D |       + group_shape: ((-1, -1, -1), (1, 16, 1))
25-12-28 10:45:28 | D |       + scale_dtype: (None, sfp8_e4m3_nan)
25-12-28 10:45:29 | D |     - Quantizing single_transformer_blocks.26.attn.to_k.weight
25-12-28 10:45:29 | D |       + quant_dtype: sfp4_e2m1_all
25-12-28 10:45:29 | D |       + group_shape: ((-1, -1, -1), (1, 16, 1))
25-12-28 10:45:29 | D |       + scale_dtype: (None, sfp8_e4m3_nan)
25-12-28 10:45:29 | D |     - Quantizing single_transformer_blocks.26.attn.to_v.weight
25-12-28 10:45:29 | D |       + quant_dtype: sfp4_e2m1_all
25-12-28 10:45:29 | D |       + group_shape: ((-1, -1, -1), (1, 16, 1))
25-12-28 10:45:29 | D |       + scale_dtype: (None, sfp8_e4m3_nan)
25-12-28 10:45:29 | D |     - Quantizing single_transformer_blocks.26.proj_out.linears.0.weight
25-12-28 10:45:29 | D |       + quant_dtype: sfp4_e2m1_all
25-12-28 10:45:29 | D |       + group_shape: ((-1, -1, -1), (1, 16, 1))
25-12-28 10:45:29 | D |       + scale_dtype: (None, sfp8_e4m3_nan)
25-12-28 10:45:30 | D |     - Quantizing single_transformer_blocks.26.proj_mlp.weight
25-12-28 10:45:30 | D |       + quant_dtype: sfp4_e2m1_all
25-12-28 10:45:30 | D |       + group_shape: ((-1, -1, -1), (1, 16, 1))
25-12-28 10:45:30 | D |       + scale_dtype: (None, sfp8_e4m3_nan)
25-12-28 10:45:30 | D |     - Quantizing single_transformer_blocks.26.proj_out.linears.1.weight
25-12-28 10:45:30 | D |       + quant_dtype: sfp4_e2m1_all
25-12-28 10:45:30 | D |       + group_shape: ((-1, -1, -1), (1, 16, 1))
25-12-28 10:45:30 | D |       + scale_dtype: (None, sfp8_e4m3_nan)
25-12-28 10:45:30 | D |   - Quantizing weights: block single_transformer_blocks.27
25-12-28 10:45:30 | D |     - Quantizing single_transformer_blocks.27.norm.linear.weight
25-12-28 10:45:30 | D |       + quant_dtype: sint4
25-12-28 10:45:30 | D |       + group_shape: ((1, 64, 1),)
25-12-28 10:45:30 | D |       + scale_dtype: (None,)
25-12-28 10:45:31 | D |     - Quantizing single_transformer_blocks.27.attn.to_q.weight
25-12-28 10:45:31 | D |       + quant_dtype: sfp4_e2m1_all
25-12-28 10:45:31 | D |       + group_shape: ((-1, -1, -1), (1, 16, 1))
25-12-28 10:45:31 | D |       + scale_dtype: (None, sfp8_e4m3_nan)
25-12-28 10:45:31 | D |     - Quantizing single_transformer_blocks.27.attn.to_k.weight
25-12-28 10:45:31 | D |       + quant_dtype: sfp4_e2m1_all
25-12-28 10:45:31 | D |       + group_shape: ((-1, -1, -1), (1, 16, 1))
25-12-28 10:45:31 | D |       + scale_dtype: (None, sfp8_e4m3_nan)
25-12-28 10:45:31 | D |     - Quantizing single_transformer_blocks.27.attn.to_v.weight
25-12-28 10:45:31 | D |       + quant_dtype: sfp4_e2m1_all
25-12-28 10:45:31 | D |       + group_shape: ((-1, -1, -1), (1, 16, 1))
25-12-28 10:45:31 | D |       + scale_dtype: (None, sfp8_e4m3_nan)
25-12-28 10:45:32 | D |     - Quantizing single_transformer_blocks.27.proj_out.linears.0.weight
25-12-28 10:45:32 | D |       + quant_dtype: sfp4_e2m1_all
25-12-28 10:45:32 | D |       + group_shape: ((-1, -1, -1), (1, 16, 1))
25-12-28 10:45:32 | D |       + scale_dtype: (None, sfp8_e4m3_nan)
25-12-28 10:45:32 | D |     - Quantizing single_transformer_blocks.27.proj_mlp.weight
25-12-28 10:45:32 | D |       + quant_dtype: sfp4_e2m1_all
25-12-28 10:45:32 | D |       + group_shape: ((-1, -1, -1), (1, 16, 1))
25-12-28 10:45:32 | D |       + scale_dtype: (None, sfp8_e4m3_nan)
25-12-28 10:45:32 | D |     - Quantizing single_transformer_blocks.27.proj_out.linears.1.weight
25-12-28 10:45:32 | D |       + quant_dtype: sfp4_e2m1_all
25-12-28 10:45:32 | D |       + group_shape: ((-1, -1, -1), (1, 16, 1))
25-12-28 10:45:32 | D |       + scale_dtype: (None, sfp8_e4m3_nan)
25-12-28 10:45:33 | D |   - Quantizing weights: block single_transformer_blocks.28
25-12-28 10:45:33 | D |     - Quantizing single_transformer_blocks.28.norm.linear.weight
25-12-28 10:45:33 | D |       + quant_dtype: sint4
25-12-28 10:45:33 | D |       + group_shape: ((1, 64, 1),)
25-12-28 10:45:33 | D |       + scale_dtype: (None,)
25-12-28 10:45:33 | D |     - Quantizing single_transformer_blocks.28.attn.to_q.weight
25-12-28 10:45:33 | D |       + quant_dtype: sfp4_e2m1_all
25-12-28 10:45:33 | D |       + group_shape: ((-1, -1, -1), (1, 16, 1))
25-12-28 10:45:33 | D |       + scale_dtype: (None, sfp8_e4m3_nan)
25-12-28 10:45:33 | D |     - Quantizing single_transformer_blocks.28.attn.to_k.weight
25-12-28 10:45:33 | D |       + quant_dtype: sfp4_e2m1_all
25-12-28 10:45:33 | D |       + group_shape: ((-1, -1, -1), (1, 16, 1))
25-12-28 10:45:33 | D |       + scale_dtype: (None, sfp8_e4m3_nan)
25-12-28 10:45:33 | D |     - Quantizing single_transformer_blocks.28.attn.to_v.weight
25-12-28 10:45:33 | D |       + quant_dtype: sfp4_e2m1_all
25-12-28 10:45:33 | D |       + group_shape: ((-1, -1, -1), (1, 16, 1))
25-12-28 10:45:33 | D |       + scale_dtype: (None, sfp8_e4m3_nan)
25-12-28 10:45:34 | D |     - Quantizing single_transformer_blocks.28.proj_out.linears.0.weight
25-12-28 10:45:34 | D |       + quant_dtype: sfp4_e2m1_all
25-12-28 10:45:34 | D |       + group_shape: ((-1, -1, -1), (1, 16, 1))
25-12-28 10:45:34 | D |       + scale_dtype: (None, sfp8_e4m3_nan)
25-12-28 10:45:34 | D |     - Quantizing single_transformer_blocks.28.proj_mlp.weight
25-12-28 10:45:34 | D |       + quant_dtype: sfp4_e2m1_all
25-12-28 10:45:34 | D |       + group_shape: ((-1, -1, -1), (1, 16, 1))
25-12-28 10:45:34 | D |       + scale_dtype: (None, sfp8_e4m3_nan)
25-12-28 10:45:34 | D |     - Quantizing single_transformer_blocks.28.proj_out.linears.1.weight
25-12-28 10:45:34 | D |       + quant_dtype: sfp4_e2m1_all
25-12-28 10:45:34 | D |       + group_shape: ((-1, -1, -1), (1, 16, 1))
25-12-28 10:45:34 | D |       + scale_dtype: (None, sfp8_e4m3_nan)
25-12-28 10:45:35 | D |   - Quantizing weights: block single_transformer_blocks.29
25-12-28 10:45:35 | D |     - Quantizing single_transformer_blocks.29.norm.linear.weight
25-12-28 10:45:35 | D |       + quant_dtype: sint4
25-12-28 10:45:35 | D |       + group_shape: ((1, 64, 1),)
25-12-28 10:45:35 | D |       + scale_dtype: (None,)
25-12-28 10:45:35 | D |     - Quantizing single_transformer_blocks.29.attn.to_q.weight
25-12-28 10:45:35 | D |       + quant_dtype: sfp4_e2m1_all
25-12-28 10:45:35 | D |       + group_shape: ((-1, -1, -1), (1, 16, 1))
25-12-28 10:45:35 | D |       + scale_dtype: (None, sfp8_e4m3_nan)
25-12-28 10:45:35 | D |     - Quantizing single_transformer_blocks.29.attn.to_k.weight
25-12-28 10:45:35 | D |       + quant_dtype: sfp4_e2m1_all
25-12-28 10:45:35 | D |       + group_shape: ((-1, -1, -1), (1, 16, 1))
25-12-28 10:45:35 | D |       + scale_dtype: (None, sfp8_e4m3_nan)
25-12-28 10:45:35 | D |     - Quantizing single_transformer_blocks.29.attn.to_v.weight
25-12-28 10:45:35 | D |       + quant_dtype: sfp4_e2m1_all
25-12-28 10:45:35 | D |       + group_shape: ((-1, -1, -1), (1, 16, 1))
25-12-28 10:45:35 | D |       + scale_dtype: (None, sfp8_e4m3_nan)
25-12-28 10:45:36 | D |     - Quantizing single_transformer_blocks.29.proj_out.linears.0.weight
25-12-28 10:45:36 | D |       + quant_dtype: sfp4_e2m1_all
25-12-28 10:45:36 | D |       + group_shape: ((-1, -1, -1), (1, 16, 1))
25-12-28 10:45:36 | D |       + scale_dtype: (None, sfp8_e4m3_nan)
25-12-28 10:45:36 | D |     - Quantizing single_transformer_blocks.29.proj_mlp.weight
25-12-28 10:45:36 | D |       + quant_dtype: sfp4_e2m1_all
25-12-28 10:45:36 | D |       + group_shape: ((-1, -1, -1), (1, 16, 1))
25-12-28 10:45:36 | D |       + scale_dtype: (None, sfp8_e4m3_nan)
25-12-28 10:45:37 | D |     - Quantizing single_transformer_blocks.29.proj_out.linears.1.weight
25-12-28 10:45:37 | D |       + quant_dtype: sfp4_e2m1_all
25-12-28 10:45:37 | D |       + group_shape: ((-1, -1, -1), (1, 16, 1))
25-12-28 10:45:37 | D |       + scale_dtype: (None, sfp8_e4m3_nan)
25-12-28 10:45:37 | D |   - Quantizing weights: block single_transformer_blocks.30
25-12-28 10:45:37 | D |     - Quantizing single_transformer_blocks.30.norm.linear.weight
25-12-28 10:45:37 | D |       + quant_dtype: sint4
25-12-28 10:45:37 | D |       + group_shape: ((1, 64, 1),)
25-12-28 10:45:37 | D |       + scale_dtype: (None,)
25-12-28 10:45:37 | D |     - Quantizing single_transformer_blocks.30.attn.to_q.weight
25-12-28 10:45:37 | D |       + quant_dtype: sfp4_e2m1_all
25-12-28 10:45:37 | D |       + group_shape: ((-1, -1, -1), (1, 16, 1))
25-12-28 10:45:37 | D |       + scale_dtype: (None, sfp8_e4m3_nan)
25-12-28 10:45:38 | D |     - Quantizing single_transformer_blocks.30.attn.to_k.weight
25-12-28 10:45:38 | D |       + quant_dtype: sfp4_e2m1_all
25-12-28 10:45:38 | D |       + group_shape: ((-1, -1, -1), (1, 16, 1))
25-12-28 10:45:38 | D |       + scale_dtype: (None, sfp8_e4m3_nan)
25-12-28 10:45:38 | D |     - Quantizing single_transformer_blocks.30.attn.to_v.weight
25-12-28 10:45:38 | D |       + quant_dtype: sfp4_e2m1_all
25-12-28 10:45:38 | D |       + group_shape: ((-1, -1, -1), (1, 16, 1))
25-12-28 10:45:38 | D |       + scale_dtype: (None, sfp8_e4m3_nan)
25-12-28 10:45:38 | D |     - Quantizing single_transformer_blocks.30.proj_out.linears.0.weight
25-12-28 10:45:38 | D |       + quant_dtype: sfp4_e2m1_all
25-12-28 10:45:38 | D |       + group_shape: ((-1, -1, -1), (1, 16, 1))
25-12-28 10:45:38 | D |       + scale_dtype: (None, sfp8_e4m3_nan)
25-12-28 10:45:38 | D |     - Quantizing single_transformer_blocks.30.proj_mlp.weight
25-12-28 10:45:38 | D |       + quant_dtype: sfp4_e2m1_all
25-12-28 10:45:38 | D |       + group_shape: ((-1, -1, -1), (1, 16, 1))
25-12-28 10:45:38 | D |       + scale_dtype: (None, sfp8_e4m3_nan)
25-12-28 10:45:39 | D |     - Quantizing single_transformer_blocks.30.proj_out.linears.1.weight
25-12-28 10:45:39 | D |       + quant_dtype: sfp4_e2m1_all
25-12-28 10:45:39 | D |       + group_shape: ((-1, -1, -1), (1, 16, 1))
25-12-28 10:45:39 | D |       + scale_dtype: (None, sfp8_e4m3_nan)
25-12-28 10:45:39 | D |   - Quantizing weights: block single_transformer_blocks.31
25-12-28 10:45:39 | D |     - Quantizing single_transformer_blocks.31.norm.linear.weight
25-12-28 10:45:39 | D |       + quant_dtype: sint4
25-12-28 10:45:39 | D |       + group_shape: ((1, 64, 1),)
25-12-28 10:45:39 | D |       + scale_dtype: (None,)
25-12-28 10:45:39 | D |     - Quantizing single_transformer_blocks.31.attn.to_q.weight
25-12-28 10:45:39 | D |       + quant_dtype: sfp4_e2m1_all
25-12-28 10:45:39 | D |       + group_shape: ((-1, -1, -1), (1, 16, 1))
25-12-28 10:45:39 | D |       + scale_dtype: (None, sfp8_e4m3_nan)
25-12-28 10:45:40 | D |     - Quantizing single_transformer_blocks.31.attn.to_k.weight
25-12-28 10:45:40 | D |       + quant_dtype: sfp4_e2m1_all
25-12-28 10:45:40 | D |       + group_shape: ((-1, -1, -1), (1, 16, 1))
25-12-28 10:45:40 | D |       + scale_dtype: (None, sfp8_e4m3_nan)
25-12-28 10:45:40 | D |     - Quantizing single_transformer_blocks.31.attn.to_v.weight
25-12-28 10:45:40 | D |       + quant_dtype: sfp4_e2m1_all
25-12-28 10:45:40 | D |       + group_shape: ((-1, -1, -1), (1, 16, 1))
25-12-28 10:45:40 | D |       + scale_dtype: (None, sfp8_e4m3_nan)
25-12-28 10:45:40 | D |     - Quantizing single_transformer_blocks.31.proj_out.linears.0.weight
25-12-28 10:45:40 | D |       + quant_dtype: sfp4_e2m1_all
25-12-28 10:45:40 | D |       + group_shape: ((-1, -1, -1), (1, 16, 1))
25-12-28 10:45:40 | D |       + scale_dtype: (None, sfp8_e4m3_nan)
25-12-28 10:45:41 | D |     - Quantizing single_transformer_blocks.31.proj_mlp.weight
25-12-28 10:45:41 | D |       + quant_dtype: sfp4_e2m1_all
25-12-28 10:45:41 | D |       + group_shape: ((-1, -1, -1), (1, 16, 1))
25-12-28 10:45:41 | D |       + scale_dtype: (None, sfp8_e4m3_nan)
25-12-28 10:45:41 | D |     - Quantizing single_transformer_blocks.31.proj_out.linears.1.weight
25-12-28 10:45:41 | D |       + quant_dtype: sfp4_e2m1_all
25-12-28 10:45:41 | D |       + group_shape: ((-1, -1, -1), (1, 16, 1))
25-12-28 10:45:41 | D |       + scale_dtype: (None, sfp8_e4m3_nan)
25-12-28 10:45:41 | D |   - Quantizing weights: block single_transformer_blocks.32
25-12-28 10:45:41 | D |     - Quantizing single_transformer_blocks.32.norm.linear.weight
25-12-28 10:45:41 | D |       + quant_dtype: sint4
25-12-28 10:45:41 | D |       + group_shape: ((1, 64, 1),)
25-12-28 10:45:41 | D |       + scale_dtype: (None,)
25-12-28 10:45:41 | D |     - Quantizing single_transformer_blocks.32.attn.to_q.weight
25-12-28 10:45:41 | D |       + quant_dtype: sfp4_e2m1_all
25-12-28 10:45:41 | D |       + group_shape: ((-1, -1, -1), (1, 16, 1))
25-12-28 10:45:41 | D |       + scale_dtype: (None, sfp8_e4m3_nan)
25-12-28 10:45:42 | D |     - Quantizing single_transformer_blocks.32.attn.to_k.weight
25-12-28 10:45:42 | D |       + quant_dtype: sfp4_e2m1_all
25-12-28 10:45:42 | D |       + group_shape: ((-1, -1, -1), (1, 16, 1))
25-12-28 10:45:42 | D |       + scale_dtype: (None, sfp8_e4m3_nan)
25-12-28 10:45:42 | D |     - Quantizing single_transformer_blocks.32.attn.to_v.weight
25-12-28 10:45:42 | D |       + quant_dtype: sfp4_e2m1_all
25-12-28 10:45:42 | D |       + group_shape: ((-1, -1, -1), (1, 16, 1))
25-12-28 10:45:42 | D |       + scale_dtype: (None, sfp8_e4m3_nan)
25-12-28 10:45:42 | D |     - Quantizing single_transformer_blocks.32.proj_out.linears.0.weight
25-12-28 10:45:42 | D |       + quant_dtype: sfp4_e2m1_all
25-12-28 10:45:42 | D |       + group_shape: ((-1, -1, -1), (1, 16, 1))
25-12-28 10:45:42 | D |       + scale_dtype: (None, sfp8_e4m3_nan)
25-12-28 10:45:43 | D |     - Quantizing single_transformer_blocks.32.proj_mlp.weight
25-12-28 10:45:43 | D |       + quant_dtype: sfp4_e2m1_all
25-12-28 10:45:43 | D |       + group_shape: ((-1, -1, -1), (1, 16, 1))
25-12-28 10:45:43 | D |       + scale_dtype: (None, sfp8_e4m3_nan)
25-12-28 10:45:43 | D |     - Quantizing single_transformer_blocks.32.proj_out.linears.1.weight
25-12-28 10:45:43 | D |       + quant_dtype: sfp4_e2m1_all
25-12-28 10:45:43 | D |       + group_shape: ((-1, -1, -1), (1, 16, 1))
25-12-28 10:45:43 | D |       + scale_dtype: (None, sfp8_e4m3_nan)
25-12-28 10:45:43 | D |   - Quantizing weights: block single_transformer_blocks.33
25-12-28 10:45:43 | D |     - Quantizing single_transformer_blocks.33.norm.linear.weight
25-12-28 10:45:43 | D |       + quant_dtype: sint4
25-12-28 10:45:43 | D |       + group_shape: ((1, 64, 1),)
25-12-28 10:45:43 | D |       + scale_dtype: (None,)
25-12-28 10:45:44 | D |     - Quantizing single_transformer_blocks.33.attn.to_q.weight
25-12-28 10:45:44 | D |       + quant_dtype: sfp4_e2m1_all
25-12-28 10:45:44 | D |       + group_shape: ((-1, -1, -1), (1, 16, 1))
25-12-28 10:45:44 | D |       + scale_dtype: (None, sfp8_e4m3_nan)
25-12-28 10:45:44 | D |     - Quantizing single_transformer_blocks.33.attn.to_k.weight
25-12-28 10:45:44 | D |       + quant_dtype: sfp4_e2m1_all
25-12-28 10:45:44 | D |       + group_shape: ((-1, -1, -1), (1, 16, 1))
25-12-28 10:45:44 | D |       + scale_dtype: (None, sfp8_e4m3_nan)
25-12-28 10:45:44 | D |     - Quantizing single_transformer_blocks.33.attn.to_v.weight
25-12-28 10:45:44 | D |       + quant_dtype: sfp4_e2m1_all
25-12-28 10:45:44 | D |       + group_shape: ((-1, -1, -1), (1, 16, 1))
25-12-28 10:45:44 | D |       + scale_dtype: (None, sfp8_e4m3_nan)
25-12-28 10:45:45 | D |     - Quantizing single_transformer_blocks.33.proj_out.linears.0.weight
25-12-28 10:45:45 | D |       + quant_dtype: sfp4_e2m1_all
25-12-28 10:45:45 | D |       + group_shape: ((-1, -1, -1), (1, 16, 1))
25-12-28 10:45:45 | D |       + scale_dtype: (None, sfp8_e4m3_nan)
25-12-28 10:45:45 | D |     - Quantizing single_transformer_blocks.33.proj_mlp.weight
25-12-28 10:45:45 | D |       + quant_dtype: sfp4_e2m1_all
25-12-28 10:45:45 | D |       + group_shape: ((-1, -1, -1), (1, 16, 1))
25-12-28 10:45:45 | D |       + scale_dtype: (None, sfp8_e4m3_nan)
25-12-28 10:45:45 | D |     - Quantizing single_transformer_blocks.33.proj_out.linears.1.weight
25-12-28 10:45:45 | D |       + quant_dtype: sfp4_e2m1_all
25-12-28 10:45:45 | D |       + group_shape: ((-1, -1, -1), (1, 16, 1))
25-12-28 10:45:45 | D |       + scale_dtype: (None, sfp8_e4m3_nan)
25-12-28 10:45:45 | D |   - Quantizing weights: block single_transformer_blocks.34
25-12-28 10:45:45 | D |     - Quantizing single_transformer_blocks.34.norm.linear.weight
25-12-28 10:45:45 | D |       + quant_dtype: sint4
25-12-28 10:45:45 | D |       + group_shape: ((1, 64, 1),)
25-12-28 10:45:45 | D |       + scale_dtype: (None,)
25-12-28 10:45:46 | D |     - Quantizing single_transformer_blocks.34.attn.to_q.weight
25-12-28 10:45:46 | D |       + quant_dtype: sfp4_e2m1_all
25-12-28 10:45:46 | D |       + group_shape: ((-1, -1, -1), (1, 16, 1))
25-12-28 10:45:46 | D |       + scale_dtype: (None, sfp8_e4m3_nan)
25-12-28 10:45:46 | D |     - Quantizing single_transformer_blocks.34.attn.to_k.weight
25-12-28 10:45:46 | D |       + quant_dtype: sfp4_e2m1_all
25-12-28 10:45:46 | D |       + group_shape: ((-1, -1, -1), (1, 16, 1))
25-12-28 10:45:46 | D |       + scale_dtype: (None, sfp8_e4m3_nan)
25-12-28 10:45:46 | D |     - Quantizing single_transformer_blocks.34.attn.to_v.weight
25-12-28 10:45:46 | D |       + quant_dtype: sfp4_e2m1_all
25-12-28 10:45:46 | D |       + group_shape: ((-1, -1, -1), (1, 16, 1))
25-12-28 10:45:46 | D |       + scale_dtype: (None, sfp8_e4m3_nan)
25-12-28 10:45:47 | D |     - Quantizing single_transformer_blocks.34.proj_out.linears.0.weight
25-12-28 10:45:47 | D |       + quant_dtype: sfp4_e2m1_all
25-12-28 10:45:47 | D |       + group_shape: ((-1, -1, -1), (1, 16, 1))
25-12-28 10:45:47 | D |       + scale_dtype: (None, sfp8_e4m3_nan)
25-12-28 10:45:47 | D |     - Quantizing single_transformer_blocks.34.proj_mlp.weight
25-12-28 10:45:47 | D |       + quant_dtype: sfp4_e2m1_all
25-12-28 10:45:47 | D |       + group_shape: ((-1, -1, -1), (1, 16, 1))
25-12-28 10:45:47 | D |       + scale_dtype: (None, sfp8_e4m3_nan)
25-12-28 10:45:47 | D |     - Quantizing single_transformer_blocks.34.proj_out.linears.1.weight
25-12-28 10:45:47 | D |       + quant_dtype: sfp4_e2m1_all
25-12-28 10:45:47 | D |       + group_shape: ((-1, -1, -1), (1, 16, 1))
25-12-28 10:45:47 | D |       + scale_dtype: (None, sfp8_e4m3_nan)
25-12-28 10:45:48 | D |   - Quantizing weights: block single_transformer_blocks.35
25-12-28 10:45:48 | D |     - Quantizing single_transformer_blocks.35.norm.linear.weight
25-12-28 10:45:48 | D |       + quant_dtype: sint4
25-12-28 10:45:48 | D |       + group_shape: ((1, 64, 1),)
25-12-28 10:45:48 | D |       + scale_dtype: (None,)
25-12-28 10:45:48 | D |     - Quantizing single_transformer_blocks.35.attn.to_q.weight
25-12-28 10:45:48 | D |       + quant_dtype: sfp4_e2m1_all
25-12-28 10:45:48 | D |       + group_shape: ((-1, -1, -1), (1, 16, 1))
25-12-28 10:45:48 | D |       + scale_dtype: (None, sfp8_e4m3_nan)
25-12-28 10:45:48 | D |     - Quantizing single_transformer_blocks.35.attn.to_k.weight
25-12-28 10:45:48 | D |       + quant_dtype: sfp4_e2m1_all
25-12-28 10:45:48 | D |       + group_shape: ((-1, -1, -1), (1, 16, 1))
25-12-28 10:45:48 | D |       + scale_dtype: (None, sfp8_e4m3_nan)
25-12-28 10:45:48 | D |     - Quantizing single_transformer_blocks.35.attn.to_v.weight
25-12-28 10:45:48 | D |       + quant_dtype: sfp4_e2m1_all
25-12-28 10:45:48 | D |       + group_shape: ((-1, -1, -1), (1, 16, 1))
25-12-28 10:45:48 | D |       + scale_dtype: (None, sfp8_e4m3_nan)
25-12-28 10:45:49 | D |     - Quantizing single_transformer_blocks.35.proj_out.linears.0.weight
25-12-28 10:45:49 | D |       + quant_dtype: sfp4_e2m1_all
25-12-28 10:45:49 | D |       + group_shape: ((-1, -1, -1), (1, 16, 1))
25-12-28 10:45:49 | D |       + scale_dtype: (None, sfp8_e4m3_nan)
25-12-28 10:45:49 | D |     - Quantizing single_transformer_blocks.35.proj_mlp.weight
25-12-28 10:45:49 | D |       + quant_dtype: sfp4_e2m1_all
25-12-28 10:45:49 | D |       + group_shape: ((-1, -1, -1), (1, 16, 1))
25-12-28 10:45:49 | D |       + scale_dtype: (None, sfp8_e4m3_nan)
25-12-28 10:45:49 | D |     - Quantizing single_transformer_blocks.35.proj_out.linears.1.weight
25-12-28 10:45:49 | D |       + quant_dtype: sfp4_e2m1_all
25-12-28 10:45:49 | D |       + group_shape: ((-1, -1, -1), (1, 16, 1))
25-12-28 10:45:49 | D |       + scale_dtype: (None, sfp8_e4m3_nan)
25-12-28 10:45:50 | D |   - Quantizing weights: block single_transformer_blocks.36
25-12-28 10:45:50 | D |     - Quantizing single_transformer_blocks.36.norm.linear.weight
25-12-28 10:45:50 | D |       + quant_dtype: sint4
25-12-28 10:45:50 | D |       + group_shape: ((1, 64, 1),)
25-12-28 10:45:50 | D |       + scale_dtype: (None,)
25-12-28 10:45:50 | D |     - Quantizing single_transformer_blocks.36.attn.to_q.weight
25-12-28 10:45:50 | D |       + quant_dtype: sfp4_e2m1_all
25-12-28 10:45:50 | D |       + group_shape: ((-1, -1, -1), (1, 16, 1))
25-12-28 10:45:50 | D |       + scale_dtype: (None, sfp8_e4m3_nan)
25-12-28 10:45:50 | D |     - Quantizing single_transformer_blocks.36.attn.to_k.weight
25-12-28 10:45:50 | D |       + quant_dtype: sfp4_e2m1_all
25-12-28 10:45:50 | D |       + group_shape: ((-1, -1, -1), (1, 16, 1))
25-12-28 10:45:50 | D |       + scale_dtype: (None, sfp8_e4m3_nan)
25-12-28 10:45:50 | D |     - Quantizing single_transformer_blocks.36.attn.to_v.weight
25-12-28 10:45:50 | D |       + quant_dtype: sfp4_e2m1_all
25-12-28 10:45:50 | D |       + group_shape: ((-1, -1, -1), (1, 16, 1))
25-12-28 10:45:50 | D |       + scale_dtype: (None, sfp8_e4m3_nan)
25-12-28 10:45:51 | D |     - Quantizing single_transformer_blocks.36.proj_out.linears.0.weight
25-12-28 10:45:51 | D |       + quant_dtype: sfp4_e2m1_all
25-12-28 10:45:51 | D |       + group_shape: ((-1, -1, -1), (1, 16, 1))
25-12-28 10:45:51 | D |       + scale_dtype: (None, sfp8_e4m3_nan)
25-12-28 10:45:51 | D |     - Quantizing single_transformer_blocks.36.proj_mlp.weight
25-12-28 10:45:51 | D |       + quant_dtype: sfp4_e2m1_all
25-12-28 10:45:51 | D |       + group_shape: ((-1, -1, -1), (1, 16, 1))
25-12-28 10:45:51 | D |       + scale_dtype: (None, sfp8_e4m3_nan)
25-12-28 10:45:52 | D |     - Quantizing single_transformer_blocks.36.proj_out.linears.1.weight
25-12-28 10:45:52 | D |       + quant_dtype: sfp4_e2m1_all
25-12-28 10:45:52 | D |       + group_shape: ((-1, -1, -1), (1, 16, 1))
25-12-28 10:45:52 | D |       + scale_dtype: (None, sfp8_e4m3_nan)
25-12-28 10:45:52 | D |   - Quantizing weights: block single_transformer_blocks.37
25-12-28 10:45:52 | D |     - Quantizing single_transformer_blocks.37.norm.linear.weight
25-12-28 10:45:52 | D |       + quant_dtype: sint4
25-12-28 10:45:52 | D |       + group_shape: ((1, 64, 1),)
25-12-28 10:45:52 | D |       + scale_dtype: (None,)
25-12-28 10:45:52 | D |     - Quantizing single_transformer_blocks.37.attn.to_q.weight
25-12-28 10:45:52 | D |       + quant_dtype: sfp4_e2m1_all
25-12-28 10:45:52 | D |       + group_shape: ((-1, -1, -1), (1, 16, 1))
25-12-28 10:45:52 | D |       + scale_dtype: (None, sfp8_e4m3_nan)
25-12-28 10:45:52 | D |     - Quantizing single_transformer_blocks.37.attn.to_k.weight
25-12-28 10:45:52 | D |       + quant_dtype: sfp4_e2m1_all
25-12-28 10:45:52 | D |       + group_shape: ((-1, -1, -1), (1, 16, 1))
25-12-28 10:45:52 | D |       + scale_dtype: (None, sfp8_e4m3_nan)
25-12-28 10:45:53 | D |     - Quantizing single_transformer_blocks.37.attn.to_v.weight
25-12-28 10:45:53 | D |       + quant_dtype: sfp4_e2m1_all
25-12-28 10:45:53 | D |       + group_shape: ((-1, -1, -1), (1, 16, 1))
25-12-28 10:45:53 | D |       + scale_dtype: (None, sfp8_e4m3_nan)
25-12-28 10:45:53 | D |     - Quantizing single_transformer_blocks.37.proj_out.linears.0.weight
25-12-28 10:45:53 | D |       + quant_dtype: sfp4_e2m1_all
25-12-28 10:45:53 | D |       + group_shape: ((-1, -1, -1), (1, 16, 1))
25-12-28 10:45:53 | D |       + scale_dtype: (None, sfp8_e4m3_nan)
25-12-28 10:45:53 | D |     - Quantizing single_transformer_blocks.37.proj_mlp.weight
25-12-28 10:45:53 | D |       + quant_dtype: sfp4_e2m1_all
25-12-28 10:45:53 | D |       + group_shape: ((-1, -1, -1), (1, 16, 1))
25-12-28 10:45:53 | D |       + scale_dtype: (None, sfp8_e4m3_nan)
25-12-28 10:45:54 | D |     - Quantizing single_transformer_blocks.37.proj_out.linears.1.weight
25-12-28 10:45:54 | D |       + quant_dtype: sfp4_e2m1_all
25-12-28 10:45:54 | D |       + group_shape: ((-1, -1, -1), (1, 16, 1))
25-12-28 10:45:54 | D |       + scale_dtype: (None, sfp8_e4m3_nan)
25-12-28 10:45:54 | I |   - Saving weight settings to runs/diffusion/flux.1/flux.1-schnell/w.4-x.4-y.16-w.4/w.sfp4_e2m1_all-x.sfp4_e2m1_all-y.bf16-w.sint4/w.v16.sfp8_e4m3_nan.tsnr.bf16-x.v16.sfp8_e4m3_nan-y.tnsr.bf16-w.v64.bf16/smooth.proj-w.static.lowrank/skip.x.[[w]+tan+tn].w.[e+rs+rtp+s+tpi+tpo]-extra.[tan+tn]-low.r32.i100.e.skip.[rc+tan+tn]-smth.proj.GridSearch.bn2.[AbsMax].lr.skip.[rc+tan+tn]-qdiff.128-t4.g0-s1024.RUNNING/run-251228.103853.RUNNING/model/wgts.pt
25-12-28 10:45:54 | I |   - Linking branch settings to runs/diffusion/flux.1/flux.1-schnell/w.4-x.4-y.16-w.4/w.sfp4_e2m1_all-x.sfp4_e2m1_all-y.bf16-w.sint4/w.v16.sfp8_e4m3_nan.tsnr.bf16-x.v16.sfp8_e4m3_nan-y.tnsr.bf16-w.v64.bf16/smooth.proj-w.static.lowrank/skip.x.[[w]+tan+tn].w.[e+rs+rtp+s+tpi+tpo]-extra.[tan+tn]-low.r32.i100.e.skip.[rc+tan+tn]-smth.proj.GridSearch.bn2.[AbsMax].lr.skip.[rc+tan+tn]-qdiff.128-t4.g0-s1024.RUNNING/run-251228.103853.RUNNING/model/branch.pt
25-12-28 10:45:54 | I |   - Saving model to runs/diffusion/flux.1/flux.1-schnell/w.4-x.4-y.16-w.4/w.sfp4_e2m1_all-x.sfp4_e2m1_all-y.bf16-w.sint4/w.v16.sfp8_e4m3_nan.tsnr.bf16-x.v16.sfp8_e4m3_nan-y.tnsr.bf16-w.v64.bf16/smooth.proj-w.static.lowrank/skip.x.[[w]+tan+tn].w.[e+rs+rtp+s+tpi+tpo]-extra.[tan+tn]-low.r32.i100.e.skip.[rc+tan+tn]-smth.proj.GridSearch.bn2.[AbsMax].lr.skip.[rc+tan+tn]-qdiff.128-t4.g0-s1024.RUNNING/run-251228.103853.RUNNING/model
25-12-28 10:46:42 | I |   * Quantizing activations
25-12-28 10:46:42 | I |   - No need to generate/load activation quantizer settings
25-12-28 10:46:42 | D |   - Quantizing layer transformer_blocks.0
25-12-28 10:46:42 | D |     - Calibrating transformer_blocks.0.attn.to_q.input, transformer_blocks.0.attn.to_k.input, transformer_blocks.0.attn.to_v.input
25-12-28 10:46:43 | D |     - Calibrating transformer_blocks.0.attn.add_q_proj.input, transformer_blocks.0.attn.add_k_proj.input, transformer_blocks.0.attn.add_v_proj.input
25-12-28 10:46:43 | D |     - Calibrating transformer_blocks.0.attn.to_out.0.input
25-12-28 10:46:43 | D |     - Calibrating transformer_blocks.0.attn.to_add_out.input
25-12-28 10:46:44 | D |     - Calibrating transformer_blocks.0.ff.net.0.proj.input
25-12-28 10:46:44 | D |     - Calibrating transformer_blocks.0.ff.net.2.input
25-12-28 10:46:44 | D |     - Calibrating transformer_blocks.0.ff_context.net.0.proj.input
25-12-28 10:46:44 | D |     - Calibrating transformer_blocks.0.ff_context.net.2.input
25-12-28 10:46:45 | D |   - Quantizing layer transformer_blocks.1
25-12-28 10:46:45 | D |     - Calibrating transformer_blocks.1.attn.to_q.input, transformer_blocks.1.attn.to_k.input, transformer_blocks.1.attn.to_v.input
25-12-28 10:46:45 | D |     - Calibrating transformer_blocks.1.attn.add_q_proj.input, transformer_blocks.1.attn.add_k_proj.input, transformer_blocks.1.attn.add_v_proj.input
25-12-28 10:46:45 | D |     - Calibrating transformer_blocks.1.attn.to_out.0.input
25-12-28 10:46:45 | D |     - Calibrating transformer_blocks.1.attn.to_add_out.input
25-12-28 10:46:46 | D |     - Calibrating transformer_blocks.1.ff.net.0.proj.input
25-12-28 10:46:46 | D |     - Calibrating transformer_blocks.1.ff.net.2.input
25-12-28 10:46:46 | D |     - Calibrating transformer_blocks.1.ff_context.net.0.proj.input
25-12-28 10:46:47 | D |     - Calibrating transformer_blocks.1.ff_context.net.2.input
25-12-28 10:46:47 | D |   - Quantizing layer transformer_blocks.2
25-12-28 10:46:47 | D |     - Calibrating transformer_blocks.2.attn.to_q.input, transformer_blocks.2.attn.to_k.input, transformer_blocks.2.attn.to_v.input
25-12-28 10:46:47 | D |     - Calibrating transformer_blocks.2.attn.add_q_proj.input, transformer_blocks.2.attn.add_k_proj.input, transformer_blocks.2.attn.add_v_proj.input
25-12-28 10:46:47 | D |     - Calibrating transformer_blocks.2.attn.to_out.0.input
25-12-28 10:46:48 | D |     - Calibrating transformer_blocks.2.attn.to_add_out.input
25-12-28 10:46:48 | D |     - Calibrating transformer_blocks.2.ff.net.0.proj.input
25-12-28 10:46:48 | D |     - Calibrating transformer_blocks.2.ff.net.2.input
25-12-28 10:46:48 | D |     - Calibrating transformer_blocks.2.ff_context.net.0.proj.input
25-12-28 10:46:49 | D |     - Calibrating transformer_blocks.2.ff_context.net.2.input
25-12-28 10:46:49 | D |   - Quantizing layer transformer_blocks.3
25-12-28 10:46:49 | D |     - Calibrating transformer_blocks.3.attn.to_q.input, transformer_blocks.3.attn.to_k.input, transformer_blocks.3.attn.to_v.input
25-12-28 10:46:49 | D |     - Calibrating transformer_blocks.3.attn.add_q_proj.input, transformer_blocks.3.attn.add_k_proj.input, transformer_blocks.3.attn.add_v_proj.input
25-12-28 10:46:49 | D |     - Calibrating transformer_blocks.3.attn.to_out.0.input
25-12-28 10:46:50 | D |     - Calibrating transformer_blocks.3.attn.to_add_out.input
25-12-28 10:46:50 | D |     - Calibrating transformer_blocks.3.ff.net.0.proj.input
25-12-28 10:46:50 | D |     - Calibrating transformer_blocks.3.ff.net.2.input
25-12-28 10:46:51 | D |     - Calibrating transformer_blocks.3.ff_context.net.0.proj.input
25-12-28 10:46:51 | D |     - Calibrating transformer_blocks.3.ff_context.net.2.input
25-12-28 10:46:51 | D |   - Quantizing layer transformer_blocks.4
25-12-28 10:46:51 | D |     - Calibrating transformer_blocks.4.attn.to_q.input, transformer_blocks.4.attn.to_k.input, transformer_blocks.4.attn.to_v.input
25-12-28 10:46:51 | D |     - Calibrating transformer_blocks.4.attn.add_q_proj.input, transformer_blocks.4.attn.add_k_proj.input, transformer_blocks.4.attn.add_v_proj.input
25-12-28 10:46:52 | D |     - Calibrating transformer_blocks.4.attn.to_out.0.input
25-12-28 10:46:52 | D |     - Calibrating transformer_blocks.4.attn.to_add_out.input
25-12-28 10:46:52 | D |     - Calibrating transformer_blocks.4.ff.net.0.proj.input
25-12-28 10:46:53 | D |     - Calibrating transformer_blocks.4.ff.net.2.input
25-12-28 10:46:53 | D |     - Calibrating transformer_blocks.4.ff_context.net.0.proj.input
25-12-28 10:46:53 | D |     - Calibrating transformer_blocks.4.ff_context.net.2.input
25-12-28 10:46:53 | D |   - Quantizing layer transformer_blocks.5
25-12-28 10:46:53 | D |     - Calibrating transformer_blocks.5.attn.to_q.input, transformer_blocks.5.attn.to_k.input, transformer_blocks.5.attn.to_v.input
25-12-28 10:46:54 | D |     - Calibrating transformer_blocks.5.attn.add_q_proj.input, transformer_blocks.5.attn.add_k_proj.input, transformer_blocks.5.attn.add_v_proj.input
25-12-28 10:46:54 | D |     - Calibrating transformer_blocks.5.attn.to_out.0.input
25-12-28 10:46:54 | D |     - Calibrating transformer_blocks.5.attn.to_add_out.input
25-12-28 10:46:54 | D |     - Calibrating transformer_blocks.5.ff.net.0.proj.input
25-12-28 10:46:55 | D |     - Calibrating transformer_blocks.5.ff.net.2.input
25-12-28 10:46:55 | D |     - Calibrating transformer_blocks.5.ff_context.net.0.proj.input
25-12-28 10:46:55 | D |     - Calibrating transformer_blocks.5.ff_context.net.2.input
25-12-28 10:46:56 | D |   - Quantizing layer transformer_blocks.6
25-12-28 10:46:56 | D |     - Calibrating transformer_blocks.6.attn.to_q.input, transformer_blocks.6.attn.to_k.input, transformer_blocks.6.attn.to_v.input
25-12-28 10:46:56 | D |     - Calibrating transformer_blocks.6.attn.add_q_proj.input, transformer_blocks.6.attn.add_k_proj.input, transformer_blocks.6.attn.add_v_proj.input
25-12-28 10:46:56 | D |     - Calibrating transformer_blocks.6.attn.to_out.0.input
25-12-28 10:46:56 | D |     - Calibrating transformer_blocks.6.attn.to_add_out.input
25-12-28 10:46:57 | D |     - Calibrating transformer_blocks.6.ff.net.0.proj.input
25-12-28 10:46:57 | D |     - Calibrating transformer_blocks.6.ff.net.2.input
25-12-28 10:46:57 | D |     - Calibrating transformer_blocks.6.ff_context.net.0.proj.input
25-12-28 10:46:57 | D |     - Calibrating transformer_blocks.6.ff_context.net.2.input
25-12-28 10:46:58 | D |   - Quantizing layer transformer_blocks.7
25-12-28 10:46:58 | D |     - Calibrating transformer_blocks.7.attn.to_q.input, transformer_blocks.7.attn.to_k.input, transformer_blocks.7.attn.to_v.input
25-12-28 10:46:58 | D |     - Calibrating transformer_blocks.7.attn.add_q_proj.input, transformer_blocks.7.attn.add_k_proj.input, transformer_blocks.7.attn.add_v_proj.input
25-12-28 10:46:58 | D |     - Calibrating transformer_blocks.7.attn.to_out.0.input
25-12-28 10:46:59 | D |     - Calibrating transformer_blocks.7.attn.to_add_out.input
25-12-28 10:46:59 | D |     - Calibrating transformer_blocks.7.ff.net.0.proj.input
25-12-28 10:46:59 | D |     - Calibrating transformer_blocks.7.ff.net.2.input
25-12-28 10:46:59 | D |     - Calibrating transformer_blocks.7.ff_context.net.0.proj.input
25-12-28 10:47:00 | D |     - Calibrating transformer_blocks.7.ff_context.net.2.input
25-12-28 10:47:00 | D |   - Quantizing layer transformer_blocks.8
25-12-28 10:47:00 | D |     - Calibrating transformer_blocks.8.attn.to_q.input, transformer_blocks.8.attn.to_k.input, transformer_blocks.8.attn.to_v.input
25-12-28 10:47:00 | D |     - Calibrating transformer_blocks.8.attn.add_q_proj.input, transformer_blocks.8.attn.add_k_proj.input, transformer_blocks.8.attn.add_v_proj.input
25-12-28 10:47:00 | D |     - Calibrating transformer_blocks.8.attn.to_out.0.input
25-12-28 10:47:01 | D |     - Calibrating transformer_blocks.8.attn.to_add_out.input
25-12-28 10:47:01 | D |     - Calibrating transformer_blocks.8.ff.net.0.proj.input
25-12-28 10:47:01 | D |     - Calibrating transformer_blocks.8.ff.net.2.input
25-12-28 10:47:02 | D |     - Calibrating transformer_blocks.8.ff_context.net.0.proj.input
25-12-28 10:47:02 | D |     - Calibrating transformer_blocks.8.ff_context.net.2.input
25-12-28 10:47:02 | D |   - Quantizing layer transformer_blocks.9
25-12-28 10:47:02 | D |     - Calibrating transformer_blocks.9.attn.to_q.input, transformer_blocks.9.attn.to_k.input, transformer_blocks.9.attn.to_v.input
25-12-28 10:47:02 | D |     - Calibrating transformer_blocks.9.attn.add_q_proj.input, transformer_blocks.9.attn.add_k_proj.input, transformer_blocks.9.attn.add_v_proj.input
25-12-28 10:47:03 | D |     - Calibrating transformer_blocks.9.attn.to_out.0.input
25-12-28 10:47:03 | D |     - Calibrating transformer_blocks.9.attn.to_add_out.input
25-12-28 10:47:03 | D |     - Calibrating transformer_blocks.9.ff.net.0.proj.input
25-12-28 10:47:04 | D |     - Calibrating transformer_blocks.9.ff.net.2.input
25-12-28 10:47:04 | D |     - Calibrating transformer_blocks.9.ff_context.net.0.proj.input
25-12-28 10:47:04 | D |     - Calibrating transformer_blocks.9.ff_context.net.2.input
25-12-28 10:47:04 | D |   - Quantizing layer transformer_blocks.10
25-12-28 10:47:04 | D |     - Calibrating transformer_blocks.10.attn.to_q.input, transformer_blocks.10.attn.to_k.input, transformer_blocks.10.attn.to_v.input
25-12-28 10:47:05 | D |     - Calibrating transformer_blocks.10.attn.add_q_proj.input, transformer_blocks.10.attn.add_k_proj.input, transformer_blocks.10.attn.add_v_proj.input
25-12-28 10:47:05 | D |     - Calibrating transformer_blocks.10.attn.to_out.0.input
25-12-28 10:47:05 | D |     - Calibrating transformer_blocks.10.attn.to_add_out.input
25-12-28 10:47:06 | D |     - Calibrating transformer_blocks.10.ff.net.0.proj.input
25-12-28 10:47:06 | D |     - Calibrating transformer_blocks.10.ff.net.2.input
25-12-28 10:47:06 | D |     - Calibrating transformer_blocks.10.ff_context.net.0.proj.input
25-12-28 10:47:06 | D |     - Calibrating transformer_blocks.10.ff_context.net.2.input
25-12-28 10:47:07 | D |   - Quantizing layer transformer_blocks.11
25-12-28 10:47:07 | D |     - Calibrating transformer_blocks.11.attn.to_q.input, transformer_blocks.11.attn.to_k.input, transformer_blocks.11.attn.to_v.input
25-12-28 10:47:07 | D |     - Calibrating transformer_blocks.11.attn.add_q_proj.input, transformer_blocks.11.attn.add_k_proj.input, transformer_blocks.11.attn.add_v_proj.input
25-12-28 10:47:07 | D |     - Calibrating transformer_blocks.11.attn.to_out.0.input
25-12-28 10:47:07 | D |     - Calibrating transformer_blocks.11.attn.to_add_out.input
25-12-28 10:47:08 | D |     - Calibrating transformer_blocks.11.ff.net.0.proj.input
25-12-28 10:47:08 | D |     - Calibrating transformer_blocks.11.ff.net.2.input
25-12-28 10:47:08 | D |     - Calibrating transformer_blocks.11.ff_context.net.0.proj.input
25-12-28 10:47:08 | D |     - Calibrating transformer_blocks.11.ff_context.net.2.input
25-12-28 10:47:09 | D |   - Quantizing layer transformer_blocks.12
25-12-28 10:47:09 | D |     - Calibrating transformer_blocks.12.attn.to_q.input, transformer_blocks.12.attn.to_k.input, transformer_blocks.12.attn.to_v.input
25-12-28 10:47:09 | D |     - Calibrating transformer_blocks.12.attn.add_q_proj.input, transformer_blocks.12.attn.add_k_proj.input, transformer_blocks.12.attn.add_v_proj.input
25-12-28 10:47:09 | D |     - Calibrating transformer_blocks.12.attn.to_out.0.input
25-12-28 10:47:10 | D |     - Calibrating transformer_blocks.12.attn.to_add_out.input
25-12-28 10:47:10 | D |     - Calibrating transformer_blocks.12.ff.net.0.proj.input
25-12-28 10:47:10 | D |     - Calibrating transformer_blocks.12.ff.net.2.input
25-12-28 10:47:10 | D |     - Calibrating transformer_blocks.12.ff_context.net.0.proj.input
25-12-28 10:47:11 | D |     - Calibrating transformer_blocks.12.ff_context.net.2.input
25-12-28 10:47:11 | D |   - Quantizing layer transformer_blocks.13
25-12-28 10:47:11 | D |     - Calibrating transformer_blocks.13.attn.to_q.input, transformer_blocks.13.attn.to_k.input, transformer_blocks.13.attn.to_v.input
25-12-28 10:47:11 | D |     - Calibrating transformer_blocks.13.attn.add_q_proj.input, transformer_blocks.13.attn.add_k_proj.input, transformer_blocks.13.attn.add_v_proj.input
25-12-28 10:47:12 | D |     - Calibrating transformer_blocks.13.attn.to_out.0.input
25-12-28 10:47:12 | D |     - Calibrating transformer_blocks.13.attn.to_add_out.input
25-12-28 10:47:13 | D |     - Calibrating transformer_blocks.13.ff.net.0.proj.input
25-12-28 10:47:13 | D |     - Calibrating transformer_blocks.13.ff.net.2.input
25-12-28 10:47:13 | D |     - Calibrating transformer_blocks.13.ff_context.net.0.proj.input
25-12-28 10:47:13 | D |     - Calibrating transformer_blocks.13.ff_context.net.2.input
25-12-28 10:47:14 | D |   - Quantizing layer transformer_blocks.14
25-12-28 10:47:14 | D |     - Calibrating transformer_blocks.14.attn.to_q.input, transformer_blocks.14.attn.to_k.input, transformer_blocks.14.attn.to_v.input
25-12-28 10:47:14 | D |     - Calibrating transformer_blocks.14.attn.add_q_proj.input, transformer_blocks.14.attn.add_k_proj.input, transformer_blocks.14.attn.add_v_proj.input
25-12-28 10:47:14 | D |     - Calibrating transformer_blocks.14.attn.to_out.0.input
25-12-28 10:47:15 | D |     - Calibrating transformer_blocks.14.attn.to_add_out.input
25-12-28 10:47:15 | D |     - Calibrating transformer_blocks.14.ff.net.0.proj.input
25-12-28 10:47:15 | D |     - Calibrating transformer_blocks.14.ff.net.2.input
25-12-28 10:47:15 | D |     - Calibrating transformer_blocks.14.ff_context.net.0.proj.input
25-12-28 10:47:16 | D |     - Calibrating transformer_blocks.14.ff_context.net.2.input
25-12-28 10:47:16 | D |   - Quantizing layer transformer_blocks.15
25-12-28 10:47:16 | D |     - Calibrating transformer_blocks.15.attn.to_q.input, transformer_blocks.15.attn.to_k.input, transformer_blocks.15.attn.to_v.input
25-12-28 10:47:16 | D |     - Calibrating transformer_blocks.15.attn.add_q_proj.input, transformer_blocks.15.attn.add_k_proj.input, transformer_blocks.15.attn.add_v_proj.input
25-12-28 10:47:16 | D |     - Calibrating transformer_blocks.15.attn.to_out.0.input
25-12-28 10:47:17 | D |     - Calibrating transformer_blocks.15.attn.to_add_out.input
25-12-28 10:47:17 | D |     - Calibrating transformer_blocks.15.ff.net.0.proj.input
25-12-28 10:47:17 | D |     - Calibrating transformer_blocks.15.ff.net.2.input
25-12-28 10:47:17 | D |     - Calibrating transformer_blocks.15.ff_context.net.0.proj.input
25-12-28 10:47:18 | D |     - Calibrating transformer_blocks.15.ff_context.net.2.input
25-12-28 10:47:18 | D |   - Quantizing layer transformer_blocks.16
25-12-28 10:47:18 | D |     - Calibrating transformer_blocks.16.attn.to_q.input, transformer_blocks.16.attn.to_k.input, transformer_blocks.16.attn.to_v.input
25-12-28 10:47:18 | D |     - Calibrating transformer_blocks.16.attn.add_q_proj.input, transformer_blocks.16.attn.add_k_proj.input, transformer_blocks.16.attn.add_v_proj.input
25-12-28 10:47:19 | D |     - Calibrating transformer_blocks.16.attn.to_out.0.input
25-12-28 10:47:19 | D |     - Calibrating transformer_blocks.16.attn.to_add_out.input
25-12-28 10:47:19 | D |     - Calibrating transformer_blocks.16.ff.net.0.proj.input
25-12-28 10:47:20 | D |     - Calibrating transformer_blocks.16.ff.net.2.input
25-12-28 10:47:20 | D |     - Calibrating transformer_blocks.16.ff_context.net.0.proj.input
25-12-28 10:47:20 | D |     - Calibrating transformer_blocks.16.ff_context.net.2.input
25-12-28 10:47:21 | D |   - Quantizing layer transformer_blocks.17
25-12-28 10:47:21 | D |     - Calibrating transformer_blocks.17.attn.to_q.input, transformer_blocks.17.attn.to_k.input, transformer_blocks.17.attn.to_v.input
25-12-28 10:47:21 | D |     - Calibrating transformer_blocks.17.attn.add_q_proj.input, transformer_blocks.17.attn.add_k_proj.input, transformer_blocks.17.attn.add_v_proj.input
25-12-28 10:47:21 | D |     - Calibrating transformer_blocks.17.attn.to_out.0.input
25-12-28 10:47:21 | D |     - Calibrating transformer_blocks.17.attn.to_add_out.input
25-12-28 10:47:22 | D |     - Calibrating transformer_blocks.17.ff.net.0.proj.input
25-12-28 10:47:22 | D |     - Calibrating transformer_blocks.17.ff.net.2.input
25-12-28 10:47:22 | D |     - Calibrating transformer_blocks.17.ff_context.net.0.proj.input
25-12-28 10:47:22 | D |     - Calibrating transformer_blocks.17.ff_context.net.2.input
25-12-28 10:47:23 | D |   - Quantizing layer transformer_blocks.18
25-12-28 10:47:23 | D |     - Calibrating transformer_blocks.18.attn.to_q.input, transformer_blocks.18.attn.to_k.input, transformer_blocks.18.attn.to_v.input
25-12-28 10:47:23 | D |     - Calibrating transformer_blocks.18.attn.add_q_proj.input, transformer_blocks.18.attn.add_k_proj.input, transformer_blocks.18.attn.add_v_proj.input
25-12-28 10:47:23 | D |     - Calibrating transformer_blocks.18.attn.to_out.0.input
25-12-28 10:47:24 | D |     - Calibrating transformer_blocks.18.attn.to_add_out.input
25-12-28 10:47:24 | D |     - Calibrating transformer_blocks.18.ff.net.0.proj.input
25-12-28 10:47:24 | D |     - Calibrating transformer_blocks.18.ff.net.2.input
25-12-28 10:47:24 | D |     - Calibrating transformer_blocks.18.ff_context.net.0.proj.input
25-12-28 10:47:25 | D |     - Calibrating transformer_blocks.18.ff_context.net.2.input
25-12-28 10:47:25 | D |   - Quantizing layer single_transformer_blocks.0
25-12-28 10:47:25 | D |     - Calibrating single_transformer_blocks.0.attn.to_q.input, single_transformer_blocks.0.attn.to_k.input, single_transformer_blocks.0.attn.to_v.input, single_transformer_blocks.0.proj_mlp.input
25-12-28 10:47:26 | D |     - Calibrating single_transformer_blocks.0.proj_out.linears.0.input
25-12-28 10:47:26 | D |     - Calibrating single_transformer_blocks.0.proj_out.linears.1.input
25-12-28 10:47:26 | D |   - Quantizing layer single_transformer_blocks.1
25-12-28 10:47:26 | D |     - Calibrating single_transformer_blocks.1.attn.to_q.input, single_transformer_blocks.1.attn.to_k.input, single_transformer_blocks.1.attn.to_v.input, single_transformer_blocks.1.proj_mlp.input
25-12-28 10:47:26 | D |     - Calibrating single_transformer_blocks.1.proj_out.linears.0.input
25-12-28 10:47:27 | D |     - Calibrating single_transformer_blocks.1.proj_out.linears.1.input
25-12-28 10:47:27 | D |   - Quantizing layer single_transformer_blocks.2
25-12-28 10:47:27 | D |     - Calibrating single_transformer_blocks.2.attn.to_q.input, single_transformer_blocks.2.attn.to_k.input, single_transformer_blocks.2.attn.to_v.input, single_transformer_blocks.2.proj_mlp.input
25-12-28 10:47:27 | D |     - Calibrating single_transformer_blocks.2.proj_out.linears.0.input
25-12-28 10:47:27 | D |     - Calibrating single_transformer_blocks.2.proj_out.linears.1.input
25-12-28 10:47:28 | D |   - Quantizing layer single_transformer_blocks.3
25-12-28 10:47:28 | D |     - Calibrating single_transformer_blocks.3.attn.to_q.input, single_transformer_blocks.3.attn.to_k.input, single_transformer_blocks.3.attn.to_v.input, single_transformer_blocks.3.proj_mlp.input
25-12-28 10:47:28 | D |     - Calibrating single_transformer_blocks.3.proj_out.linears.0.input
25-12-28 10:47:28 | D |     - Calibrating single_transformer_blocks.3.proj_out.linears.1.input
25-12-28 10:47:28 | D |   - Quantizing layer single_transformer_blocks.4
25-12-28 10:47:28 | D |     - Calibrating single_transformer_blocks.4.attn.to_q.input, single_transformer_blocks.4.attn.to_k.input, single_transformer_blocks.4.attn.to_v.input, single_transformer_blocks.4.proj_mlp.input
25-12-28 10:47:29 | D |     - Calibrating single_transformer_blocks.4.proj_out.linears.0.input
25-12-28 10:47:29 | D |     - Calibrating single_transformer_blocks.4.proj_out.linears.1.input
25-12-28 10:47:29 | D |   - Quantizing layer single_transformer_blocks.5
25-12-28 10:47:29 | D |     - Calibrating single_transformer_blocks.5.attn.to_q.input, single_transformer_blocks.5.attn.to_k.input, single_transformer_blocks.5.attn.to_v.input, single_transformer_blocks.5.proj_mlp.input
25-12-28 10:47:30 | D |     - Calibrating single_transformer_blocks.5.proj_out.linears.0.input
25-12-28 10:47:30 | D |     - Calibrating single_transformer_blocks.5.proj_out.linears.1.input
25-12-28 10:47:30 | D |   - Quantizing layer single_transformer_blocks.6
25-12-28 10:47:30 | D |     - Calibrating single_transformer_blocks.6.attn.to_q.input, single_transformer_blocks.6.attn.to_k.input, single_transformer_blocks.6.attn.to_v.input, single_transformer_blocks.6.proj_mlp.input
25-12-28 10:47:31 | D |     - Calibrating single_transformer_blocks.6.proj_out.linears.0.input
25-12-28 10:47:31 | D |     - Calibrating single_transformer_blocks.6.proj_out.linears.1.input
25-12-28 10:47:31 | D |   - Quantizing layer single_transformer_blocks.7
25-12-28 10:47:31 | D |     - Calibrating single_transformer_blocks.7.attn.to_q.input, single_transformer_blocks.7.attn.to_k.input, single_transformer_blocks.7.attn.to_v.input, single_transformer_blocks.7.proj_mlp.input
25-12-28 10:47:31 | D |     - Calibrating single_transformer_blocks.7.proj_out.linears.0.input
25-12-28 10:47:32 | D |     - Calibrating single_transformer_blocks.7.proj_out.linears.1.input
25-12-28 10:47:32 | D |   - Quantizing layer single_transformer_blocks.8
25-12-28 10:47:32 | D |     - Calibrating single_transformer_blocks.8.attn.to_q.input, single_transformer_blocks.8.attn.to_k.input, single_transformer_blocks.8.attn.to_v.input, single_transformer_blocks.8.proj_mlp.input
25-12-28 10:47:32 | D |     - Calibrating single_transformer_blocks.8.proj_out.linears.0.input
25-12-28 10:47:32 | D |     - Calibrating single_transformer_blocks.8.proj_out.linears.1.input
25-12-28 10:47:33 | D |   - Quantizing layer single_transformer_blocks.9
25-12-28 10:47:33 | D |     - Calibrating single_transformer_blocks.9.attn.to_q.input, single_transformer_blocks.9.attn.to_k.input, single_transformer_blocks.9.attn.to_v.input, single_transformer_blocks.9.proj_mlp.input
25-12-28 10:47:33 | D |     - Calibrating single_transformer_blocks.9.proj_out.linears.0.input
25-12-28 10:47:33 | D |     - Calibrating single_transformer_blocks.9.proj_out.linears.1.input
25-12-28 10:47:33 | D |   - Quantizing layer single_transformer_blocks.10
25-12-28 10:47:33 | D |     - Calibrating single_transformer_blocks.10.attn.to_q.input, single_transformer_blocks.10.attn.to_k.input, single_transformer_blocks.10.attn.to_v.input, single_transformer_blocks.10.proj_mlp.input
25-12-28 10:47:34 | D |     - Calibrating single_transformer_blocks.10.proj_out.linears.0.input
25-12-28 10:47:34 | D |     - Calibrating single_transformer_blocks.10.proj_out.linears.1.input
25-12-28 10:47:34 | D |   - Quantizing layer single_transformer_blocks.11
25-12-28 10:47:34 | D |     - Calibrating single_transformer_blocks.11.attn.to_q.input, single_transformer_blocks.11.attn.to_k.input, single_transformer_blocks.11.attn.to_v.input, single_transformer_blocks.11.proj_mlp.input
25-12-28 10:47:35 | D |     - Calibrating single_transformer_blocks.11.proj_out.linears.0.input
25-12-28 10:47:35 | D |     - Calibrating single_transformer_blocks.11.proj_out.linears.1.input
25-12-28 10:47:35 | D |   - Quantizing layer single_transformer_blocks.12
25-12-28 10:47:35 | D |     - Calibrating single_transformer_blocks.12.attn.to_q.input, single_transformer_blocks.12.attn.to_k.input, single_transformer_blocks.12.attn.to_v.input, single_transformer_blocks.12.proj_mlp.input
25-12-28 10:47:35 | D |     - Calibrating single_transformer_blocks.12.proj_out.linears.0.input
25-12-28 10:47:36 | D |     - Calibrating single_transformer_blocks.12.proj_out.linears.1.input
25-12-28 10:47:36 | D |   - Quantizing layer single_transformer_blocks.13
25-12-28 10:47:36 | D |     - Calibrating single_transformer_blocks.13.attn.to_q.input, single_transformer_blocks.13.attn.to_k.input, single_transformer_blocks.13.attn.to_v.input, single_transformer_blocks.13.proj_mlp.input
25-12-28 10:47:36 | D |     - Calibrating single_transformer_blocks.13.proj_out.linears.0.input
25-12-28 10:47:36 | D |     - Calibrating single_transformer_blocks.13.proj_out.linears.1.input
25-12-28 10:47:37 | D |   - Quantizing layer single_transformer_blocks.14
25-12-28 10:47:37 | D |     - Calibrating single_transformer_blocks.14.attn.to_q.input, single_transformer_blocks.14.attn.to_k.input, single_transformer_blocks.14.attn.to_v.input, single_transformer_blocks.14.proj_mlp.input
25-12-28 10:47:37 | D |     - Calibrating single_transformer_blocks.14.proj_out.linears.0.input
25-12-28 10:47:37 | D |     - Calibrating single_transformer_blocks.14.proj_out.linears.1.input
25-12-28 10:47:37 | D |   - Quantizing layer single_transformer_blocks.15
25-12-28 10:47:37 | D |     - Calibrating single_transformer_blocks.15.attn.to_q.input, single_transformer_blocks.15.attn.to_k.input, single_transformer_blocks.15.attn.to_v.input, single_transformer_blocks.15.proj_mlp.input
25-12-28 10:47:38 | D |     - Calibrating single_transformer_blocks.15.proj_out.linears.0.input
25-12-28 10:47:38 | D |     - Calibrating single_transformer_blocks.15.proj_out.linears.1.input
25-12-28 10:47:38 | D |   - Quantizing layer single_transformer_blocks.16
25-12-28 10:47:38 | D |     - Calibrating single_transformer_blocks.16.attn.to_q.input, single_transformer_blocks.16.attn.to_k.input, single_transformer_blocks.16.attn.to_v.input, single_transformer_blocks.16.proj_mlp.input
25-12-28 10:47:38 | D |     - Calibrating single_transformer_blocks.16.proj_out.linears.0.input
25-12-28 10:47:39 | D |     - Calibrating single_transformer_blocks.16.proj_out.linears.1.input
25-12-28 10:47:39 | D |   - Quantizing layer single_transformer_blocks.17
25-12-28 10:47:39 | D |     - Calibrating single_transformer_blocks.17.attn.to_q.input, single_transformer_blocks.17.attn.to_k.input, single_transformer_blocks.17.attn.to_v.input, single_transformer_blocks.17.proj_mlp.input
25-12-28 10:47:39 | D |     - Calibrating single_transformer_blocks.17.proj_out.linears.0.input
25-12-28 10:47:40 | D |     - Calibrating single_transformer_blocks.17.proj_out.linears.1.input
25-12-28 10:47:40 | D |   - Quantizing layer single_transformer_blocks.18
25-12-28 10:47:40 | D |     - Calibrating single_transformer_blocks.18.attn.to_q.input, single_transformer_blocks.18.attn.to_k.input, single_transformer_blocks.18.attn.to_v.input, single_transformer_blocks.18.proj_mlp.input
25-12-28 10:47:40 | D |     - Calibrating single_transformer_blocks.18.proj_out.linears.0.input
25-12-28 10:47:40 | D |     - Calibrating single_transformer_blocks.18.proj_out.linears.1.input
25-12-28 10:47:41 | D |   - Quantizing layer single_transformer_blocks.19
25-12-28 10:47:41 | D |     - Calibrating single_transformer_blocks.19.attn.to_q.input, single_transformer_blocks.19.attn.to_k.input, single_transformer_blocks.19.attn.to_v.input, single_transformer_blocks.19.proj_mlp.input
25-12-28 10:47:41 | D |     - Calibrating single_transformer_blocks.19.proj_out.linears.0.input
25-12-28 10:47:41 | D |     - Calibrating single_transformer_blocks.19.proj_out.linears.1.input
25-12-28 10:47:41 | D |   - Quantizing layer single_transformer_blocks.20
25-12-28 10:47:41 | D |     - Calibrating single_transformer_blocks.20.attn.to_q.input, single_transformer_blocks.20.attn.to_k.input, single_transformer_blocks.20.attn.to_v.input, single_transformer_blocks.20.proj_mlp.input
25-12-28 10:47:42 | D |     - Calibrating single_transformer_blocks.20.proj_out.linears.0.input
25-12-28 10:47:42 | D |     - Calibrating single_transformer_blocks.20.proj_out.linears.1.input
25-12-28 10:47:42 | D |   - Quantizing layer single_transformer_blocks.21
25-12-28 10:47:42 | D |     - Calibrating single_transformer_blocks.21.attn.to_q.input, single_transformer_blocks.21.attn.to_k.input, single_transformer_blocks.21.attn.to_v.input, single_transformer_blocks.21.proj_mlp.input
25-12-28 10:47:43 | D |     - Calibrating single_transformer_blocks.21.proj_out.linears.0.input
25-12-28 10:47:43 | D |     - Calibrating single_transformer_blocks.21.proj_out.linears.1.input
25-12-28 10:47:43 | D |   - Quantizing layer single_transformer_blocks.22
25-12-28 10:47:43 | D |     - Calibrating single_transformer_blocks.22.attn.to_q.input, single_transformer_blocks.22.attn.to_k.input, single_transformer_blocks.22.attn.to_v.input, single_transformer_blocks.22.proj_mlp.input
25-12-28 10:47:43 | D |     - Calibrating single_transformer_blocks.22.proj_out.linears.0.input
25-12-28 10:47:44 | D |     - Calibrating single_transformer_blocks.22.proj_out.linears.1.input
25-12-28 10:47:44 | D |   - Quantizing layer single_transformer_blocks.23
25-12-28 10:47:44 | D |     - Calibrating single_transformer_blocks.23.attn.to_q.input, single_transformer_blocks.23.attn.to_k.input, single_transformer_blocks.23.attn.to_v.input, single_transformer_blocks.23.proj_mlp.input
25-12-28 10:47:44 | D |     - Calibrating single_transformer_blocks.23.proj_out.linears.0.input
25-12-28 10:47:45 | D |     - Calibrating single_transformer_blocks.23.proj_out.linears.1.input
25-12-28 10:47:45 | D |   - Quantizing layer single_transformer_blocks.24
25-12-28 10:47:45 | D |     - Calibrating single_transformer_blocks.24.attn.to_q.input, single_transformer_blocks.24.attn.to_k.input, single_transformer_blocks.24.attn.to_v.input, single_transformer_blocks.24.proj_mlp.input
25-12-28 10:47:45 | D |     - Calibrating single_transformer_blocks.24.proj_out.linears.0.input
25-12-28 10:47:46 | D |     - Calibrating single_transformer_blocks.24.proj_out.linears.1.input
25-12-28 10:47:46 | D |   - Quantizing layer single_transformer_blocks.25
25-12-28 10:47:46 | D |     - Calibrating single_transformer_blocks.25.attn.to_q.input, single_transformer_blocks.25.attn.to_k.input, single_transformer_blocks.25.attn.to_v.input, single_transformer_blocks.25.proj_mlp.input
25-12-28 10:47:46 | D |     - Calibrating single_transformer_blocks.25.proj_out.linears.0.input
25-12-28 10:47:46 | D |     - Calibrating single_transformer_blocks.25.proj_out.linears.1.input
25-12-28 10:47:47 | D |   - Quantizing layer single_transformer_blocks.26
25-12-28 10:47:47 | D |     - Calibrating single_transformer_blocks.26.attn.to_q.input, single_transformer_blocks.26.attn.to_k.input, single_transformer_blocks.26.attn.to_v.input, single_transformer_blocks.26.proj_mlp.input
25-12-28 10:47:47 | D |     - Calibrating single_transformer_blocks.26.proj_out.linears.0.input
25-12-28 10:47:47 | D |     - Calibrating single_transformer_blocks.26.proj_out.linears.1.input
25-12-28 10:47:47 | D |   - Quantizing layer single_transformer_blocks.27
25-12-28 10:47:47 | D |     - Calibrating single_transformer_blocks.27.attn.to_q.input, single_transformer_blocks.27.attn.to_k.input, single_transformer_blocks.27.attn.to_v.input, single_transformer_blocks.27.proj_mlp.input
25-12-28 10:47:48 | D |     - Calibrating single_transformer_blocks.27.proj_out.linears.0.input
25-12-28 10:47:48 | D |     - Calibrating single_transformer_blocks.27.proj_out.linears.1.input
25-12-28 10:47:48 | D |   - Quantizing layer single_transformer_blocks.28
25-12-28 10:47:48 | D |     - Calibrating single_transformer_blocks.28.attn.to_q.input, single_transformer_blocks.28.attn.to_k.input, single_transformer_blocks.28.attn.to_v.input, single_transformer_blocks.28.proj_mlp.input
25-12-28 10:47:49 | D |     - Calibrating single_transformer_blocks.28.proj_out.linears.0.input
25-12-28 10:47:49 | D |     - Calibrating single_transformer_blocks.28.proj_out.linears.1.input
25-12-28 10:47:49 | D |   - Quantizing layer single_transformer_blocks.29
25-12-28 10:47:49 | D |     - Calibrating single_transformer_blocks.29.attn.to_q.input, single_transformer_blocks.29.attn.to_k.input, single_transformer_blocks.29.attn.to_v.input, single_transformer_blocks.29.proj_mlp.input
25-12-28 10:47:49 | D |     - Calibrating single_transformer_blocks.29.proj_out.linears.0.input
25-12-28 10:47:50 | D |     - Calibrating single_transformer_blocks.29.proj_out.linears.1.input
25-12-28 10:47:50 | D |   - Quantizing layer single_transformer_blocks.30
25-12-28 10:47:50 | D |     - Calibrating single_transformer_blocks.30.attn.to_q.input, single_transformer_blocks.30.attn.to_k.input, single_transformer_blocks.30.attn.to_v.input, single_transformer_blocks.30.proj_mlp.input
25-12-28 10:47:50 | D |     - Calibrating single_transformer_blocks.30.proj_out.linears.0.input
25-12-28 10:47:50 | D |     - Calibrating single_transformer_blocks.30.proj_out.linears.1.input
25-12-28 10:47:51 | D |   - Quantizing layer single_transformer_blocks.31
25-12-28 10:47:51 | D |     - Calibrating single_transformer_blocks.31.attn.to_q.input, single_transformer_blocks.31.attn.to_k.input, single_transformer_blocks.31.attn.to_v.input, single_transformer_blocks.31.proj_mlp.input
25-12-28 10:47:51 | D |     - Calibrating single_transformer_blocks.31.proj_out.linears.0.input
25-12-28 10:47:51 | D |     - Calibrating single_transformer_blocks.31.proj_out.linears.1.input
25-12-28 10:47:52 | D |   - Quantizing layer single_transformer_blocks.32
25-12-28 10:47:52 | D |     - Calibrating single_transformer_blocks.32.attn.to_q.input, single_transformer_blocks.32.attn.to_k.input, single_transformer_blocks.32.attn.to_v.input, single_transformer_blocks.32.proj_mlp.input
25-12-28 10:47:52 | D |     - Calibrating single_transformer_blocks.32.proj_out.linears.0.input
25-12-28 10:47:52 | D |     - Calibrating single_transformer_blocks.32.proj_out.linears.1.input
25-12-28 10:47:52 | D |   - Quantizing layer single_transformer_blocks.33
25-12-28 10:47:52 | D |     - Calibrating single_transformer_blocks.33.attn.to_q.input, single_transformer_blocks.33.attn.to_k.input, single_transformer_blocks.33.attn.to_v.input, single_transformer_blocks.33.proj_mlp.input
25-12-28 10:47:53 | D |     - Calibrating single_transformer_blocks.33.proj_out.linears.0.input
25-12-28 10:47:53 | D |     - Calibrating single_transformer_blocks.33.proj_out.linears.1.input
25-12-28 10:47:53 | D |   - Quantizing layer single_transformer_blocks.34
25-12-28 10:47:53 | D |     - Calibrating single_transformer_blocks.34.attn.to_q.input, single_transformer_blocks.34.attn.to_k.input, single_transformer_blocks.34.attn.to_v.input, single_transformer_blocks.34.proj_mlp.input
25-12-28 10:47:53 | D |     - Calibrating single_transformer_blocks.34.proj_out.linears.0.input
25-12-28 10:47:54 | D |     - Calibrating single_transformer_blocks.34.proj_out.linears.1.input
25-12-28 10:47:54 | D |   - Quantizing layer single_transformer_blocks.35
25-12-28 10:47:54 | D |     - Calibrating single_transformer_blocks.35.attn.to_q.input, single_transformer_blocks.35.attn.to_k.input, single_transformer_blocks.35.attn.to_v.input, single_transformer_blocks.35.proj_mlp.input
25-12-28 10:47:54 | D |     - Calibrating single_transformer_blocks.35.proj_out.linears.0.input
25-12-28 10:47:55 | D |     - Calibrating single_transformer_blocks.35.proj_out.linears.1.input
25-12-28 10:47:55 | D |   - Quantizing layer single_transformer_blocks.36
25-12-28 10:47:55 | D |     - Calibrating single_transformer_blocks.36.attn.to_q.input, single_transformer_blocks.36.attn.to_k.input, single_transformer_blocks.36.attn.to_v.input, single_transformer_blocks.36.proj_mlp.input
25-12-28 10:47:55 | D |     - Calibrating single_transformer_blocks.36.proj_out.linears.0.input
25-12-28 10:47:55 | D |     - Calibrating single_transformer_blocks.36.proj_out.linears.1.input
25-12-28 10:47:56 | D |   - Quantizing layer single_transformer_blocks.37
25-12-28 10:47:56 | D |     - Calibrating single_transformer_blocks.37.attn.to_q.input, single_transformer_blocks.37.attn.to_k.input, single_transformer_blocks.37.attn.to_v.input, single_transformer_blocks.37.proj_mlp.input
25-12-28 10:47:56 | D |     - Calibrating single_transformer_blocks.37.proj_out.linears.0.input
25-12-28 10:47:56 | D |     - Calibrating single_transformer_blocks.37.proj_out.linears.1.input
25-12-28 10:47:56 | D |   - Quantizing transformer_blocks.0.attn.to_q (inputs)
25-12-28 10:47:56 | D |   - Quantizing transformer_blocks.0.attn.to_k (inputs)
25-12-28 10:47:56 | D |   - Quantizing transformer_blocks.0.attn.to_v (inputs)
25-12-28 10:47:56 | D |   - Quantizing transformer_blocks.0.attn.add_q_proj (inputs)
25-12-28 10:47:56 | D |   - Quantizing transformer_blocks.0.attn.add_k_proj (inputs)
25-12-28 10:47:56 | D |   - Quantizing transformer_blocks.0.attn.add_v_proj (inputs)
25-12-28 10:47:56 | D |   - Quantizing transformer_blocks.0.attn.to_out.0 (inputs)
25-12-28 10:47:56 | D |   - Quantizing transformer_blocks.0.attn.to_add_out (inputs)
25-12-28 10:47:56 | D |   - Quantizing transformer_blocks.0.ff.net.0.proj (inputs)
25-12-28 10:47:56 | D |   - Quantizing transformer_blocks.0.ff.net.2 (inputs)
25-12-28 10:47:56 | D |   - Quantizing transformer_blocks.0.ff_context.net.0.proj (inputs)
25-12-28 10:47:56 | D |   - Quantizing transformer_blocks.0.ff_context.net.2 (inputs)
25-12-28 10:47:56 | D |   - Quantizing transformer_blocks.1.attn.to_q (inputs)
25-12-28 10:47:56 | D |   - Quantizing transformer_blocks.1.attn.to_k (inputs)
25-12-28 10:47:56 | D |   - Quantizing transformer_blocks.1.attn.to_v (inputs)
25-12-28 10:47:56 | D |   - Quantizing transformer_blocks.1.attn.add_q_proj (inputs)
25-12-28 10:47:56 | D |   - Quantizing transformer_blocks.1.attn.add_k_proj (inputs)
25-12-28 10:47:56 | D |   - Quantizing transformer_blocks.1.attn.add_v_proj (inputs)
25-12-28 10:47:56 | D |   - Quantizing transformer_blocks.1.attn.to_out.0 (inputs)
25-12-28 10:47:56 | D |   - Quantizing transformer_blocks.1.attn.to_add_out (inputs)
25-12-28 10:47:56 | D |   - Quantizing transformer_blocks.1.ff.net.0.proj (inputs)
25-12-28 10:47:56 | D |   - Quantizing transformer_blocks.1.ff.net.2 (inputs)
25-12-28 10:47:56 | D |   - Quantizing transformer_blocks.1.ff_context.net.0.proj (inputs)
25-12-28 10:47:56 | D |   - Quantizing transformer_blocks.1.ff_context.net.2 (inputs)
25-12-28 10:47:56 | D |   - Quantizing transformer_blocks.2.attn.to_q (inputs)
25-12-28 10:47:56 | D |   - Quantizing transformer_blocks.2.attn.to_k (inputs)
25-12-28 10:47:56 | D |   - Quantizing transformer_blocks.2.attn.to_v (inputs)
25-12-28 10:47:56 | D |   - Quantizing transformer_blocks.2.attn.add_q_proj (inputs)
25-12-28 10:47:56 | D |   - Quantizing transformer_blocks.2.attn.add_k_proj (inputs)
25-12-28 10:47:56 | D |   - Quantizing transformer_blocks.2.attn.add_v_proj (inputs)
25-12-28 10:47:56 | D |   - Quantizing transformer_blocks.2.attn.to_out.0 (inputs)
25-12-28 10:47:56 | D |   - Quantizing transformer_blocks.2.attn.to_add_out (inputs)
25-12-28 10:47:56 | D |   - Quantizing transformer_blocks.2.ff.net.0.proj (inputs)
25-12-28 10:47:56 | D |   - Quantizing transformer_blocks.2.ff.net.2 (inputs)
25-12-28 10:47:56 | D |   - Quantizing transformer_blocks.2.ff_context.net.0.proj (inputs)
25-12-28 10:47:56 | D |   - Quantizing transformer_blocks.2.ff_context.net.2 (inputs)
25-12-28 10:47:56 | D |   - Quantizing transformer_blocks.3.attn.to_q (inputs)
25-12-28 10:47:56 | D |   - Quantizing transformer_blocks.3.attn.to_k (inputs)
25-12-28 10:47:56 | D |   - Quantizing transformer_blocks.3.attn.to_v (inputs)
25-12-28 10:47:56 | D |   - Quantizing transformer_blocks.3.attn.add_q_proj (inputs)
25-12-28 10:47:56 | D |   - Quantizing transformer_blocks.3.attn.add_k_proj (inputs)
25-12-28 10:47:56 | D |   - Quantizing transformer_blocks.3.attn.add_v_proj (inputs)
25-12-28 10:47:56 | D |   - Quantizing transformer_blocks.3.attn.to_out.0 (inputs)
25-12-28 10:47:56 | D |   - Quantizing transformer_blocks.3.attn.to_add_out (inputs)
25-12-28 10:47:56 | D |   - Quantizing transformer_blocks.3.ff.net.0.proj (inputs)
25-12-28 10:47:56 | D |   - Quantizing transformer_blocks.3.ff.net.2 (inputs)
25-12-28 10:47:56 | D |   - Quantizing transformer_blocks.3.ff_context.net.0.proj (inputs)
25-12-28 10:47:56 | D |   - Quantizing transformer_blocks.3.ff_context.net.2 (inputs)
25-12-28 10:47:56 | D |   - Quantizing transformer_blocks.4.attn.to_q (inputs)
25-12-28 10:47:56 | D |   - Quantizing transformer_blocks.4.attn.to_k (inputs)
25-12-28 10:47:56 | D |   - Quantizing transformer_blocks.4.attn.to_v (inputs)
25-12-28 10:47:56 | D |   - Quantizing transformer_blocks.4.attn.add_q_proj (inputs)
25-12-28 10:47:56 | D |   - Quantizing transformer_blocks.4.attn.add_k_proj (inputs)
25-12-28 10:47:56 | D |   - Quantizing transformer_blocks.4.attn.add_v_proj (inputs)
25-12-28 10:47:56 | D |   - Quantizing transformer_blocks.4.attn.to_out.0 (inputs)
25-12-28 10:47:56 | D |   - Quantizing transformer_blocks.4.attn.to_add_out (inputs)
25-12-28 10:47:56 | D |   - Quantizing transformer_blocks.4.ff.net.0.proj (inputs)
25-12-28 10:47:56 | D |   - Quantizing transformer_blocks.4.ff.net.2 (inputs)
25-12-28 10:47:56 | D |   - Quantizing transformer_blocks.4.ff_context.net.0.proj (inputs)
25-12-28 10:47:56 | D |   - Quantizing transformer_blocks.4.ff_context.net.2 (inputs)
25-12-28 10:47:56 | D |   - Quantizing transformer_blocks.5.attn.to_q (inputs)
25-12-28 10:47:56 | D |   - Quantizing transformer_blocks.5.attn.to_k (inputs)
25-12-28 10:47:56 | D |   - Quantizing transformer_blocks.5.attn.to_v (inputs)
25-12-28 10:47:56 | D |   - Quantizing transformer_blocks.5.attn.add_q_proj (inputs)
25-12-28 10:47:56 | D |   - Quantizing transformer_blocks.5.attn.add_k_proj (inputs)
25-12-28 10:47:56 | D |   - Quantizing transformer_blocks.5.attn.add_v_proj (inputs)
25-12-28 10:47:56 | D |   - Quantizing transformer_blocks.5.attn.to_out.0 (inputs)
25-12-28 10:47:56 | D |   - Quantizing transformer_blocks.5.attn.to_add_out (inputs)
25-12-28 10:47:56 | D |   - Quantizing transformer_blocks.5.ff.net.0.proj (inputs)
25-12-28 10:47:56 | D |   - Quantizing transformer_blocks.5.ff.net.2 (inputs)
25-12-28 10:47:56 | D |   - Quantizing transformer_blocks.5.ff_context.net.0.proj (inputs)
25-12-28 10:47:56 | D |   - Quantizing transformer_blocks.5.ff_context.net.2 (inputs)
25-12-28 10:47:56 | D |   - Quantizing transformer_blocks.6.attn.to_q (inputs)
25-12-28 10:47:56 | D |   - Quantizing transformer_blocks.6.attn.to_k (inputs)
25-12-28 10:47:56 | D |   - Quantizing transformer_blocks.6.attn.to_v (inputs)
25-12-28 10:47:56 | D |   - Quantizing transformer_blocks.6.attn.add_q_proj (inputs)
25-12-28 10:47:56 | D |   - Quantizing transformer_blocks.6.attn.add_k_proj (inputs)
25-12-28 10:47:56 | D |   - Quantizing transformer_blocks.6.attn.add_v_proj (inputs)
25-12-28 10:47:56 | D |   - Quantizing transformer_blocks.6.attn.to_out.0 (inputs)
25-12-28 10:47:56 | D |   - Quantizing transformer_blocks.6.attn.to_add_out (inputs)
25-12-28 10:47:56 | D |   - Quantizing transformer_blocks.6.ff.net.0.proj (inputs)
25-12-28 10:47:56 | D |   - Quantizing transformer_blocks.6.ff.net.2 (inputs)
25-12-28 10:47:56 | D |   - Quantizing transformer_blocks.6.ff_context.net.0.proj (inputs)
25-12-28 10:47:56 | D |   - Quantizing transformer_blocks.6.ff_context.net.2 (inputs)
25-12-28 10:47:56 | D |   - Quantizing transformer_blocks.7.attn.to_q (inputs)
25-12-28 10:47:56 | D |   - Quantizing transformer_blocks.7.attn.to_k (inputs)
25-12-28 10:47:56 | D |   - Quantizing transformer_blocks.7.attn.to_v (inputs)
25-12-28 10:47:56 | D |   - Quantizing transformer_blocks.7.attn.add_q_proj (inputs)
25-12-28 10:47:56 | D |   - Quantizing transformer_blocks.7.attn.add_k_proj (inputs)
25-12-28 10:47:56 | D |   - Quantizing transformer_blocks.7.attn.add_v_proj (inputs)
25-12-28 10:47:56 | D |   - Quantizing transformer_blocks.7.attn.to_out.0 (inputs)
25-12-28 10:47:56 | D |   - Quantizing transformer_blocks.7.attn.to_add_out (inputs)
25-12-28 10:47:56 | D |   - Quantizing transformer_blocks.7.ff.net.0.proj (inputs)
25-12-28 10:47:56 | D |   - Quantizing transformer_blocks.7.ff.net.2 (inputs)
25-12-28 10:47:56 | D |   - Quantizing transformer_blocks.7.ff_context.net.0.proj (inputs)
25-12-28 10:47:56 | D |   - Quantizing transformer_blocks.7.ff_context.net.2 (inputs)
25-12-28 10:47:56 | D |   - Quantizing transformer_blocks.8.attn.to_q (inputs)
25-12-28 10:47:56 | D |   - Quantizing transformer_blocks.8.attn.to_k (inputs)
25-12-28 10:47:56 | D |   - Quantizing transformer_blocks.8.attn.to_v (inputs)
25-12-28 10:47:56 | D |   - Quantizing transformer_blocks.8.attn.add_q_proj (inputs)
25-12-28 10:47:56 | D |   - Quantizing transformer_blocks.8.attn.add_k_proj (inputs)
25-12-28 10:47:56 | D |   - Quantizing transformer_blocks.8.attn.add_v_proj (inputs)
25-12-28 10:47:56 | D |   - Quantizing transformer_blocks.8.attn.to_out.0 (inputs)
25-12-28 10:47:56 | D |   - Quantizing transformer_blocks.8.attn.to_add_out (inputs)
25-12-28 10:47:56 | D |   - Quantizing transformer_blocks.8.ff.net.0.proj (inputs)
25-12-28 10:47:56 | D |   - Quantizing transformer_blocks.8.ff.net.2 (inputs)
25-12-28 10:47:56 | D |   - Quantizing transformer_blocks.8.ff_context.net.0.proj (inputs)
25-12-28 10:47:56 | D |   - Quantizing transformer_blocks.8.ff_context.net.2 (inputs)
25-12-28 10:47:56 | D |   - Quantizing transformer_blocks.9.attn.to_q (inputs)
25-12-28 10:47:56 | D |   - Quantizing transformer_blocks.9.attn.to_k (inputs)
25-12-28 10:47:56 | D |   - Quantizing transformer_blocks.9.attn.to_v (inputs)
25-12-28 10:47:56 | D |   - Quantizing transformer_blocks.9.attn.add_q_proj (inputs)
25-12-28 10:47:56 | D |   - Quantizing transformer_blocks.9.attn.add_k_proj (inputs)
25-12-28 10:47:56 | D |   - Quantizing transformer_blocks.9.attn.add_v_proj (inputs)
25-12-28 10:47:56 | D |   - Quantizing transformer_blocks.9.attn.to_out.0 (inputs)
25-12-28 10:47:56 | D |   - Quantizing transformer_blocks.9.attn.to_add_out (inputs)
25-12-28 10:47:56 | D |   - Quantizing transformer_blocks.9.ff.net.0.proj (inputs)
25-12-28 10:47:56 | D |   - Quantizing transformer_blocks.9.ff.net.2 (inputs)
25-12-28 10:47:56 | D |   - Quantizing transformer_blocks.9.ff_context.net.0.proj (inputs)
25-12-28 10:47:56 | D |   - Quantizing transformer_blocks.9.ff_context.net.2 (inputs)
25-12-28 10:47:56 | D |   - Quantizing transformer_blocks.10.attn.to_q (inputs)
25-12-28 10:47:56 | D |   - Quantizing transformer_blocks.10.attn.to_k (inputs)
25-12-28 10:47:56 | D |   - Quantizing transformer_blocks.10.attn.to_v (inputs)
25-12-28 10:47:56 | D |   - Quantizing transformer_blocks.10.attn.add_q_proj (inputs)
25-12-28 10:47:56 | D |   - Quantizing transformer_blocks.10.attn.add_k_proj (inputs)
25-12-28 10:47:56 | D |   - Quantizing transformer_blocks.10.attn.add_v_proj (inputs)
25-12-28 10:47:56 | D |   - Quantizing transformer_blocks.10.attn.to_out.0 (inputs)
25-12-28 10:47:56 | D |   - Quantizing transformer_blocks.10.attn.to_add_out (inputs)
25-12-28 10:47:56 | D |   - Quantizing transformer_blocks.10.ff.net.0.proj (inputs)
25-12-28 10:47:56 | D |   - Quantizing transformer_blocks.10.ff.net.2 (inputs)
25-12-28 10:47:56 | D |   - Quantizing transformer_blocks.10.ff_context.net.0.proj (inputs)
25-12-28 10:47:56 | D |   - Quantizing transformer_blocks.10.ff_context.net.2 (inputs)
25-12-28 10:47:56 | D |   - Quantizing transformer_blocks.11.attn.to_q (inputs)
25-12-28 10:47:56 | D |   - Quantizing transformer_blocks.11.attn.to_k (inputs)
25-12-28 10:47:56 | D |   - Quantizing transformer_blocks.11.attn.to_v (inputs)
25-12-28 10:47:56 | D |   - Quantizing transformer_blocks.11.attn.add_q_proj (inputs)
25-12-28 10:47:56 | D |   - Quantizing transformer_blocks.11.attn.add_k_proj (inputs)
25-12-28 10:47:56 | D |   - Quantizing transformer_blocks.11.attn.add_v_proj (inputs)
25-12-28 10:47:56 | D |   - Quantizing transformer_blocks.11.attn.to_out.0 (inputs)
25-12-28 10:47:56 | D |   - Quantizing transformer_blocks.11.attn.to_add_out (inputs)
25-12-28 10:47:56 | D |   - Quantizing transformer_blocks.11.ff.net.0.proj (inputs)
25-12-28 10:47:56 | D |   - Quantizing transformer_blocks.11.ff.net.2 (inputs)
25-12-28 10:47:56 | D |   - Quantizing transformer_blocks.11.ff_context.net.0.proj (inputs)
25-12-28 10:47:56 | D |   - Quantizing transformer_blocks.11.ff_context.net.2 (inputs)
25-12-28 10:47:56 | D |   - Quantizing transformer_blocks.12.attn.to_q (inputs)
25-12-28 10:47:56 | D |   - Quantizing transformer_blocks.12.attn.to_k (inputs)
25-12-28 10:47:56 | D |   - Quantizing transformer_blocks.12.attn.to_v (inputs)
25-12-28 10:47:56 | D |   - Quantizing transformer_blocks.12.attn.add_q_proj (inputs)
25-12-28 10:47:56 | D |   - Quantizing transformer_blocks.12.attn.add_k_proj (inputs)
25-12-28 10:47:56 | D |   - Quantizing transformer_blocks.12.attn.add_v_proj (inputs)
25-12-28 10:47:56 | D |   - Quantizing transformer_blocks.12.attn.to_out.0 (inputs)
25-12-28 10:47:56 | D |   - Quantizing transformer_blocks.12.attn.to_add_out (inputs)
25-12-28 10:47:56 | D |   - Quantizing transformer_blocks.12.ff.net.0.proj (inputs)
25-12-28 10:47:56 | D |   - Quantizing transformer_blocks.12.ff.net.2 (inputs)
25-12-28 10:47:56 | D |   - Quantizing transformer_blocks.12.ff_context.net.0.proj (inputs)
25-12-28 10:47:56 | D |   - Quantizing transformer_blocks.12.ff_context.net.2 (inputs)
25-12-28 10:47:56 | D |   - Quantizing transformer_blocks.13.attn.to_q (inputs)
25-12-28 10:47:56 | D |   - Quantizing transformer_blocks.13.attn.to_k (inputs)
25-12-28 10:47:56 | D |   - Quantizing transformer_blocks.13.attn.to_v (inputs)
25-12-28 10:47:56 | D |   - Quantizing transformer_blocks.13.attn.add_q_proj (inputs)
25-12-28 10:47:56 | D |   - Quantizing transformer_blocks.13.attn.add_k_proj (inputs)
25-12-28 10:47:56 | D |   - Quantizing transformer_blocks.13.attn.add_v_proj (inputs)
25-12-28 10:47:56 | D |   - Quantizing transformer_blocks.13.attn.to_out.0 (inputs)
25-12-28 10:47:56 | D |   - Quantizing transformer_blocks.13.attn.to_add_out (inputs)
25-12-28 10:47:56 | D |   - Quantizing transformer_blocks.13.ff.net.0.proj (inputs)
25-12-28 10:47:56 | D |   - Quantizing transformer_blocks.13.ff.net.2 (inputs)
25-12-28 10:47:56 | D |   - Quantizing transformer_blocks.13.ff_context.net.0.proj (inputs)
25-12-28 10:47:56 | D |   - Quantizing transformer_blocks.13.ff_context.net.2 (inputs)
25-12-28 10:47:56 | D |   - Quantizing transformer_blocks.14.attn.to_q (inputs)
25-12-28 10:47:56 | D |   - Quantizing transformer_blocks.14.attn.to_k (inputs)
25-12-28 10:47:56 | D |   - Quantizing transformer_blocks.14.attn.to_v (inputs)
25-12-28 10:47:56 | D |   - Quantizing transformer_blocks.14.attn.add_q_proj (inputs)
25-12-28 10:47:56 | D |   - Quantizing transformer_blocks.14.attn.add_k_proj (inputs)
25-12-28 10:47:56 | D |   - Quantizing transformer_blocks.14.attn.add_v_proj (inputs)
25-12-28 10:47:56 | D |   - Quantizing transformer_blocks.14.attn.to_out.0 (inputs)
25-12-28 10:47:56 | D |   - Quantizing transformer_blocks.14.attn.to_add_out (inputs)
25-12-28 10:47:56 | D |   - Quantizing transformer_blocks.14.ff.net.0.proj (inputs)
25-12-28 10:47:56 | D |   - Quantizing transformer_blocks.14.ff.net.2 (inputs)
25-12-28 10:47:56 | D |   - Quantizing transformer_blocks.14.ff_context.net.0.proj (inputs)
25-12-28 10:47:56 | D |   - Quantizing transformer_blocks.14.ff_context.net.2 (inputs)
25-12-28 10:47:56 | D |   - Quantizing transformer_blocks.15.attn.to_q (inputs)
25-12-28 10:47:56 | D |   - Quantizing transformer_blocks.15.attn.to_k (inputs)
25-12-28 10:47:56 | D |   - Quantizing transformer_blocks.15.attn.to_v (inputs)
25-12-28 10:47:56 | D |   - Quantizing transformer_blocks.15.attn.add_q_proj (inputs)
25-12-28 10:47:56 | D |   - Quantizing transformer_blocks.15.attn.add_k_proj (inputs)
25-12-28 10:47:56 | D |   - Quantizing transformer_blocks.15.attn.add_v_proj (inputs)
25-12-28 10:47:56 | D |   - Quantizing transformer_blocks.15.attn.to_out.0 (inputs)
25-12-28 10:47:56 | D |   - Quantizing transformer_blocks.15.attn.to_add_out (inputs)
25-12-28 10:47:56 | D |   - Quantizing transformer_blocks.15.ff.net.0.proj (inputs)
25-12-28 10:47:56 | D |   - Quantizing transformer_blocks.15.ff.net.2 (inputs)
25-12-28 10:47:56 | D |   - Quantizing transformer_blocks.15.ff_context.net.0.proj (inputs)
25-12-28 10:47:56 | D |   - Quantizing transformer_blocks.15.ff_context.net.2 (inputs)
25-12-28 10:47:56 | D |   - Quantizing transformer_blocks.16.attn.to_q (inputs)
25-12-28 10:47:56 | D |   - Quantizing transformer_blocks.16.attn.to_k (inputs)
25-12-28 10:47:56 | D |   - Quantizing transformer_blocks.16.attn.to_v (inputs)
25-12-28 10:47:56 | D |   - Quantizing transformer_blocks.16.attn.add_q_proj (inputs)
25-12-28 10:47:56 | D |   - Quantizing transformer_blocks.16.attn.add_k_proj (inputs)
25-12-28 10:47:56 | D |   - Quantizing transformer_blocks.16.attn.add_v_proj (inputs)
25-12-28 10:47:56 | D |   - Quantizing transformer_blocks.16.attn.to_out.0 (inputs)
25-12-28 10:47:56 | D |   - Quantizing transformer_blocks.16.attn.to_add_out (inputs)
25-12-28 10:47:56 | D |   - Quantizing transformer_blocks.16.ff.net.0.proj (inputs)
25-12-28 10:47:56 | D |   - Quantizing transformer_blocks.16.ff.net.2 (inputs)
25-12-28 10:47:56 | D |   - Quantizing transformer_blocks.16.ff_context.net.0.proj (inputs)
25-12-28 10:47:56 | D |   - Quantizing transformer_blocks.16.ff_context.net.2 (inputs)
25-12-28 10:47:56 | D |   - Quantizing transformer_blocks.17.attn.to_q (inputs)
25-12-28 10:47:56 | D |   - Quantizing transformer_blocks.17.attn.to_k (inputs)
25-12-28 10:47:56 | D |   - Quantizing transformer_blocks.17.attn.to_v (inputs)
25-12-28 10:47:56 | D |   - Quantizing transformer_blocks.17.attn.add_q_proj (inputs)
25-12-28 10:47:56 | D |   - Quantizing transformer_blocks.17.attn.add_k_proj (inputs)
25-12-28 10:47:56 | D |   - Quantizing transformer_blocks.17.attn.add_v_proj (inputs)
25-12-28 10:47:56 | D |   - Quantizing transformer_blocks.17.attn.to_out.0 (inputs)
25-12-28 10:47:56 | D |   - Quantizing transformer_blocks.17.attn.to_add_out (inputs)
25-12-28 10:47:56 | D |   - Quantizing transformer_blocks.17.ff.net.0.proj (inputs)
25-12-28 10:47:56 | D |   - Quantizing transformer_blocks.17.ff.net.2 (inputs)
25-12-28 10:47:56 | D |   - Quantizing transformer_blocks.17.ff_context.net.0.proj (inputs)
25-12-28 10:47:56 | D |   - Quantizing transformer_blocks.17.ff_context.net.2 (inputs)
25-12-28 10:47:56 | D |   - Quantizing transformer_blocks.18.attn.to_q (inputs)
25-12-28 10:47:56 | D |   - Quantizing transformer_blocks.18.attn.to_k (inputs)
25-12-28 10:47:56 | D |   - Quantizing transformer_blocks.18.attn.to_v (inputs)
25-12-28 10:47:56 | D |   - Quantizing transformer_blocks.18.attn.add_q_proj (inputs)
25-12-28 10:47:56 | D |   - Quantizing transformer_blocks.18.attn.add_k_proj (inputs)
25-12-28 10:47:56 | D |   - Quantizing transformer_blocks.18.attn.add_v_proj (inputs)
25-12-28 10:47:56 | D |   - Quantizing transformer_blocks.18.attn.to_out.0 (inputs)
25-12-28 10:47:56 | D |   - Quantizing transformer_blocks.18.attn.to_add_out (inputs)
25-12-28 10:47:56 | D |   - Quantizing transformer_blocks.18.ff.net.0.proj (inputs)
25-12-28 10:47:56 | D |   - Quantizing transformer_blocks.18.ff.net.2 (inputs)
25-12-28 10:47:56 | D |   - Quantizing transformer_blocks.18.ff_context.net.0.proj (inputs)
25-12-28 10:47:56 | D |   - Quantizing transformer_blocks.18.ff_context.net.2 (inputs)
25-12-28 10:47:56 | D |   - Quantizing single_transformer_blocks.0.attn.to_q (inputs)
25-12-28 10:47:56 | D |   - Quantizing single_transformer_blocks.0.attn.to_k (inputs)
25-12-28 10:47:56 | D |   - Quantizing single_transformer_blocks.0.attn.to_v (inputs)
25-12-28 10:47:56 | D |   - Quantizing single_transformer_blocks.0.proj_out.linears.0 (inputs)
25-12-28 10:47:56 | D |   - Quantizing single_transformer_blocks.0.proj_mlp (inputs)
25-12-28 10:47:56 | D |   - Quantizing single_transformer_blocks.0.proj_out.linears.1 (inputs)
25-12-28 10:47:56 | D |   - Quantizing single_transformer_blocks.1.attn.to_q (inputs)
25-12-28 10:47:56 | D |   - Quantizing single_transformer_blocks.1.attn.to_k (inputs)
25-12-28 10:47:56 | D |   - Quantizing single_transformer_blocks.1.attn.to_v (inputs)
25-12-28 10:47:56 | D |   - Quantizing single_transformer_blocks.1.proj_out.linears.0 (inputs)
25-12-28 10:47:56 | D |   - Quantizing single_transformer_blocks.1.proj_mlp (inputs)
25-12-28 10:47:56 | D |   - Quantizing single_transformer_blocks.1.proj_out.linears.1 (inputs)
25-12-28 10:47:56 | D |   - Quantizing single_transformer_blocks.2.attn.to_q (inputs)
25-12-28 10:47:56 | D |   - Quantizing single_transformer_blocks.2.attn.to_k (inputs)
25-12-28 10:47:56 | D |   - Quantizing single_transformer_blocks.2.attn.to_v (inputs)
25-12-28 10:47:56 | D |   - Quantizing single_transformer_blocks.2.proj_out.linears.0 (inputs)
25-12-28 10:47:56 | D |   - Quantizing single_transformer_blocks.2.proj_mlp (inputs)
25-12-28 10:47:56 | D |   - Quantizing single_transformer_blocks.2.proj_out.linears.1 (inputs)
25-12-28 10:47:56 | D |   - Quantizing single_transformer_blocks.3.attn.to_q (inputs)
25-12-28 10:47:56 | D |   - Quantizing single_transformer_blocks.3.attn.to_k (inputs)
25-12-28 10:47:56 | D |   - Quantizing single_transformer_blocks.3.attn.to_v (inputs)
25-12-28 10:47:56 | D |   - Quantizing single_transformer_blocks.3.proj_out.linears.0 (inputs)
25-12-28 10:47:56 | D |   - Quantizing single_transformer_blocks.3.proj_mlp (inputs)
25-12-28 10:47:56 | D |   - Quantizing single_transformer_blocks.3.proj_out.linears.1 (inputs)
25-12-28 10:47:56 | D |   - Quantizing single_transformer_blocks.4.attn.to_q (inputs)
25-12-28 10:47:56 | D |   - Quantizing single_transformer_blocks.4.attn.to_k (inputs)
25-12-28 10:47:56 | D |   - Quantizing single_transformer_blocks.4.attn.to_v (inputs)
25-12-28 10:47:56 | D |   - Quantizing single_transformer_blocks.4.proj_out.linears.0 (inputs)
25-12-28 10:47:56 | D |   - Quantizing single_transformer_blocks.4.proj_mlp (inputs)
25-12-28 10:47:56 | D |   - Quantizing single_transformer_blocks.4.proj_out.linears.1 (inputs)
25-12-28 10:47:56 | D |   - Quantizing single_transformer_blocks.5.attn.to_q (inputs)
25-12-28 10:47:56 | D |   - Quantizing single_transformer_blocks.5.attn.to_k (inputs)
25-12-28 10:47:56 | D |   - Quantizing single_transformer_blocks.5.attn.to_v (inputs)
25-12-28 10:47:56 | D |   - Quantizing single_transformer_blocks.5.proj_out.linears.0 (inputs)
25-12-28 10:47:56 | D |   - Quantizing single_transformer_blocks.5.proj_mlp (inputs)
25-12-28 10:47:56 | D |   - Quantizing single_transformer_blocks.5.proj_out.linears.1 (inputs)
25-12-28 10:47:56 | D |   - Quantizing single_transformer_blocks.6.attn.to_q (inputs)
25-12-28 10:47:56 | D |   - Quantizing single_transformer_blocks.6.attn.to_k (inputs)
25-12-28 10:47:56 | D |   - Quantizing single_transformer_blocks.6.attn.to_v (inputs)
25-12-28 10:47:56 | D |   - Quantizing single_transformer_blocks.6.proj_out.linears.0 (inputs)
25-12-28 10:47:56 | D |   - Quantizing single_transformer_blocks.6.proj_mlp (inputs)
25-12-28 10:47:56 | D |   - Quantizing single_transformer_blocks.6.proj_out.linears.1 (inputs)
25-12-28 10:47:56 | D |   - Quantizing single_transformer_blocks.7.attn.to_q (inputs)
25-12-28 10:47:56 | D |   - Quantizing single_transformer_blocks.7.attn.to_k (inputs)
25-12-28 10:47:56 | D |   - Quantizing single_transformer_blocks.7.attn.to_v (inputs)
25-12-28 10:47:56 | D |   - Quantizing single_transformer_blocks.7.proj_out.linears.0 (inputs)
25-12-28 10:47:56 | D |   - Quantizing single_transformer_blocks.7.proj_mlp (inputs)
25-12-28 10:47:56 | D |   - Quantizing single_transformer_blocks.7.proj_out.linears.1 (inputs)
25-12-28 10:47:56 | D |   - Quantizing single_transformer_blocks.8.attn.to_q (inputs)
25-12-28 10:47:56 | D |   - Quantizing single_transformer_blocks.8.attn.to_k (inputs)
25-12-28 10:47:56 | D |   - Quantizing single_transformer_blocks.8.attn.to_v (inputs)
25-12-28 10:47:56 | D |   - Quantizing single_transformer_blocks.8.proj_out.linears.0 (inputs)
25-12-28 10:47:56 | D |   - Quantizing single_transformer_blocks.8.proj_mlp (inputs)
25-12-28 10:47:56 | D |   - Quantizing single_transformer_blocks.8.proj_out.linears.1 (inputs)
25-12-28 10:47:56 | D |   - Quantizing single_transformer_blocks.9.attn.to_q (inputs)
25-12-28 10:47:56 | D |   - Quantizing single_transformer_blocks.9.attn.to_k (inputs)
25-12-28 10:47:56 | D |   - Quantizing single_transformer_blocks.9.attn.to_v (inputs)
25-12-28 10:47:56 | D |   - Quantizing single_transformer_blocks.9.proj_out.linears.0 (inputs)
25-12-28 10:47:56 | D |   - Quantizing single_transformer_blocks.9.proj_mlp (inputs)
25-12-28 10:47:56 | D |   - Quantizing single_transformer_blocks.9.proj_out.linears.1 (inputs)
25-12-28 10:47:56 | D |   - Quantizing single_transformer_blocks.10.attn.to_q (inputs)
25-12-28 10:47:56 | D |   - Quantizing single_transformer_blocks.10.attn.to_k (inputs)
25-12-28 10:47:56 | D |   - Quantizing single_transformer_blocks.10.attn.to_v (inputs)
25-12-28 10:47:56 | D |   - Quantizing single_transformer_blocks.10.proj_out.linears.0 (inputs)
25-12-28 10:47:56 | D |   - Quantizing single_transformer_blocks.10.proj_mlp (inputs)
25-12-28 10:47:56 | D |   - Quantizing single_transformer_blocks.10.proj_out.linears.1 (inputs)
25-12-28 10:47:56 | D |   - Quantizing single_transformer_blocks.11.attn.to_q (inputs)
25-12-28 10:47:56 | D |   - Quantizing single_transformer_blocks.11.attn.to_k (inputs)
25-12-28 10:47:56 | D |   - Quantizing single_transformer_blocks.11.attn.to_v (inputs)
25-12-28 10:47:56 | D |   - Quantizing single_transformer_blocks.11.proj_out.linears.0 (inputs)
25-12-28 10:47:56 | D |   - Quantizing single_transformer_blocks.11.proj_mlp (inputs)
25-12-28 10:47:56 | D |   - Quantizing single_transformer_blocks.11.proj_out.linears.1 (inputs)
25-12-28 10:47:56 | D |   - Quantizing single_transformer_blocks.12.attn.to_q (inputs)
25-12-28 10:47:56 | D |   - Quantizing single_transformer_blocks.12.attn.to_k (inputs)
25-12-28 10:47:56 | D |   - Quantizing single_transformer_blocks.12.attn.to_v (inputs)
25-12-28 10:47:56 | D |   - Quantizing single_transformer_blocks.12.proj_out.linears.0 (inputs)
25-12-28 10:47:56 | D |   - Quantizing single_transformer_blocks.12.proj_mlp (inputs)
25-12-28 10:47:56 | D |   - Quantizing single_transformer_blocks.12.proj_out.linears.1 (inputs)
25-12-28 10:47:56 | D |   - Quantizing single_transformer_blocks.13.attn.to_q (inputs)
25-12-28 10:47:56 | D |   - Quantizing single_transformer_blocks.13.attn.to_k (inputs)
25-12-28 10:47:56 | D |   - Quantizing single_transformer_blocks.13.attn.to_v (inputs)
25-12-28 10:47:56 | D |   - Quantizing single_transformer_blocks.13.proj_out.linears.0 (inputs)
25-12-28 10:47:56 | D |   - Quantizing single_transformer_blocks.13.proj_mlp (inputs)
25-12-28 10:47:56 | D |   - Quantizing single_transformer_blocks.13.proj_out.linears.1 (inputs)
25-12-28 10:47:56 | D |   - Quantizing single_transformer_blocks.14.attn.to_q (inputs)
25-12-28 10:47:56 | D |   - Quantizing single_transformer_blocks.14.attn.to_k (inputs)
25-12-28 10:47:56 | D |   - Quantizing single_transformer_blocks.14.attn.to_v (inputs)
25-12-28 10:47:56 | D |   - Quantizing single_transformer_blocks.14.proj_out.linears.0 (inputs)
25-12-28 10:47:56 | D |   - Quantizing single_transformer_blocks.14.proj_mlp (inputs)
25-12-28 10:47:56 | D |   - Quantizing single_transformer_blocks.14.proj_out.linears.1 (inputs)
25-12-28 10:47:56 | D |   - Quantizing single_transformer_blocks.15.attn.to_q (inputs)
25-12-28 10:47:56 | D |   - Quantizing single_transformer_blocks.15.attn.to_k (inputs)
25-12-28 10:47:56 | D |   - Quantizing single_transformer_blocks.15.attn.to_v (inputs)
25-12-28 10:47:56 | D |   - Quantizing single_transformer_blocks.15.proj_out.linears.0 (inputs)
25-12-28 10:47:56 | D |   - Quantizing single_transformer_blocks.15.proj_mlp (inputs)
25-12-28 10:47:56 | D |   - Quantizing single_transformer_blocks.15.proj_out.linears.1 (inputs)
25-12-28 10:47:56 | D |   - Quantizing single_transformer_blocks.16.attn.to_q (inputs)
25-12-28 10:47:56 | D |   - Quantizing single_transformer_blocks.16.attn.to_k (inputs)
25-12-28 10:47:56 | D |   - Quantizing single_transformer_blocks.16.attn.to_v (inputs)
25-12-28 10:47:56 | D |   - Quantizing single_transformer_blocks.16.proj_out.linears.0 (inputs)
25-12-28 10:47:56 | D |   - Quantizing single_transformer_blocks.16.proj_mlp (inputs)
25-12-28 10:47:56 | D |   - Quantizing single_transformer_blocks.16.proj_out.linears.1 (inputs)
25-12-28 10:47:56 | D |   - Quantizing single_transformer_blocks.17.attn.to_q (inputs)
25-12-28 10:47:56 | D |   - Quantizing single_transformer_blocks.17.attn.to_k (inputs)
25-12-28 10:47:56 | D |   - Quantizing single_transformer_blocks.17.attn.to_v (inputs)
25-12-28 10:47:56 | D |   - Quantizing single_transformer_blocks.17.proj_out.linears.0 (inputs)
25-12-28 10:47:56 | D |   - Quantizing single_transformer_blocks.17.proj_mlp (inputs)
25-12-28 10:47:56 | D |   - Quantizing single_transformer_blocks.17.proj_out.linears.1 (inputs)
25-12-28 10:47:56 | D |   - Quantizing single_transformer_blocks.18.attn.to_q (inputs)
25-12-28 10:47:56 | D |   - Quantizing single_transformer_blocks.18.attn.to_k (inputs)
25-12-28 10:47:56 | D |   - Quantizing single_transformer_blocks.18.attn.to_v (inputs)
25-12-28 10:47:56 | D |   - Quantizing single_transformer_blocks.18.proj_out.linears.0 (inputs)
25-12-28 10:47:56 | D |   - Quantizing single_transformer_blocks.18.proj_mlp (inputs)
25-12-28 10:47:56 | D |   - Quantizing single_transformer_blocks.18.proj_out.linears.1 (inputs)
25-12-28 10:47:56 | D |   - Quantizing single_transformer_blocks.19.attn.to_q (inputs)
25-12-28 10:47:56 | D |   - Quantizing single_transformer_blocks.19.attn.to_k (inputs)
25-12-28 10:47:56 | D |   - Quantizing single_transformer_blocks.19.attn.to_v (inputs)
25-12-28 10:47:56 | D |   - Quantizing single_transformer_blocks.19.proj_out.linears.0 (inputs)
25-12-28 10:47:56 | D |   - Quantizing single_transformer_blocks.19.proj_mlp (inputs)
25-12-28 10:47:56 | D |   - Quantizing single_transformer_blocks.19.proj_out.linears.1 (inputs)
25-12-28 10:47:56 | D |   - Quantizing single_transformer_blocks.20.attn.to_q (inputs)
25-12-28 10:47:56 | D |   - Quantizing single_transformer_blocks.20.attn.to_k (inputs)
25-12-28 10:47:56 | D |   - Quantizing single_transformer_blocks.20.attn.to_v (inputs)
25-12-28 10:47:56 | D |   - Quantizing single_transformer_blocks.20.proj_out.linears.0 (inputs)
25-12-28 10:47:56 | D |   - Quantizing single_transformer_blocks.20.proj_mlp (inputs)
25-12-28 10:47:56 | D |   - Quantizing single_transformer_blocks.20.proj_out.linears.1 (inputs)
25-12-28 10:47:56 | D |   - Quantizing single_transformer_blocks.21.attn.to_q (inputs)
25-12-28 10:47:56 | D |   - Quantizing single_transformer_blocks.21.attn.to_k (inputs)
25-12-28 10:47:56 | D |   - Quantizing single_transformer_blocks.21.attn.to_v (inputs)
25-12-28 10:47:56 | D |   - Quantizing single_transformer_blocks.21.proj_out.linears.0 (inputs)
25-12-28 10:47:56 | D |   - Quantizing single_transformer_blocks.21.proj_mlp (inputs)
25-12-28 10:47:56 | D |   - Quantizing single_transformer_blocks.21.proj_out.linears.1 (inputs)
25-12-28 10:47:56 | D |   - Quantizing single_transformer_blocks.22.attn.to_q (inputs)
25-12-28 10:47:56 | D |   - Quantizing single_transformer_blocks.22.attn.to_k (inputs)
25-12-28 10:47:56 | D |   - Quantizing single_transformer_blocks.22.attn.to_v (inputs)
25-12-28 10:47:56 | D |   - Quantizing single_transformer_blocks.22.proj_out.linears.0 (inputs)
25-12-28 10:47:56 | D |   - Quantizing single_transformer_blocks.22.proj_mlp (inputs)
25-12-28 10:47:56 | D |   - Quantizing single_transformer_blocks.22.proj_out.linears.1 (inputs)
25-12-28 10:47:56 | D |   - Quantizing single_transformer_blocks.23.attn.to_q (inputs)
25-12-28 10:47:56 | D |   - Quantizing single_transformer_blocks.23.attn.to_k (inputs)
25-12-28 10:47:56 | D |   - Quantizing single_transformer_blocks.23.attn.to_v (inputs)
25-12-28 10:47:56 | D |   - Quantizing single_transformer_blocks.23.proj_out.linears.0 (inputs)
25-12-28 10:47:56 | D |   - Quantizing single_transformer_blocks.23.proj_mlp (inputs)
25-12-28 10:47:56 | D |   - Quantizing single_transformer_blocks.23.proj_out.linears.1 (inputs)
25-12-28 10:47:56 | D |   - Quantizing single_transformer_blocks.24.attn.to_q (inputs)
25-12-28 10:47:56 | D |   - Quantizing single_transformer_blocks.24.attn.to_k (inputs)
25-12-28 10:47:56 | D |   - Quantizing single_transformer_blocks.24.attn.to_v (inputs)
25-12-28 10:47:56 | D |   - Quantizing single_transformer_blocks.24.proj_out.linears.0 (inputs)
25-12-28 10:47:56 | D |   - Quantizing single_transformer_blocks.24.proj_mlp (inputs)
25-12-28 10:47:56 | D |   - Quantizing single_transformer_blocks.24.proj_out.linears.1 (inputs)
25-12-28 10:47:56 | D |   - Quantizing single_transformer_blocks.25.attn.to_q (inputs)
25-12-28 10:47:56 | D |   - Quantizing single_transformer_blocks.25.attn.to_k (inputs)
25-12-28 10:47:56 | D |   - Quantizing single_transformer_blocks.25.attn.to_v (inputs)
25-12-28 10:47:56 | D |   - Quantizing single_transformer_blocks.25.proj_out.linears.0 (inputs)
25-12-28 10:47:56 | D |   - Quantizing single_transformer_blocks.25.proj_mlp (inputs)
25-12-28 10:47:56 | D |   - Quantizing single_transformer_blocks.25.proj_out.linears.1 (inputs)
25-12-28 10:47:56 | D |   - Quantizing single_transformer_blocks.26.attn.to_q (inputs)
25-12-28 10:47:56 | D |   - Quantizing single_transformer_blocks.26.attn.to_k (inputs)
25-12-28 10:47:56 | D |   - Quantizing single_transformer_blocks.26.attn.to_v (inputs)
25-12-28 10:47:56 | D |   - Quantizing single_transformer_blocks.26.proj_out.linears.0 (inputs)
25-12-28 10:47:56 | D |   - Quantizing single_transformer_blocks.26.proj_mlp (inputs)
25-12-28 10:47:56 | D |   - Quantizing single_transformer_blocks.26.proj_out.linears.1 (inputs)
25-12-28 10:47:56 | D |   - Quantizing single_transformer_blocks.27.attn.to_q (inputs)
25-12-28 10:47:56 | D |   - Quantizing single_transformer_blocks.27.attn.to_k (inputs)
25-12-28 10:47:56 | D |   - Quantizing single_transformer_blocks.27.attn.to_v (inputs)
25-12-28 10:47:56 | D |   - Quantizing single_transformer_blocks.27.proj_out.linears.0 (inputs)
25-12-28 10:47:56 | D |   - Quantizing single_transformer_blocks.27.proj_mlp (inputs)
25-12-28 10:47:56 | D |   - Quantizing single_transformer_blocks.27.proj_out.linears.1 (inputs)
25-12-28 10:47:56 | D |   - Quantizing single_transformer_blocks.28.attn.to_q (inputs)
25-12-28 10:47:56 | D |   - Quantizing single_transformer_blocks.28.attn.to_k (inputs)
25-12-28 10:47:56 | D |   - Quantizing single_transformer_blocks.28.attn.to_v (inputs)
25-12-28 10:47:56 | D |   - Quantizing single_transformer_blocks.28.proj_out.linears.0 (inputs)
25-12-28 10:47:56 | D |   - Quantizing single_transformer_blocks.28.proj_mlp (inputs)
25-12-28 10:47:56 | D |   - Quantizing single_transformer_blocks.28.proj_out.linears.1 (inputs)
25-12-28 10:47:56 | D |   - Quantizing single_transformer_blocks.29.attn.to_q (inputs)
25-12-28 10:47:56 | D |   - Quantizing single_transformer_blocks.29.attn.to_k (inputs)
25-12-28 10:47:56 | D |   - Quantizing single_transformer_blocks.29.attn.to_v (inputs)
25-12-28 10:47:56 | D |   - Quantizing single_transformer_blocks.29.proj_out.linears.0 (inputs)
25-12-28 10:47:56 | D |   - Quantizing single_transformer_blocks.29.proj_mlp (inputs)
25-12-28 10:47:56 | D |   - Quantizing single_transformer_blocks.29.proj_out.linears.1 (inputs)
25-12-28 10:47:56 | D |   - Quantizing single_transformer_blocks.30.attn.to_q (inputs)
25-12-28 10:47:56 | D |   - Quantizing single_transformer_blocks.30.attn.to_k (inputs)
25-12-28 10:47:56 | D |   - Quantizing single_transformer_blocks.30.attn.to_v (inputs)
25-12-28 10:47:56 | D |   - Quantizing single_transformer_blocks.30.proj_out.linears.0 (inputs)
25-12-28 10:47:56 | D |   - Quantizing single_transformer_blocks.30.proj_mlp (inputs)
25-12-28 10:47:56 | D |   - Quantizing single_transformer_blocks.30.proj_out.linears.1 (inputs)
25-12-28 10:47:56 | D |   - Quantizing single_transformer_blocks.31.attn.to_q (inputs)
25-12-28 10:47:56 | D |   - Quantizing single_transformer_blocks.31.attn.to_k (inputs)
25-12-28 10:47:56 | D |   - Quantizing single_transformer_blocks.31.attn.to_v (inputs)
25-12-28 10:47:56 | D |   - Quantizing single_transformer_blocks.31.proj_out.linears.0 (inputs)
25-12-28 10:47:56 | D |   - Quantizing single_transformer_blocks.31.proj_mlp (inputs)
25-12-28 10:47:56 | D |   - Quantizing single_transformer_blocks.31.proj_out.linears.1 (inputs)
25-12-28 10:47:56 | D |   - Quantizing single_transformer_blocks.32.attn.to_q (inputs)
25-12-28 10:47:56 | D |   - Quantizing single_transformer_blocks.32.attn.to_k (inputs)
25-12-28 10:47:56 | D |   - Quantizing single_transformer_blocks.32.attn.to_v (inputs)
25-12-28 10:47:56 | D |   - Quantizing single_transformer_blocks.32.proj_out.linears.0 (inputs)
25-12-28 10:47:56 | D |   - Quantizing single_transformer_blocks.32.proj_mlp (inputs)
25-12-28 10:47:56 | D |   - Quantizing single_transformer_blocks.32.proj_out.linears.1 (inputs)
25-12-28 10:47:56 | D |   - Quantizing single_transformer_blocks.33.attn.to_q (inputs)
25-12-28 10:47:56 | D |   - Quantizing single_transformer_blocks.33.attn.to_k (inputs)
25-12-28 10:47:56 | D |   - Quantizing single_transformer_blocks.33.attn.to_v (inputs)
25-12-28 10:47:56 | D |   - Quantizing single_transformer_blocks.33.proj_out.linears.0 (inputs)
25-12-28 10:47:56 | D |   - Quantizing single_transformer_blocks.33.proj_mlp (inputs)
25-12-28 10:47:56 | D |   - Quantizing single_transformer_blocks.33.proj_out.linears.1 (inputs)
25-12-28 10:47:56 | D |   - Quantizing single_transformer_blocks.34.attn.to_q (inputs)
25-12-28 10:47:56 | D |   - Quantizing single_transformer_blocks.34.attn.to_k (inputs)
25-12-28 10:47:56 | D |   - Quantizing single_transformer_blocks.34.attn.to_v (inputs)
25-12-28 10:47:56 | D |   - Quantizing single_transformer_blocks.34.proj_out.linears.0 (inputs)
25-12-28 10:47:56 | D |   - Quantizing single_transformer_blocks.34.proj_mlp (inputs)
25-12-28 10:47:56 | D |   - Quantizing single_transformer_blocks.34.proj_out.linears.1 (inputs)
25-12-28 10:47:56 | D |   - Quantizing single_transformer_blocks.35.attn.to_q (inputs)
25-12-28 10:47:56 | D |   - Quantizing single_transformer_blocks.35.attn.to_k (inputs)
25-12-28 10:47:56 | D |   - Quantizing single_transformer_blocks.35.attn.to_v (inputs)
25-12-28 10:47:56 | D |   - Quantizing single_transformer_blocks.35.proj_out.linears.0 (inputs)
25-12-28 10:47:56 | D |   - Quantizing single_transformer_blocks.35.proj_mlp (inputs)
25-12-28 10:47:56 | D |   - Quantizing single_transformer_blocks.35.proj_out.linears.1 (inputs)
25-12-28 10:47:56 | D |   - Quantizing single_transformer_blocks.36.attn.to_q (inputs)
25-12-28 10:47:56 | D |   - Quantizing single_transformer_blocks.36.attn.to_k (inputs)
25-12-28 10:47:56 | D |   - Quantizing single_transformer_blocks.36.attn.to_v (inputs)
25-12-28 10:47:56 | D |   - Quantizing single_transformer_blocks.36.proj_out.linears.0 (inputs)
25-12-28 10:47:56 | D |   - Quantizing single_transformer_blocks.36.proj_mlp (inputs)
25-12-28 10:47:56 | D |   - Quantizing single_transformer_blocks.36.proj_out.linears.1 (inputs)
25-12-28 10:47:56 | D |   - Quantizing single_transformer_blocks.37.attn.to_q (inputs)
25-12-28 10:47:56 | D |   - Quantizing single_transformer_blocks.37.attn.to_k (inputs)
25-12-28 10:47:56 | D |   - Quantizing single_transformer_blocks.37.attn.to_v (inputs)
25-12-28 10:47:56 | D |   - Quantizing single_transformer_blocks.37.proj_out.linears.0 (inputs)
25-12-28 10:47:56 | D |   - Quantizing single_transformer_blocks.37.proj_mlp (inputs)
25-12-28 10:47:56 | D |   - Quantizing single_transformer_blocks.37.proj_out.linears.1 (inputs)
25-12-28 10:47:57 | I | * Evaluating model 
25-12-28 10:47:57 | D |   Attempting to acquire lock 139820181625584 on /home/jby_25113050052/.cache/huggingface/modules/datasets_modules/datasets/MJHQ.lock
25-12-28 10:47:57 | D |   Lock 139820181625584 acquired on /home/jby_25113050052/.cache/huggingface/modules/datasets_modules/datasets/MJHQ.lock
25-12-28 10:47:57 | D |   Attempting to release lock 139820181625584 on /home/jby_25113050052/.cache/huggingface/modules/datasets_modules/datasets/MJHQ.lock
25-12-28 10:47:57 | D |   Lock 139820181625584 released on /home/jby_25113050052/.cache/huggingface/modules/datasets_modules/datasets/MJHQ.lock
25-12-28 10:47:57 | D |   Attempting to acquire lock 139820183332400 on /home/jby_25113050052/.cache/huggingface/modules/datasets_modules/datasets/MJHQ.lock
25-12-28 10:47:57 | D |   Lock 139820183332400 acquired on /home/jby_25113050052/.cache/huggingface/modules/datasets_modules/datasets/MJHQ.lock
25-12-28 10:47:57 | D |   Attempting to release lock 139820183332400 on /home/jby_25113050052/.cache/huggingface/modules/datasets_modules/datasets/MJHQ.lock
25-12-28 10:47:57 | D |   Lock 139820183332400 released on /home/jby_25113050052/.cache/huggingface/modules/datasets_modules/datasets/MJHQ.lock
25-12-28 10:47:57 | D |   Attempting to acquire lock 139820183329280 on /home/jby_25113050052/.cache/huggingface/datasets/_home_jby_25113050052_.cache_huggingface_datasets_mjhq_MJHQ-7d12c30b2f72690f_0.0.0_333d7966e4df78243f9487b3aa74eb3ce1bf241072c0f9afe90f705e29beca29.lock
25-12-28 10:47:57 | D |   Lock 139820183329280 acquired on /home/jby_25113050052/.cache/huggingface/datasets/_home_jby_25113050052_.cache_huggingface_datasets_mjhq_MJHQ-7d12c30b2f72690f_0.0.0_333d7966e4df78243f9487b3aa74eb3ce1bf241072c0f9afe90f705e29beca29.lock
25-12-28 10:47:57 | D |   Attempting to release lock 139820183329280 on /home/jby_25113050052/.cache/huggingface/datasets/_home_jby_25113050052_.cache_huggingface_datasets_mjhq_MJHQ-7d12c30b2f72690f_0.0.0_333d7966e4df78243f9487b3aa74eb3ce1bf241072c0f9afe90f705e29beca29.lock
25-12-28 10:47:57 | D |   Lock 139820183329280 released on /home/jby_25113050052/.cache/huggingface/datasets/_home_jby_25113050052_.cache_huggingface_datasets_mjhq_MJHQ-7d12c30b2f72690f_0.0.0_333d7966e4df78243f9487b3aa74eb3ce1bf241072c0f9afe90f705e29beca29.lock
25-12-28 10:47:57 | D |   Attempting to acquire lock 139820977033712 on /home/jby_25113050052/.cache/huggingface/modules/datasets_modules/datasets/MJHQ.lock
25-12-28 10:47:57 | D |   Lock 139820977033712 acquired on /home/jby_25113050052/.cache/huggingface/modules/datasets_modules/datasets/MJHQ.lock
25-12-28 10:47:57 | D |   Attempting to release lock 139820977033712 on /home/jby_25113050052/.cache/huggingface/modules/datasets_modules/datasets/MJHQ.lock
25-12-28 10:47:57 | D |   Lock 139820977033712 released on /home/jby_25113050052/.cache/huggingface/modules/datasets_modules/datasets/MJHQ.lock
25-12-28 10:47:57 | D |   Attempting to acquire lock 139822121081152 on /home/jby_25113050052/.cache/huggingface/datasets/mjhq/MJHQ-7d12c30b2f72690f/0.0.0/333d7966e4df78243f9487b3aa74eb3ce1bf241072c0f9afe90f705e29beca29_builder.lock
25-12-28 10:47:57 | D |   Lock 139822121081152 acquired on /home/jby_25113050052/.cache/huggingface/datasets/mjhq/MJHQ-7d12c30b2f72690f/0.0.0/333d7966e4df78243f9487b3aa74eb3ce1bf241072c0f9afe90f705e29beca29_builder.lock
25-12-28 10:47:57 | D |   Resetting dropped connection: hf-mirror.com
25-12-28 10:47:58 | D |   https://hf-mirror.com:443 "GET /api/datasets/playgroundai/MJHQ-30K/revision/main HTTP/1.1" 200 1137
25-12-28 10:47:58 | D |   https://hf-mirror.com:443 "HEAD /datasets/playgroundai/MJHQ-30K/resolve/main/meta_data.json HTTP/1.1" 307 0
25-12-28 10:47:58 | D |   https://hf-mirror.com:443 "HEAD /api/resolve-cache/datasets/playgroundai/MJHQ-30K/15b0a659e066e763d0e9a6cd8f00e25f8af5e084/meta_data.json HTTP/1.1" 200 0
25-12-28 10:47:59 | D |   https://hf-mirror.com:443 "HEAD /datasets/playgroundai/MJHQ-30K/resolve/main/mjhq30k_imgs.zip HTTP/1.1" 302 0
25-12-28 10:47:59 | D |   Attempting to acquire lock 139820182435840 on /home/jby_25113050052/.cache/huggingface/datasets/downloads/extracted/857fd8012dee6dd21bad6989c4bf4a7010369fdd61690413d58fcdbe6e2f16e1.lock
25-12-28 10:47:59 | D |   Lock 139820182435840 acquired on /home/jby_25113050052/.cache/huggingface/datasets/downloads/extracted/857fd8012dee6dd21bad6989c4bf4a7010369fdd61690413d58fcdbe6e2f16e1.lock
25-12-28 10:48:19 | D |   Attempting to release lock 139820182435840 on /home/jby_25113050052/.cache/huggingface/datasets/downloads/extracted/857fd8012dee6dd21bad6989c4bf4a7010369fdd61690413d58fcdbe6e2f16e1.lock
25-12-28 10:48:19 | D |   Lock 139820182435840 released on /home/jby_25113050052/.cache/huggingface/datasets/downloads/extracted/857fd8012dee6dd21bad6989c4bf4a7010369fdd61690413d58fcdbe6e2f16e1.lock
25-12-28 10:48:19 | D |   open file: /home/jby_25113050052/.cache/huggingface/datasets/mjhq/MJHQ-7d12c30b2f72690f/0.0.0/333d7966e4df78243f9487b3aa74eb3ce1bf241072c0f9afe90f705e29beca29.incomplete/mjhq-train-00000-00000-of-NNNNN.arrow
25-12-28 10:48:19 | D |   Attempting to acquire lock 139822505983536 on /home/jby_25113050052/.cache/huggingface/datasets/mjhq/MJHQ-7d12c30b2f72690f/0.0.0/333d7966e4df78243f9487b3aa74eb3ce1bf241072c0f9afe90f705e29beca29.incomplete_info.lock
25-12-28 10:48:19 | D |   Lock 139822505983536 acquired on /home/jby_25113050052/.cache/huggingface/datasets/mjhq/MJHQ-7d12c30b2f72690f/0.0.0/333d7966e4df78243f9487b3aa74eb3ce1bf241072c0f9afe90f705e29beca29.incomplete_info.lock
25-12-28 10:48:19 | D |   open file: /home/jby_25113050052/.cache/huggingface/datasets/mjhq/MJHQ-7d12c30b2f72690f/0.0.0/333d7966e4df78243f9487b3aa74eb3ce1bf241072c0f9afe90f705e29beca29.incomplete/dataset_info.json
25-12-28 10:48:19 | D |   open file: /home/jby_25113050052/.cache/huggingface/datasets/mjhq/MJHQ-7d12c30b2f72690f/0.0.0/333d7966e4df78243f9487b3aa74eb3ce1bf241072c0f9afe90f705e29beca29.incomplete/LICENSE
25-12-28 10:48:19 | D |   Attempting to release lock 139822505983536 on /home/jby_25113050052/.cache/huggingface/datasets/mjhq/MJHQ-7d12c30b2f72690f/0.0.0/333d7966e4df78243f9487b3aa74eb3ce1bf241072c0f9afe90f705e29beca29.incomplete_info.lock
25-12-28 10:48:19 | D |   Lock 139822505983536 released on /home/jby_25113050052/.cache/huggingface/datasets/mjhq/MJHQ-7d12c30b2f72690f/0.0.0/333d7966e4df78243f9487b3aa74eb3ce1bf241072c0f9afe90f705e29beca29.incomplete_info.lock
25-12-28 10:48:19 | D |   Attempting to release lock 139822121081152 on /home/jby_25113050052/.cache/huggingface/datasets/mjhq/MJHQ-7d12c30b2f72690f/0.0.0/333d7966e4df78243f9487b3aa74eb3ce1bf241072c0f9afe90f705e29beca29_builder.lock
25-12-28 10:48:19 | D |   Lock 139822121081152 released on /home/jby_25113050052/.cache/huggingface/datasets/mjhq/MJHQ-7d12c30b2f72690f/0.0.0/333d7966e4df78243f9487b3aa74eb3ce1bf241072c0f9afe90f705e29beca29_builder.lock
25-12-28 10:48:19 | I |     MJHQ has 1024 samples (chunk_start=0, chunk_step=1, unchunk_size=1024)
25-12-28 12:28:37 | D |   Attempting to acquire lock 139822121081056 on /home/jby_25113050052/.cache/huggingface/modules/datasets_modules/datasets/MJHQ.lock
25-12-28 12:28:37 | D |   Lock 139822121081056 acquired on /home/jby_25113050052/.cache/huggingface/modules/datasets_modules/datasets/MJHQ.lock
25-12-28 12:28:37 | D |   Attempting to release lock 139822121081056 on /home/jby_25113050052/.cache/huggingface/modules/datasets_modules/datasets/MJHQ.lock
25-12-28 12:28:37 | D |   Lock 139822121081056 released on /home/jby_25113050052/.cache/huggingface/modules/datasets_modules/datasets/MJHQ.lock
25-12-28 12:28:37 | D |   Attempting to acquire lock 139833633831296 on /home/jby_25113050052/.cache/huggingface/datasets/_home_jby_25113050052_.cache_huggingface_datasets_mjhq_MJHQ-68d8c979dbde77b1_0.0.0_333d7966e4df78243f9487b3aa74eb3ce1bf241072c0f9afe90f705e29beca29.lock
25-12-28 12:28:37 | D |   Lock 139833633831296 acquired on /home/jby_25113050052/.cache/huggingface/datasets/_home_jby_25113050052_.cache_huggingface_datasets_mjhq_MJHQ-68d8c979dbde77b1_0.0.0_333d7966e4df78243f9487b3aa74eb3ce1bf241072c0f9afe90f705e29beca29.lock
25-12-28 12:28:37 | D |   Attempting to release lock 139833633831296 on /home/jby_25113050052/.cache/huggingface/datasets/_home_jby_25113050052_.cache_huggingface_datasets_mjhq_MJHQ-68d8c979dbde77b1_0.0.0_333d7966e4df78243f9487b3aa74eb3ce1bf241072c0f9afe90f705e29beca29.lock
25-12-28 12:28:37 | D |   Lock 139833633831296 released on /home/jby_25113050052/.cache/huggingface/datasets/_home_jby_25113050052_.cache_huggingface_datasets_mjhq_MJHQ-68d8c979dbde77b1_0.0.0_333d7966e4df78243f9487b3aa74eb3ce1bf241072c0f9afe90f705e29beca29.lock
25-12-28 12:28:37 | D |   Attempting to acquire lock 139833633831296 on /home/jby_25113050052/.cache/huggingface/modules/datasets_modules/datasets/MJHQ.lock
25-12-28 12:28:37 | D |   Lock 139833633831296 acquired on /home/jby_25113050052/.cache/huggingface/modules/datasets_modules/datasets/MJHQ.lock
25-12-28 12:28:37 | D |   Attempting to release lock 139833633831296 on /home/jby_25113050052/.cache/huggingface/modules/datasets_modules/datasets/MJHQ.lock
25-12-28 12:28:37 | D |   Lock 139833633831296 released on /home/jby_25113050052/.cache/huggingface/modules/datasets_modules/datasets/MJHQ.lock
25-12-28 12:28:37 | D |   Attempting to acquire lock 139820182435840 on /home/jby_25113050052/.cache/huggingface/datasets/mjhq/MJHQ-68d8c979dbde77b1/0.0.0/333d7966e4df78243f9487b3aa74eb3ce1bf241072c0f9afe90f705e29beca29_builder.lock
25-12-28 12:28:37 | D |   Lock 139820182435840 acquired on /home/jby_25113050052/.cache/huggingface/datasets/mjhq/MJHQ-68d8c979dbde77b1/0.0.0/333d7966e4df78243f9487b3aa74eb3ce1bf241072c0f9afe90f705e29beca29_builder.lock
25-12-28 12:28:37 | D |   Resetting dropped connection: hf-mirror.com
25-12-28 12:28:38 | D |   https://hf-mirror.com:443 "HEAD /datasets/playgroundai/MJHQ-30K/resolve/main/meta_data.json HTTP/1.1" 307 0
25-12-28 12:28:39 | D |   https://hf-mirror.com:443 "HEAD /api/resolve-cache/datasets/playgroundai/MJHQ-30K/15b0a659e066e763d0e9a6cd8f00e25f8af5e084/meta_data.json HTTP/1.1" 200 0
25-12-28 12:28:39 | D |   https://hf-mirror.com:443 "HEAD /datasets/playgroundai/MJHQ-30K/resolve/main/mjhq30k_imgs.zip HTTP/1.1" 302 0
25-12-28 12:28:39 | D |   open file: /home/jby_25113050052/.cache/huggingface/datasets/mjhq/MJHQ-68d8c979dbde77b1/0.0.0/333d7966e4df78243f9487b3aa74eb3ce1bf241072c0f9afe90f705e29beca29.incomplete/mjhq-train-00000-00000-of-NNNNN.arrow
25-12-28 12:28:39 | D |   Attempting to acquire lock 139820182328272 on /home/jby_25113050052/.cache/huggingface/datasets/mjhq/MJHQ-68d8c979dbde77b1/0.0.0/333d7966e4df78243f9487b3aa74eb3ce1bf241072c0f9afe90f705e29beca29.incomplete_info.lock
25-12-28 12:28:39 | D |   Lock 139820182328272 acquired on /home/jby_25113050052/.cache/huggingface/datasets/mjhq/MJHQ-68d8c979dbde77b1/0.0.0/333d7966e4df78243f9487b3aa74eb3ce1bf241072c0f9afe90f705e29beca29.incomplete_info.lock
25-12-28 12:28:39 | D |   open file: /home/jby_25113050052/.cache/huggingface/datasets/mjhq/MJHQ-68d8c979dbde77b1/0.0.0/333d7966e4df78243f9487b3aa74eb3ce1bf241072c0f9afe90f705e29beca29.incomplete/dataset_info.json
25-12-28 12:28:39 | D |   open file: /home/jby_25113050052/.cache/huggingface/datasets/mjhq/MJHQ-68d8c979dbde77b1/0.0.0/333d7966e4df78243f9487b3aa74eb3ce1bf241072c0f9afe90f705e29beca29.incomplete/LICENSE
25-12-28 12:28:39 | D |   Attempting to release lock 139820182328272 on /home/jby_25113050052/.cache/huggingface/datasets/mjhq/MJHQ-68d8c979dbde77b1/0.0.0/333d7966e4df78243f9487b3aa74eb3ce1bf241072c0f9afe90f705e29beca29.incomplete_info.lock
25-12-28 12:28:39 | D |   Lock 139820182328272 released on /home/jby_25113050052/.cache/huggingface/datasets/mjhq/MJHQ-68d8c979dbde77b1/0.0.0/333d7966e4df78243f9487b3aa74eb3ce1bf241072c0f9afe90f705e29beca29.incomplete_info.lock
25-12-28 12:28:39 | D |   Attempting to release lock 139820182435840 on /home/jby_25113050052/.cache/huggingface/datasets/mjhq/MJHQ-68d8c979dbde77b1/0.0.0/333d7966e4df78243f9487b3aa74eb3ce1bf241072c0f9afe90f705e29beca29_builder.lock
25-12-28 12:28:39 | D |   Lock 139820182435840 released on /home/jby_25113050052/.cache/huggingface/datasets/mjhq/MJHQ-68d8c979dbde77b1/0.0.0/333d7966e4df78243f9487b3aa74eb3ce1bf241072c0f9afe90f705e29beca29_builder.lock
25-12-28 12:28:40 | D |   https://hf-mirror.com:443 "HEAD /openai/clip-vit-large-patch14/resolve/main/config.json HTTP/1.1" 307 0
25-12-28 12:28:40 | D |   https://hf-mirror.com:443 "HEAD /api/resolve-cache/models/openai/clip-vit-large-patch14/32bd64288804d66eefd0ccbe215aa642df71cc41/config.json HTTP/1.1" 200 0
25-12-28 12:28:40 | D |   Attempting to acquire lock 139833633820208 on /home/jby_25113050052/.cache/huggingface/hub/.locks/models--openai--clip-vit-large-patch14/2c19f6666e0e163c7954df66cb901353fcad088e.lock
25-12-28 12:28:40 | D |   Lock 139833633820208 acquired on /home/jby_25113050052/.cache/huggingface/hub/.locks/models--openai--clip-vit-large-patch14/2c19f6666e0e163c7954df66cb901353fcad088e.lock
25-12-28 12:28:41 | D |   https://hf-mirror.com:443 "GET /api/resolve-cache/models/openai/clip-vit-large-patch14/32bd64288804d66eefd0ccbe215aa642df71cc41/config.json HTTP/1.1" 200 None
25-12-28 12:28:41 | D |   Attempting to release lock 139833633820208 on /home/jby_25113050052/.cache/huggingface/hub/.locks/models--openai--clip-vit-large-patch14/2c19f6666e0e163c7954df66cb901353fcad088e.lock
25-12-28 12:28:41 | D |   Lock 139833633820208 released on /home/jby_25113050052/.cache/huggingface/hub/.locks/models--openai--clip-vit-large-patch14/2c19f6666e0e163c7954df66cb901353fcad088e.lock
25-12-28 12:28:41 | D |   https://hf-mirror.com:443 "HEAD /openai/clip-vit-large-patch14/resolve/main/adapter_config.json HTTP/1.1" 404 0
25-12-28 12:28:41 | D |   https://hf-mirror.com:443 "HEAD /openai/clip-vit-large-patch14/resolve/main/config.json HTTP/1.1" 307 0
25-12-28 12:28:42 | D |   https://hf-mirror.com:443 "HEAD /api/resolve-cache/models/openai/clip-vit-large-patch14/32bd64288804d66eefd0ccbe215aa642df71cc41/config.json HTTP/1.1" 200 0
25-12-28 12:28:43 | D |   https://hf-mirror.com:443 "HEAD /openai/clip-vit-large-patch14/resolve/main/model.safetensors HTTP/1.1" 302 0
25-12-28 12:28:43 | D |   Attempting to acquire lock 139810140181792 on /home/jby_25113050052/.cache/huggingface/hub/.locks/models--openai--clip-vit-large-patch14/a2bf730a0c7debf160f7a6b50b3aaf3703e7e88ac73de7a314903141db026dcb.lock
25-12-28 12:28:43 | D |   Lock 139810140181792 acquired on /home/jby_25113050052/.cache/huggingface/hub/.locks/models--openai--clip-vit-large-patch14/a2bf730a0c7debf160f7a6b50b3aaf3703e7e88ac73de7a314903141db026dcb.lock
25-12-28 12:28:43 | D |   Starting new HTTPS connection (1): cas-bridge.xethub.hf.co:443
25-12-28 12:28:43 | D |   https://cas-bridge.xethub.hf.co:443 "GET /xet-bridge-us/621ffdc136468d709f17ea63/9046d5fe172d35ca65c0140b3d9c638d31b2714cc17049ee40fcf887ab0e076a?X-Amz-Algorithm=AWS4-HMAC-SHA256&X-Amz-Content-Sha256=UNSIGNED-PAYLOAD&X-Amz-Credential=cas%2F20251228%2Fus-east-1%2Fs3%2Faws4_request&X-Amz-Date=20251228T122842Z&X-Amz-Expires=3600&X-Amz-Signature=f0791752eca6e9b8304379bc8c631a3dd42151c376db781fdd79422a3f5793f0&X-Amz-SignedHeaders=host&X-Xet-Cas-Uid=68da675435f42bad509cd31b&response-content-disposition=inline%3B+filename*%3DUTF-8%27%27model.safetensors%3B+filename%3D%22model.safetensors%22%3B&x-id=GetObject&Expires=1766928522&Policy=eyJTdGF0ZW1lbnQiOlt7IkNvbmRpdGlvbiI6eyJEYXRlTGVzc1RoYW4iOnsiQVdTOkVwb2NoVGltZSI6MTc2NjkyODUyMn19LCJSZXNvdXJjZSI6Imh0dHBzOi8vY2FzLWJyaWRnZS54ZXRodWIuaGYuY28veGV0LWJyaWRnZS11cy82MjFmZmRjMTM2NDY4ZDcwOWYxN2VhNjMvOTA0NmQ1ZmUxNzJkMzVjYTY1YzAxNDBiM2Q5YzYzOGQzMWIyNzE0Y2MxNzA0OWVlNDBmY2Y4ODdhYjBlMDc2YSoifV19&Signature=KF9GfCwDHeb6jxWH5-bh8HXlFwhQka23BsWg89Z8RmluAizXCkherOL1Fja9MvqRLAno7lSH7mVOrQGbPS91~SzU4YeL-dshAhUpEefyhzy2Rx-hq981~454q2iJibh~RrA2cxJ32LuKRd9ER34vJcbyq1dBIdd3NmOm5nfLMUnB3z~~HrRRvpjPxkFr7J-chNA~Gv0PsTXN-2Wm3t2inqPN5pvCJGFzzSA5bLUvNMajIAMbqLJhZoxKVnG6CXoGMJET~O-7bU2smBw4z3dTqd1YfLARw4LvzArw08GHoYEyJIPJlh4ArTroLzR3r2tZ-zM8T1AM2bL2hyTpFlkJYA__&Key-Pair-Id=K2L8F4GPSG1IFC HTTP/1.1" 200 1710540580
25-12-28 12:29:42 | D |   Attempting to release lock 139810140181792 on /home/jby_25113050052/.cache/huggingface/hub/.locks/models--openai--clip-vit-large-patch14/a2bf730a0c7debf160f7a6b50b3aaf3703e7e88ac73de7a314903141db026dcb.lock
25-12-28 12:29:42 | D |   Lock 139810140181792 released on /home/jby_25113050052/.cache/huggingface/hub/.locks/models--openai--clip-vit-large-patch14/a2bf730a0c7debf160f7a6b50b3aaf3703e7e88ac73de7a314903141db026dcb.lock
25-12-28 12:29:43 | D |   https://hf-mirror.com:443 "HEAD /openai/clip-vit-large-patch14/resolve/main/preprocessor_config.json HTTP/1.1" 307 0
25-12-28 12:29:44 | D |   https://hf-mirror.com:443 "HEAD /api/resolve-cache/models/openai/clip-vit-large-patch14/32bd64288804d66eefd0ccbe215aa642df71cc41/preprocessor_config.json HTTP/1.1" 200 0
25-12-28 12:29:44 | D |   Attempting to acquire lock 139820402412288 on /home/jby_25113050052/.cache/huggingface/hub/.locks/models--openai--clip-vit-large-patch14/5a12a1eb250987a4eee0e3e7d7338c4b22724be1.lock
25-12-28 12:29:44 | D |   Lock 139820402412288 acquired on /home/jby_25113050052/.cache/huggingface/hub/.locks/models--openai--clip-vit-large-patch14/5a12a1eb250987a4eee0e3e7d7338c4b22724be1.lock
25-12-28 12:29:44 | D |   https://hf-mirror.com:443 "GET /api/resolve-cache/models/openai/clip-vit-large-patch14/32bd64288804d66eefd0ccbe215aa642df71cc41/preprocessor_config.json HTTP/1.1" 200 316
25-12-28 12:29:44 | D |   Attempting to release lock 139820402412288 on /home/jby_25113050052/.cache/huggingface/hub/.locks/models--openai--clip-vit-large-patch14/5a12a1eb250987a4eee0e3e7d7338c4b22724be1.lock
25-12-28 12:29:44 | D |   Lock 139820402412288 released on /home/jby_25113050052/.cache/huggingface/hub/.locks/models--openai--clip-vit-large-patch14/5a12a1eb250987a4eee0e3e7d7338c4b22724be1.lock
25-12-28 12:29:44 | D |   https://hf-mirror.com:443 "HEAD /openai/clip-vit-large-patch14/resolve/main/tokenizer_config.json HTTP/1.1" 307 0
25-12-28 12:29:45 | D |   https://hf-mirror.com:443 "HEAD /api/resolve-cache/models/openai/clip-vit-large-patch14/32bd64288804d66eefd0ccbe215aa642df71cc41/tokenizer_config.json HTTP/1.1" 200 0
25-12-28 12:29:45 | D |   Attempting to acquire lock 139820402634880 on /home/jby_25113050052/.cache/huggingface/hub/.locks/models--openai--clip-vit-large-patch14/702bb12920b291cade3706cf215c1604d2255d93.lock
25-12-28 12:29:45 | D |   Lock 139820402634880 acquired on /home/jby_25113050052/.cache/huggingface/hub/.locks/models--openai--clip-vit-large-patch14/702bb12920b291cade3706cf215c1604d2255d93.lock
25-12-28 12:29:45 | D |   https://hf-mirror.com:443 "GET /api/resolve-cache/models/openai/clip-vit-large-patch14/32bd64288804d66eefd0ccbe215aa642df71cc41/tokenizer_config.json HTTP/1.1" 200 298
25-12-28 12:29:45 | D |   Attempting to release lock 139820402634880 on /home/jby_25113050052/.cache/huggingface/hub/.locks/models--openai--clip-vit-large-patch14/702bb12920b291cade3706cf215c1604d2255d93.lock
25-12-28 12:29:45 | D |   Lock 139820402634880 released on /home/jby_25113050052/.cache/huggingface/hub/.locks/models--openai--clip-vit-large-patch14/702bb12920b291cade3706cf215c1604d2255d93.lock
25-12-28 12:29:46 | D |   https://hf-mirror.com:443 "GET /api/models/openai/clip-vit-large-patch14/tree/main/additional_chat_templates?recursive=False&expand=False HTTP/1.1" 404 64
25-12-28 12:29:47 | D |   https://hf-mirror.com:443 "HEAD /openai/clip-vit-large-patch14/resolve/main/vocab.json HTTP/1.1" 307 0
25-12-28 12:29:47 | D |   https://hf-mirror.com:443 "HEAD /api/resolve-cache/models/openai/clip-vit-large-patch14/32bd64288804d66eefd0ccbe215aa642df71cc41/vocab.json HTTP/1.1" 200 0
25-12-28 12:29:47 | D |   Attempting to acquire lock 139820402435008 on /home/jby_25113050052/.cache/huggingface/hub/.locks/models--openai--clip-vit-large-patch14/4297ea6a8d2bae1fea8f48b45e257814dcb11f69.lock
25-12-28 12:29:47 | D |   Lock 139820402435008 acquired on /home/jby_25113050052/.cache/huggingface/hub/.locks/models--openai--clip-vit-large-patch14/4297ea6a8d2bae1fea8f48b45e257814dcb11f69.lock
25-12-28 12:29:47 | D |   https://hf-mirror.com:443 "GET /api/resolve-cache/models/openai/clip-vit-large-patch14/32bd64288804d66eefd0ccbe215aa642df71cc41/vocab.json HTTP/1.1" 200 None
25-12-28 12:29:48 | D |   Attempting to release lock 139820402435008 on /home/jby_25113050052/.cache/huggingface/hub/.locks/models--openai--clip-vit-large-patch14/4297ea6a8d2bae1fea8f48b45e257814dcb11f69.lock
25-12-28 12:29:48 | D |   Lock 139820402435008 released on /home/jby_25113050052/.cache/huggingface/hub/.locks/models--openai--clip-vit-large-patch14/4297ea6a8d2bae1fea8f48b45e257814dcb11f69.lock
25-12-28 12:29:49 | D |   https://hf-mirror.com:443 "HEAD /openai/clip-vit-large-patch14/resolve/main/merges.txt HTTP/1.1" 307 0
25-12-28 12:29:49 | D |   https://hf-mirror.com:443 "HEAD /api/resolve-cache/models/openai/clip-vit-large-patch14/32bd64288804d66eefd0ccbe215aa642df71cc41/merges.txt HTTP/1.1" 200 0
25-12-28 12:29:49 | D |   Attempting to acquire lock 139810140182080 on /home/jby_25113050052/.cache/huggingface/hub/.locks/models--openai--clip-vit-large-patch14/76e821f1b6f0a9709293c3b6b51ed90980b3166b.lock
25-12-28 12:29:49 | D |   Lock 139810140182080 acquired on /home/jby_25113050052/.cache/huggingface/hub/.locks/models--openai--clip-vit-large-patch14/76e821f1b6f0a9709293c3b6b51ed90980b3166b.lock
25-12-28 12:29:49 | D |   https://hf-mirror.com:443 "GET /api/resolve-cache/models/openai/clip-vit-large-patch14/32bd64288804d66eefd0ccbe215aa642df71cc41/merges.txt HTTP/1.1" 200 None
25-12-28 12:29:50 | D |   Attempting to release lock 139810140182080 on /home/jby_25113050052/.cache/huggingface/hub/.locks/models--openai--clip-vit-large-patch14/76e821f1b6f0a9709293c3b6b51ed90980b3166b.lock
25-12-28 12:29:50 | D |   Lock 139810140182080 released on /home/jby_25113050052/.cache/huggingface/hub/.locks/models--openai--clip-vit-large-patch14/76e821f1b6f0a9709293c3b6b51ed90980b3166b.lock
25-12-28 12:29:50 | D |   https://hf-mirror.com:443 "HEAD /openai/clip-vit-large-patch14/resolve/main/tokenizer.json HTTP/1.1" 307 0
25-12-28 12:29:50 | D |   https://hf-mirror.com:443 "HEAD /api/resolve-cache/models/openai/clip-vit-large-patch14/32bd64288804d66eefd0ccbe215aa642df71cc41/tokenizer.json HTTP/1.1" 200 0
25-12-28 12:29:50 | D |   Attempting to acquire lock 139820402430592 on /home/jby_25113050052/.cache/huggingface/hub/.locks/models--openai--clip-vit-large-patch14/580c79c6862f31d1f9bd08dd1a415ba0d0502cd9.lock
25-12-28 12:29:50 | D |   Lock 139820402430592 acquired on /home/jby_25113050052/.cache/huggingface/hub/.locks/models--openai--clip-vit-large-patch14/580c79c6862f31d1f9bd08dd1a415ba0d0502cd9.lock
25-12-28 12:29:51 | D |   https://hf-mirror.com:443 "GET /api/resolve-cache/models/openai/clip-vit-large-patch14/32bd64288804d66eefd0ccbe215aa642df71cc41/tokenizer.json HTTP/1.1" 200 None
25-12-28 12:29:52 | D |   Attempting to release lock 139820402430592 on /home/jby_25113050052/.cache/huggingface/hub/.locks/models--openai--clip-vit-large-patch14/580c79c6862f31d1f9bd08dd1a415ba0d0502cd9.lock
25-12-28 12:29:52 | D |   Lock 139820402430592 released on /home/jby_25113050052/.cache/huggingface/hub/.locks/models--openai--clip-vit-large-patch14/580c79c6862f31d1f9bd08dd1a415ba0d0502cd9.lock
25-12-28 12:29:52 | D |   https://hf-mirror.com:443 "HEAD /openai/clip-vit-large-patch14/resolve/main/added_tokens.json HTTP/1.1" 404 0
25-12-28 12:29:53 | D |   https://hf-mirror.com:443 "HEAD /openai/clip-vit-large-patch14/resolve/main/special_tokens_map.json HTTP/1.1" 307 0
25-12-28 12:29:53 | D |   https://hf-mirror.com:443 "HEAD /api/resolve-cache/models/openai/clip-vit-large-patch14/32bd64288804d66eefd0ccbe215aa642df71cc41/special_tokens_map.json HTTP/1.1" 200 0
25-12-28 12:29:53 | D |   Attempting to acquire lock 139820402436544 on /home/jby_25113050052/.cache/huggingface/hub/.locks/models--openai--clip-vit-large-patch14/9bfb42aa97dcd61e89f279ccaee988bccb4fabae.lock
25-12-28 12:29:53 | D |   Lock 139820402436544 acquired on /home/jby_25113050052/.cache/huggingface/hub/.locks/models--openai--clip-vit-large-patch14/9bfb42aa97dcd61e89f279ccaee988bccb4fabae.lock
25-12-28 12:29:54 | D |   https://hf-mirror.com:443 "GET /api/resolve-cache/models/openai/clip-vit-large-patch14/32bd64288804d66eefd0ccbe215aa642df71cc41/special_tokens_map.json HTTP/1.1" 200 389
25-12-28 12:29:54 | D |   Attempting to release lock 139820402436544 on /home/jby_25113050052/.cache/huggingface/hub/.locks/models--openai--clip-vit-large-patch14/9bfb42aa97dcd61e89f279ccaee988bccb4fabae.lock
25-12-28 12:29:54 | D |   Lock 139820402436544 released on /home/jby_25113050052/.cache/huggingface/hub/.locks/models--openai--clip-vit-large-patch14/9bfb42aa97dcd61e89f279ccaee988bccb4fabae.lock
25-12-28 12:29:54 | D |   https://hf-mirror.com:443 "HEAD /openai/clip-vit-large-patch14/resolve/main/chat_template.jinja HTTP/1.1" 404 0
25-12-28 12:29:55 | D |   https://hf-mirror.com:443 "GET /api/models/openai/clip-vit-large-patch14/tree/main/additional_chat_templates?recursive=False&expand=False HTTP/1.1" 404 64
25-12-28 12:29:55 | D |   https://hf-mirror.com:443 "HEAD /openai/clip-vit-large-patch14/resolve/main/processor_config.json HTTP/1.1" 404 0
25-12-28 12:29:56 | D |   https://hf-mirror.com:443 "HEAD /openai/clip-vit-large-patch14/resolve/main/chat_template.json HTTP/1.1" 404 0
25-12-28 12:29:56 | D |   https://hf-mirror.com:443 "HEAD /openai/clip-vit-large-patch14/resolve/main/chat_template.jinja HTTP/1.1" 404 0
25-12-28 12:29:56 | D |   https://hf-mirror.com:443 "HEAD /openai/clip-vit-large-patch14/resolve/main/audio_tokenizer_config.json HTTP/1.1" 404 0
25-12-28 12:29:58 | D |   https://hf-mirror.com:443 "HEAD /openai/clip-vit-large-patch14/resolve/main/config.json HTTP/1.1" 307 0
25-12-28 12:29:58 | D |   https://hf-mirror.com:443 "HEAD /api/resolve-cache/models/openai/clip-vit-large-patch14/32bd64288804d66eefd0ccbe215aa642df71cc41/config.json HTTP/1.1" 200 0
25-12-28 12:29:58 | D |   https://hf-mirror.com:443 "HEAD /openai/clip-vit-large-patch14/resolve/main/config.json HTTP/1.1" 307 0
25-12-28 12:29:58 | D |   https://hf-mirror.com:443 "HEAD /api/resolve-cache/models/openai/clip-vit-large-patch14/32bd64288804d66eefd0ccbe215aa642df71cc41/config.json HTTP/1.1" 200 0
25-12-28 12:29:59 | D |   https://hf-mirror.com:443 "HEAD /openai/clip-vit-large-patch14/resolve/main/preprocessor_config.json HTTP/1.1" 307 0
25-12-28 12:30:00 | D |   https://hf-mirror.com:443 "HEAD /api/resolve-cache/models/openai/clip-vit-large-patch14/32bd64288804d66eefd0ccbe215aa642df71cc41/preprocessor_config.json HTTP/1.1" 200 0
25-12-28 12:30:00 | D |   https://hf-mirror.com:443 "HEAD /openai/clip-vit-large-patch14/resolve/main/tokenizer_config.json HTTP/1.1" 307 0
25-12-28 12:30:00 | D |   https://hf-mirror.com:443 "HEAD /api/resolve-cache/models/openai/clip-vit-large-patch14/32bd64288804d66eefd0ccbe215aa642df71cc41/tokenizer_config.json HTTP/1.1" 200 0
25-12-28 12:30:01 | D |   https://hf-mirror.com:443 "GET /api/models/openai/clip-vit-large-patch14/tree/main/additional_chat_templates?recursive=False&expand=False HTTP/1.1" 404 64
25-12-28 12:30:01 | D |   https://hf-mirror.com:443 "GET /api/models/openai/clip-vit-large-patch14/tree/main/additional_chat_templates?recursive=False&expand=False HTTP/1.1" 404 64
25-12-28 12:30:01 | D |   https://hf-mirror.com:443 "HEAD /openai/clip-vit-large-patch14/resolve/main/processor_config.json HTTP/1.1" 404 0
25-12-28 12:30:02 | D |   https://hf-mirror.com:443 "HEAD /openai/clip-vit-large-patch14/resolve/main/chat_template.json HTTP/1.1" 404 0
25-12-28 12:30:02 | D |   https://hf-mirror.com:443 "HEAD /openai/clip-vit-large-patch14/resolve/main/chat_template.jinja HTTP/1.1" 404 0
25-12-28 12:30:03 | D |   https://hf-mirror.com:443 "HEAD /openai/clip-vit-large-patch14/resolve/main/audio_tokenizer_config.json HTTP/1.1" 404 0
25-12-28 12:37:33 | I | * Saving results to runs/diffusion/flux.1/flux.1-schnell/w.4-x.4-y.16-w.4/w.sfp4_e2m1_all-x.sfp4_e2m1_all-y.bf16-w.sint4/w.v16.sfp8_e4m3_nan.tsnr.bf16-x.v16.sfp8_e4m3_nan-y.tnsr.bf16-w.v64.bf16/smooth.proj-w.static.lowrank/skip.x.[[w]+tan+tn].w.[e+rs+rtp+s+tpi+tpo]-extra.[tan+tn]-low.r32.i100.e.skip.[rc+tan+tn]-smth.proj.GridSearch.bn2.[AbsMax].lr.skip.[rc+tan+tn]-qdiff.128-t4.g0-s1024/run-251228.103853
