25-12-30 13:16:22 | I | === Configurations ===
25-12-30 13:16:22 | I | DiffusionPtqRunConfig(
25-12-30 13:16:22 | I |   cache=DiffusionPtqCacheConfig(
25-12-30 13:16:22 | I |     root=runs,
25-12-30 13:16:22 | I |     dirpath=DiffusionQuantCacheConfig(smooth='runs/diffusion/cache/quant/qdiff.128/smooth/w.4-x.4-y.16-w.4/w.sfp4_e2m1_all-x.sfp4_e2m1_all-y.bf16-w.sint4/w.v16.sfp8_e4m3_nan.tsnr.bf16-x.v16.sfp8_e4m3_nan-y.tnsr.bf16-w.v64.bf16/w.skip.[e+rs+rtp+s+tpi+tpo]-x.skip.[e+rs+rtp+s+tan+tn+tpi+tpo]-y.skip.[]-w.include.[tan+tn]/lowrank.r32/smooth.proj.OutputsError.GridSearch.Layer.d2.en1.sn1/smooth.proj.[a.AbsMax.b.AbsMax]/smooth.proj.g20.bn2.lr.nf/smooth.proj.skip.[rc+tan+tn]', branch='runs/diffusion/cache/quant/qdiff.128/branch/w.4-x.4-y.16-w.4/w.sfp4_e2m1_all-x.sfp4_e2m1_all-y.bf16-w.sint4/w.v16.sfp8_e4m3_nan.tsnr.bf16-x.v16.sfp8_e4m3_nan-y.tnsr.bf16-w.v64.bf16/w.skip.[e+rs+rtp+s+tpi+tpo]-x.skip.[e+rs+rtp+s+tan+tn+tpi+tpo]-y.skip.[]-w.include.[tan+tn]/lowrank.r32/smooth.proj.OutputsError.GridSearch.Layer.d2.en1.sn1/smooth.proj.[a.AbsMax.b.AbsMax]/smooth.proj.g20.bn2.lr.nf/smooth.proj.skip.[rc+tan+tn]/lowrank.OutputsError.Manual.Layer.d2.en1.sn1/lowrank.i100.r32.earlystop/lowrank.skip.[rc+tan+tn]', wgts='', acts=''),
25-12-30 13:16:22 | I |     path=DiffusionQuantCacheConfig(smooth='runs/diffusion/cache/quant/qdiff.128/smooth/w.4-x.4-y.16-w.4/w.sfp4_e2m1_all-x.sfp4_e2m1_all-y.bf16-w.sint4/w.v16.sfp8_e4m3_nan.tsnr.bf16-x.v16.sfp8_e4m3_nan-y.tnsr.bf16-w.v64.bf16/w.skip.[e+rs+rtp+s+tpi+tpo]-x.skip.[e+rs+rtp+s+tan+tn+tpi+tpo]-y.skip.[]-w.include.[tan+tn]/lowrank.r32/smooth.proj.OutputsError.GridSearch.Layer.d2.en1.sn1/smooth.proj.[a.AbsMax.b.AbsMax]/smooth.proj.g20.bn2.lr.nf/smooth.proj.skip.[rc+tan+tn]/flux.1-schnell.pt', branch='runs/diffusion/cache/quant/qdiff.128/branch/w.4-x.4-y.16-w.4/w.sfp4_e2m1_all-x.sfp4_e2m1_all-y.bf16-w.sint4/w.v16.sfp8_e4m3_nan.tsnr.bf16-x.v16.sfp8_e4m3_nan-y.tnsr.bf16-w.v64.bf16/w.skip.[e+rs+rtp+s+tpi+tpo]-x.skip.[e+rs+rtp+s+tan+tn+tpi+tpo]-y.skip.[]-w.include.[tan+tn]/lowrank.r32/smooth.proj.OutputsError.GridSearch.Layer.d2.en1.sn1/smooth.proj.[a.AbsMax.b.AbsMax]/smooth.proj.g20.bn2.lr.nf/smooth.proj.skip.[rc+tan+tn]/lowrank.OutputsError.Manual.Layer.d2.en1.sn1/lowrank.i100.r32.earlystop/lowrank.skip.[rc+tan+tn]/flux.1-schnell.pt', wgts='', acts='')),
25-12-30 13:16:22 | I |   output=OutputConfig(
25-12-30 13:16:22 | I |     root=runs,
25-12-30 13:16:22 | I |     dirname=skip.x.[[w]+tan+tn].w.[e+rs+rtp+s+tpi+tpo]-extra.[tan+tn]-low.r32.i100.e.skip.[rc+tan+tn]-smth.proj.GridSearch.bn2.[AbsMax].lr.skip.[rc+tan+tn]-qdiff.128-t4.g0-s1024,
25-12-30 13:16:22 | I |     job=run,
25-12-30 13:16:22 | I |     dirpath=runs/diffusion/flux.1/flux.1-schnell/w.4-x.4-y.16-w.4/w.sfp4_e2m1_all-x.sfp4_e2m1_all-y.bf16-w.sint4/w.v16.sfp8_e4m3_nan.tsnr.bf16-x.v16.sfp8_e4m3_nan-y.tnsr.bf16-w.v64.bf16/smooth.proj-w.static.lowrank/skip.x.[[w]+tan+tn].w.[e+rs+rtp+s+tpi+tpo]-extra.[tan+tn]-low.r32.i100.e.skip.[rc+tan+tn]-smth.proj.GridSearch.bn2.[AbsMax].lr.skip.[rc+tan+tn]-qdiff.128-t4.g0-s1024,
25-12-30 13:16:22 | I |     timestamp=251230.131622),
25-12-30 13:16:22 | I |   pipeline=DiffusionPipelineConfig(
25-12-30 13:16:22 | I |     name=flux.1-schnell,
25-12-30 13:16:22 | I |     path=,
25-12-30 13:16:22 | I |     dtype=torch.bfloat16,
25-12-30 13:16:22 | I |     device=cuda,
25-12-30 13:16:22 | I |     shift_activations=False,
25-12-30 13:16:22 | I |     lora=None,
25-12-30 13:16:22 | I |     family=flux.1,
25-12-30 13:16:22 | I |     task=text-to-image),
25-12-30 13:16:22 | I |   eval=DiffusionEvalConfig(
25-12-30 13:16:22 | I |     protocol=fmeuler4-g0,
25-12-30 13:16:22 | I |     num_gpus=1,
25-12-30 13:16:22 | I |     batch_size=1,
25-12-30 13:16:22 | I |     batch_size_per_gpu=1,
25-12-30 13:16:22 | I |     height=None,
25-12-30 13:16:22 | I |     width=None,
25-12-30 13:16:22 | I |     clean_caption=None,
25-12-30 13:16:22 | I |     num_steps=4,
25-12-30 13:16:22 | I |     guidance_scale=0,
25-12-30 13:16:22 | I |     num_samples=1024,
25-12-30 13:16:22 | I |     benchmarks=['DCI'],
25-12-30 13:16:22 | I |     gt_metrics=['clip_iqa', 'clip_score', 'image_reward', 'fid'],
25-12-30 13:16:22 | I |     ref_metrics=['psnr', 'lpips', 'ssim', 'fid'],
25-12-30 13:16:22 | I |     gen_root={output}/{job},
25-12-30 13:16:22 | I |     ref_root=/cpfs01/projects-HDD/cfff-4da39d3c1e4e_HDD/jby_25113050052/projects/deepcompressor/examples/diffusion/baselines/torch.bfloat16/flux.1-schnell/fmeuler4-g0,
25-12-30 13:16:22 | I |     gt_stats_root=benchmarks/stats,
25-12-30 13:16:22 | I |     control_root=benchmarks,
25-12-30 13:16:22 | I |     chunk_start=0,
25-12-30 13:16:22 | I |     chunk_step=1,
25-12-30 13:16:22 | I |     chunk_only=False),
25-12-30 13:16:22 | I |   quant=DiffusionQuantConfig(
25-12-30 13:16:22 | I |     wgts=DiffusionWeightQuantizerConfig(
25-12-30 13:16:22 | I |       dtype=sfp4_e2m1_all,
25-12-30 13:16:22 | I |       zero_point=None,
25-12-30 13:16:22 | I |       group_shapes=((-1, -1, -1), (1, 16, 1)),
25-12-30 13:16:22 | I |       scale_dtypes=(None, sfp8_e4m3_nan),
25-12-30 13:16:22 | I |       static=True,
25-12-30 13:16:22 | I |       kernel_gptq=None,
25-12-30 13:16:22 | I |       low_rank=SkipBasedQuantLowRankCalibConfig(
25-12-30 13:16:22 | I |         rank=32,
25-12-30 13:16:22 | I |         exclusive=False,
25-12-30 13:16:22 | I |         compensate=False,
25-12-30 13:16:22 | I |         degree=2,
25-12-30 13:16:22 | I |         objective=SearchBasedCalibObjective.OutputsError,
25-12-30 13:16:22 | I |         strategy=SearchBasedCalibStrategy.Manual,
25-12-30 13:16:22 | I |         granularity=SearchBasedCalibGranularity.Layer,
25-12-30 13:16:22 | I |         element_batch_size=-1,
25-12-30 13:16:22 | I |         sample_batch_size=32,
25-12-30 13:16:22 | I |         element_size=-1,
25-12-30 13:16:22 | I |         sample_size=-1,
25-12-30 13:16:22 | I |         pre_reshape=True,
25-12-30 13:16:22 | I |         outputs_device=cpu,
25-12-30 13:16:22 | I |         num_iters=100,
25-12-30 13:16:22 | I |         early_stop=True,
25-12-30 13:16:22 | I |         skips=['down_resblock_conv', 'down_transformer_add_norm', 'down_transformer_norm', 'mid_resblock_conv', 'mid_transformer_add_norm', 'mid_transformer_norm', 'transformer_add_norm', 'transformer_norm', 'up_resblock_conv', 'up_transformer_add_norm', 'up_transformer_norm']),
25-12-30 13:16:22 | I |       calib_range=SkipBasedDynamicRangeCalibConfig(
25-12-30 13:16:22 | I |         degree=2,
25-12-30 13:16:22 | I |         objective=SearchBasedCalibObjective.OutputsError,
25-12-30 13:16:22 | I |         strategy=SearchBasedCalibStrategy.Manual,
25-12-30 13:16:22 | I |         granularity=SearchBasedCalibGranularity.Layer,
25-12-30 13:16:22 | I |         element_batch_size=-1,
25-12-30 13:16:22 | I |         sample_batch_size=32,
25-12-30 13:16:22 | I |         element_size=-1,
25-12-30 13:16:22 | I |         sample_size=-1,
25-12-30 13:16:22 | I |         pre_reshape=True,
25-12-30 13:16:22 | I |         outputs_device=cpu,
25-12-30 13:16:22 | I |         ratio=1.0,
25-12-30 13:16:22 | I |         max_shrink=0.2,
25-12-30 13:16:22 | I |         max_expand=1.0,
25-12-30 13:16:22 | I |         num_grids=80,
25-12-30 13:16:22 | I |         allow_scale=False,
25-12-30 13:16:22 | I |         skips=[]),
25-12-30 13:16:22 | I |       skips=['down_resblock_shortcut', 'down_resblock_time_proj', 'down_sample', 'down_transformer_proj_in', 'down_transformer_proj_out', 'input_embed', 'mid_resblock_shortcut', 'mid_resblock_time_proj', 'mid_transformer_proj_in', 'mid_transformer_proj_out', 'output_embed', 'text_embed', 'time_embed', 'up_resblock_shortcut', 'up_resblock_time_proj', 'up_sample', 'up_transformer_proj_in', 'up_transformer_proj_out']),
25-12-30 13:16:22 | I |     ipts=DiffusionActivationQuantizerConfig(
25-12-30 13:16:22 | I |       dtype=sfp4_e2m1_all,
25-12-30 13:16:22 | I |       zero_point=None,
25-12-30 13:16:22 | I |       group_shapes=((1, 16, 1),),
25-12-30 13:16:22 | I |       scale_dtypes=(sfp8_e4m3_nan,),
25-12-30 13:16:22 | I |       static=False,
25-12-30 13:16:22 | I |       kernel_gptq=None,
25-12-30 13:16:22 | I |       low_rank=None,
25-12-30 13:16:22 | I |       calib_range=None,
25-12-30 13:16:22 | I |       skips=['down_resblock_shortcut', 'down_resblock_time_proj', 'down_sample', 'down_transformer_add_norm', 'down_transformer_norm', 'down_transformer_proj_in', 'down_transformer_proj_out', 'input_embed', 'mid_resblock_shortcut', 'mid_resblock_time_proj', 'mid_transformer_add_norm', 'mid_transformer_norm', 'mid_transformer_proj_in', 'mid_transformer_proj_out', 'output_embed', 'text_embed', 'time_embed', 'transformer_add_norm', 'transformer_norm', 'up_resblock_shortcut', 'up_resblock_time_proj', 'up_sample', 'up_transformer_add_norm', 'up_transformer_norm', 'up_transformer_proj_in', 'up_transformer_proj_out'],
25-12-30 13:16:22 | I |       allow_unsigned=False),
25-12-30 13:16:22 | I |     opts=DiffusionActivationQuantizerConfig(
25-12-30 13:16:22 | I |       dtype=None,
25-12-30 13:16:22 | I |       zero_point=None,
25-12-30 13:16:22 | I |       group_shapes=((-1, -1, -1),),
25-12-30 13:16:22 | I |       scale_dtypes=(None,),
25-12-30 13:16:22 | I |       static=False,
25-12-30 13:16:22 | I |       kernel_gptq=None,
25-12-30 13:16:22 | I |       low_rank=None,
25-12-30 13:16:22 | I |       calib_range=None,
25-12-30 13:16:22 | I |       skips=[],
25-12-30 13:16:22 | I |       allow_unsigned=False),
25-12-30 13:16:22 | I |     extra_wgts=DiffusionExtraWeightQuantizerConfig(
25-12-30 13:16:22 | I |       dtype=sint4,
25-12-30 13:16:22 | I |       zero_point=None,
25-12-30 13:16:22 | I |       group_shapes=((1, 64, 1),),
25-12-30 13:16:22 | I |       scale_dtypes=(None,),
25-12-30 13:16:22 | I |       static=True,
25-12-30 13:16:22 | I |       kernel_gptq=None,
25-12-30 13:16:22 | I |       low_rank=SkipBasedQuantLowRankCalibConfig(
25-12-30 13:16:22 | I |         rank=32,
25-12-30 13:16:22 | I |         exclusive=False,
25-12-30 13:16:22 | I |         compensate=False,
25-12-30 13:16:22 | I |         degree=2,
25-12-30 13:16:22 | I |         objective=SearchBasedCalibObjective.OutputsError,
25-12-30 13:16:22 | I |         strategy=SearchBasedCalibStrategy.Manual,
25-12-30 13:16:22 | I |         granularity=SearchBasedCalibGranularity.Layer,
25-12-30 13:16:22 | I |         element_batch_size=-1,
25-12-30 13:16:22 | I |         sample_batch_size=32,
25-12-30 13:16:22 | I |         element_size=-1,
25-12-30 13:16:22 | I |         sample_size=-1,
25-12-30 13:16:22 | I |         pre_reshape=True,
25-12-30 13:16:22 | I |         outputs_device=cpu,
25-12-30 13:16:22 | I |         num_iters=100,
25-12-30 13:16:22 | I |         early_stop=True,
25-12-30 13:16:22 | I |         skips=['down_resblock_conv', 'down_transformer_add_norm', 'down_transformer_norm', 'mid_resblock_conv', 'mid_transformer_add_norm', 'mid_transformer_norm', 'transformer_add_norm', 'transformer_norm', 'up_resblock_conv', 'up_transformer_add_norm', 'up_transformer_norm']),
25-12-30 13:16:22 | I |       calib_range=SkipBasedDynamicRangeCalibConfig(
25-12-30 13:16:22 | I |         degree=2,
25-12-30 13:16:22 | I |         objective=SearchBasedCalibObjective.OutputsError,
25-12-30 13:16:22 | I |         strategy=SearchBasedCalibStrategy.Manual,
25-12-30 13:16:22 | I |         granularity=SearchBasedCalibGranularity.Layer,
25-12-30 13:16:22 | I |         element_batch_size=-1,
25-12-30 13:16:22 | I |         sample_batch_size=32,
25-12-30 13:16:22 | I |         element_size=-1,
25-12-30 13:16:22 | I |         sample_size=-1,
25-12-30 13:16:22 | I |         pre_reshape=True,
25-12-30 13:16:22 | I |         outputs_device=cpu,
25-12-30 13:16:22 | I |         ratio=1.0,
25-12-30 13:16:22 | I |         max_shrink=0.2,
25-12-30 13:16:22 | I |         max_expand=1.0,
25-12-30 13:16:22 | I |         num_grids=80,
25-12-30 13:16:22 | I |         allow_scale=False,
25-12-30 13:16:22 | I |         skips=[]),
25-12-30 13:16:22 | I |       includes=['down_transformer_add_norm', 'down_transformer_norm', 'mid_transformer_add_norm', 'mid_transformer_norm', 'transformer_add_norm', 'transformer_norm', 'up_transformer_add_norm', 'up_transformer_norm']),
25-12-30 13:16:22 | I |     unsigned_ipts=DiffusionActivationQuantizerConfig(
25-12-30 13:16:22 | I |       dtype=sfp4_e2m1_all,
25-12-30 13:16:22 | I |       zero_point=None,
25-12-30 13:16:22 | I |       group_shapes=((1, 16, 1),),
25-12-30 13:16:22 | I |       scale_dtypes=(sfp8_e4m3_nan,),
25-12-30 13:16:22 | I |       static=False,
25-12-30 13:16:22 | I |       kernel_gptq=None,
25-12-30 13:16:22 | I |       low_rank=None,
25-12-30 13:16:22 | I |       calib_range=None,
25-12-30 13:16:22 | I |       skips=['down_resblock_shortcut', 'down_resblock_time_proj', 'down_sample', 'down_transformer_add_norm', 'down_transformer_norm', 'down_transformer_proj_in', 'down_transformer_proj_out', 'input_embed', 'mid_resblock_shortcut', 'mid_resblock_time_proj', 'mid_transformer_add_norm', 'mid_transformer_norm', 'mid_transformer_proj_in', 'mid_transformer_proj_out', 'output_embed', 'text_embed', 'time_embed', 'transformer_add_norm', 'transformer_norm', 'up_resblock_shortcut', 'up_resblock_time_proj', 'up_sample', 'up_transformer_add_norm', 'up_transformer_norm', 'up_transformer_proj_in', 'up_transformer_proj_out'],
25-12-30 13:16:22 | I |       allow_unsigned=False),
25-12-30 13:16:22 | I |     calib=DiffusionCalibCacheLoaderConfig(
25-12-30 13:16:22 | I |       data=qdiff,
25-12-30 13:16:22 | I |       num_samples=128,
25-12-30 13:16:22 | I |       batch_size=16,
25-12-30 13:16:22 | I |       path=/cpfs01/projects-HDD/cfff-4da39d3c1e4e_HDD/jby_25113050052/projects/deepcompressor/examples/diffusion/datasets/torch.bfloat16/flux.1-schnell/fmeuler4-g0/qdiff/s128,
25-12-30 13:16:22 | I |       num_workers=8),
25-12-30 13:16:22 | I |     rotation=None,
25-12-30 13:16:22 | I |     smooth=SmoothTransfomerConfig(
25-12-30 13:16:22 | I |       proj=SkipBasedSmoothCalibConfig(
25-12-30 13:16:22 | I |         degree=2,
25-12-30 13:16:22 | I |         objective=SearchBasedCalibObjective.OutputsError,
25-12-30 13:16:22 | I |         strategy=SearchBasedCalibStrategy.GridSearch,
25-12-30 13:16:22 | I |         granularity=SearchBasedCalibGranularity.Layer,
25-12-30 13:16:22 | I |         element_batch_size=-1,
25-12-30 13:16:22 | I |         sample_batch_size=32,
25-12-30 13:16:22 | I |         element_size=-1,
25-12-30 13:16:22 | I |         sample_size=-1,
25-12-30 13:16:22 | I |         pre_reshape=True,
25-12-30 13:16:22 | I |         outputs_device=cpu,
25-12-30 13:16:22 | I |         fuse_when_possible=False,
25-12-30 13:16:22 | I |         allow_a_quant=True,
25-12-30 13:16:22 | I |         allow_b_quant=True,
25-12-30 13:16:22 | I |         spans=[(<SmoothSpanMode.AbsMax: 1>, <SmoothSpanMode.AbsMax: 1>)],
25-12-30 13:16:22 | I |         a_spans=[<SmoothSpanMode.AbsMax: 1>],
25-12-30 13:16:22 | I |         b_spans=[<SmoothSpanMode.AbsMax: 1>],
25-12-30 13:16:22 | I |         alpha=0.5,
25-12-30 13:16:22 | I |         beta=-2,
25-12-30 13:16:22 | I |         num_grids=20,
25-12-30 13:16:22 | I |         allow_low_rank=True,
25-12-30 13:16:22 | I |         skips=['down_resblock_conv', 'down_transformer_add_norm', 'down_transformer_norm', 'mid_resblock_conv', 'mid_transformer_add_norm', 'mid_transformer_norm', 'transformer_add_norm', 'transformer_norm', 'up_resblock_conv', 'up_transformer_add_norm', 'up_transformer_norm']),
25-12-30 13:16:22 | I |       attn=None),
25-12-30 13:16:22 | I |     develop_dtype=torch.float32),
25-12-30 13:16:22 | I |   text=None,
25-12-30 13:16:22 | I |   text_cache=LlmCacheConfig(
25-12-30 13:16:22 | I |     root=,
25-12-30 13:16:22 | I |     dirpath=LlmQuantCacheConfig(
25-12-30 13:16:22 | I |       rotation=,
25-12-30 13:16:22 | I |       reorder=,
25-12-30 13:16:22 | I |       smooth=,
25-12-30 13:16:22 | I |       wgts=,
25-12-30 13:16:22 | I |       acts=),
25-12-30 13:16:22 | I |     path=LlmQuantCacheConfig(
25-12-30 13:16:22 | I |       rotation=,
25-12-30 13:16:22 | I |       reorder=,
25-12-30 13:16:22 | I |       smooth=,
25-12-30 13:16:22 | I |       wgts=,
25-12-30 13:16:22 | I |       acts=)),
25-12-30 13:16:22 | I |   seed=12345,
25-12-30 13:16:22 | I |   skip_gen=False,
25-12-30 13:16:22 | I |   skip_eval=False,
25-12-30 13:16:22 | I |   load_from=,
25-12-30 13:16:22 | I |   save_model=,
25-12-30 13:16:22 | I |   copy_on_save=False)
25-12-30 13:16:22 | I | === Dumped Configurations ===
25-12-30 13:16:22 | I | { 'cache': {'root': 'runs'},
25-12-30 13:16:22 | I |   'copy_on_save': False,
25-12-30 13:16:22 | I |   'enable_cache': True,
25-12-30 13:16:22 | I |   'enable_text': False,
25-12-30 13:16:22 | I |   'eval': { 'batch_size': 1,
25-12-30 13:16:22 | I |             'batch_size_per_gpu': 1,
25-12-30 13:16:22 | I |             'benchmarks': ['DCI'],
25-12-30 13:16:22 | I |             'chunk_only': False,
25-12-30 13:16:22 | I |             'chunk_start': 0,
25-12-30 13:16:22 | I |             'chunk_step': 1,
25-12-30 13:16:22 | I |             'clean_caption': None,
25-12-30 13:16:22 | I |             'control_root': 'benchmarks',
25-12-30 13:16:22 | I |             'gen_root': '{output}/{job}',
25-12-30 13:16:22 | I |             'gt_metrics': ['clip_iqa', 'clip_score', 'image_reward', 'fid'],
25-12-30 13:16:22 | I |             'gt_stats_root': 'benchmarks/stats',
25-12-30 13:16:22 | I |             'guidance_scale': 0,
25-12-30 13:16:22 | I |             'height': None,
25-12-30 13:16:22 | I |             'num_gpus': 1,
25-12-30 13:16:22 | I |             'num_samples': 1024,
25-12-30 13:16:22 | I |             'num_steps': 4,
25-12-30 13:16:22 | I |             'protocol': 'fmeuler4-g0',
25-12-30 13:16:22 | I |             'ref_metrics': ['psnr', 'lpips', 'ssim', 'fid'],
25-12-30 13:16:22 | I |             'ref_root': '/cpfs01/projects-HDD/cfff-4da39d3c1e4e_HDD/jby_25113050052/projects/deepcompressor/examples/diffusion/baselines/torch.bfloat16/flux.1-schnell/fmeuler4-g0',
25-12-30 13:16:22 | I |             'width': None},
25-12-30 13:16:22 | I |   'load_from': '',
25-12-30 13:16:22 | I |   'output': { 'dirname': 'skip.x.[[w]+tan+tn].w.[e+rs+rtp+s+tpi+tpo]-extra.[tan+tn]-low.r32.i100.e.skip.[rc+tan+tn]-smth.proj.GridSearch.bn2.[AbsMax].lr.skip.[rc+tan+tn]-qdiff.128-t4.g0-s1024',
25-12-30 13:16:22 | I |               'job': 'run',
25-12-30 13:16:22 | I |               'root': 'runs'},
25-12-30 13:16:22 | I |   'pipeline': { 'device': 'cuda',
25-12-30 13:16:22 | I |                 'dtype': 'torch.bfloat16',
25-12-30 13:16:22 | I |                 'enable_lora': False,
25-12-30 13:16:22 | I |                 'name': 'flux.1-schnell',
25-12-30 13:16:22 | I |                 'path': '',
25-12-30 13:16:22 | I |                 'shift_activations': False,
25-12-30 13:16:22 | I |                 'task': 'text-to-image'},
25-12-30 13:16:22 | I |   'quant': { 'calib': { 'batch_size': 16,
25-12-30 13:16:22 | I |                         'data': 'qdiff',
25-12-30 13:16:22 | I |                         'num_samples': 128,
25-12-30 13:16:22 | I |                         'num_workers': 8,
25-12-30 13:16:22 | I |                         'path': '/cpfs01/projects-HDD/cfff-4da39d3c1e4e_HDD/jby_25113050052/projects/deepcompressor/examples/diffusion/datasets/torch.bfloat16/flux.1-schnell/fmeuler4-g0/qdiff/s128'},
25-12-30 13:16:22 | I |              'develop_dtype': 'torch.float32',
25-12-30 13:16:22 | I |              'enable_extra_wgts': True,
25-12-30 13:16:22 | I |              'enable_rotation': False,
25-12-30 13:16:22 | I |              'enable_smooth': True,
25-12-30 13:16:22 | I |              'extra_wgts': { 'dtype': 'sint4',
25-12-30 13:16:22 | I |                              'group_shapes': [[1, 64, 1]],
25-12-30 13:16:22 | I |                              'includes': [ 'down_transformer_add_norm',
25-12-30 13:16:22 | I |                                            'down_transformer_norm',
25-12-30 13:16:22 | I |                                            'mid_transformer_add_norm',
25-12-30 13:16:22 | I |                                            'mid_transformer_norm',
25-12-30 13:16:22 | I |                                            'transformer_add_norm',
25-12-30 13:16:22 | I |                                            'transformer_norm',
25-12-30 13:16:22 | I |                                            'up_transformer_add_norm',
25-12-30 13:16:22 | I |                                            'up_transformer_norm'],
25-12-30 13:16:22 | I |                              'scale_dtypes': [None],
25-12-30 13:16:22 | I |                              'zero_point': None},
25-12-30 13:16:22 | I |              'ipts': { 'allow_unsigned': False,
25-12-30 13:16:22 | I |                        'dtype': 'sfp4_e2m1_all',
25-12-30 13:16:22 | I |                        'enable_calib_range': False,
25-12-30 13:16:22 | I |                        'group_shapes': [[1, 16, 1]],
25-12-30 13:16:22 | I |                        'scale_dtypes': ['sfp8_e4m3_nan'],
25-12-30 13:16:22 | I |                        'skips': [ 'down_resblock_shortcut',
25-12-30 13:16:22 | I |                                   'down_resblock_time_proj',
25-12-30 13:16:22 | I |                                   'down_sample',
25-12-30 13:16:22 | I |                                   'down_transformer_add_norm',
25-12-30 13:16:22 | I |                                   'down_transformer_norm',
25-12-30 13:16:22 | I |                                   'down_transformer_proj_in',
25-12-30 13:16:22 | I |                                   'down_transformer_proj_out',
25-12-30 13:16:22 | I |                                   'input_embed',
25-12-30 13:16:22 | I |                                   'mid_resblock_shortcut',
25-12-30 13:16:22 | I |                                   'mid_resblock_time_proj',
25-12-30 13:16:22 | I |                                   'mid_transformer_add_norm',
25-12-30 13:16:22 | I |                                   'mid_transformer_norm',
25-12-30 13:16:22 | I |                                   'mid_transformer_proj_in',
25-12-30 13:16:22 | I |                                   'mid_transformer_proj_out',
25-12-30 13:16:22 | I |                                   'output_embed',
25-12-30 13:16:22 | I |                                   'text_embed',
25-12-30 13:16:22 | I |                                   'time_embed',
25-12-30 13:16:22 | I |                                   'transformer_add_norm',
25-12-30 13:16:22 | I |                                   'transformer_norm',
25-12-30 13:16:22 | I |                                   'up_resblock_shortcut',
25-12-30 13:16:22 | I |                                   'up_resblock_time_proj',
25-12-30 13:16:22 | I |                                   'up_sample',
25-12-30 13:16:22 | I |                                   'up_transformer_add_norm',
25-12-30 13:16:22 | I |                                   'up_transformer_norm',
25-12-30 13:16:22 | I |                                   'up_transformer_proj_in',
25-12-30 13:16:22 | I |                                   'up_transformer_proj_out'],
25-12-30 13:16:22 | I |                        'static': False,
25-12-30 13:16:22 | I |                        'zero_point': None},
25-12-30 13:16:22 | I |              'opts': { 'allow_unsigned': False,
25-12-30 13:16:22 | I |                        'dtype': None,
25-12-30 13:16:22 | I |                        'enable_calib_range': False,
25-12-30 13:16:22 | I |                        'group_shapes': [[-1, -1, -1]],
25-12-30 13:16:22 | I |                        'scale_dtypes': [None],
25-12-30 13:16:22 | I |                        'skips': [],
25-12-30 13:16:22 | I |                        'static': False,
25-12-30 13:16:22 | I |                        'zero_point': None},
25-12-30 13:16:22 | I |              'smooth': { 'enable_attn': False,
25-12-30 13:16:22 | I |                          'enable_proj': True,
25-12-30 13:16:22 | I |                          'proj': { 'allow_a_quant': True,
25-12-30 13:16:22 | I |                                    'allow_b_quant': True,
25-12-30 13:16:22 | I |                                    'allow_low_rank': True,
25-12-30 13:16:22 | I |                                    'alpha': 0.5,
25-12-30 13:16:22 | I |                                    'beta': -2,
25-12-30 13:16:22 | I |                                    'degree': 2,
25-12-30 13:16:22 | I |                                    'element_batch_size': -1,
25-12-30 13:16:22 | I |                                    'element_size': -1,
25-12-30 13:16:22 | I |                                    'fuse_when_possible': False,
25-12-30 13:16:22 | I |                                    'granularity': 'Layer',
25-12-30 13:16:22 | I |                                    'num_grids': 20,
25-12-30 13:16:22 | I |                                    'objective': 'OutputsError',
25-12-30 13:16:22 | I |                                    'outputs_device': 'cpu',
25-12-30 13:16:22 | I |                                    'pre_reshape': True,
25-12-30 13:16:22 | I |                                    'sample_batch_size': 32,
25-12-30 13:16:22 | I |                                    'sample_size': -1,
25-12-30 13:16:22 | I |                                    'skips': [ 'down_resblock_conv',
25-12-30 13:16:22 | I |                                               'down_transformer_add_norm',
25-12-30 13:16:22 | I |                                               'down_transformer_norm',
25-12-30 13:16:22 | I |                                               'mid_resblock_conv',
25-12-30 13:16:22 | I |                                               'mid_transformer_add_norm',
25-12-30 13:16:22 | I |                                               'mid_transformer_norm',
25-12-30 13:16:22 | I |                                               'transformer_add_norm',
25-12-30 13:16:22 | I |                                               'transformer_norm',
25-12-30 13:16:22 | I |                                               'up_resblock_conv',
25-12-30 13:16:22 | I |                                               'up_transformer_add_norm',
25-12-30 13:16:22 | I |                                               'up_transformer_norm'],
25-12-30 13:16:22 | I |                                    'spans': [['AbsMax', 'AbsMax']],
25-12-30 13:16:22 | I |                                    'strategy': 'GridSearch'}},
25-12-30 13:16:22 | I |              'wgts': { 'calib_range': { 'allow_scale': False,
25-12-30 13:16:22 | I |                                         'degree': 2,
25-12-30 13:16:22 | I |                                         'element_batch_size': -1,
25-12-30 13:16:22 | I |                                         'element_size': -1,
25-12-30 13:16:22 | I |                                         'granularity': 'Layer',
25-12-30 13:16:22 | I |                                         'max_expand': 1.0,
25-12-30 13:16:22 | I |                                         'max_shrink': 0.2,
25-12-30 13:16:22 | I |                                         'num_grids': 80,
25-12-30 13:16:22 | I |                                         'objective': 'OutputsError',
25-12-30 13:16:22 | I |                                         'outputs_device': 'cpu',
25-12-30 13:16:22 | I |                                         'pre_reshape': True,
25-12-30 13:16:22 | I |                                         'ratio': 1.0,
25-12-30 13:16:22 | I |                                         'sample_batch_size': 32,
25-12-30 13:16:22 | I |                                         'sample_size': -1,
25-12-30 13:16:22 | I |                                         'skips': [],
25-12-30 13:16:22 | I |                                         'strategy': 'Manual'},
25-12-30 13:16:22 | I |                        'dtype': 'sfp4_e2m1_all',
25-12-30 13:16:22 | I |                        'enable_calib_range': True,
25-12-30 13:16:22 | I |                        'enable_kernel_gptq': False,
25-12-30 13:16:22 | I |                        'enable_low_rank': True,
25-12-30 13:16:22 | I |                        'group_shapes': [[-1, -1, -1], [1, 16, 1]],
25-12-30 13:16:22 | I |                        'low_rank': { 'compensate': False,
25-12-30 13:16:22 | I |                                      'degree': 2,
25-12-30 13:16:22 | I |                                      'early_stop': True,
25-12-30 13:16:22 | I |                                      'exclusive': False,
25-12-30 13:16:22 | I |                                      'num_iters': 100,
25-12-30 13:16:22 | I |                                      'objective': 'OutputsError',
25-12-30 13:16:22 | I |                                      'outputs_device': 'cpu',
25-12-30 13:16:22 | I |                                      'rank': 32,
25-12-30 13:16:22 | I |                                      'sample_batch_size': 32,
25-12-30 13:16:22 | I |                                      'sample_size': -1,
25-12-30 13:16:22 | I |                                      'skips': [ 'down_resblock_conv',
25-12-30 13:16:22 | I |                                                 'down_transformer_add_norm',
25-12-30 13:16:22 | I |                                                 'down_transformer_norm',
25-12-30 13:16:22 | I |                                                 'mid_resblock_conv',
25-12-30 13:16:22 | I |                                                 'mid_transformer_add_norm',
25-12-30 13:16:22 | I |                                                 'mid_transformer_norm',
25-12-30 13:16:22 | I |                                                 'transformer_add_norm',
25-12-30 13:16:22 | I |                                                 'transformer_norm',
25-12-30 13:16:22 | I |                                                 'up_resblock_conv',
25-12-30 13:16:22 | I |                                                 'up_transformer_add_norm',
25-12-30 13:16:22 | I |                                                 'up_transformer_norm'],
25-12-30 13:16:22 | I |                                      'strategy': 'Manual'},
25-12-30 13:16:22 | I |                        'scale_dtypes': [None, 'sfp8_e4m3_nan'],
25-12-30 13:16:22 | I |                        'skips': [ 'down_resblock_shortcut',
25-12-30 13:16:22 | I |                                   'down_resblock_time_proj',
25-12-30 13:16:22 | I |                                   'down_sample',
25-12-30 13:16:22 | I |                                   'down_transformer_proj_in',
25-12-30 13:16:22 | I |                                   'down_transformer_proj_out',
25-12-30 13:16:22 | I |                                   'input_embed',
25-12-30 13:16:22 | I |                                   'mid_resblock_shortcut',
25-12-30 13:16:22 | I |                                   'mid_resblock_time_proj',
25-12-30 13:16:22 | I |                                   'mid_transformer_proj_in',
25-12-30 13:16:22 | I |                                   'mid_transformer_proj_out',
25-12-30 13:16:22 | I |                                   'output_embed',
25-12-30 13:16:22 | I |                                   'text_embed',
25-12-30 13:16:22 | I |                                   'time_embed',
25-12-30 13:16:22 | I |                                   'up_resblock_shortcut',
25-12-30 13:16:22 | I |                                   'up_resblock_time_proj',
25-12-30 13:16:22 | I |                                   'up_sample',
25-12-30 13:16:22 | I |                                   'up_transformer_proj_in',
25-12-30 13:16:22 | I |                                   'up_transformer_proj_out'],
25-12-30 13:16:22 | I |                        'zero_point': None}},
25-12-30 13:16:22 | I |   'save_model': '',
25-12-30 13:16:22 | I |   'seed': 12345,
25-12-30 13:16:22 | I |   'skip_eval': False,
25-12-30 13:16:22 | I |   'skip_gen': False,
25-12-30 13:16:22 | I |   'text_cache': {'path': {'acts': '', 'reorder': '', 'rotation': '', 'smooth': '', 'wgts': ''}, 'root': ''}}
25-12-30 13:16:22 | I | === Output Directory ===
25-12-30 13:16:22 | I | runs/diffusion/flux.1/flux.1-schnell/w.4-x.4-y.16-w.4/w.sfp4_e2m1_all-x.sfp4_e2m1_all-y.bf16-w.sint4/w.v16.sfp8_e4m3_nan.tsnr.bf16-x.v16.sfp8_e4m3_nan-y.tnsr.bf16-w.v64.bf16/smooth.proj-w.static.lowrank/skip.x.[[w]+tan+tn].w.[e+rs+rtp+s+tpi+tpo]-extra.[tan+tn]-low.r32.i100.e.skip.[rc+tan+tn]-smth.proj.GridSearch.bn2.[AbsMax].lr.skip.[rc+tan+tn]-qdiff.128-t4.g0-s1024/run-251230.131622
25-12-30 13:16:22 | I | === Start Evaluating ===
25-12-30 13:16:22 | I | * Building diffusion model pipeline
25-12-30 13:16:22 | D |   Starting new HTTPS connection (1): hf-mirror.com:443
25-12-30 13:16:24 | D |   https://hf-mirror.com:443 "HEAD /black-forest-labs/FLUX.1-schnell/resolve/main/model_index.json HTTP/1.1" 200 0
25-12-30 13:16:25 | D |   https://hf-mirror.com:443 "GET /api/models/black-forest-labs/FLUX.1-schnell HTTP/1.1" 200 2168
25-12-30 13:16:25 | D |   https://hf-mirror.com:443 "HEAD /black-forest-labs/FLUX.1-schnell/resolve/main/model_index.json HTTP/1.1" 200 0
25-12-30 13:16:47 | I |   Replacing fused Linear with ConcatLinear.
25-12-30 13:16:47 | I |     + Replacing fused Linear in single_transformer_blocks.0 with ConcatLinear.
25-12-30 13:16:47 | I |       - in_features = 3072/15360
25-12-30 13:16:47 | I |       - out_features = 3072
25-12-30 13:16:47 | I |     + Replacing fused Linear in single_transformer_blocks.1 with ConcatLinear.
25-12-30 13:16:47 | I |       - in_features = 3072/15360
25-12-30 13:16:47 | I |       - out_features = 3072
25-12-30 13:16:47 | I |     + Replacing fused Linear in single_transformer_blocks.2 with ConcatLinear.
25-12-30 13:16:47 | I |       - in_features = 3072/15360
25-12-30 13:16:47 | I |       - out_features = 3072
25-12-30 13:16:47 | I |     + Replacing fused Linear in single_transformer_blocks.3 with ConcatLinear.
25-12-30 13:16:47 | I |       - in_features = 3072/15360
25-12-30 13:16:47 | I |       - out_features = 3072
25-12-30 13:16:47 | I |     + Replacing fused Linear in single_transformer_blocks.4 with ConcatLinear.
25-12-30 13:16:47 | I |       - in_features = 3072/15360
25-12-30 13:16:47 | I |       - out_features = 3072
25-12-30 13:16:47 | I |     + Replacing fused Linear in single_transformer_blocks.5 with ConcatLinear.
25-12-30 13:16:47 | I |       - in_features = 3072/15360
25-12-30 13:16:47 | I |       - out_features = 3072
25-12-30 13:16:47 | I |     + Replacing fused Linear in single_transformer_blocks.6 with ConcatLinear.
25-12-30 13:16:47 | I |       - in_features = 3072/15360
25-12-30 13:16:47 | I |       - out_features = 3072
25-12-30 13:16:47 | I |     + Replacing fused Linear in single_transformer_blocks.7 with ConcatLinear.
25-12-30 13:16:47 | I |       - in_features = 3072/15360
25-12-30 13:16:47 | I |       - out_features = 3072
25-12-30 13:16:47 | I |     + Replacing fused Linear in single_transformer_blocks.8 with ConcatLinear.
25-12-30 13:16:47 | I |       - in_features = 3072/15360
25-12-30 13:16:47 | I |       - out_features = 3072
25-12-30 13:16:47 | I |     + Replacing fused Linear in single_transformer_blocks.9 with ConcatLinear.
25-12-30 13:16:47 | I |       - in_features = 3072/15360
25-12-30 13:16:47 | I |       - out_features = 3072
25-12-30 13:16:47 | I |     + Replacing fused Linear in single_transformer_blocks.10 with ConcatLinear.
25-12-30 13:16:47 | I |       - in_features = 3072/15360
25-12-30 13:16:47 | I |       - out_features = 3072
25-12-30 13:16:47 | I |     + Replacing fused Linear in single_transformer_blocks.11 with ConcatLinear.
25-12-30 13:16:47 | I |       - in_features = 3072/15360
25-12-30 13:16:47 | I |       - out_features = 3072
25-12-30 13:16:47 | I |     + Replacing fused Linear in single_transformer_blocks.12 with ConcatLinear.
25-12-30 13:16:47 | I |       - in_features = 3072/15360
25-12-30 13:16:47 | I |       - out_features = 3072
25-12-30 13:16:47 | I |     + Replacing fused Linear in single_transformer_blocks.13 with ConcatLinear.
25-12-30 13:16:47 | I |       - in_features = 3072/15360
25-12-30 13:16:47 | I |       - out_features = 3072
25-12-30 13:16:47 | I |     + Replacing fused Linear in single_transformer_blocks.14 with ConcatLinear.
25-12-30 13:16:47 | I |       - in_features = 3072/15360
25-12-30 13:16:47 | I |       - out_features = 3072
25-12-30 13:16:47 | I |     + Replacing fused Linear in single_transformer_blocks.15 with ConcatLinear.
25-12-30 13:16:47 | I |       - in_features = 3072/15360
25-12-30 13:16:47 | I |       - out_features = 3072
25-12-30 13:16:47 | I |     + Replacing fused Linear in single_transformer_blocks.16 with ConcatLinear.
25-12-30 13:16:47 | I |       - in_features = 3072/15360
25-12-30 13:16:47 | I |       - out_features = 3072
25-12-30 13:16:47 | I |     + Replacing fused Linear in single_transformer_blocks.17 with ConcatLinear.
25-12-30 13:16:47 | I |       - in_features = 3072/15360
25-12-30 13:16:47 | I |       - out_features = 3072
25-12-30 13:16:47 | I |     + Replacing fused Linear in single_transformer_blocks.18 with ConcatLinear.
25-12-30 13:16:47 | I |       - in_features = 3072/15360
25-12-30 13:16:47 | I |       - out_features = 3072
25-12-30 13:16:47 | I |     + Replacing fused Linear in single_transformer_blocks.19 with ConcatLinear.
25-12-30 13:16:47 | I |       - in_features = 3072/15360
25-12-30 13:16:47 | I |       - out_features = 3072
25-12-30 13:16:47 | I |     + Replacing fused Linear in single_transformer_blocks.20 with ConcatLinear.
25-12-30 13:16:47 | I |       - in_features = 3072/15360
25-12-30 13:16:47 | I |       - out_features = 3072
25-12-30 13:16:47 | I |     + Replacing fused Linear in single_transformer_blocks.21 with ConcatLinear.
25-12-30 13:16:47 | I |       - in_features = 3072/15360
25-12-30 13:16:47 | I |       - out_features = 3072
25-12-30 13:16:47 | I |     + Replacing fused Linear in single_transformer_blocks.22 with ConcatLinear.
25-12-30 13:16:47 | I |       - in_features = 3072/15360
25-12-30 13:16:47 | I |       - out_features = 3072
25-12-30 13:16:47 | I |     + Replacing fused Linear in single_transformer_blocks.23 with ConcatLinear.
25-12-30 13:16:47 | I |       - in_features = 3072/15360
25-12-30 13:16:47 | I |       - out_features = 3072
25-12-30 13:16:47 | I |     + Replacing fused Linear in single_transformer_blocks.24 with ConcatLinear.
25-12-30 13:16:47 | I |       - in_features = 3072/15360
25-12-30 13:16:47 | I |       - out_features = 3072
25-12-30 13:16:47 | I |     + Replacing fused Linear in single_transformer_blocks.25 with ConcatLinear.
25-12-30 13:16:47 | I |       - in_features = 3072/15360
25-12-30 13:16:47 | I |       - out_features = 3072
25-12-30 13:16:47 | I |     + Replacing fused Linear in single_transformer_blocks.26 with ConcatLinear.
25-12-30 13:16:47 | I |       - in_features = 3072/15360
25-12-30 13:16:47 | I |       - out_features = 3072
25-12-30 13:16:47 | I |     + Replacing fused Linear in single_transformer_blocks.27 with ConcatLinear.
25-12-30 13:16:47 | I |       - in_features = 3072/15360
25-12-30 13:16:47 | I |       - out_features = 3072
25-12-30 13:16:47 | I |     + Replacing fused Linear in single_transformer_blocks.28 with ConcatLinear.
25-12-30 13:16:47 | I |       - in_features = 3072/15360
25-12-30 13:16:47 | I |       - out_features = 3072
25-12-30 13:16:47 | I |     + Replacing fused Linear in single_transformer_blocks.29 with ConcatLinear.
25-12-30 13:16:47 | I |       - in_features = 3072/15360
25-12-30 13:16:47 | I |       - out_features = 3072
25-12-30 13:16:47 | I |     + Replacing fused Linear in single_transformer_blocks.30 with ConcatLinear.
25-12-30 13:16:47 | I |       - in_features = 3072/15360
25-12-30 13:16:47 | I |       - out_features = 3072
25-12-30 13:16:47 | I |     + Replacing fused Linear in single_transformer_blocks.31 with ConcatLinear.
25-12-30 13:16:47 | I |       - in_features = 3072/15360
25-12-30 13:16:47 | I |       - out_features = 3072
25-12-30 13:16:47 | I |     + Replacing fused Linear in single_transformer_blocks.32 with ConcatLinear.
25-12-30 13:16:47 | I |       - in_features = 3072/15360
25-12-30 13:16:47 | I |       - out_features = 3072
25-12-30 13:16:47 | I |     + Replacing fused Linear in single_transformer_blocks.33 with ConcatLinear.
25-12-30 13:16:47 | I |       - in_features = 3072/15360
25-12-30 13:16:47 | I |       - out_features = 3072
25-12-30 13:16:47 | I |     + Replacing fused Linear in single_transformer_blocks.34 with ConcatLinear.
25-12-30 13:16:47 | I |       - in_features = 3072/15360
25-12-30 13:16:47 | I |       - out_features = 3072
25-12-30 13:16:47 | I |     + Replacing fused Linear in single_transformer_blocks.35 with ConcatLinear.
25-12-30 13:16:47 | I |       - in_features = 3072/15360
25-12-30 13:16:47 | I |       - out_features = 3072
25-12-30 13:16:47 | I |     + Replacing fused Linear in single_transformer_blocks.36 with ConcatLinear.
25-12-30 13:16:47 | I |       - in_features = 3072/15360
25-12-30 13:16:47 | I |       - out_features = 3072
25-12-30 13:16:47 | I |     + Replacing fused Linear in single_transformer_blocks.37 with ConcatLinear.
25-12-30 13:16:47 | I |       - in_features = 3072/15360
25-12-30 13:16:47 | I |       - out_features = 3072
25-12-30 13:16:47 | I | * Smoothing model for quantization
25-12-30 13:16:47 | I |   - Loading smooth scales from runs/diffusion/cache/quant/qdiff.128/smooth/w.4-x.4-y.16-w.4/w.sfp4_e2m1_all-x.sfp4_e2m1_all-y.bf16-w.sint4/w.v16.sfp8_e4m3_nan.tsnr.bf16-x.v16.sfp8_e4m3_nan-y.tnsr.bf16-w.v64.bf16/w.skip.[e+rs+rtp+s+tpi+tpo]-x.skip.[e+rs+rtp+s+tan+tn+tpi+tpo]-y.skip.[]-w.include.[tan+tn]/lowrank.r32/smooth.proj.OutputsError.GridSearch.Layer.d2.en1.sn1/smooth.proj.[a.AbsMax.b.AbsMax]/smooth.proj.g20.bn2.lr.nf/smooth.proj.skip.[rc+tan+tn]/flux.1-schnell.pt
25-12-30 13:16:47 | D |   - Smoothing Diffusion Block transformer_blocks.0
25-12-30 13:16:47 | D |     - Skipping Module transformer_blocks.0.norm1.linear
25-12-30 13:16:47 | D |     - Skipping Module transformer_blocks.0.norm1_context.linear
25-12-30 13:16:47 | D |     - Smoothing Transformer Block transformer_blocks.0
25-12-30 13:16:47 | D |       - transformer_blocks.0.attn.qkv_proj
25-12-30 13:16:47 | D |       - transformer_blocks.0.attn add_qkv_proj
25-12-30 13:16:47 | D |       - transformer_blocks.0.attn.out_proj + transformer_blocks.0.attn.add_out_proj
25-12-30 13:16:47 | D |       - transformer_blocks.0.ff.up_proj
25-12-30 13:16:47 | D |       - transformer_blocks.0.ff.down_proj
25-12-30 13:16:47 | D |       - transformer_blocks.0.ff_context.up_proj
25-12-30 13:16:47 | D |       - transformer_blocks.0.ff_context.down_proj
25-12-30 13:16:47 | D |   - Smoothing Diffusion Block transformer_blocks.1
25-12-30 13:16:47 | D |     - Skipping Module transformer_blocks.1.norm1.linear
25-12-30 13:16:47 | D |     - Skipping Module transformer_blocks.1.norm1_context.linear
25-12-30 13:16:47 | D |     - Smoothing Transformer Block transformer_blocks.1
25-12-30 13:16:47 | D |       - transformer_blocks.1.attn.qkv_proj
25-12-30 13:16:47 | D |       - transformer_blocks.1.attn add_qkv_proj
25-12-30 13:16:47 | D |       - transformer_blocks.1.attn.out_proj + transformer_blocks.1.attn.add_out_proj
25-12-30 13:16:47 | D |       - transformer_blocks.1.ff.up_proj
25-12-30 13:16:47 | D |       - transformer_blocks.1.ff.down_proj
25-12-30 13:16:47 | D |       - transformer_blocks.1.ff_context.up_proj
25-12-30 13:16:47 | D |       - transformer_blocks.1.ff_context.down_proj
25-12-30 13:16:47 | D |   - Smoothing Diffusion Block transformer_blocks.2
25-12-30 13:16:47 | D |     - Skipping Module transformer_blocks.2.norm1.linear
25-12-30 13:16:47 | D |     - Skipping Module transformer_blocks.2.norm1_context.linear
25-12-30 13:16:47 | D |     - Smoothing Transformer Block transformer_blocks.2
25-12-30 13:16:47 | D |       - transformer_blocks.2.attn.qkv_proj
25-12-30 13:16:47 | D |       - transformer_blocks.2.attn add_qkv_proj
25-12-30 13:16:47 | D |       - transformer_blocks.2.attn.out_proj + transformer_blocks.2.attn.add_out_proj
25-12-30 13:16:47 | D |       - transformer_blocks.2.ff.up_proj
25-12-30 13:16:47 | D |       - transformer_blocks.2.ff.down_proj
25-12-30 13:16:47 | D |       - transformer_blocks.2.ff_context.up_proj
25-12-30 13:16:47 | D |       - transformer_blocks.2.ff_context.down_proj
25-12-30 13:16:47 | D |   - Smoothing Diffusion Block transformer_blocks.3
25-12-30 13:16:47 | D |     - Skipping Module transformer_blocks.3.norm1.linear
25-12-30 13:16:47 | D |     - Skipping Module transformer_blocks.3.norm1_context.linear
25-12-30 13:16:47 | D |     - Smoothing Transformer Block transformer_blocks.3
25-12-30 13:16:47 | D |       - transformer_blocks.3.attn.qkv_proj
25-12-30 13:16:47 | D |       - transformer_blocks.3.attn add_qkv_proj
25-12-30 13:16:47 | D |       - transformer_blocks.3.attn.out_proj + transformer_blocks.3.attn.add_out_proj
25-12-30 13:16:47 | D |       - transformer_blocks.3.ff.up_proj
25-12-30 13:16:47 | D |       - transformer_blocks.3.ff.down_proj
25-12-30 13:16:47 | D |       - transformer_blocks.3.ff_context.up_proj
25-12-30 13:16:47 | D |       - transformer_blocks.3.ff_context.down_proj
25-12-30 13:16:47 | D |   - Smoothing Diffusion Block transformer_blocks.4
25-12-30 13:16:47 | D |     - Skipping Module transformer_blocks.4.norm1.linear
25-12-30 13:16:47 | D |     - Skipping Module transformer_blocks.4.norm1_context.linear
25-12-30 13:16:47 | D |     - Smoothing Transformer Block transformer_blocks.4
25-12-30 13:16:47 | D |       - transformer_blocks.4.attn.qkv_proj
25-12-30 13:16:47 | D |       - transformer_blocks.4.attn add_qkv_proj
25-12-30 13:16:47 | D |       - transformer_blocks.4.attn.out_proj + transformer_blocks.4.attn.add_out_proj
25-12-30 13:16:47 | D |       - transformer_blocks.4.ff.up_proj
25-12-30 13:16:47 | D |       - transformer_blocks.4.ff.down_proj
25-12-30 13:16:47 | D |       - transformer_blocks.4.ff_context.up_proj
25-12-30 13:16:47 | D |       - transformer_blocks.4.ff_context.down_proj
25-12-30 13:16:47 | D |   - Smoothing Diffusion Block transformer_blocks.5
25-12-30 13:16:47 | D |     - Skipping Module transformer_blocks.5.norm1.linear
25-12-30 13:16:47 | D |     - Skipping Module transformer_blocks.5.norm1_context.linear
25-12-30 13:16:47 | D |     - Smoothing Transformer Block transformer_blocks.5
25-12-30 13:16:47 | D |       - transformer_blocks.5.attn.qkv_proj
25-12-30 13:16:47 | D |       - transformer_blocks.5.attn add_qkv_proj
25-12-30 13:16:47 | D |       - transformer_blocks.5.attn.out_proj + transformer_blocks.5.attn.add_out_proj
25-12-30 13:16:47 | D |       - transformer_blocks.5.ff.up_proj
25-12-30 13:16:47 | D |       - transformer_blocks.5.ff.down_proj
25-12-30 13:16:47 | D |       - transformer_blocks.5.ff_context.up_proj
25-12-30 13:16:47 | D |       - transformer_blocks.5.ff_context.down_proj
25-12-30 13:16:47 | D |   - Smoothing Diffusion Block transformer_blocks.6
25-12-30 13:16:47 | D |     - Skipping Module transformer_blocks.6.norm1.linear
25-12-30 13:16:47 | D |     - Skipping Module transformer_blocks.6.norm1_context.linear
25-12-30 13:16:47 | D |     - Smoothing Transformer Block transformer_blocks.6
25-12-30 13:16:47 | D |       - transformer_blocks.6.attn.qkv_proj
25-12-30 13:16:47 | D |       - transformer_blocks.6.attn add_qkv_proj
25-12-30 13:16:47 | D |       - transformer_blocks.6.attn.out_proj + transformer_blocks.6.attn.add_out_proj
25-12-30 13:16:47 | D |       - transformer_blocks.6.ff.up_proj
25-12-30 13:16:47 | D |       - transformer_blocks.6.ff.down_proj
25-12-30 13:16:47 | D |       - transformer_blocks.6.ff_context.up_proj
25-12-30 13:16:47 | D |       - transformer_blocks.6.ff_context.down_proj
25-12-30 13:16:47 | D |   - Smoothing Diffusion Block transformer_blocks.7
25-12-30 13:16:47 | D |     - Skipping Module transformer_blocks.7.norm1.linear
25-12-30 13:16:47 | D |     - Skipping Module transformer_blocks.7.norm1_context.linear
25-12-30 13:16:47 | D |     - Smoothing Transformer Block transformer_blocks.7
25-12-30 13:16:47 | D |       - transformer_blocks.7.attn.qkv_proj
25-12-30 13:16:47 | D |       - transformer_blocks.7.attn add_qkv_proj
25-12-30 13:16:47 | D |       - transformer_blocks.7.attn.out_proj + transformer_blocks.7.attn.add_out_proj
25-12-30 13:16:47 | D |       - transformer_blocks.7.ff.up_proj
25-12-30 13:16:47 | D |       - transformer_blocks.7.ff.down_proj
25-12-30 13:16:47 | D |       - transformer_blocks.7.ff_context.up_proj
25-12-30 13:16:47 | D |       - transformer_blocks.7.ff_context.down_proj
25-12-30 13:16:47 | D |   - Smoothing Diffusion Block transformer_blocks.8
25-12-30 13:16:47 | D |     - Skipping Module transformer_blocks.8.norm1.linear
25-12-30 13:16:47 | D |     - Skipping Module transformer_blocks.8.norm1_context.linear
25-12-30 13:16:47 | D |     - Smoothing Transformer Block transformer_blocks.8
25-12-30 13:16:47 | D |       - transformer_blocks.8.attn.qkv_proj
25-12-30 13:16:47 | D |       - transformer_blocks.8.attn add_qkv_proj
25-12-30 13:16:47 | D |       - transformer_blocks.8.attn.out_proj + transformer_blocks.8.attn.add_out_proj
25-12-30 13:16:47 | D |       - transformer_blocks.8.ff.up_proj
25-12-30 13:16:47 | D |       - transformer_blocks.8.ff.down_proj
25-12-30 13:16:47 | D |       - transformer_blocks.8.ff_context.up_proj
25-12-30 13:16:47 | D |       - transformer_blocks.8.ff_context.down_proj
25-12-30 13:16:47 | D |   - Smoothing Diffusion Block transformer_blocks.9
25-12-30 13:16:47 | D |     - Skipping Module transformer_blocks.9.norm1.linear
25-12-30 13:16:47 | D |     - Skipping Module transformer_blocks.9.norm1_context.linear
25-12-30 13:16:47 | D |     - Smoothing Transformer Block transformer_blocks.9
25-12-30 13:16:47 | D |       - transformer_blocks.9.attn.qkv_proj
25-12-30 13:16:47 | D |       - transformer_blocks.9.attn add_qkv_proj
25-12-30 13:16:47 | D |       - transformer_blocks.9.attn.out_proj + transformer_blocks.9.attn.add_out_proj
25-12-30 13:16:47 | D |       - transformer_blocks.9.ff.up_proj
25-12-30 13:16:47 | D |       - transformer_blocks.9.ff.down_proj
25-12-30 13:16:47 | D |       - transformer_blocks.9.ff_context.up_proj
25-12-30 13:16:47 | D |       - transformer_blocks.9.ff_context.down_proj
25-12-30 13:16:47 | D |   - Smoothing Diffusion Block transformer_blocks.10
25-12-30 13:16:47 | D |     - Skipping Module transformer_blocks.10.norm1.linear
25-12-30 13:16:47 | D |     - Skipping Module transformer_blocks.10.norm1_context.linear
25-12-30 13:16:47 | D |     - Smoothing Transformer Block transformer_blocks.10
25-12-30 13:16:47 | D |       - transformer_blocks.10.attn.qkv_proj
25-12-30 13:16:47 | D |       - transformer_blocks.10.attn add_qkv_proj
25-12-30 13:16:47 | D |       - transformer_blocks.10.attn.out_proj + transformer_blocks.10.attn.add_out_proj
25-12-30 13:16:47 | D |       - transformer_blocks.10.ff.up_proj
25-12-30 13:16:47 | D |       - transformer_blocks.10.ff.down_proj
25-12-30 13:16:47 | D |       - transformer_blocks.10.ff_context.up_proj
25-12-30 13:16:47 | D |       - transformer_blocks.10.ff_context.down_proj
25-12-30 13:16:47 | D |   - Smoothing Diffusion Block transformer_blocks.11
25-12-30 13:16:47 | D |     - Skipping Module transformer_blocks.11.norm1.linear
25-12-30 13:16:47 | D |     - Skipping Module transformer_blocks.11.norm1_context.linear
25-12-30 13:16:47 | D |     - Smoothing Transformer Block transformer_blocks.11
25-12-30 13:16:47 | D |       - transformer_blocks.11.attn.qkv_proj
25-12-30 13:16:47 | D |       - transformer_blocks.11.attn add_qkv_proj
25-12-30 13:16:47 | D |       - transformer_blocks.11.attn.out_proj + transformer_blocks.11.attn.add_out_proj
25-12-30 13:16:47 | D |       - transformer_blocks.11.ff.up_proj
25-12-30 13:16:47 | D |       - transformer_blocks.11.ff.down_proj
25-12-30 13:16:47 | D |       - transformer_blocks.11.ff_context.up_proj
25-12-30 13:16:47 | D |       - transformer_blocks.11.ff_context.down_proj
25-12-30 13:16:47 | D |   - Smoothing Diffusion Block transformer_blocks.12
25-12-30 13:16:47 | D |     - Skipping Module transformer_blocks.12.norm1.linear
25-12-30 13:16:47 | D |     - Skipping Module transformer_blocks.12.norm1_context.linear
25-12-30 13:16:47 | D |     - Smoothing Transformer Block transformer_blocks.12
25-12-30 13:16:47 | D |       - transformer_blocks.12.attn.qkv_proj
25-12-30 13:16:47 | D |       - transformer_blocks.12.attn add_qkv_proj
25-12-30 13:16:47 | D |       - transformer_blocks.12.attn.out_proj + transformer_blocks.12.attn.add_out_proj
25-12-30 13:16:47 | D |       - transformer_blocks.12.ff.up_proj
25-12-30 13:16:47 | D |       - transformer_blocks.12.ff.down_proj
25-12-30 13:16:47 | D |       - transformer_blocks.12.ff_context.up_proj
25-12-30 13:16:47 | D |       - transformer_blocks.12.ff_context.down_proj
25-12-30 13:16:47 | D |   - Smoothing Diffusion Block transformer_blocks.13
25-12-30 13:16:47 | D |     - Skipping Module transformer_blocks.13.norm1.linear
25-12-30 13:16:47 | D |     - Skipping Module transformer_blocks.13.norm1_context.linear
25-12-30 13:16:47 | D |     - Smoothing Transformer Block transformer_blocks.13
25-12-30 13:16:47 | D |       - transformer_blocks.13.attn.qkv_proj
25-12-30 13:16:47 | D |       - transformer_blocks.13.attn add_qkv_proj
25-12-30 13:16:47 | D |       - transformer_blocks.13.attn.out_proj + transformer_blocks.13.attn.add_out_proj
25-12-30 13:16:47 | D |       - transformer_blocks.13.ff.up_proj
25-12-30 13:16:47 | D |       - transformer_blocks.13.ff.down_proj
25-12-30 13:16:47 | D |       - transformer_blocks.13.ff_context.up_proj
25-12-30 13:16:47 | D |       - transformer_blocks.13.ff_context.down_proj
25-12-30 13:16:47 | D |   - Smoothing Diffusion Block transformer_blocks.14
25-12-30 13:16:47 | D |     - Skipping Module transformer_blocks.14.norm1.linear
25-12-30 13:16:47 | D |     - Skipping Module transformer_blocks.14.norm1_context.linear
25-12-30 13:16:47 | D |     - Smoothing Transformer Block transformer_blocks.14
25-12-30 13:16:47 | D |       - transformer_blocks.14.attn.qkv_proj
25-12-30 13:16:47 | D |       - transformer_blocks.14.attn add_qkv_proj
25-12-30 13:16:47 | D |       - transformer_blocks.14.attn.out_proj + transformer_blocks.14.attn.add_out_proj
25-12-30 13:16:47 | D |       - transformer_blocks.14.ff.up_proj
25-12-30 13:16:47 | D |       - transformer_blocks.14.ff.down_proj
25-12-30 13:16:47 | D |       - transformer_blocks.14.ff_context.up_proj
25-12-30 13:16:47 | D |       - transformer_blocks.14.ff_context.down_proj
25-12-30 13:16:47 | D |   - Smoothing Diffusion Block transformer_blocks.15
25-12-30 13:16:47 | D |     - Skipping Module transformer_blocks.15.norm1.linear
25-12-30 13:16:47 | D |     - Skipping Module transformer_blocks.15.norm1_context.linear
25-12-30 13:16:47 | D |     - Smoothing Transformer Block transformer_blocks.15
25-12-30 13:16:47 | D |       - transformer_blocks.15.attn.qkv_proj
25-12-30 13:16:47 | D |       - transformer_blocks.15.attn add_qkv_proj
25-12-30 13:16:47 | D |       - transformer_blocks.15.attn.out_proj + transformer_blocks.15.attn.add_out_proj
25-12-30 13:16:47 | D |       - transformer_blocks.15.ff.up_proj
25-12-30 13:16:47 | D |       - transformer_blocks.15.ff.down_proj
25-12-30 13:16:47 | D |       - transformer_blocks.15.ff_context.up_proj
25-12-30 13:16:47 | D |       - transformer_blocks.15.ff_context.down_proj
25-12-30 13:16:47 | D |   - Smoothing Diffusion Block transformer_blocks.16
25-12-30 13:16:47 | D |     - Skipping Module transformer_blocks.16.norm1.linear
25-12-30 13:16:47 | D |     - Skipping Module transformer_blocks.16.norm1_context.linear
25-12-30 13:16:47 | D |     - Smoothing Transformer Block transformer_blocks.16
25-12-30 13:16:47 | D |       - transformer_blocks.16.attn.qkv_proj
25-12-30 13:16:47 | D |       - transformer_blocks.16.attn add_qkv_proj
25-12-30 13:16:47 | D |       - transformer_blocks.16.attn.out_proj + transformer_blocks.16.attn.add_out_proj
25-12-30 13:16:47 | D |       - transformer_blocks.16.ff.up_proj
25-12-30 13:16:47 | D |       - transformer_blocks.16.ff.down_proj
25-12-30 13:16:47 | D |       - transformer_blocks.16.ff_context.up_proj
25-12-30 13:16:47 | D |       - transformer_blocks.16.ff_context.down_proj
25-12-30 13:16:47 | D |   - Smoothing Diffusion Block transformer_blocks.17
25-12-30 13:16:47 | D |     - Skipping Module transformer_blocks.17.norm1.linear
25-12-30 13:16:47 | D |     - Skipping Module transformer_blocks.17.norm1_context.linear
25-12-30 13:16:47 | D |     - Smoothing Transformer Block transformer_blocks.17
25-12-30 13:16:47 | D |       - transformer_blocks.17.attn.qkv_proj
25-12-30 13:16:47 | D |       - transformer_blocks.17.attn add_qkv_proj
25-12-30 13:16:47 | D |       - transformer_blocks.17.attn.out_proj + transformer_blocks.17.attn.add_out_proj
25-12-30 13:16:47 | D |       - transformer_blocks.17.ff.up_proj
25-12-30 13:16:47 | D |       - transformer_blocks.17.ff.down_proj
25-12-30 13:16:47 | D |       - transformer_blocks.17.ff_context.up_proj
25-12-30 13:16:47 | D |       - transformer_blocks.17.ff_context.down_proj
25-12-30 13:16:47 | D |   - Smoothing Diffusion Block transformer_blocks.18
25-12-30 13:16:47 | D |     - Skipping Module transformer_blocks.18.norm1.linear
25-12-30 13:16:47 | D |     - Skipping Module transformer_blocks.18.norm1_context.linear
25-12-30 13:16:47 | D |     - Smoothing Transformer Block transformer_blocks.18
25-12-30 13:16:47 | D |       - transformer_blocks.18.attn.qkv_proj
25-12-30 13:16:47 | D |       - transformer_blocks.18.attn add_qkv_proj
25-12-30 13:16:47 | D |       - transformer_blocks.18.attn.out_proj + transformer_blocks.18.attn.add_out_proj
25-12-30 13:16:47 | D |       - transformer_blocks.18.ff.up_proj
25-12-30 13:16:47 | D |       - transformer_blocks.18.ff.down_proj
25-12-30 13:16:47 | D |       - transformer_blocks.18.ff_context.up_proj
25-12-30 13:16:47 | D |       - transformer_blocks.18.ff_context.down_proj
25-12-30 13:16:47 | D |   - Smoothing Diffusion Block single_transformer_blocks.0
25-12-30 13:16:47 | D |     - Skipping Module single_transformer_blocks.0.norm.linear
25-12-30 13:16:47 | D |     - Smoothing Transformer Block single_transformer_blocks.0
25-12-30 13:16:47 | D |       - single_transformer_blocks.0.attn.qkv_proj + single_transformer_blocks.0.up_proj
25-12-30 13:16:47 | D |       - single_transformer_blocks.0.attn.out_proj
25-12-30 13:16:47 | D |       - single_transformer_blocks.0.down_proj
25-12-30 13:16:47 | D |   - Smoothing Diffusion Block single_transformer_blocks.1
25-12-30 13:16:47 | D |     - Skipping Module single_transformer_blocks.1.norm.linear
25-12-30 13:16:47 | D |     - Smoothing Transformer Block single_transformer_blocks.1
25-12-30 13:16:47 | D |       - single_transformer_blocks.1.attn.qkv_proj + single_transformer_blocks.1.up_proj
25-12-30 13:16:47 | D |       - single_transformer_blocks.1.attn.out_proj
25-12-30 13:16:47 | D |       - single_transformer_blocks.1.down_proj
25-12-30 13:16:47 | D |   - Smoothing Diffusion Block single_transformer_blocks.2
25-12-30 13:16:47 | D |     - Skipping Module single_transformer_blocks.2.norm.linear
25-12-30 13:16:47 | D |     - Smoothing Transformer Block single_transformer_blocks.2
25-12-30 13:16:47 | D |       - single_transformer_blocks.2.attn.qkv_proj + single_transformer_blocks.2.up_proj
25-12-30 13:16:47 | D |       - single_transformer_blocks.2.attn.out_proj
25-12-30 13:16:47 | D |       - single_transformer_blocks.2.down_proj
25-12-30 13:16:47 | D |   - Smoothing Diffusion Block single_transformer_blocks.3
25-12-30 13:16:47 | D |     - Skipping Module single_transformer_blocks.3.norm.linear
25-12-30 13:16:47 | D |     - Smoothing Transformer Block single_transformer_blocks.3
25-12-30 13:16:47 | D |       - single_transformer_blocks.3.attn.qkv_proj + single_transformer_blocks.3.up_proj
25-12-30 13:16:47 | D |       - single_transformer_blocks.3.attn.out_proj
25-12-30 13:16:47 | D |       - single_transformer_blocks.3.down_proj
25-12-30 13:16:47 | D |   - Smoothing Diffusion Block single_transformer_blocks.4
25-12-30 13:16:47 | D |     - Skipping Module single_transformer_blocks.4.norm.linear
25-12-30 13:16:47 | D |     - Smoothing Transformer Block single_transformer_blocks.4
25-12-30 13:16:47 | D |       - single_transformer_blocks.4.attn.qkv_proj + single_transformer_blocks.4.up_proj
25-12-30 13:16:47 | D |       - single_transformer_blocks.4.attn.out_proj
25-12-30 13:16:47 | D |       - single_transformer_blocks.4.down_proj
25-12-30 13:16:47 | D |   - Smoothing Diffusion Block single_transformer_blocks.5
25-12-30 13:16:47 | D |     - Skipping Module single_transformer_blocks.5.norm.linear
25-12-30 13:16:47 | D |     - Smoothing Transformer Block single_transformer_blocks.5
25-12-30 13:16:47 | D |       - single_transformer_blocks.5.attn.qkv_proj + single_transformer_blocks.5.up_proj
25-12-30 13:16:47 | D |       - single_transformer_blocks.5.attn.out_proj
25-12-30 13:16:47 | D |       - single_transformer_blocks.5.down_proj
25-12-30 13:16:47 | D |   - Smoothing Diffusion Block single_transformer_blocks.6
25-12-30 13:16:47 | D |     - Skipping Module single_transformer_blocks.6.norm.linear
25-12-30 13:16:47 | D |     - Smoothing Transformer Block single_transformer_blocks.6
25-12-30 13:16:47 | D |       - single_transformer_blocks.6.attn.qkv_proj + single_transformer_blocks.6.up_proj
25-12-30 13:16:47 | D |       - single_transformer_blocks.6.attn.out_proj
25-12-30 13:16:47 | D |       - single_transformer_blocks.6.down_proj
25-12-30 13:16:47 | D |   - Smoothing Diffusion Block single_transformer_blocks.7
25-12-30 13:16:47 | D |     - Skipping Module single_transformer_blocks.7.norm.linear
25-12-30 13:16:47 | D |     - Smoothing Transformer Block single_transformer_blocks.7
25-12-30 13:16:47 | D |       - single_transformer_blocks.7.attn.qkv_proj + single_transformer_blocks.7.up_proj
25-12-30 13:16:47 | D |       - single_transformer_blocks.7.attn.out_proj
25-12-30 13:16:47 | D |       - single_transformer_blocks.7.down_proj
25-12-30 13:16:47 | D |   - Smoothing Diffusion Block single_transformer_blocks.8
25-12-30 13:16:47 | D |     - Skipping Module single_transformer_blocks.8.norm.linear
25-12-30 13:16:47 | D |     - Smoothing Transformer Block single_transformer_blocks.8
25-12-30 13:16:47 | D |       - single_transformer_blocks.8.attn.qkv_proj + single_transformer_blocks.8.up_proj
25-12-30 13:16:47 | D |       - single_transformer_blocks.8.attn.out_proj
25-12-30 13:16:47 | D |       - single_transformer_blocks.8.down_proj
25-12-30 13:16:47 | D |   - Smoothing Diffusion Block single_transformer_blocks.9
25-12-30 13:16:47 | D |     - Skipping Module single_transformer_blocks.9.norm.linear
25-12-30 13:16:47 | D |     - Smoothing Transformer Block single_transformer_blocks.9
25-12-30 13:16:47 | D |       - single_transformer_blocks.9.attn.qkv_proj + single_transformer_blocks.9.up_proj
25-12-30 13:16:47 | D |       - single_transformer_blocks.9.attn.out_proj
25-12-30 13:16:47 | D |       - single_transformer_blocks.9.down_proj
25-12-30 13:16:47 | D |   - Smoothing Diffusion Block single_transformer_blocks.10
25-12-30 13:16:47 | D |     - Skipping Module single_transformer_blocks.10.norm.linear
25-12-30 13:16:47 | D |     - Smoothing Transformer Block single_transformer_blocks.10
25-12-30 13:16:47 | D |       - single_transformer_blocks.10.attn.qkv_proj + single_transformer_blocks.10.up_proj
25-12-30 13:16:47 | D |       - single_transformer_blocks.10.attn.out_proj
25-12-30 13:16:47 | D |       - single_transformer_blocks.10.down_proj
25-12-30 13:16:47 | D |   - Smoothing Diffusion Block single_transformer_blocks.11
25-12-30 13:16:47 | D |     - Skipping Module single_transformer_blocks.11.norm.linear
25-12-30 13:16:47 | D |     - Smoothing Transformer Block single_transformer_blocks.11
25-12-30 13:16:47 | D |       - single_transformer_blocks.11.attn.qkv_proj + single_transformer_blocks.11.up_proj
25-12-30 13:16:47 | D |       - single_transformer_blocks.11.attn.out_proj
25-12-30 13:16:47 | D |       - single_transformer_blocks.11.down_proj
25-12-30 13:16:47 | D |   - Smoothing Diffusion Block single_transformer_blocks.12
25-12-30 13:16:47 | D |     - Skipping Module single_transformer_blocks.12.norm.linear
25-12-30 13:16:47 | D |     - Smoothing Transformer Block single_transformer_blocks.12
25-12-30 13:16:47 | D |       - single_transformer_blocks.12.attn.qkv_proj + single_transformer_blocks.12.up_proj
25-12-30 13:16:47 | D |       - single_transformer_blocks.12.attn.out_proj
25-12-30 13:16:47 | D |       - single_transformer_blocks.12.down_proj
25-12-30 13:16:47 | D |   - Smoothing Diffusion Block single_transformer_blocks.13
25-12-30 13:16:47 | D |     - Skipping Module single_transformer_blocks.13.norm.linear
25-12-30 13:16:47 | D |     - Smoothing Transformer Block single_transformer_blocks.13
25-12-30 13:16:47 | D |       - single_transformer_blocks.13.attn.qkv_proj + single_transformer_blocks.13.up_proj
25-12-30 13:16:47 | D |       - single_transformer_blocks.13.attn.out_proj
25-12-30 13:16:47 | D |       - single_transformer_blocks.13.down_proj
25-12-30 13:16:47 | D |   - Smoothing Diffusion Block single_transformer_blocks.14
25-12-30 13:16:47 | D |     - Skipping Module single_transformer_blocks.14.norm.linear
25-12-30 13:16:47 | D |     - Smoothing Transformer Block single_transformer_blocks.14
25-12-30 13:16:47 | D |       - single_transformer_blocks.14.attn.qkv_proj + single_transformer_blocks.14.up_proj
25-12-30 13:16:47 | D |       - single_transformer_blocks.14.attn.out_proj
25-12-30 13:16:47 | D |       - single_transformer_blocks.14.down_proj
25-12-30 13:16:47 | D |   - Smoothing Diffusion Block single_transformer_blocks.15
25-12-30 13:16:47 | D |     - Skipping Module single_transformer_blocks.15.norm.linear
25-12-30 13:16:47 | D |     - Smoothing Transformer Block single_transformer_blocks.15
25-12-30 13:16:47 | D |       - single_transformer_blocks.15.attn.qkv_proj + single_transformer_blocks.15.up_proj
25-12-30 13:16:47 | D |       - single_transformer_blocks.15.attn.out_proj
25-12-30 13:16:47 | D |       - single_transformer_blocks.15.down_proj
25-12-30 13:16:47 | D |   - Smoothing Diffusion Block single_transformer_blocks.16
25-12-30 13:16:47 | D |     - Skipping Module single_transformer_blocks.16.norm.linear
25-12-30 13:16:47 | D |     - Smoothing Transformer Block single_transformer_blocks.16
25-12-30 13:16:47 | D |       - single_transformer_blocks.16.attn.qkv_proj + single_transformer_blocks.16.up_proj
25-12-30 13:16:47 | D |       - single_transformer_blocks.16.attn.out_proj
25-12-30 13:16:47 | D |       - single_transformer_blocks.16.down_proj
25-12-30 13:16:47 | D |   - Smoothing Diffusion Block single_transformer_blocks.17
25-12-30 13:16:47 | D |     - Skipping Module single_transformer_blocks.17.norm.linear
25-12-30 13:16:47 | D |     - Smoothing Transformer Block single_transformer_blocks.17
25-12-30 13:16:47 | D |       - single_transformer_blocks.17.attn.qkv_proj + single_transformer_blocks.17.up_proj
25-12-30 13:16:47 | D |       - single_transformer_blocks.17.attn.out_proj
25-12-30 13:16:47 | D |       - single_transformer_blocks.17.down_proj
25-12-30 13:16:47 | D |   - Smoothing Diffusion Block single_transformer_blocks.18
25-12-30 13:16:47 | D |     - Skipping Module single_transformer_blocks.18.norm.linear
25-12-30 13:16:47 | D |     - Smoothing Transformer Block single_transformer_blocks.18
25-12-30 13:16:47 | D |       - single_transformer_blocks.18.attn.qkv_proj + single_transformer_blocks.18.up_proj
25-12-30 13:16:47 | D |       - single_transformer_blocks.18.attn.out_proj
25-12-30 13:16:47 | D |       - single_transformer_blocks.18.down_proj
25-12-30 13:16:47 | D |   - Smoothing Diffusion Block single_transformer_blocks.19
25-12-30 13:16:47 | D |     - Skipping Module single_transformer_blocks.19.norm.linear
25-12-30 13:16:47 | D |     - Smoothing Transformer Block single_transformer_blocks.19
25-12-30 13:16:47 | D |       - single_transformer_blocks.19.attn.qkv_proj + single_transformer_blocks.19.up_proj
25-12-30 13:16:47 | D |       - single_transformer_blocks.19.attn.out_proj
25-12-30 13:16:47 | D |       - single_transformer_blocks.19.down_proj
25-12-30 13:16:47 | D |   - Smoothing Diffusion Block single_transformer_blocks.20
25-12-30 13:16:47 | D |     - Skipping Module single_transformer_blocks.20.norm.linear
25-12-30 13:16:47 | D |     - Smoothing Transformer Block single_transformer_blocks.20
25-12-30 13:16:47 | D |       - single_transformer_blocks.20.attn.qkv_proj + single_transformer_blocks.20.up_proj
25-12-30 13:16:47 | D |       - single_transformer_blocks.20.attn.out_proj
25-12-30 13:16:47 | D |       - single_transformer_blocks.20.down_proj
25-12-30 13:16:47 | D |   - Smoothing Diffusion Block single_transformer_blocks.21
25-12-30 13:16:47 | D |     - Skipping Module single_transformer_blocks.21.norm.linear
25-12-30 13:16:47 | D |     - Smoothing Transformer Block single_transformer_blocks.21
25-12-30 13:16:47 | D |       - single_transformer_blocks.21.attn.qkv_proj + single_transformer_blocks.21.up_proj
25-12-30 13:16:47 | D |       - single_transformer_blocks.21.attn.out_proj
25-12-30 13:16:47 | D |       - single_transformer_blocks.21.down_proj
25-12-30 13:16:47 | D |   - Smoothing Diffusion Block single_transformer_blocks.22
25-12-30 13:16:47 | D |     - Skipping Module single_transformer_blocks.22.norm.linear
25-12-30 13:16:47 | D |     - Smoothing Transformer Block single_transformer_blocks.22
25-12-30 13:16:47 | D |       - single_transformer_blocks.22.attn.qkv_proj + single_transformer_blocks.22.up_proj
25-12-30 13:16:47 | D |       - single_transformer_blocks.22.attn.out_proj
25-12-30 13:16:47 | D |       - single_transformer_blocks.22.down_proj
25-12-30 13:16:47 | D |   - Smoothing Diffusion Block single_transformer_blocks.23
25-12-30 13:16:47 | D |     - Skipping Module single_transformer_blocks.23.norm.linear
25-12-30 13:16:47 | D |     - Smoothing Transformer Block single_transformer_blocks.23
25-12-30 13:16:47 | D |       - single_transformer_blocks.23.attn.qkv_proj + single_transformer_blocks.23.up_proj
25-12-30 13:16:47 | D |       - single_transformer_blocks.23.attn.out_proj
25-12-30 13:16:47 | D |       - single_transformer_blocks.23.down_proj
25-12-30 13:16:47 | D |   - Smoothing Diffusion Block single_transformer_blocks.24
25-12-30 13:16:47 | D |     - Skipping Module single_transformer_blocks.24.norm.linear
25-12-30 13:16:47 | D |     - Smoothing Transformer Block single_transformer_blocks.24
25-12-30 13:16:47 | D |       - single_transformer_blocks.24.attn.qkv_proj + single_transformer_blocks.24.up_proj
25-12-30 13:16:47 | D |       - single_transformer_blocks.24.attn.out_proj
25-12-30 13:16:47 | D |       - single_transformer_blocks.24.down_proj
25-12-30 13:16:47 | D |   - Smoothing Diffusion Block single_transformer_blocks.25
25-12-30 13:16:47 | D |     - Skipping Module single_transformer_blocks.25.norm.linear
25-12-30 13:16:47 | D |     - Smoothing Transformer Block single_transformer_blocks.25
25-12-30 13:16:47 | D |       - single_transformer_blocks.25.attn.qkv_proj + single_transformer_blocks.25.up_proj
25-12-30 13:16:47 | D |       - single_transformer_blocks.25.attn.out_proj
25-12-30 13:16:47 | D |       - single_transformer_blocks.25.down_proj
25-12-30 13:16:47 | D |   - Smoothing Diffusion Block single_transformer_blocks.26
25-12-30 13:16:47 | D |     - Skipping Module single_transformer_blocks.26.norm.linear
25-12-30 13:16:47 | D |     - Smoothing Transformer Block single_transformer_blocks.26
25-12-30 13:16:47 | D |       - single_transformer_blocks.26.attn.qkv_proj + single_transformer_blocks.26.up_proj
25-12-30 13:16:47 | D |       - single_transformer_blocks.26.attn.out_proj
25-12-30 13:16:47 | D |       - single_transformer_blocks.26.down_proj
25-12-30 13:16:47 | D |   - Smoothing Diffusion Block single_transformer_blocks.27
25-12-30 13:16:47 | D |     - Skipping Module single_transformer_blocks.27.norm.linear
25-12-30 13:16:47 | D |     - Smoothing Transformer Block single_transformer_blocks.27
25-12-30 13:16:47 | D |       - single_transformer_blocks.27.attn.qkv_proj + single_transformer_blocks.27.up_proj
25-12-30 13:16:47 | D |       - single_transformer_blocks.27.attn.out_proj
25-12-30 13:16:47 | D |       - single_transformer_blocks.27.down_proj
25-12-30 13:16:47 | D |   - Smoothing Diffusion Block single_transformer_blocks.28
25-12-30 13:16:47 | D |     - Skipping Module single_transformer_blocks.28.norm.linear
25-12-30 13:16:47 | D |     - Smoothing Transformer Block single_transformer_blocks.28
25-12-30 13:16:47 | D |       - single_transformer_blocks.28.attn.qkv_proj + single_transformer_blocks.28.up_proj
25-12-30 13:16:47 | D |       - single_transformer_blocks.28.attn.out_proj
25-12-30 13:16:47 | D |       - single_transformer_blocks.28.down_proj
25-12-30 13:16:47 | D |   - Smoothing Diffusion Block single_transformer_blocks.29
25-12-30 13:16:47 | D |     - Skipping Module single_transformer_blocks.29.norm.linear
25-12-30 13:16:47 | D |     - Smoothing Transformer Block single_transformer_blocks.29
25-12-30 13:16:47 | D |       - single_transformer_blocks.29.attn.qkv_proj + single_transformer_blocks.29.up_proj
25-12-30 13:16:47 | D |       - single_transformer_blocks.29.attn.out_proj
25-12-30 13:16:47 | D |       - single_transformer_blocks.29.down_proj
25-12-30 13:16:47 | D |   - Smoothing Diffusion Block single_transformer_blocks.30
25-12-30 13:16:47 | D |     - Skipping Module single_transformer_blocks.30.norm.linear
25-12-30 13:16:47 | D |     - Smoothing Transformer Block single_transformer_blocks.30
25-12-30 13:16:47 | D |       - single_transformer_blocks.30.attn.qkv_proj + single_transformer_blocks.30.up_proj
25-12-30 13:16:47 | D |       - single_transformer_blocks.30.attn.out_proj
25-12-30 13:16:47 | D |       - single_transformer_blocks.30.down_proj
25-12-30 13:16:47 | D |   - Smoothing Diffusion Block single_transformer_blocks.31
25-12-30 13:16:47 | D |     - Skipping Module single_transformer_blocks.31.norm.linear
25-12-30 13:16:47 | D |     - Smoothing Transformer Block single_transformer_blocks.31
25-12-30 13:16:47 | D |       - single_transformer_blocks.31.attn.qkv_proj + single_transformer_blocks.31.up_proj
25-12-30 13:16:47 | D |       - single_transformer_blocks.31.attn.out_proj
25-12-30 13:16:47 | D |       - single_transformer_blocks.31.down_proj
25-12-30 13:16:47 | D |   - Smoothing Diffusion Block single_transformer_blocks.32
25-12-30 13:16:47 | D |     - Skipping Module single_transformer_blocks.32.norm.linear
25-12-30 13:16:47 | D |     - Smoothing Transformer Block single_transformer_blocks.32
25-12-30 13:16:47 | D |       - single_transformer_blocks.32.attn.qkv_proj + single_transformer_blocks.32.up_proj
25-12-30 13:16:47 | D |       - single_transformer_blocks.32.attn.out_proj
25-12-30 13:16:47 | D |       - single_transformer_blocks.32.down_proj
25-12-30 13:16:47 | D |   - Smoothing Diffusion Block single_transformer_blocks.33
25-12-30 13:16:47 | D |     - Skipping Module single_transformer_blocks.33.norm.linear
25-12-30 13:16:47 | D |     - Smoothing Transformer Block single_transformer_blocks.33
25-12-30 13:16:47 | D |       - single_transformer_blocks.33.attn.qkv_proj + single_transformer_blocks.33.up_proj
25-12-30 13:16:47 | D |       - single_transformer_blocks.33.attn.out_proj
25-12-30 13:16:47 | D |       - single_transformer_blocks.33.down_proj
25-12-30 13:16:47 | D |   - Smoothing Diffusion Block single_transformer_blocks.34
25-12-30 13:16:47 | D |     - Skipping Module single_transformer_blocks.34.norm.linear
25-12-30 13:16:47 | D |     - Smoothing Transformer Block single_transformer_blocks.34
25-12-30 13:16:47 | D |       - single_transformer_blocks.34.attn.qkv_proj + single_transformer_blocks.34.up_proj
25-12-30 13:16:47 | D |       - single_transformer_blocks.34.attn.out_proj
25-12-30 13:16:47 | D |       - single_transformer_blocks.34.down_proj
25-12-30 13:16:47 | D |   - Smoothing Diffusion Block single_transformer_blocks.35
25-12-30 13:16:47 | D |     - Skipping Module single_transformer_blocks.35.norm.linear
25-12-30 13:16:47 | D |     - Smoothing Transformer Block single_transformer_blocks.35
25-12-30 13:16:47 | D |       - single_transformer_blocks.35.attn.qkv_proj + single_transformer_blocks.35.up_proj
25-12-30 13:16:47 | D |       - single_transformer_blocks.35.attn.out_proj
25-12-30 13:16:47 | D |       - single_transformer_blocks.35.down_proj
25-12-30 13:16:47 | D |   - Smoothing Diffusion Block single_transformer_blocks.36
25-12-30 13:16:47 | D |     - Skipping Module single_transformer_blocks.36.norm.linear
25-12-30 13:16:47 | D |     - Smoothing Transformer Block single_transformer_blocks.36
25-12-30 13:16:47 | D |       - single_transformer_blocks.36.attn.qkv_proj + single_transformer_blocks.36.up_proj
25-12-30 13:16:47 | D |       - single_transformer_blocks.36.attn.out_proj
25-12-30 13:16:47 | D |       - single_transformer_blocks.36.down_proj
25-12-30 13:16:47 | D |   - Smoothing Diffusion Block single_transformer_blocks.37
25-12-30 13:16:47 | D |     - Skipping Module single_transformer_blocks.37.norm.linear
25-12-30 13:16:47 | D |     - Smoothing Transformer Block single_transformer_blocks.37
25-12-30 13:16:47 | D |       - single_transformer_blocks.37.attn.qkv_proj + single_transformer_blocks.37.up_proj
25-12-30 13:16:47 | D |       - single_transformer_blocks.37.attn.out_proj
25-12-30 13:16:47 | D |       - single_transformer_blocks.37.down_proj
25-12-30 13:16:47 | I |   - Linking smooth scales to runs/diffusion/flux.1/flux.1-schnell/w.4-x.4-y.16-w.4/w.sfp4_e2m1_all-x.sfp4_e2m1_all-y.bf16-w.sint4/w.v16.sfp8_e4m3_nan.tsnr.bf16-x.v16.sfp8_e4m3_nan-y.tnsr.bf16-w.v64.bf16/smooth.proj-w.static.lowrank/skip.x.[[w]+tan+tn].w.[e+rs+rtp+s+tpi+tpo]-extra.[tan+tn]-low.r32.i100.e.skip.[rc+tan+tn]-smth.proj.GridSearch.bn2.[AbsMax].lr.skip.[rc+tan+tn]-qdiff.128-t4.g0-s1024.RUNNING/run-251230.131622.RUNNING/cache/smooth.pt
25-12-30 13:16:48 | I | * Quantizing weights
25-12-30 13:16:48 | I |   - Loading branch settings from runs/diffusion/cache/quant/qdiff.128/branch/w.4-x.4-y.16-w.4/w.sfp4_e2m1_all-x.sfp4_e2m1_all-y.bf16-w.sint4/w.v16.sfp8_e4m3_nan.tsnr.bf16-x.v16.sfp8_e4m3_nan-y.tnsr.bf16-w.v64.bf16/w.skip.[e+rs+rtp+s+tpi+tpo]-x.skip.[e+rs+rtp+s+tan+tn+tpi+tpo]-y.skip.[]-w.include.[tan+tn]/lowrank.r32/smooth.proj.OutputsError.GridSearch.Layer.d2.en1.sn1/smooth.proj.[a.AbsMax.b.AbsMax]/smooth.proj.g20.bn2.lr.nf/smooth.proj.skip.[rc+tan+tn]/lowrank.OutputsError.Manual.Layer.d2.en1.sn1/lowrank.i100.r32.earlystop/lowrank.skip.[rc+tan+tn]/flux.1-schnell.pt
25-12-30 13:16:48 | I |   - Generating weight settings
25-12-30 13:16:48 | I |   * Adding low-rank branches to weights
25-12-30 13:16:48 | D |     - Calibrating low-rank branches of block transformer_blocks.0
25-12-30 13:16:48 | D |       + Adding low-rank branches to transformer_blocks.0.attn.to_q, transformer_blocks.0.attn.to_k, transformer_blocks.0.attn.to_v
25-12-30 13:16:50 | D |       + Adding low-rank branches to transformer_blocks.0.attn.add_q_proj, transformer_blocks.0.attn.add_k_proj, transformer_blocks.0.attn.add_v_proj
25-12-30 13:16:51 | D |       + Adding low-rank branches to transformer_blocks.0.attn.to_out.0
25-12-30 13:16:51 | D |       + Adding low-rank branches to transformer_blocks.0.attn.to_add_out
25-12-30 13:16:51 | D |       + Adding low-rank branches to transformer_blocks.0.ff.net.0.proj
25-12-30 13:16:51 | D |       + Adding low-rank branches to transformer_blocks.0.ff.net.2
25-12-30 13:16:52 | D |       + Adding low-rank branches to transformer_blocks.0.ff_context.net.0.proj
25-12-30 13:16:52 | D |       + Adding low-rank branches to transformer_blocks.0.ff_context.net.2
25-12-30 13:16:53 | D |     - Calibrating low-rank branches of block transformer_blocks.1
25-12-30 13:16:53 | D |       + Adding low-rank branches to transformer_blocks.1.attn.to_q, transformer_blocks.1.attn.to_k, transformer_blocks.1.attn.to_v
25-12-30 13:16:53 | D |       + Adding low-rank branches to transformer_blocks.1.attn.add_q_proj, transformer_blocks.1.attn.add_k_proj, transformer_blocks.1.attn.add_v_proj
25-12-30 13:16:53 | D |       + Adding low-rank branches to transformer_blocks.1.attn.to_out.0
25-12-30 13:16:54 | D |       + Adding low-rank branches to transformer_blocks.1.attn.to_add_out
25-12-30 13:16:54 | D |       + Adding low-rank branches to transformer_blocks.1.ff.net.0.proj
25-12-30 13:16:54 | D |       + Adding low-rank branches to transformer_blocks.1.ff.net.2
25-12-30 13:16:55 | D |       + Adding low-rank branches to transformer_blocks.1.ff_context.net.0.proj
25-12-30 13:16:55 | D |       + Adding low-rank branches to transformer_blocks.1.ff_context.net.2
25-12-30 13:16:56 | D |     - Calibrating low-rank branches of block transformer_blocks.2
25-12-30 13:16:56 | D |       + Adding low-rank branches to transformer_blocks.2.attn.to_q, transformer_blocks.2.attn.to_k, transformer_blocks.2.attn.to_v
25-12-30 13:16:56 | D |       + Adding low-rank branches to transformer_blocks.2.attn.add_q_proj, transformer_blocks.2.attn.add_k_proj, transformer_blocks.2.attn.add_v_proj
25-12-30 13:16:57 | D |       + Adding low-rank branches to transformer_blocks.2.attn.to_out.0
25-12-30 13:16:57 | D |       + Adding low-rank branches to transformer_blocks.2.attn.to_add_out
25-12-30 13:16:57 | D |       + Adding low-rank branches to transformer_blocks.2.ff.net.0.proj
25-12-30 13:16:58 | D |       + Adding low-rank branches to transformer_blocks.2.ff.net.2
25-12-30 13:16:58 | D |       + Adding low-rank branches to transformer_blocks.2.ff_context.net.0.proj
25-12-30 13:16:59 | D |       + Adding low-rank branches to transformer_blocks.2.ff_context.net.2
25-12-30 13:16:59 | D |     - Calibrating low-rank branches of block transformer_blocks.3
25-12-30 13:16:59 | D |       + Adding low-rank branches to transformer_blocks.3.attn.to_q, transformer_blocks.3.attn.to_k, transformer_blocks.3.attn.to_v
25-12-30 13:17:00 | D |       + Adding low-rank branches to transformer_blocks.3.attn.add_q_proj, transformer_blocks.3.attn.add_k_proj, transformer_blocks.3.attn.add_v_proj
25-12-30 13:17:00 | D |       + Adding low-rank branches to transformer_blocks.3.attn.to_out.0
25-12-30 13:17:00 | D |       + Adding low-rank branches to transformer_blocks.3.attn.to_add_out
25-12-30 13:17:01 | D |       + Adding low-rank branches to transformer_blocks.3.ff.net.0.proj
25-12-30 13:17:01 | D |       + Adding low-rank branches to transformer_blocks.3.ff.net.2
25-12-30 13:17:02 | D |       + Adding low-rank branches to transformer_blocks.3.ff_context.net.0.proj
25-12-30 13:17:02 | D |       + Adding low-rank branches to transformer_blocks.3.ff_context.net.2
25-12-30 13:17:02 | D |     - Calibrating low-rank branches of block transformer_blocks.4
25-12-30 13:17:02 | D |       + Adding low-rank branches to transformer_blocks.4.attn.to_q, transformer_blocks.4.attn.to_k, transformer_blocks.4.attn.to_v
25-12-30 13:17:03 | D |       + Adding low-rank branches to transformer_blocks.4.attn.add_q_proj, transformer_blocks.4.attn.add_k_proj, transformer_blocks.4.attn.add_v_proj
25-12-30 13:17:03 | D |       + Adding low-rank branches to transformer_blocks.4.attn.to_out.0
25-12-30 13:17:04 | D |       + Adding low-rank branches to transformer_blocks.4.attn.to_add_out
25-12-30 13:17:04 | D |       + Adding low-rank branches to transformer_blocks.4.ff.net.0.proj
25-12-30 13:17:04 | D |       + Adding low-rank branches to transformer_blocks.4.ff.net.2
25-12-30 13:17:05 | D |       + Adding low-rank branches to transformer_blocks.4.ff_context.net.0.proj
25-12-30 13:17:05 | D |       + Adding low-rank branches to transformer_blocks.4.ff_context.net.2
25-12-30 13:17:06 | D |     - Calibrating low-rank branches of block transformer_blocks.5
25-12-30 13:17:06 | D |       + Adding low-rank branches to transformer_blocks.5.attn.to_q, transformer_blocks.5.attn.to_k, transformer_blocks.5.attn.to_v
25-12-30 13:17:06 | D |       + Adding low-rank branches to transformer_blocks.5.attn.add_q_proj, transformer_blocks.5.attn.add_k_proj, transformer_blocks.5.attn.add_v_proj
25-12-30 13:17:07 | D |       + Adding low-rank branches to transformer_blocks.5.attn.to_out.0
25-12-30 13:17:07 | D |       + Adding low-rank branches to transformer_blocks.5.attn.to_add_out
25-12-30 13:17:08 | D |       + Adding low-rank branches to transformer_blocks.5.ff.net.0.proj
25-12-30 13:17:08 | D |       + Adding low-rank branches to transformer_blocks.5.ff.net.2
25-12-30 13:17:08 | D |       + Adding low-rank branches to transformer_blocks.5.ff_context.net.0.proj
25-12-30 13:17:09 | D |       + Adding low-rank branches to transformer_blocks.5.ff_context.net.2
25-12-30 13:17:09 | D |     - Calibrating low-rank branches of block transformer_blocks.6
25-12-30 13:17:09 | D |       + Adding low-rank branches to transformer_blocks.6.attn.to_q, transformer_blocks.6.attn.to_k, transformer_blocks.6.attn.to_v
25-12-30 13:17:10 | D |       + Adding low-rank branches to transformer_blocks.6.attn.add_q_proj, transformer_blocks.6.attn.add_k_proj, transformer_blocks.6.attn.add_v_proj
25-12-30 13:17:10 | D |       + Adding low-rank branches to transformer_blocks.6.attn.to_out.0
25-12-30 13:17:11 | D |       + Adding low-rank branches to transformer_blocks.6.attn.to_add_out
25-12-30 13:17:11 | D |       + Adding low-rank branches to transformer_blocks.6.ff.net.0.proj
25-12-30 13:17:12 | D |       + Adding low-rank branches to transformer_blocks.6.ff.net.2
25-12-30 13:17:12 | D |       + Adding low-rank branches to transformer_blocks.6.ff_context.net.0.proj
25-12-30 13:17:13 | D |       + Adding low-rank branches to transformer_blocks.6.ff_context.net.2
25-12-30 13:17:13 | D |     - Calibrating low-rank branches of block transformer_blocks.7
25-12-30 13:17:13 | D |       + Adding low-rank branches to transformer_blocks.7.attn.to_q, transformer_blocks.7.attn.to_k, transformer_blocks.7.attn.to_v
25-12-30 13:17:14 | D |       + Adding low-rank branches to transformer_blocks.7.attn.add_q_proj, transformer_blocks.7.attn.add_k_proj, transformer_blocks.7.attn.add_v_proj
25-12-30 13:17:14 | D |       + Adding low-rank branches to transformer_blocks.7.attn.to_out.0
25-12-30 13:17:15 | D |       + Adding low-rank branches to transformer_blocks.7.attn.to_add_out
25-12-30 13:17:15 | D |       + Adding low-rank branches to transformer_blocks.7.ff.net.0.proj
25-12-30 13:17:16 | D |       + Adding low-rank branches to transformer_blocks.7.ff.net.2
25-12-30 13:17:16 | D |       + Adding low-rank branches to transformer_blocks.7.ff_context.net.0.proj
25-12-30 13:17:17 | D |       + Adding low-rank branches to transformer_blocks.7.ff_context.net.2
25-12-30 13:17:17 | D |     - Calibrating low-rank branches of block transformer_blocks.8
25-12-30 13:17:17 | D |       + Adding low-rank branches to transformer_blocks.8.attn.to_q, transformer_blocks.8.attn.to_k, transformer_blocks.8.attn.to_v
25-12-30 13:17:18 | D |       + Adding low-rank branches to transformer_blocks.8.attn.add_q_proj, transformer_blocks.8.attn.add_k_proj, transformer_blocks.8.attn.add_v_proj
25-12-30 13:17:18 | D |       + Adding low-rank branches to transformer_blocks.8.attn.to_out.0
25-12-30 13:17:19 | D |       + Adding low-rank branches to transformer_blocks.8.attn.to_add_out
25-12-30 13:17:19 | D |       + Adding low-rank branches to transformer_blocks.8.ff.net.0.proj
25-12-30 13:17:20 | D |       + Adding low-rank branches to transformer_blocks.8.ff.net.2
25-12-30 13:17:20 | D |       + Adding low-rank branches to transformer_blocks.8.ff_context.net.0.proj
25-12-30 13:17:21 | D |       + Adding low-rank branches to transformer_blocks.8.ff_context.net.2
25-12-30 13:17:22 | D |     - Calibrating low-rank branches of block transformer_blocks.9
25-12-30 13:17:22 | D |       + Adding low-rank branches to transformer_blocks.9.attn.to_q, transformer_blocks.9.attn.to_k, transformer_blocks.9.attn.to_v
25-12-30 13:17:22 | D |       + Adding low-rank branches to transformer_blocks.9.attn.add_q_proj, transformer_blocks.9.attn.add_k_proj, transformer_blocks.9.attn.add_v_proj
25-12-30 13:17:23 | D |       + Adding low-rank branches to transformer_blocks.9.attn.to_out.0
25-12-30 13:17:23 | D |       + Adding low-rank branches to transformer_blocks.9.attn.to_add_out
25-12-30 13:17:24 | D |       + Adding low-rank branches to transformer_blocks.9.ff.net.0.proj
25-12-30 13:17:24 | D |       + Adding low-rank branches to transformer_blocks.9.ff.net.2
25-12-30 13:17:25 | D |       + Adding low-rank branches to transformer_blocks.9.ff_context.net.0.proj
25-12-30 13:17:25 | D |       + Adding low-rank branches to transformer_blocks.9.ff_context.net.2
25-12-30 13:17:26 | D |     - Calibrating low-rank branches of block transformer_blocks.10
25-12-30 13:17:26 | D |       + Adding low-rank branches to transformer_blocks.10.attn.to_q, transformer_blocks.10.attn.to_k, transformer_blocks.10.attn.to_v
25-12-30 13:17:26 | D |       + Adding low-rank branches to transformer_blocks.10.attn.add_q_proj, transformer_blocks.10.attn.add_k_proj, transformer_blocks.10.attn.add_v_proj
25-12-30 13:17:27 | D |       + Adding low-rank branches to transformer_blocks.10.attn.to_out.0
25-12-30 13:17:27 | D |       + Adding low-rank branches to transformer_blocks.10.attn.to_add_out
25-12-30 13:17:28 | D |       + Adding low-rank branches to transformer_blocks.10.ff.net.0.proj
25-12-30 13:17:28 | D |       + Adding low-rank branches to transformer_blocks.10.ff.net.2
25-12-30 13:17:29 | D |       + Adding low-rank branches to transformer_blocks.10.ff_context.net.0.proj
25-12-30 13:17:29 | D |       + Adding low-rank branches to transformer_blocks.10.ff_context.net.2
25-12-30 13:17:29 | D |     - Calibrating low-rank branches of block transformer_blocks.11
25-12-30 13:17:29 | D |       + Adding low-rank branches to transformer_blocks.11.attn.to_q, transformer_blocks.11.attn.to_k, transformer_blocks.11.attn.to_v
25-12-30 13:17:30 | D |       + Adding low-rank branches to transformer_blocks.11.attn.add_q_proj, transformer_blocks.11.attn.add_k_proj, transformer_blocks.11.attn.add_v_proj
25-12-30 13:17:31 | D |       + Adding low-rank branches to transformer_blocks.11.attn.to_out.0
25-12-30 13:17:31 | D |       + Adding low-rank branches to transformer_blocks.11.attn.to_add_out
25-12-30 13:17:31 | D |       + Adding low-rank branches to transformer_blocks.11.ff.net.0.proj
25-12-30 13:17:32 | D |       + Adding low-rank branches to transformer_blocks.11.ff.net.2
25-12-30 13:17:32 | D |       + Adding low-rank branches to transformer_blocks.11.ff_context.net.0.proj
25-12-30 13:17:32 | D |       + Adding low-rank branches to transformer_blocks.11.ff_context.net.2
25-12-30 13:17:33 | D |     - Calibrating low-rank branches of block transformer_blocks.12
25-12-30 13:17:33 | D |       + Adding low-rank branches to transformer_blocks.12.attn.to_q, transformer_blocks.12.attn.to_k, transformer_blocks.12.attn.to_v
25-12-30 13:17:33 | D |       + Adding low-rank branches to transformer_blocks.12.attn.add_q_proj, transformer_blocks.12.attn.add_k_proj, transformer_blocks.12.attn.add_v_proj
25-12-30 13:17:34 | D |       + Adding low-rank branches to transformer_blocks.12.attn.to_out.0
25-12-30 13:17:34 | D |       + Adding low-rank branches to transformer_blocks.12.attn.to_add_out
25-12-30 13:17:34 | D |       + Adding low-rank branches to transformer_blocks.12.ff.net.0.proj
25-12-30 13:17:35 | D |       + Adding low-rank branches to transformer_blocks.12.ff.net.2
25-12-30 13:17:35 | D |       + Adding low-rank branches to transformer_blocks.12.ff_context.net.0.proj
25-12-30 13:17:36 | D |       + Adding low-rank branches to transformer_blocks.12.ff_context.net.2
25-12-30 13:17:36 | D |     - Calibrating low-rank branches of block transformer_blocks.13
25-12-30 13:17:36 | D |       + Adding low-rank branches to transformer_blocks.13.attn.to_q, transformer_blocks.13.attn.to_k, transformer_blocks.13.attn.to_v
25-12-30 13:17:36 | D |       + Adding low-rank branches to transformer_blocks.13.attn.add_q_proj, transformer_blocks.13.attn.add_k_proj, transformer_blocks.13.attn.add_v_proj
25-12-30 13:17:37 | D |       + Adding low-rank branches to transformer_blocks.13.attn.to_out.0
25-12-30 13:17:37 | D |       + Adding low-rank branches to transformer_blocks.13.attn.to_add_out
25-12-30 13:17:38 | D |       + Adding low-rank branches to transformer_blocks.13.ff.net.0.proj
25-12-30 13:17:38 | D |       + Adding low-rank branches to transformer_blocks.13.ff.net.2
25-12-30 13:17:38 | D |       + Adding low-rank branches to transformer_blocks.13.ff_context.net.0.proj
25-12-30 13:17:39 | D |       + Adding low-rank branches to transformer_blocks.13.ff_context.net.2
25-12-30 13:17:39 | D |     - Calibrating low-rank branches of block transformer_blocks.14
25-12-30 13:17:39 | D |       + Adding low-rank branches to transformer_blocks.14.attn.to_q, transformer_blocks.14.attn.to_k, transformer_blocks.14.attn.to_v
25-12-30 13:17:40 | D |       + Adding low-rank branches to transformer_blocks.14.attn.add_q_proj, transformer_blocks.14.attn.add_k_proj, transformer_blocks.14.attn.add_v_proj
25-12-30 13:17:40 | D |       + Adding low-rank branches to transformer_blocks.14.attn.to_out.0
25-12-30 13:17:41 | D |       + Adding low-rank branches to transformer_blocks.14.attn.to_add_out
25-12-30 13:17:41 | D |       + Adding low-rank branches to transformer_blocks.14.ff.net.0.proj
25-12-30 13:17:41 | D |       + Adding low-rank branches to transformer_blocks.14.ff.net.2
25-12-30 13:17:42 | D |       + Adding low-rank branches to transformer_blocks.14.ff_context.net.0.proj
25-12-30 13:17:42 | D |       + Adding low-rank branches to transformer_blocks.14.ff_context.net.2
25-12-30 13:17:42 | D |     - Calibrating low-rank branches of block transformer_blocks.15
25-12-30 13:17:42 | D |       + Adding low-rank branches to transformer_blocks.15.attn.to_q, transformer_blocks.15.attn.to_k, transformer_blocks.15.attn.to_v
25-12-30 13:17:43 | D |       + Adding low-rank branches to transformer_blocks.15.attn.add_q_proj, transformer_blocks.15.attn.add_k_proj, transformer_blocks.15.attn.add_v_proj
25-12-30 13:17:43 | D |       + Adding low-rank branches to transformer_blocks.15.attn.to_out.0
25-12-30 13:17:44 | D |       + Adding low-rank branches to transformer_blocks.15.attn.to_add_out
25-12-30 13:17:44 | D |       + Adding low-rank branches to transformer_blocks.15.ff.net.0.proj
25-12-30 13:17:44 | D |       + Adding low-rank branches to transformer_blocks.15.ff.net.2
25-12-30 13:17:45 | D |       + Adding low-rank branches to transformer_blocks.15.ff_context.net.0.proj
25-12-30 13:17:45 | D |       + Adding low-rank branches to transformer_blocks.15.ff_context.net.2
25-12-30 13:17:46 | D |     - Calibrating low-rank branches of block transformer_blocks.16
25-12-30 13:17:46 | D |       + Adding low-rank branches to transformer_blocks.16.attn.to_q, transformer_blocks.16.attn.to_k, transformer_blocks.16.attn.to_v
25-12-30 13:17:46 | D |       + Adding low-rank branches to transformer_blocks.16.attn.add_q_proj, transformer_blocks.16.attn.add_k_proj, transformer_blocks.16.attn.add_v_proj
25-12-30 13:17:46 | D |       + Adding low-rank branches to transformer_blocks.16.attn.to_out.0
25-12-30 13:17:47 | D |       + Adding low-rank branches to transformer_blocks.16.attn.to_add_out
25-12-30 13:17:47 | D |       + Adding low-rank branches to transformer_blocks.16.ff.net.0.proj
25-12-30 13:17:48 | D |       + Adding low-rank branches to transformer_blocks.16.ff.net.2
25-12-30 13:17:48 | D |       + Adding low-rank branches to transformer_blocks.16.ff_context.net.0.proj
25-12-30 13:17:48 | D |       + Adding low-rank branches to transformer_blocks.16.ff_context.net.2
25-12-30 13:17:49 | D |     - Calibrating low-rank branches of block transformer_blocks.17
25-12-30 13:17:49 | D |       + Adding low-rank branches to transformer_blocks.17.attn.to_q, transformer_blocks.17.attn.to_k, transformer_blocks.17.attn.to_v
25-12-30 13:17:49 | D |       + Adding low-rank branches to transformer_blocks.17.attn.add_q_proj, transformer_blocks.17.attn.add_k_proj, transformer_blocks.17.attn.add_v_proj
25-12-30 13:17:50 | D |       + Adding low-rank branches to transformer_blocks.17.attn.to_out.0
25-12-30 13:17:50 | D |       + Adding low-rank branches to transformer_blocks.17.attn.to_add_out
25-12-30 13:17:50 | D |       + Adding low-rank branches to transformer_blocks.17.ff.net.0.proj
25-12-30 13:17:51 | D |       + Adding low-rank branches to transformer_blocks.17.ff.net.2
25-12-30 13:17:51 | D |       + Adding low-rank branches to transformer_blocks.17.ff_context.net.0.proj
25-12-30 13:17:52 | D |       + Adding low-rank branches to transformer_blocks.17.ff_context.net.2
25-12-30 13:17:52 | D |     - Calibrating low-rank branches of block transformer_blocks.18
25-12-30 13:17:52 | D |       + Adding low-rank branches to transformer_blocks.18.attn.to_q, transformer_blocks.18.attn.to_k, transformer_blocks.18.attn.to_v
25-12-30 13:17:52 | D |       + Adding low-rank branches to transformer_blocks.18.attn.add_q_proj, transformer_blocks.18.attn.add_k_proj, transformer_blocks.18.attn.add_v_proj
25-12-30 13:17:53 | D |       + Adding low-rank branches to transformer_blocks.18.attn.to_out.0
25-12-30 13:17:53 | D |       + Adding low-rank branches to transformer_blocks.18.attn.to_add_out
25-12-30 13:17:54 | D |       + Adding low-rank branches to transformer_blocks.18.ff.net.0.proj
25-12-30 13:17:54 | D |       + Adding low-rank branches to transformer_blocks.18.ff.net.2
25-12-30 13:17:54 | D |       + Adding low-rank branches to transformer_blocks.18.ff_context.net.0.proj
25-12-30 13:17:55 | D |       + Adding low-rank branches to transformer_blocks.18.ff_context.net.2
25-12-30 13:17:55 | D |     - Calibrating low-rank branches of block single_transformer_blocks.0
25-12-30 13:17:55 | D |       + Adding low-rank branches to single_transformer_blocks.0.attn.to_q, single_transformer_blocks.0.attn.to_k, single_transformer_blocks.0.attn.to_v
25-12-30 13:17:55 | D |       + Adding low-rank branches to single_transformer_blocks.0.proj_out.linears.0
25-12-30 13:17:56 | D |       + Adding low-rank branches to single_transformer_blocks.0.proj_mlp
25-12-30 13:17:56 | D |       + Adding low-rank branches to single_transformer_blocks.0.proj_out.linears.1
25-12-30 13:17:57 | D |     - Calibrating low-rank branches of block single_transformer_blocks.1
25-12-30 13:17:57 | D |       + Adding low-rank branches to single_transformer_blocks.1.attn.to_q, single_transformer_blocks.1.attn.to_k, single_transformer_blocks.1.attn.to_v
25-12-30 13:17:57 | D |       + Adding low-rank branches to single_transformer_blocks.1.proj_out.linears.0
25-12-30 13:17:57 | D |       + Adding low-rank branches to single_transformer_blocks.1.proj_mlp
25-12-30 13:17:58 | D |       + Adding low-rank branches to single_transformer_blocks.1.proj_out.linears.1
25-12-30 13:17:58 | D |     - Calibrating low-rank branches of block single_transformer_blocks.2
25-12-30 13:17:58 | D |       + Adding low-rank branches to single_transformer_blocks.2.attn.to_q, single_transformer_blocks.2.attn.to_k, single_transformer_blocks.2.attn.to_v
25-12-30 13:17:58 | D |       + Adding low-rank branches to single_transformer_blocks.2.proj_out.linears.0
25-12-30 13:17:59 | D |       + Adding low-rank branches to single_transformer_blocks.2.proj_mlp
25-12-30 13:17:59 | D |       + Adding low-rank branches to single_transformer_blocks.2.proj_out.linears.1
25-12-30 13:17:59 | D |     - Calibrating low-rank branches of block single_transformer_blocks.3
25-12-30 13:17:59 | D |       + Adding low-rank branches to single_transformer_blocks.3.attn.to_q, single_transformer_blocks.3.attn.to_k, single_transformer_blocks.3.attn.to_v
25-12-30 13:18:00 | D |       + Adding low-rank branches to single_transformer_blocks.3.proj_out.linears.0
25-12-30 13:18:00 | D |       + Adding low-rank branches to single_transformer_blocks.3.proj_mlp
25-12-30 13:18:01 | D |       + Adding low-rank branches to single_transformer_blocks.3.proj_out.linears.1
25-12-30 13:18:01 | D |     - Calibrating low-rank branches of block single_transformer_blocks.4
25-12-30 13:18:01 | D |       + Adding low-rank branches to single_transformer_blocks.4.attn.to_q, single_transformer_blocks.4.attn.to_k, single_transformer_blocks.4.attn.to_v
25-12-30 13:18:01 | D |       + Adding low-rank branches to single_transformer_blocks.4.proj_out.linears.0
25-12-30 13:18:02 | D |       + Adding low-rank branches to single_transformer_blocks.4.proj_mlp
25-12-30 13:18:02 | D |       + Adding low-rank branches to single_transformer_blocks.4.proj_out.linears.1
25-12-30 13:18:03 | D |     - Calibrating low-rank branches of block single_transformer_blocks.5
25-12-30 13:18:03 | D |       + Adding low-rank branches to single_transformer_blocks.5.attn.to_q, single_transformer_blocks.5.attn.to_k, single_transformer_blocks.5.attn.to_v
25-12-30 13:18:03 | D |       + Adding low-rank branches to single_transformer_blocks.5.proj_out.linears.0
25-12-30 13:18:03 | D |       + Adding low-rank branches to single_transformer_blocks.5.proj_mlp
25-12-30 13:18:04 | D |       + Adding low-rank branches to single_transformer_blocks.5.proj_out.linears.1
25-12-30 13:18:04 | D |     - Calibrating low-rank branches of block single_transformer_blocks.6
25-12-30 13:18:04 | D |       + Adding low-rank branches to single_transformer_blocks.6.attn.to_q, single_transformer_blocks.6.attn.to_k, single_transformer_blocks.6.attn.to_v
25-12-30 13:18:05 | D |       + Adding low-rank branches to single_transformer_blocks.6.proj_out.linears.0
25-12-30 13:18:05 | D |       + Adding low-rank branches to single_transformer_blocks.6.proj_mlp
25-12-30 13:18:05 | D |       + Adding low-rank branches to single_transformer_blocks.6.proj_out.linears.1
25-12-30 13:18:06 | D |     - Calibrating low-rank branches of block single_transformer_blocks.7
25-12-30 13:18:06 | D |       + Adding low-rank branches to single_transformer_blocks.7.attn.to_q, single_transformer_blocks.7.attn.to_k, single_transformer_blocks.7.attn.to_v
25-12-30 13:18:06 | D |       + Adding low-rank branches to single_transformer_blocks.7.proj_out.linears.0
25-12-30 13:18:07 | D |       + Adding low-rank branches to single_transformer_blocks.7.proj_mlp
25-12-30 13:18:07 | D |       + Adding low-rank branches to single_transformer_blocks.7.proj_out.linears.1
25-12-30 13:18:08 | D |     - Calibrating low-rank branches of block single_transformer_blocks.8
25-12-30 13:18:08 | D |       + Adding low-rank branches to single_transformer_blocks.8.attn.to_q, single_transformer_blocks.8.attn.to_k, single_transformer_blocks.8.attn.to_v
25-12-30 13:18:08 | D |       + Adding low-rank branches to single_transformer_blocks.8.proj_out.linears.0
25-12-30 13:18:08 | D |       + Adding low-rank branches to single_transformer_blocks.8.proj_mlp
25-12-30 13:18:09 | D |       + Adding low-rank branches to single_transformer_blocks.8.proj_out.linears.1
25-12-30 13:18:09 | D |     - Calibrating low-rank branches of block single_transformer_blocks.9
25-12-30 13:18:09 | D |       + Adding low-rank branches to single_transformer_blocks.9.attn.to_q, single_transformer_blocks.9.attn.to_k, single_transformer_blocks.9.attn.to_v
25-12-30 13:18:10 | D |       + Adding low-rank branches to single_transformer_blocks.9.proj_out.linears.0
25-12-30 13:18:10 | D |       + Adding low-rank branches to single_transformer_blocks.9.proj_mlp
25-12-30 13:18:10 | D |       + Adding low-rank branches to single_transformer_blocks.9.proj_out.linears.1
25-12-30 13:18:11 | D |     - Calibrating low-rank branches of block single_transformer_blocks.10
25-12-30 13:18:11 | D |       + Adding low-rank branches to single_transformer_blocks.10.attn.to_q, single_transformer_blocks.10.attn.to_k, single_transformer_blocks.10.attn.to_v
25-12-30 13:18:11 | D |       + Adding low-rank branches to single_transformer_blocks.10.proj_out.linears.0
25-12-30 13:18:11 | D |       + Adding low-rank branches to single_transformer_blocks.10.proj_mlp
25-12-30 13:18:12 | D |       + Adding low-rank branches to single_transformer_blocks.10.proj_out.linears.1
25-12-30 13:18:12 | D |     - Calibrating low-rank branches of block single_transformer_blocks.11
25-12-30 13:18:12 | D |       + Adding low-rank branches to single_transformer_blocks.11.attn.to_q, single_transformer_blocks.11.attn.to_k, single_transformer_blocks.11.attn.to_v
25-12-30 13:18:13 | D |       + Adding low-rank branches to single_transformer_blocks.11.proj_out.linears.0
25-12-30 13:18:13 | D |       + Adding low-rank branches to single_transformer_blocks.11.proj_mlp
25-12-30 13:18:13 | D |       + Adding low-rank branches to single_transformer_blocks.11.proj_out.linears.1
25-12-30 13:18:14 | D |     - Calibrating low-rank branches of block single_transformer_blocks.12
25-12-30 13:18:14 | D |       + Adding low-rank branches to single_transformer_blocks.12.attn.to_q, single_transformer_blocks.12.attn.to_k, single_transformer_blocks.12.attn.to_v
25-12-30 13:18:15 | D |       + Adding low-rank branches to single_transformer_blocks.12.proj_out.linears.0
25-12-30 13:18:15 | D |       + Adding low-rank branches to single_transformer_blocks.12.proj_mlp
25-12-30 13:18:15 | D |       + Adding low-rank branches to single_transformer_blocks.12.proj_out.linears.1
25-12-30 13:18:16 | D |     - Calibrating low-rank branches of block single_transformer_blocks.13
25-12-30 13:18:16 | D |       + Adding low-rank branches to single_transformer_blocks.13.attn.to_q, single_transformer_blocks.13.attn.to_k, single_transformer_blocks.13.attn.to_v
25-12-30 13:18:16 | D |       + Adding low-rank branches to single_transformer_blocks.13.proj_out.linears.0
25-12-30 13:18:17 | D |       + Adding low-rank branches to single_transformer_blocks.13.proj_mlp
25-12-30 13:18:17 | D |       + Adding low-rank branches to single_transformer_blocks.13.proj_out.linears.1
25-12-30 13:18:17 | D |     - Calibrating low-rank branches of block single_transformer_blocks.14
25-12-30 13:18:17 | D |       + Adding low-rank branches to single_transformer_blocks.14.attn.to_q, single_transformer_blocks.14.attn.to_k, single_transformer_blocks.14.attn.to_v
25-12-30 13:18:18 | D |       + Adding low-rank branches to single_transformer_blocks.14.proj_out.linears.0
25-12-30 13:18:18 | D |       + Adding low-rank branches to single_transformer_blocks.14.proj_mlp
25-12-30 13:18:19 | D |       + Adding low-rank branches to single_transformer_blocks.14.proj_out.linears.1
25-12-30 13:18:19 | D |     - Calibrating low-rank branches of block single_transformer_blocks.15
25-12-30 13:18:19 | D |       + Adding low-rank branches to single_transformer_blocks.15.attn.to_q, single_transformer_blocks.15.attn.to_k, single_transformer_blocks.15.attn.to_v
25-12-30 13:18:19 | D |       + Adding low-rank branches to single_transformer_blocks.15.proj_out.linears.0
25-12-30 13:18:20 | D |       + Adding low-rank branches to single_transformer_blocks.15.proj_mlp
25-12-30 13:18:20 | D |       + Adding low-rank branches to single_transformer_blocks.15.proj_out.linears.1
25-12-30 13:18:21 | D |     - Calibrating low-rank branches of block single_transformer_blocks.16
25-12-30 13:18:21 | D |       + Adding low-rank branches to single_transformer_blocks.16.attn.to_q, single_transformer_blocks.16.attn.to_k, single_transformer_blocks.16.attn.to_v
25-12-30 13:18:21 | D |       + Adding low-rank branches to single_transformer_blocks.16.proj_out.linears.0
25-12-30 13:18:21 | D |       + Adding low-rank branches to single_transformer_blocks.16.proj_mlp
25-12-30 13:18:22 | D |       + Adding low-rank branches to single_transformer_blocks.16.proj_out.linears.1
25-12-30 13:18:22 | D |     - Calibrating low-rank branches of block single_transformer_blocks.17
25-12-30 13:18:22 | D |       + Adding low-rank branches to single_transformer_blocks.17.attn.to_q, single_transformer_blocks.17.attn.to_k, single_transformer_blocks.17.attn.to_v
25-12-30 13:18:23 | D |       + Adding low-rank branches to single_transformer_blocks.17.proj_out.linears.0
25-12-30 13:18:23 | D |       + Adding low-rank branches to single_transformer_blocks.17.proj_mlp
25-12-30 13:18:23 | D |       + Adding low-rank branches to single_transformer_blocks.17.proj_out.linears.1
25-12-30 13:18:24 | D |     - Calibrating low-rank branches of block single_transformer_blocks.18
25-12-30 13:18:24 | D |       + Adding low-rank branches to single_transformer_blocks.18.attn.to_q, single_transformer_blocks.18.attn.to_k, single_transformer_blocks.18.attn.to_v
25-12-30 13:18:24 | D |       + Adding low-rank branches to single_transformer_blocks.18.proj_out.linears.0
25-12-30 13:18:25 | D |       + Adding low-rank branches to single_transformer_blocks.18.proj_mlp
25-12-30 13:18:25 | D |       + Adding low-rank branches to single_transformer_blocks.18.proj_out.linears.1
25-12-30 13:18:25 | D |     - Calibrating low-rank branches of block single_transformer_blocks.19
25-12-30 13:18:25 | D |       + Adding low-rank branches to single_transformer_blocks.19.attn.to_q, single_transformer_blocks.19.attn.to_k, single_transformer_blocks.19.attn.to_v
25-12-30 13:18:26 | D |       + Adding low-rank branches to single_transformer_blocks.19.proj_out.linears.0
25-12-30 13:18:26 | D |       + Adding low-rank branches to single_transformer_blocks.19.proj_mlp
25-12-30 13:18:27 | D |       + Adding low-rank branches to single_transformer_blocks.19.proj_out.linears.1
25-12-30 13:18:27 | D |     - Calibrating low-rank branches of block single_transformer_blocks.20
25-12-30 13:18:27 | D |       + Adding low-rank branches to single_transformer_blocks.20.attn.to_q, single_transformer_blocks.20.attn.to_k, single_transformer_blocks.20.attn.to_v
25-12-30 13:18:28 | D |       + Adding low-rank branches to single_transformer_blocks.20.proj_out.linears.0
25-12-30 13:18:28 | D |       + Adding low-rank branches to single_transformer_blocks.20.proj_mlp
25-12-30 13:18:28 | D |       + Adding low-rank branches to single_transformer_blocks.20.proj_out.linears.1
25-12-30 13:18:29 | D |     - Calibrating low-rank branches of block single_transformer_blocks.21
25-12-30 13:18:29 | D |       + Adding low-rank branches to single_transformer_blocks.21.attn.to_q, single_transformer_blocks.21.attn.to_k, single_transformer_blocks.21.attn.to_v
25-12-30 13:18:29 | D |       + Adding low-rank branches to single_transformer_blocks.21.proj_out.linears.0
25-12-30 13:18:29 | D |       + Adding low-rank branches to single_transformer_blocks.21.proj_mlp
25-12-30 13:18:30 | D |       + Adding low-rank branches to single_transformer_blocks.21.proj_out.linears.1
25-12-30 13:18:30 | D |     - Calibrating low-rank branches of block single_transformer_blocks.22
25-12-30 13:18:30 | D |       + Adding low-rank branches to single_transformer_blocks.22.attn.to_q, single_transformer_blocks.22.attn.to_k, single_transformer_blocks.22.attn.to_v
25-12-30 13:18:31 | D |       + Adding low-rank branches to single_transformer_blocks.22.proj_out.linears.0
25-12-30 13:18:31 | D |       + Adding low-rank branches to single_transformer_blocks.22.proj_mlp
25-12-30 13:18:31 | D |       + Adding low-rank branches to single_transformer_blocks.22.proj_out.linears.1
25-12-30 13:18:32 | D |     - Calibrating low-rank branches of block single_transformer_blocks.23
25-12-30 13:18:32 | D |       + Adding low-rank branches to single_transformer_blocks.23.attn.to_q, single_transformer_blocks.23.attn.to_k, single_transformer_blocks.23.attn.to_v
25-12-30 13:18:32 | D |       + Adding low-rank branches to single_transformer_blocks.23.proj_out.linears.0
25-12-30 13:18:32 | D |       + Adding low-rank branches to single_transformer_blocks.23.proj_mlp
25-12-30 13:18:33 | D |       + Adding low-rank branches to single_transformer_blocks.23.proj_out.linears.1
25-12-30 13:18:33 | D |     - Calibrating low-rank branches of block single_transformer_blocks.24
25-12-30 13:18:33 | D |       + Adding low-rank branches to single_transformer_blocks.24.attn.to_q, single_transformer_blocks.24.attn.to_k, single_transformer_blocks.24.attn.to_v
25-12-30 13:18:34 | D |       + Adding low-rank branches to single_transformer_blocks.24.proj_out.linears.0
25-12-30 13:18:34 | D |       + Adding low-rank branches to single_transformer_blocks.24.proj_mlp
25-12-30 13:18:35 | D |       + Adding low-rank branches to single_transformer_blocks.24.proj_out.linears.1
25-12-30 13:18:35 | D |     - Calibrating low-rank branches of block single_transformer_blocks.25
25-12-30 13:18:35 | D |       + Adding low-rank branches to single_transformer_blocks.25.attn.to_q, single_transformer_blocks.25.attn.to_k, single_transformer_blocks.25.attn.to_v
25-12-30 13:18:36 | D |       + Adding low-rank branches to single_transformer_blocks.25.proj_out.linears.0
25-12-30 13:18:36 | D |       + Adding low-rank branches to single_transformer_blocks.25.proj_mlp
25-12-30 13:18:36 | D |       + Adding low-rank branches to single_transformer_blocks.25.proj_out.linears.1
25-12-30 13:18:37 | D |     - Calibrating low-rank branches of block single_transformer_blocks.26
25-12-30 13:18:37 | D |       + Adding low-rank branches to single_transformer_blocks.26.attn.to_q, single_transformer_blocks.26.attn.to_k, single_transformer_blocks.26.attn.to_v
25-12-30 13:18:37 | D |       + Adding low-rank branches to single_transformer_blocks.26.proj_out.linears.0
25-12-30 13:18:37 | D |       + Adding low-rank branches to single_transformer_blocks.26.proj_mlp
25-12-30 13:18:38 | D |       + Adding low-rank branches to single_transformer_blocks.26.proj_out.linears.1
25-12-30 13:18:38 | D |     - Calibrating low-rank branches of block single_transformer_blocks.27
25-12-30 13:18:38 | D |       + Adding low-rank branches to single_transformer_blocks.27.attn.to_q, single_transformer_blocks.27.attn.to_k, single_transformer_blocks.27.attn.to_v
25-12-30 13:18:39 | D |       + Adding low-rank branches to single_transformer_blocks.27.proj_out.linears.0
25-12-30 13:18:39 | D |       + Adding low-rank branches to single_transformer_blocks.27.proj_mlp
25-12-30 13:18:40 | D |       + Adding low-rank branches to single_transformer_blocks.27.proj_out.linears.1
25-12-30 13:18:40 | D |     - Calibrating low-rank branches of block single_transformer_blocks.28
25-12-30 13:18:40 | D |       + Adding low-rank branches to single_transformer_blocks.28.attn.to_q, single_transformer_blocks.28.attn.to_k, single_transformer_blocks.28.attn.to_v
25-12-30 13:18:41 | D |       + Adding low-rank branches to single_transformer_blocks.28.proj_out.linears.0
25-12-30 13:18:41 | D |       + Adding low-rank branches to single_transformer_blocks.28.proj_mlp
25-12-30 13:18:41 | D |       + Adding low-rank branches to single_transformer_blocks.28.proj_out.linears.1
25-12-30 13:18:42 | D |     - Calibrating low-rank branches of block single_transformer_blocks.29
25-12-30 13:18:42 | D |       + Adding low-rank branches to single_transformer_blocks.29.attn.to_q, single_transformer_blocks.29.attn.to_k, single_transformer_blocks.29.attn.to_v
25-12-30 13:18:42 | D |       + Adding low-rank branches to single_transformer_blocks.29.proj_out.linears.0
25-12-30 13:18:42 | D |       + Adding low-rank branches to single_transformer_blocks.29.proj_mlp
25-12-30 13:18:43 | D |       + Adding low-rank branches to single_transformer_blocks.29.proj_out.linears.1
25-12-30 13:18:43 | D |     - Calibrating low-rank branches of block single_transformer_blocks.30
25-12-30 13:18:43 | D |       + Adding low-rank branches to single_transformer_blocks.30.attn.to_q, single_transformer_blocks.30.attn.to_k, single_transformer_blocks.30.attn.to_v
25-12-30 13:18:44 | D |       + Adding low-rank branches to single_transformer_blocks.30.proj_out.linears.0
25-12-30 13:18:44 | D |       + Adding low-rank branches to single_transformer_blocks.30.proj_mlp
25-12-30 13:18:44 | D |       + Adding low-rank branches to single_transformer_blocks.30.proj_out.linears.1
25-12-30 13:18:45 | D |     - Calibrating low-rank branches of block single_transformer_blocks.31
25-12-30 13:18:45 | D |       + Adding low-rank branches to single_transformer_blocks.31.attn.to_q, single_transformer_blocks.31.attn.to_k, single_transformer_blocks.31.attn.to_v
25-12-30 13:18:45 | D |       + Adding low-rank branches to single_transformer_blocks.31.proj_out.linears.0
25-12-30 13:18:45 | D |       + Adding low-rank branches to single_transformer_blocks.31.proj_mlp
25-12-30 13:18:46 | D |       + Adding low-rank branches to single_transformer_blocks.31.proj_out.linears.1
25-12-30 13:18:46 | D |     - Calibrating low-rank branches of block single_transformer_blocks.32
25-12-30 13:18:46 | D |       + Adding low-rank branches to single_transformer_blocks.32.attn.to_q, single_transformer_blocks.32.attn.to_k, single_transformer_blocks.32.attn.to_v
25-12-30 13:18:47 | D |       + Adding low-rank branches to single_transformer_blocks.32.proj_out.linears.0
25-12-30 13:18:47 | D |       + Adding low-rank branches to single_transformer_blocks.32.proj_mlp
25-12-30 13:18:47 | D |       + Adding low-rank branches to single_transformer_blocks.32.proj_out.linears.1
25-12-30 13:18:48 | D |     - Calibrating low-rank branches of block single_transformer_blocks.33
25-12-30 13:18:48 | D |       + Adding low-rank branches to single_transformer_blocks.33.attn.to_q, single_transformer_blocks.33.attn.to_k, single_transformer_blocks.33.attn.to_v
25-12-30 13:18:48 | D |       + Adding low-rank branches to single_transformer_blocks.33.proj_out.linears.0
25-12-30 13:18:49 | D |       + Adding low-rank branches to single_transformer_blocks.33.proj_mlp
25-12-30 13:18:49 | D |       + Adding low-rank branches to single_transformer_blocks.33.proj_out.linears.1
25-12-30 13:18:50 | D |     - Calibrating low-rank branches of block single_transformer_blocks.34
25-12-30 13:18:50 | D |       + Adding low-rank branches to single_transformer_blocks.34.attn.to_q, single_transformer_blocks.34.attn.to_k, single_transformer_blocks.34.attn.to_v
25-12-30 13:18:50 | D |       + Adding low-rank branches to single_transformer_blocks.34.proj_out.linears.0
25-12-30 13:18:51 | D |       + Adding low-rank branches to single_transformer_blocks.34.proj_mlp
25-12-30 13:18:51 | D |       + Adding low-rank branches to single_transformer_blocks.34.proj_out.linears.1
25-12-30 13:18:51 | D |     - Calibrating low-rank branches of block single_transformer_blocks.35
25-12-30 13:18:51 | D |       + Adding low-rank branches to single_transformer_blocks.35.attn.to_q, single_transformer_blocks.35.attn.to_k, single_transformer_blocks.35.attn.to_v
25-12-30 13:18:52 | D |       + Adding low-rank branches to single_transformer_blocks.35.proj_out.linears.0
25-12-30 13:18:52 | D |       + Adding low-rank branches to single_transformer_blocks.35.proj_mlp
25-12-30 13:18:53 | D |       + Adding low-rank branches to single_transformer_blocks.35.proj_out.linears.1
25-12-30 13:18:53 | D |     - Calibrating low-rank branches of block single_transformer_blocks.36
25-12-30 13:18:53 | D |       + Adding low-rank branches to single_transformer_blocks.36.attn.to_q, single_transformer_blocks.36.attn.to_k, single_transformer_blocks.36.attn.to_v
25-12-30 13:18:54 | D |       + Adding low-rank branches to single_transformer_blocks.36.proj_out.linears.0
25-12-30 13:18:54 | D |       + Adding low-rank branches to single_transformer_blocks.36.proj_mlp
25-12-30 13:18:54 | D |       + Adding low-rank branches to single_transformer_blocks.36.proj_out.linears.1
25-12-30 13:18:55 | D |     - Calibrating low-rank branches of block single_transformer_blocks.37
25-12-30 13:18:55 | D |       + Adding low-rank branches to single_transformer_blocks.37.attn.to_q, single_transformer_blocks.37.attn.to_k, single_transformer_blocks.37.attn.to_v
25-12-30 13:18:55 | D |       + Adding low-rank branches to single_transformer_blocks.37.proj_out.linears.0
25-12-30 13:18:56 | D |       + Adding low-rank branches to single_transformer_blocks.37.proj_mlp
25-12-30 13:18:56 | D |       + Adding low-rank branches to single_transformer_blocks.37.proj_out.linears.1
25-12-30 13:18:56 | D |   - Calibrating weights: block transformer_blocks.0
25-12-30 13:18:56 | D |     - Calibrating transformer_blocks.0.norm1.linear.weight quantizer
25-12-30 13:18:57 | D |     - Calibrating transformer_blocks.0.norm1_context.linear.weight quantizer
25-12-30 13:18:57 | D |     - Calibrating transformer_blocks.0.attn.to_q.weight quantizer
25-12-30 13:18:58 | D |     - Calibrating transformer_blocks.0.attn.to_k.weight quantizer
25-12-30 13:18:58 | D |     - Calibrating transformer_blocks.0.attn.to_v.weight quantizer
25-12-30 13:18:58 | D |     - Calibrating transformer_blocks.0.attn.add_q_proj.weight quantizer
25-12-30 13:18:59 | D |     - Calibrating transformer_blocks.0.attn.add_k_proj.weight quantizer
25-12-30 13:18:59 | D |     - Calibrating transformer_blocks.0.attn.add_v_proj.weight quantizer
25-12-30 13:18:59 | D |     - Calibrating transformer_blocks.0.attn.to_out.0.weight quantizer
25-12-30 13:19:00 | D |     - Calibrating transformer_blocks.0.attn.to_add_out.weight quantizer
25-12-30 13:19:00 | D |     - Calibrating transformer_blocks.0.ff.net.0.proj.weight quantizer
25-12-30 13:19:00 | D |     - Calibrating transformer_blocks.0.ff.net.2.weight quantizer
25-12-30 13:19:01 | D |     - Calibrating transformer_blocks.0.ff_context.net.0.proj.weight quantizer
25-12-30 13:19:01 | D |     - Calibrating transformer_blocks.0.ff_context.net.2.weight quantizer
25-12-30 13:19:01 | D |   - Calibrating weights: block transformer_blocks.1
25-12-30 13:19:01 | D |     - Calibrating transformer_blocks.1.norm1.linear.weight quantizer
25-12-30 13:19:02 | D |     - Calibrating transformer_blocks.1.norm1_context.linear.weight quantizer
25-12-30 13:19:02 | D |     - Calibrating transformer_blocks.1.attn.to_q.weight quantizer
25-12-30 13:19:02 | D |     - Calibrating transformer_blocks.1.attn.to_k.weight quantizer
25-12-30 13:19:03 | D |     - Calibrating transformer_blocks.1.attn.to_v.weight quantizer
25-12-30 13:19:03 | D |     - Calibrating transformer_blocks.1.attn.add_q_proj.weight quantizer
25-12-30 13:19:03 | D |     - Calibrating transformer_blocks.1.attn.add_k_proj.weight quantizer
25-12-30 13:19:04 | D |     - Calibrating transformer_blocks.1.attn.add_v_proj.weight quantizer
25-12-30 13:19:04 | D |     - Calibrating transformer_blocks.1.attn.to_out.0.weight quantizer
25-12-30 13:19:04 | D |     - Calibrating transformer_blocks.1.attn.to_add_out.weight quantizer
25-12-30 13:19:05 | D |     - Calibrating transformer_blocks.1.ff.net.0.proj.weight quantizer
25-12-30 13:19:05 | D |     - Calibrating transformer_blocks.1.ff.net.2.weight quantizer
25-12-30 13:19:05 | D |     - Calibrating transformer_blocks.1.ff_context.net.0.proj.weight quantizer
25-12-30 13:19:06 | D |     - Calibrating transformer_blocks.1.ff_context.net.2.weight quantizer
25-12-30 13:19:06 | D |   - Calibrating weights: block transformer_blocks.2
25-12-30 13:19:06 | D |     - Calibrating transformer_blocks.2.norm1.linear.weight quantizer
25-12-30 13:19:06 | D |     - Calibrating transformer_blocks.2.norm1_context.linear.weight quantizer
25-12-30 13:19:07 | D |     - Calibrating transformer_blocks.2.attn.to_q.weight quantizer
25-12-30 13:19:07 | D |     - Calibrating transformer_blocks.2.attn.to_k.weight quantizer
25-12-30 13:19:07 | D |     - Calibrating transformer_blocks.2.attn.to_v.weight quantizer
25-12-30 13:19:08 | D |     - Calibrating transformer_blocks.2.attn.add_q_proj.weight quantizer
25-12-30 13:19:08 | D |     - Calibrating transformer_blocks.2.attn.add_k_proj.weight quantizer
25-12-30 13:19:08 | D |     - Calibrating transformer_blocks.2.attn.add_v_proj.weight quantizer
25-12-30 13:19:09 | D |     - Calibrating transformer_blocks.2.attn.to_out.0.weight quantizer
25-12-30 13:19:09 | D |     - Calibrating transformer_blocks.2.attn.to_add_out.weight quantizer
25-12-30 13:19:09 | D |     - Calibrating transformer_blocks.2.ff.net.0.proj.weight quantizer
25-12-30 13:19:10 | D |     - Calibrating transformer_blocks.2.ff.net.2.weight quantizer
25-12-30 13:19:10 | D |     - Calibrating transformer_blocks.2.ff_context.net.0.proj.weight quantizer
25-12-30 13:19:10 | D |     - Calibrating transformer_blocks.2.ff_context.net.2.weight quantizer
25-12-30 13:19:11 | D |   - Calibrating weights: block transformer_blocks.3
25-12-30 13:19:11 | D |     - Calibrating transformer_blocks.3.norm1.linear.weight quantizer
25-12-30 13:19:11 | D |     - Calibrating transformer_blocks.3.norm1_context.linear.weight quantizer
25-12-30 13:19:12 | D |     - Calibrating transformer_blocks.3.attn.to_q.weight quantizer
25-12-30 13:19:12 | D |     - Calibrating transformer_blocks.3.attn.to_k.weight quantizer
25-12-30 13:19:12 | D |     - Calibrating transformer_blocks.3.attn.to_v.weight quantizer
25-12-30 13:19:13 | D |     - Calibrating transformer_blocks.3.attn.add_q_proj.weight quantizer
25-12-30 13:19:13 | D |     - Calibrating transformer_blocks.3.attn.add_k_proj.weight quantizer
25-12-30 13:19:13 | D |     - Calibrating transformer_blocks.3.attn.add_v_proj.weight quantizer
25-12-30 13:19:14 | D |     - Calibrating transformer_blocks.3.attn.to_out.0.weight quantizer
25-12-30 13:19:14 | D |     - Calibrating transformer_blocks.3.attn.to_add_out.weight quantizer
25-12-30 13:19:14 | D |     - Calibrating transformer_blocks.3.ff.net.0.proj.weight quantizer
25-12-30 13:19:15 | D |     - Calibrating transformer_blocks.3.ff.net.2.weight quantizer
25-12-30 13:19:15 | D |     - Calibrating transformer_blocks.3.ff_context.net.0.proj.weight quantizer
25-12-30 13:19:15 | D |     - Calibrating transformer_blocks.3.ff_context.net.2.weight quantizer
25-12-30 13:19:16 | D |   - Calibrating weights: block transformer_blocks.4
25-12-30 13:19:16 | D |     - Calibrating transformer_blocks.4.norm1.linear.weight quantizer
25-12-30 13:19:16 | D |     - Calibrating transformer_blocks.4.norm1_context.linear.weight quantizer
25-12-30 13:19:16 | D |     - Calibrating transformer_blocks.4.attn.to_q.weight quantizer
25-12-30 13:19:17 | D |     - Calibrating transformer_blocks.4.attn.to_k.weight quantizer
25-12-30 13:19:17 | D |     - Calibrating transformer_blocks.4.attn.to_v.weight quantizer
25-12-30 13:19:17 | D |     - Calibrating transformer_blocks.4.attn.add_q_proj.weight quantizer
25-12-30 13:19:18 | D |     - Calibrating transformer_blocks.4.attn.add_k_proj.weight quantizer
25-12-30 13:19:18 | D |     - Calibrating transformer_blocks.4.attn.add_v_proj.weight quantizer
25-12-30 13:19:18 | D |     - Calibrating transformer_blocks.4.attn.to_out.0.weight quantizer
25-12-30 13:19:19 | D |     - Calibrating transformer_blocks.4.attn.to_add_out.weight quantizer
25-12-30 13:19:19 | D |     - Calibrating transformer_blocks.4.ff.net.0.proj.weight quantizer
25-12-30 13:19:19 | D |     - Calibrating transformer_blocks.4.ff.net.2.weight quantizer
25-12-30 13:19:20 | D |     - Calibrating transformer_blocks.4.ff_context.net.0.proj.weight quantizer
25-12-30 13:19:20 | D |     - Calibrating transformer_blocks.4.ff_context.net.2.weight quantizer
25-12-30 13:19:21 | D |   - Calibrating weights: block transformer_blocks.5
25-12-30 13:19:21 | D |     - Calibrating transformer_blocks.5.norm1.linear.weight quantizer
25-12-30 13:19:21 | D |     - Calibrating transformer_blocks.5.norm1_context.linear.weight quantizer
25-12-30 13:19:21 | D |     - Calibrating transformer_blocks.5.attn.to_q.weight quantizer
25-12-30 13:19:22 | D |     - Calibrating transformer_blocks.5.attn.to_k.weight quantizer
25-12-30 13:19:22 | D |     - Calibrating transformer_blocks.5.attn.to_v.weight quantizer
25-12-30 13:19:22 | D |     - Calibrating transformer_blocks.5.attn.add_q_proj.weight quantizer
25-12-30 13:19:23 | D |     - Calibrating transformer_blocks.5.attn.add_k_proj.weight quantizer
25-12-30 13:19:23 | D |     - Calibrating transformer_blocks.5.attn.add_v_proj.weight quantizer
25-12-30 13:19:23 | D |     - Calibrating transformer_blocks.5.attn.to_out.0.weight quantizer
25-12-30 13:19:24 | D |     - Calibrating transformer_blocks.5.attn.to_add_out.weight quantizer
25-12-30 13:19:24 | D |     - Calibrating transformer_blocks.5.ff.net.0.proj.weight quantizer
25-12-30 13:19:24 | D |     - Calibrating transformer_blocks.5.ff.net.2.weight quantizer
25-12-30 13:19:25 | D |     - Calibrating transformer_blocks.5.ff_context.net.0.proj.weight quantizer
25-12-30 13:19:25 | D |     - Calibrating transformer_blocks.5.ff_context.net.2.weight quantizer
25-12-30 13:19:25 | D |   - Calibrating weights: block transformer_blocks.6
25-12-30 13:19:25 | D |     - Calibrating transformer_blocks.6.norm1.linear.weight quantizer
25-12-30 13:19:26 | D |     - Calibrating transformer_blocks.6.norm1_context.linear.weight quantizer
25-12-30 13:19:26 | D |     - Calibrating transformer_blocks.6.attn.to_q.weight quantizer
25-12-30 13:19:26 | D |     - Calibrating transformer_blocks.6.attn.to_k.weight quantizer
25-12-30 13:19:27 | D |     - Calibrating transformer_blocks.6.attn.to_v.weight quantizer
25-12-30 13:19:27 | D |     - Calibrating transformer_blocks.6.attn.add_q_proj.weight quantizer
25-12-30 13:19:27 | D |     - Calibrating transformer_blocks.6.attn.add_k_proj.weight quantizer
25-12-30 13:19:28 | D |     - Calibrating transformer_blocks.6.attn.add_v_proj.weight quantizer
25-12-30 13:19:28 | D |     - Calibrating transformer_blocks.6.attn.to_out.0.weight quantizer
25-12-30 13:19:28 | D |     - Calibrating transformer_blocks.6.attn.to_add_out.weight quantizer
25-12-30 13:19:29 | D |     - Calibrating transformer_blocks.6.ff.net.0.proj.weight quantizer
25-12-30 13:19:29 | D |     - Calibrating transformer_blocks.6.ff.net.2.weight quantizer
25-12-30 13:19:30 | D |     - Calibrating transformer_blocks.6.ff_context.net.0.proj.weight quantizer
25-12-30 13:19:30 | D |     - Calibrating transformer_blocks.6.ff_context.net.2.weight quantizer
25-12-30 13:19:30 | D |   - Calibrating weights: block transformer_blocks.7
25-12-30 13:19:30 | D |     - Calibrating transformer_blocks.7.norm1.linear.weight quantizer
25-12-30 13:19:31 | D |     - Calibrating transformer_blocks.7.norm1_context.linear.weight quantizer
25-12-30 13:19:31 | D |     - Calibrating transformer_blocks.7.attn.to_q.weight quantizer
25-12-30 13:19:31 | D |     - Calibrating transformer_blocks.7.attn.to_k.weight quantizer
25-12-30 13:19:32 | D |     - Calibrating transformer_blocks.7.attn.to_v.weight quantizer
25-12-30 13:19:32 | D |     - Calibrating transformer_blocks.7.attn.add_q_proj.weight quantizer
25-12-30 13:19:32 | D |     - Calibrating transformer_blocks.7.attn.add_k_proj.weight quantizer
25-12-30 13:19:33 | D |     - Calibrating transformer_blocks.7.attn.add_v_proj.weight quantizer
25-12-30 13:19:33 | D |     - Calibrating transformer_blocks.7.attn.to_out.0.weight quantizer
25-12-30 13:19:33 | D |     - Calibrating transformer_blocks.7.attn.to_add_out.weight quantizer
25-12-30 13:19:34 | D |     - Calibrating transformer_blocks.7.ff.net.0.proj.weight quantizer
25-12-30 13:19:34 | D |     - Calibrating transformer_blocks.7.ff.net.2.weight quantizer
25-12-30 13:19:34 | D |     - Calibrating transformer_blocks.7.ff_context.net.0.proj.weight quantizer
25-12-30 13:19:35 | D |     - Calibrating transformer_blocks.7.ff_context.net.2.weight quantizer
25-12-30 13:19:35 | D |   - Calibrating weights: block transformer_blocks.8
25-12-30 13:19:35 | D |     - Calibrating transformer_blocks.8.norm1.linear.weight quantizer
25-12-30 13:19:35 | D |     - Calibrating transformer_blocks.8.norm1_context.linear.weight quantizer
25-12-30 13:19:36 | D |     - Calibrating transformer_blocks.8.attn.to_q.weight quantizer
25-12-30 13:19:36 | D |     - Calibrating transformer_blocks.8.attn.to_k.weight quantizer
25-12-30 13:19:37 | D |     - Calibrating transformer_blocks.8.attn.to_v.weight quantizer
25-12-30 13:19:37 | D |     - Calibrating transformer_blocks.8.attn.add_q_proj.weight quantizer
25-12-30 13:19:37 | D |     - Calibrating transformer_blocks.8.attn.add_k_proj.weight quantizer
25-12-30 13:19:38 | D |     - Calibrating transformer_blocks.8.attn.add_v_proj.weight quantizer
25-12-30 13:19:38 | D |     - Calibrating transformer_blocks.8.attn.to_out.0.weight quantizer
25-12-30 13:19:38 | D |     - Calibrating transformer_blocks.8.attn.to_add_out.weight quantizer
25-12-30 13:19:39 | D |     - Calibrating transformer_blocks.8.ff.net.0.proj.weight quantizer
25-12-30 13:19:39 | D |     - Calibrating transformer_blocks.8.ff.net.2.weight quantizer
25-12-30 13:19:39 | D |     - Calibrating transformer_blocks.8.ff_context.net.0.proj.weight quantizer
25-12-30 13:19:40 | D |     - Calibrating transformer_blocks.8.ff_context.net.2.weight quantizer
25-12-30 13:19:40 | D |   - Calibrating weights: block transformer_blocks.9
25-12-30 13:19:40 | D |     - Calibrating transformer_blocks.9.norm1.linear.weight quantizer
25-12-30 13:19:40 | D |     - Calibrating transformer_blocks.9.norm1_context.linear.weight quantizer
25-12-30 13:19:41 | D |     - Calibrating transformer_blocks.9.attn.to_q.weight quantizer
25-12-30 13:19:41 | D |     - Calibrating transformer_blocks.9.attn.to_k.weight quantizer
25-12-30 13:19:41 | D |     - Calibrating transformer_blocks.9.attn.to_v.weight quantizer
25-12-30 13:19:42 | D |     - Calibrating transformer_blocks.9.attn.add_q_proj.weight quantizer
25-12-30 13:19:42 | D |     - Calibrating transformer_blocks.9.attn.add_k_proj.weight quantizer
25-12-30 13:19:42 | D |     - Calibrating transformer_blocks.9.attn.add_v_proj.weight quantizer
25-12-30 13:19:43 | D |     - Calibrating transformer_blocks.9.attn.to_out.0.weight quantizer
25-12-30 13:19:43 | D |     - Calibrating transformer_blocks.9.attn.to_add_out.weight quantizer
25-12-30 13:19:43 | D |     - Calibrating transformer_blocks.9.ff.net.0.proj.weight quantizer
25-12-30 13:19:44 | D |     - Calibrating transformer_blocks.9.ff.net.2.weight quantizer
25-12-30 13:19:44 | D |     - Calibrating transformer_blocks.9.ff_context.net.0.proj.weight quantizer
25-12-30 13:19:44 | D |     - Calibrating transformer_blocks.9.ff_context.net.2.weight quantizer
25-12-30 13:19:45 | D |   - Calibrating weights: block transformer_blocks.10
25-12-30 13:19:45 | D |     - Calibrating transformer_blocks.10.norm1.linear.weight quantizer
25-12-30 13:19:45 | D |     - Calibrating transformer_blocks.10.norm1_context.linear.weight quantizer
25-12-30 13:19:46 | D |     - Calibrating transformer_blocks.10.attn.to_q.weight quantizer
25-12-30 13:19:46 | D |     - Calibrating transformer_blocks.10.attn.to_k.weight quantizer
25-12-30 13:19:46 | D |     - Calibrating transformer_blocks.10.attn.to_v.weight quantizer
25-12-30 13:19:47 | D |     - Calibrating transformer_blocks.10.attn.add_q_proj.weight quantizer
25-12-30 13:19:47 | D |     - Calibrating transformer_blocks.10.attn.add_k_proj.weight quantizer
25-12-30 13:19:47 | D |     - Calibrating transformer_blocks.10.attn.add_v_proj.weight quantizer
25-12-30 13:19:48 | D |     - Calibrating transformer_blocks.10.attn.to_out.0.weight quantizer
25-12-30 13:19:48 | D |     - Calibrating transformer_blocks.10.attn.to_add_out.weight quantizer
25-12-30 13:19:48 | D |     - Calibrating transformer_blocks.10.ff.net.0.proj.weight quantizer
25-12-30 13:19:49 | D |     - Calibrating transformer_blocks.10.ff.net.2.weight quantizer
25-12-30 13:19:49 | D |     - Calibrating transformer_blocks.10.ff_context.net.0.proj.weight quantizer
25-12-30 13:19:49 | D |     - Calibrating transformer_blocks.10.ff_context.net.2.weight quantizer
25-12-30 13:19:50 | D |   - Calibrating weights: block transformer_blocks.11
25-12-30 13:19:50 | D |     - Calibrating transformer_blocks.11.norm1.linear.weight quantizer
25-12-30 13:19:50 | D |     - Calibrating transformer_blocks.11.norm1_context.linear.weight quantizer
25-12-30 13:19:50 | D |     - Calibrating transformer_blocks.11.attn.to_q.weight quantizer
25-12-30 13:19:51 | D |     - Calibrating transformer_blocks.11.attn.to_k.weight quantizer
25-12-30 13:19:51 | D |     - Calibrating transformer_blocks.11.attn.to_v.weight quantizer
25-12-30 13:19:51 | D |     - Calibrating transformer_blocks.11.attn.add_q_proj.weight quantizer
25-12-30 13:19:52 | D |     - Calibrating transformer_blocks.11.attn.add_k_proj.weight quantizer
25-12-30 13:19:52 | D |     - Calibrating transformer_blocks.11.attn.add_v_proj.weight quantizer
25-12-30 13:19:52 | D |     - Calibrating transformer_blocks.11.attn.to_out.0.weight quantizer
25-12-30 13:19:53 | D |     - Calibrating transformer_blocks.11.attn.to_add_out.weight quantizer
25-12-30 13:19:53 | D |     - Calibrating transformer_blocks.11.ff.net.0.proj.weight quantizer
25-12-30 13:19:53 | D |     - Calibrating transformer_blocks.11.ff.net.2.weight quantizer
25-12-30 13:19:54 | D |     - Calibrating transformer_blocks.11.ff_context.net.0.proj.weight quantizer
25-12-30 13:19:54 | D |     - Calibrating transformer_blocks.11.ff_context.net.2.weight quantizer
25-12-30 13:19:54 | D |   - Calibrating weights: block transformer_blocks.12
25-12-30 13:19:54 | D |     - Calibrating transformer_blocks.12.norm1.linear.weight quantizer
25-12-30 13:19:55 | D |     - Calibrating transformer_blocks.12.norm1_context.linear.weight quantizer
25-12-30 13:19:55 | D |     - Calibrating transformer_blocks.12.attn.to_q.weight quantizer
25-12-30 13:19:55 | D |     - Calibrating transformer_blocks.12.attn.to_k.weight quantizer
25-12-30 13:19:56 | D |     - Calibrating transformer_blocks.12.attn.to_v.weight quantizer
25-12-30 13:19:56 | D |     - Calibrating transformer_blocks.12.attn.add_q_proj.weight quantizer
25-12-30 13:19:56 | D |     - Calibrating transformer_blocks.12.attn.add_k_proj.weight quantizer
25-12-30 13:19:57 | D |     - Calibrating transformer_blocks.12.attn.add_v_proj.weight quantizer
25-12-30 13:19:57 | D |     - Calibrating transformer_blocks.12.attn.to_out.0.weight quantizer
25-12-30 13:19:57 | D |     - Calibrating transformer_blocks.12.attn.to_add_out.weight quantizer
25-12-30 13:19:58 | D |     - Calibrating transformer_blocks.12.ff.net.0.proj.weight quantizer
25-12-30 13:19:58 | D |     - Calibrating transformer_blocks.12.ff.net.2.weight quantizer
25-12-30 13:19:58 | D |     - Calibrating transformer_blocks.12.ff_context.net.0.proj.weight quantizer
25-12-30 13:19:59 | D |     - Calibrating transformer_blocks.12.ff_context.net.2.weight quantizer
25-12-30 13:19:59 | D |   - Calibrating weights: block transformer_blocks.13
25-12-30 13:19:59 | D |     - Calibrating transformer_blocks.13.norm1.linear.weight quantizer
25-12-30 13:20:00 | D |     - Calibrating transformer_blocks.13.norm1_context.linear.weight quantizer
25-12-30 13:20:00 | D |     - Calibrating transformer_blocks.13.attn.to_q.weight quantizer
25-12-30 13:20:00 | D |     - Calibrating transformer_blocks.13.attn.to_k.weight quantizer
25-12-30 13:20:01 | D |     - Calibrating transformer_blocks.13.attn.to_v.weight quantizer
25-12-30 13:20:01 | D |     - Calibrating transformer_blocks.13.attn.add_q_proj.weight quantizer
25-12-30 13:20:01 | D |     - Calibrating transformer_blocks.13.attn.add_k_proj.weight quantizer
25-12-30 13:20:02 | D |     - Calibrating transformer_blocks.13.attn.add_v_proj.weight quantizer
25-12-30 13:20:02 | D |     - Calibrating transformer_blocks.13.attn.to_out.0.weight quantizer
25-12-30 13:20:02 | D |     - Calibrating transformer_blocks.13.attn.to_add_out.weight quantizer
25-12-30 13:20:03 | D |     - Calibrating transformer_blocks.13.ff.net.0.proj.weight quantizer
25-12-30 13:20:03 | D |     - Calibrating transformer_blocks.13.ff.net.2.weight quantizer
25-12-30 13:20:03 | D |     - Calibrating transformer_blocks.13.ff_context.net.0.proj.weight quantizer
25-12-30 13:20:04 | D |     - Calibrating transformer_blocks.13.ff_context.net.2.weight quantizer
25-12-30 13:20:04 | D |   - Calibrating weights: block transformer_blocks.14
25-12-30 13:20:04 | D |     - Calibrating transformer_blocks.14.norm1.linear.weight quantizer
25-12-30 13:20:04 | D |     - Calibrating transformer_blocks.14.norm1_context.linear.weight quantizer
25-12-30 13:20:05 | D |     - Calibrating transformer_blocks.14.attn.to_q.weight quantizer
25-12-30 13:20:05 | D |     - Calibrating transformer_blocks.14.attn.to_k.weight quantizer
25-12-30 13:20:05 | D |     - Calibrating transformer_blocks.14.attn.to_v.weight quantizer
25-12-30 13:20:06 | D |     - Calibrating transformer_blocks.14.attn.add_q_proj.weight quantizer
25-12-30 13:20:06 | D |     - Calibrating transformer_blocks.14.attn.add_k_proj.weight quantizer
25-12-30 13:20:06 | D |     - Calibrating transformer_blocks.14.attn.add_v_proj.weight quantizer
25-12-30 13:20:07 | D |     - Calibrating transformer_blocks.14.attn.to_out.0.weight quantizer
25-12-30 13:20:07 | D |     - Calibrating transformer_blocks.14.attn.to_add_out.weight quantizer
25-12-30 13:20:07 | D |     - Calibrating transformer_blocks.14.ff.net.0.proj.weight quantizer
25-12-30 13:20:08 | D |     - Calibrating transformer_blocks.14.ff.net.2.weight quantizer
25-12-30 13:20:08 | D |     - Calibrating transformer_blocks.14.ff_context.net.0.proj.weight quantizer
25-12-30 13:20:08 | D |     - Calibrating transformer_blocks.14.ff_context.net.2.weight quantizer
25-12-30 13:20:09 | D |   - Calibrating weights: block transformer_blocks.15
25-12-30 13:20:09 | D |     - Calibrating transformer_blocks.15.norm1.linear.weight quantizer
25-12-30 13:20:09 | D |     - Calibrating transformer_blocks.15.norm1_context.linear.weight quantizer
25-12-30 13:20:09 | D |     - Calibrating transformer_blocks.15.attn.to_q.weight quantizer
25-12-30 13:20:10 | D |     - Calibrating transformer_blocks.15.attn.to_k.weight quantizer
25-12-30 13:20:10 | D |     - Calibrating transformer_blocks.15.attn.to_v.weight quantizer
25-12-30 13:20:10 | D |     - Calibrating transformer_blocks.15.attn.add_q_proj.weight quantizer
25-12-30 13:20:11 | D |     - Calibrating transformer_blocks.15.attn.add_k_proj.weight quantizer
25-12-30 13:20:11 | D |     - Calibrating transformer_blocks.15.attn.add_v_proj.weight quantizer
25-12-30 13:20:11 | D |     - Calibrating transformer_blocks.15.attn.to_out.0.weight quantizer
25-12-30 13:20:12 | D |     - Calibrating transformer_blocks.15.attn.to_add_out.weight quantizer
25-12-30 13:20:12 | D |     - Calibrating transformer_blocks.15.ff.net.0.proj.weight quantizer
25-12-30 13:20:12 | D |     - Calibrating transformer_blocks.15.ff.net.2.weight quantizer
25-12-30 13:20:13 | D |     - Calibrating transformer_blocks.15.ff_context.net.0.proj.weight quantizer
25-12-30 13:20:13 | D |     - Calibrating transformer_blocks.15.ff_context.net.2.weight quantizer
25-12-30 13:20:13 | D |   - Calibrating weights: block transformer_blocks.16
25-12-30 13:20:13 | D |     - Calibrating transformer_blocks.16.norm1.linear.weight quantizer
25-12-30 13:20:14 | D |     - Calibrating transformer_blocks.16.norm1_context.linear.weight quantizer
25-12-30 13:20:14 | D |     - Calibrating transformer_blocks.16.attn.to_q.weight quantizer
25-12-30 13:20:15 | D |     - Calibrating transformer_blocks.16.attn.to_k.weight quantizer
25-12-30 13:20:15 | D |     - Calibrating transformer_blocks.16.attn.to_v.weight quantizer
25-12-30 13:20:15 | D |     - Calibrating transformer_blocks.16.attn.add_q_proj.weight quantizer
25-12-30 13:20:16 | D |     - Calibrating transformer_blocks.16.attn.add_k_proj.weight quantizer
25-12-30 13:20:16 | D |     - Calibrating transformer_blocks.16.attn.add_v_proj.weight quantizer
25-12-30 13:20:16 | D |     - Calibrating transformer_blocks.16.attn.to_out.0.weight quantizer
25-12-30 13:20:17 | D |     - Calibrating transformer_blocks.16.attn.to_add_out.weight quantizer
25-12-30 13:20:17 | D |     - Calibrating transformer_blocks.16.ff.net.0.proj.weight quantizer
25-12-30 13:20:17 | D |     - Calibrating transformer_blocks.16.ff.net.2.weight quantizer
25-12-30 13:20:18 | D |     - Calibrating transformer_blocks.16.ff_context.net.0.proj.weight quantizer
25-12-30 13:20:18 | D |     - Calibrating transformer_blocks.16.ff_context.net.2.weight quantizer
25-12-30 13:20:18 | D |   - Calibrating weights: block transformer_blocks.17
25-12-30 13:20:18 | D |     - Calibrating transformer_blocks.17.norm1.linear.weight quantizer
25-12-30 13:20:19 | D |     - Calibrating transformer_blocks.17.norm1_context.linear.weight quantizer
25-12-30 13:20:19 | D |     - Calibrating transformer_blocks.17.attn.to_q.weight quantizer
25-12-30 13:20:19 | D |     - Calibrating transformer_blocks.17.attn.to_k.weight quantizer
25-12-30 13:20:20 | D |     - Calibrating transformer_blocks.17.attn.to_v.weight quantizer
25-12-30 13:20:20 | D |     - Calibrating transformer_blocks.17.attn.add_q_proj.weight quantizer
25-12-30 13:20:20 | D |     - Calibrating transformer_blocks.17.attn.add_k_proj.weight quantizer
25-12-30 13:20:21 | D |     - Calibrating transformer_blocks.17.attn.add_v_proj.weight quantizer
25-12-30 13:20:21 | D |     - Calibrating transformer_blocks.17.attn.to_out.0.weight quantizer
25-12-30 13:20:21 | D |     - Calibrating transformer_blocks.17.attn.to_add_out.weight quantizer
25-12-30 13:20:22 | D |     - Calibrating transformer_blocks.17.ff.net.0.proj.weight quantizer
25-12-30 13:20:22 | D |     - Calibrating transformer_blocks.17.ff.net.2.weight quantizer
25-12-30 13:20:22 | D |     - Calibrating transformer_blocks.17.ff_context.net.0.proj.weight quantizer
25-12-30 13:20:23 | D |     - Calibrating transformer_blocks.17.ff_context.net.2.weight quantizer
25-12-30 13:20:23 | D |   - Calibrating weights: block transformer_blocks.18
25-12-30 13:20:23 | D |     - Calibrating transformer_blocks.18.norm1.linear.weight quantizer
25-12-30 13:20:23 | D |     - Calibrating transformer_blocks.18.norm1_context.linear.weight quantizer
25-12-30 13:20:24 | D |     - Calibrating transformer_blocks.18.attn.to_q.weight quantizer
25-12-30 13:20:24 | D |     - Calibrating transformer_blocks.18.attn.to_k.weight quantizer
25-12-30 13:20:24 | D |     - Calibrating transformer_blocks.18.attn.to_v.weight quantizer
25-12-30 13:20:25 | D |     - Calibrating transformer_blocks.18.attn.add_q_proj.weight quantizer
25-12-30 13:20:25 | D |     - Calibrating transformer_blocks.18.attn.add_k_proj.weight quantizer
25-12-30 13:20:25 | D |     - Calibrating transformer_blocks.18.attn.add_v_proj.weight quantizer
25-12-30 13:20:26 | D |     - Calibrating transformer_blocks.18.attn.to_out.0.weight quantizer
25-12-30 13:20:26 | D |     - Calibrating transformer_blocks.18.attn.to_add_out.weight quantizer
25-12-30 13:20:26 | D |     - Calibrating transformer_blocks.18.ff.net.0.proj.weight quantizer
25-12-30 13:20:27 | D |     - Calibrating transformer_blocks.18.ff.net.2.weight quantizer
25-12-30 13:20:27 | D |     - Calibrating transformer_blocks.18.ff_context.net.0.proj.weight quantizer
25-12-30 13:20:27 | D |     - Calibrating transformer_blocks.18.ff_context.net.2.weight quantizer
25-12-30 13:20:28 | D |   - Calibrating weights: block single_transformer_blocks.0
25-12-30 13:20:28 | D |     - Calibrating single_transformer_blocks.0.norm.linear.weight quantizer
25-12-30 13:20:28 | D |     - Calibrating single_transformer_blocks.0.attn.to_q.weight quantizer
25-12-30 13:20:28 | D |     - Calibrating single_transformer_blocks.0.attn.to_k.weight quantizer
25-12-30 13:20:29 | D |     - Calibrating single_transformer_blocks.0.attn.to_v.weight quantizer
25-12-30 13:20:29 | D |     - Calibrating single_transformer_blocks.0.proj_out.linears.0.weight quantizer
25-12-30 13:20:30 | D |     - Calibrating single_transformer_blocks.0.proj_mlp.weight quantizer
25-12-30 13:20:30 | D |     - Calibrating single_transformer_blocks.0.proj_out.linears.1.weight quantizer
25-12-30 13:20:30 | D |   - Calibrating weights: block single_transformer_blocks.1
25-12-30 13:20:30 | D |     - Calibrating single_transformer_blocks.1.norm.linear.weight quantizer
25-12-30 13:20:31 | D |     - Calibrating single_transformer_blocks.1.attn.to_q.weight quantizer
25-12-30 13:20:31 | D |     - Calibrating single_transformer_blocks.1.attn.to_k.weight quantizer
25-12-30 13:20:31 | D |     - Calibrating single_transformer_blocks.1.attn.to_v.weight quantizer
25-12-30 13:20:32 | D |     - Calibrating single_transformer_blocks.1.proj_out.linears.0.weight quantizer
25-12-30 13:20:32 | D |     - Calibrating single_transformer_blocks.1.proj_mlp.weight quantizer
25-12-30 13:20:32 | D |     - Calibrating single_transformer_blocks.1.proj_out.linears.1.weight quantizer
25-12-30 13:20:33 | D |   - Calibrating weights: block single_transformer_blocks.2
25-12-30 13:20:33 | D |     - Calibrating single_transformer_blocks.2.norm.linear.weight quantizer
25-12-30 13:20:33 | D |     - Calibrating single_transformer_blocks.2.attn.to_q.weight quantizer
25-12-30 13:20:33 | D |     - Calibrating single_transformer_blocks.2.attn.to_k.weight quantizer
25-12-30 13:20:34 | D |     - Calibrating single_transformer_blocks.2.attn.to_v.weight quantizer
25-12-30 13:20:34 | D |     - Calibrating single_transformer_blocks.2.proj_out.linears.0.weight quantizer
25-12-30 13:20:34 | D |     - Calibrating single_transformer_blocks.2.proj_mlp.weight quantizer
25-12-30 13:20:35 | D |     - Calibrating single_transformer_blocks.2.proj_out.linears.1.weight quantizer
25-12-30 13:20:35 | D |   - Calibrating weights: block single_transformer_blocks.3
25-12-30 13:20:35 | D |     - Calibrating single_transformer_blocks.3.norm.linear.weight quantizer
25-12-30 13:20:35 | D |     - Calibrating single_transformer_blocks.3.attn.to_q.weight quantizer
25-12-30 13:20:36 | D |     - Calibrating single_transformer_blocks.3.attn.to_k.weight quantizer
25-12-30 13:20:36 | D |     - Calibrating single_transformer_blocks.3.attn.to_v.weight quantizer
25-12-30 13:20:36 | D |     - Calibrating single_transformer_blocks.3.proj_out.linears.0.weight quantizer
25-12-30 13:20:37 | D |     - Calibrating single_transformer_blocks.3.proj_mlp.weight quantizer
25-12-30 13:20:37 | D |     - Calibrating single_transformer_blocks.3.proj_out.linears.1.weight quantizer
25-12-30 13:20:37 | D |   - Calibrating weights: block single_transformer_blocks.4
25-12-30 13:20:37 | D |     - Calibrating single_transformer_blocks.4.norm.linear.weight quantizer
25-12-30 13:20:38 | D |     - Calibrating single_transformer_blocks.4.attn.to_q.weight quantizer
25-12-30 13:20:38 | D |     - Calibrating single_transformer_blocks.4.attn.to_k.weight quantizer
25-12-30 13:20:38 | D |     - Calibrating single_transformer_blocks.4.attn.to_v.weight quantizer
25-12-30 13:20:39 | D |     - Calibrating single_transformer_blocks.4.proj_out.linears.0.weight quantizer
25-12-30 13:20:39 | D |     - Calibrating single_transformer_blocks.4.proj_mlp.weight quantizer
25-12-30 13:20:39 | D |     - Calibrating single_transformer_blocks.4.proj_out.linears.1.weight quantizer
25-12-30 13:20:40 | D |   - Calibrating weights: block single_transformer_blocks.5
25-12-30 13:20:40 | D |     - Calibrating single_transformer_blocks.5.norm.linear.weight quantizer
25-12-30 13:20:40 | D |     - Calibrating single_transformer_blocks.5.attn.to_q.weight quantizer
25-12-30 13:20:40 | D |     - Calibrating single_transformer_blocks.5.attn.to_k.weight quantizer
25-12-30 13:20:41 | D |     - Calibrating single_transformer_blocks.5.attn.to_v.weight quantizer
25-12-30 13:20:41 | D |     - Calibrating single_transformer_blocks.5.proj_out.linears.0.weight quantizer
25-12-30 13:20:41 | D |     - Calibrating single_transformer_blocks.5.proj_mlp.weight quantizer
25-12-30 13:20:42 | D |     - Calibrating single_transformer_blocks.5.proj_out.linears.1.weight quantizer
25-12-30 13:20:42 | D |   - Calibrating weights: block single_transformer_blocks.6
25-12-30 13:20:42 | D |     - Calibrating single_transformer_blocks.6.norm.linear.weight quantizer
25-12-30 13:20:42 | D |     - Calibrating single_transformer_blocks.6.attn.to_q.weight quantizer
25-12-30 13:20:43 | D |     - Calibrating single_transformer_blocks.6.attn.to_k.weight quantizer
25-12-30 13:20:43 | D |     - Calibrating single_transformer_blocks.6.attn.to_v.weight quantizer
25-12-30 13:20:44 | D |     - Calibrating single_transformer_blocks.6.proj_out.linears.0.weight quantizer
25-12-30 13:20:44 | D |     - Calibrating single_transformer_blocks.6.proj_mlp.weight quantizer
25-12-30 13:20:44 | D |     - Calibrating single_transformer_blocks.6.proj_out.linears.1.weight quantizer
25-12-30 13:20:45 | D |   - Calibrating weights: block single_transformer_blocks.7
25-12-30 13:20:45 | D |     - Calibrating single_transformer_blocks.7.norm.linear.weight quantizer
25-12-30 13:20:45 | D |     - Calibrating single_transformer_blocks.7.attn.to_q.weight quantizer
25-12-30 13:20:45 | D |     - Calibrating single_transformer_blocks.7.attn.to_k.weight quantizer
25-12-30 13:20:46 | D |     - Calibrating single_transformer_blocks.7.attn.to_v.weight quantizer
25-12-30 13:20:46 | D |     - Calibrating single_transformer_blocks.7.proj_out.linears.0.weight quantizer
25-12-30 13:20:46 | D |     - Calibrating single_transformer_blocks.7.proj_mlp.weight quantizer
25-12-30 13:20:47 | D |     - Calibrating single_transformer_blocks.7.proj_out.linears.1.weight quantizer
25-12-30 13:20:47 | D |   - Calibrating weights: block single_transformer_blocks.8
25-12-30 13:20:47 | D |     - Calibrating single_transformer_blocks.8.norm.linear.weight quantizer
25-12-30 13:20:47 | D |     - Calibrating single_transformer_blocks.8.attn.to_q.weight quantizer
25-12-30 13:20:48 | D |     - Calibrating single_transformer_blocks.8.attn.to_k.weight quantizer
25-12-30 13:20:48 | D |     - Calibrating single_transformer_blocks.8.attn.to_v.weight quantizer
25-12-30 13:20:48 | D |     - Calibrating single_transformer_blocks.8.proj_out.linears.0.weight quantizer
25-12-30 13:20:49 | D |     - Calibrating single_transformer_blocks.8.proj_mlp.weight quantizer
25-12-30 13:20:49 | D |     - Calibrating single_transformer_blocks.8.proj_out.linears.1.weight quantizer
25-12-30 13:20:49 | D |   - Calibrating weights: block single_transformer_blocks.9
25-12-30 13:20:49 | D |     - Calibrating single_transformer_blocks.9.norm.linear.weight quantizer
25-12-30 13:20:50 | D |     - Calibrating single_transformer_blocks.9.attn.to_q.weight quantizer
25-12-30 13:20:50 | D |     - Calibrating single_transformer_blocks.9.attn.to_k.weight quantizer
25-12-30 13:20:50 | D |     - Calibrating single_transformer_blocks.9.attn.to_v.weight quantizer
25-12-30 13:20:51 | D |     - Calibrating single_transformer_blocks.9.proj_out.linears.0.weight quantizer
25-12-30 13:20:51 | D |     - Calibrating single_transformer_blocks.9.proj_mlp.weight quantizer
25-12-30 13:20:51 | D |     - Calibrating single_transformer_blocks.9.proj_out.linears.1.weight quantizer
25-12-30 13:20:52 | D |   - Calibrating weights: block single_transformer_blocks.10
25-12-30 13:20:52 | D |     - Calibrating single_transformer_blocks.10.norm.linear.weight quantizer
25-12-30 13:20:52 | D |     - Calibrating single_transformer_blocks.10.attn.to_q.weight quantizer
25-12-30 13:20:52 | D |     - Calibrating single_transformer_blocks.10.attn.to_k.weight quantizer
25-12-30 13:20:53 | D |     - Calibrating single_transformer_blocks.10.attn.to_v.weight quantizer
25-12-30 13:20:53 | D |     - Calibrating single_transformer_blocks.10.proj_out.linears.0.weight quantizer
25-12-30 13:20:53 | D |     - Calibrating single_transformer_blocks.10.proj_mlp.weight quantizer
25-12-30 13:20:54 | D |     - Calibrating single_transformer_blocks.10.proj_out.linears.1.weight quantizer
25-12-30 13:20:54 | D |   - Calibrating weights: block single_transformer_blocks.11
25-12-30 13:20:54 | D |     - Calibrating single_transformer_blocks.11.norm.linear.weight quantizer
25-12-30 13:20:54 | D |     - Calibrating single_transformer_blocks.11.attn.to_q.weight quantizer
25-12-30 13:20:55 | D |     - Calibrating single_transformer_blocks.11.attn.to_k.weight quantizer
25-12-30 13:20:55 | D |     - Calibrating single_transformer_blocks.11.attn.to_v.weight quantizer
25-12-30 13:20:55 | D |     - Calibrating single_transformer_blocks.11.proj_out.linears.0.weight quantizer
25-12-30 13:20:56 | D |     - Calibrating single_transformer_blocks.11.proj_mlp.weight quantizer
25-12-30 13:20:56 | D |     - Calibrating single_transformer_blocks.11.proj_out.linears.1.weight quantizer
25-12-30 13:20:57 | D |   - Calibrating weights: block single_transformer_blocks.12
25-12-30 13:20:57 | D |     - Calibrating single_transformer_blocks.12.norm.linear.weight quantizer
25-12-30 13:20:57 | D |     - Calibrating single_transformer_blocks.12.attn.to_q.weight quantizer
25-12-30 13:20:57 | D |     - Calibrating single_transformer_blocks.12.attn.to_k.weight quantizer
25-12-30 13:20:58 | D |     - Calibrating single_transformer_blocks.12.attn.to_v.weight quantizer
25-12-30 13:20:58 | D |     - Calibrating single_transformer_blocks.12.proj_out.linears.0.weight quantizer
25-12-30 13:20:58 | D |     - Calibrating single_transformer_blocks.12.proj_mlp.weight quantizer
25-12-30 13:20:59 | D |     - Calibrating single_transformer_blocks.12.proj_out.linears.1.weight quantizer
25-12-30 13:20:59 | D |   - Calibrating weights: block single_transformer_blocks.13
25-12-30 13:20:59 | D |     - Calibrating single_transformer_blocks.13.norm.linear.weight quantizer
25-12-30 13:20:59 | D |     - Calibrating single_transformer_blocks.13.attn.to_q.weight quantizer
25-12-30 13:21:00 | D |     - Calibrating single_transformer_blocks.13.attn.to_k.weight quantizer
25-12-30 13:21:00 | D |     - Calibrating single_transformer_blocks.13.attn.to_v.weight quantizer
25-12-30 13:21:00 | D |     - Calibrating single_transformer_blocks.13.proj_out.linears.0.weight quantizer
25-12-30 13:21:01 | D |     - Calibrating single_transformer_blocks.13.proj_mlp.weight quantizer
25-12-30 13:21:01 | D |     - Calibrating single_transformer_blocks.13.proj_out.linears.1.weight quantizer
25-12-30 13:21:01 | D |   - Calibrating weights: block single_transformer_blocks.14
25-12-30 13:21:01 | D |     - Calibrating single_transformer_blocks.14.norm.linear.weight quantizer
25-12-30 13:21:02 | D |     - Calibrating single_transformer_blocks.14.attn.to_q.weight quantizer
25-12-30 13:21:02 | D |     - Calibrating single_transformer_blocks.14.attn.to_k.weight quantizer
25-12-30 13:21:02 | D |     - Calibrating single_transformer_blocks.14.attn.to_v.weight quantizer
25-12-30 13:21:03 | D |     - Calibrating single_transformer_blocks.14.proj_out.linears.0.weight quantizer
25-12-30 13:21:03 | D |     - Calibrating single_transformer_blocks.14.proj_mlp.weight quantizer
25-12-30 13:21:03 | D |     - Calibrating single_transformer_blocks.14.proj_out.linears.1.weight quantizer
25-12-30 13:21:04 | D |   - Calibrating weights: block single_transformer_blocks.15
25-12-30 13:21:04 | D |     - Calibrating single_transformer_blocks.15.norm.linear.weight quantizer
25-12-30 13:21:04 | D |     - Calibrating single_transformer_blocks.15.attn.to_q.weight quantizer
25-12-30 13:21:04 | D |     - Calibrating single_transformer_blocks.15.attn.to_k.weight quantizer
25-12-30 13:21:05 | D |     - Calibrating single_transformer_blocks.15.attn.to_v.weight quantizer
25-12-30 13:21:05 | D |     - Calibrating single_transformer_blocks.15.proj_out.linears.0.weight quantizer
25-12-30 13:21:05 | D |     - Calibrating single_transformer_blocks.15.proj_mlp.weight quantizer
25-12-30 13:21:06 | D |     - Calibrating single_transformer_blocks.15.proj_out.linears.1.weight quantizer
25-12-30 13:21:06 | D |   - Calibrating weights: block single_transformer_blocks.16
25-12-30 13:21:06 | D |     - Calibrating single_transformer_blocks.16.norm.linear.weight quantizer
25-12-30 13:21:06 | D |     - Calibrating single_transformer_blocks.16.attn.to_q.weight quantizer
25-12-30 13:21:07 | D |     - Calibrating single_transformer_blocks.16.attn.to_k.weight quantizer
25-12-30 13:21:07 | D |     - Calibrating single_transformer_blocks.16.attn.to_v.weight quantizer
25-12-30 13:21:08 | D |     - Calibrating single_transformer_blocks.16.proj_out.linears.0.weight quantizer
25-12-30 13:21:08 | D |     - Calibrating single_transformer_blocks.16.proj_mlp.weight quantizer
25-12-30 13:21:08 | D |     - Calibrating single_transformer_blocks.16.proj_out.linears.1.weight quantizer
25-12-30 13:21:09 | D |   - Calibrating weights: block single_transformer_blocks.17
25-12-30 13:21:09 | D |     - Calibrating single_transformer_blocks.17.norm.linear.weight quantizer
25-12-30 13:21:09 | D |     - Calibrating single_transformer_blocks.17.attn.to_q.weight quantizer
25-12-30 13:21:09 | D |     - Calibrating single_transformer_blocks.17.attn.to_k.weight quantizer
25-12-30 13:21:10 | D |     - Calibrating single_transformer_blocks.17.attn.to_v.weight quantizer
25-12-30 13:21:10 | D |     - Calibrating single_transformer_blocks.17.proj_out.linears.0.weight quantizer
25-12-30 13:21:10 | D |     - Calibrating single_transformer_blocks.17.proj_mlp.weight quantizer
25-12-30 13:21:11 | D |     - Calibrating single_transformer_blocks.17.proj_out.linears.1.weight quantizer
25-12-30 13:21:11 | D |   - Calibrating weights: block single_transformer_blocks.18
25-12-30 13:21:11 | D |     - Calibrating single_transformer_blocks.18.norm.linear.weight quantizer
25-12-30 13:21:11 | D |     - Calibrating single_transformer_blocks.18.attn.to_q.weight quantizer
25-12-30 13:21:12 | D |     - Calibrating single_transformer_blocks.18.attn.to_k.weight quantizer
25-12-30 13:21:12 | D |     - Calibrating single_transformer_blocks.18.attn.to_v.weight quantizer
25-12-30 13:21:12 | D |     - Calibrating single_transformer_blocks.18.proj_out.linears.0.weight quantizer
25-12-30 13:21:13 | D |     - Calibrating single_transformer_blocks.18.proj_mlp.weight quantizer
25-12-30 13:21:13 | D |     - Calibrating single_transformer_blocks.18.proj_out.linears.1.weight quantizer
25-12-30 13:21:14 | D |   - Calibrating weights: block single_transformer_blocks.19
25-12-30 13:21:14 | D |     - Calibrating single_transformer_blocks.19.norm.linear.weight quantizer
25-12-30 13:21:14 | D |     - Calibrating single_transformer_blocks.19.attn.to_q.weight quantizer
25-12-30 13:21:14 | D |     - Calibrating single_transformer_blocks.19.attn.to_k.weight quantizer
25-12-30 13:21:15 | D |     - Calibrating single_transformer_blocks.19.attn.to_v.weight quantizer
25-12-30 13:21:15 | D |     - Calibrating single_transformer_blocks.19.proj_out.linears.0.weight quantizer
25-12-30 13:21:15 | D |     - Calibrating single_transformer_blocks.19.proj_mlp.weight quantizer
25-12-30 13:21:16 | D |     - Calibrating single_transformer_blocks.19.proj_out.linears.1.weight quantizer
25-12-30 13:21:16 | D |   - Calibrating weights: block single_transformer_blocks.20
25-12-30 13:21:16 | D |     - Calibrating single_transformer_blocks.20.norm.linear.weight quantizer
25-12-30 13:21:16 | D |     - Calibrating single_transformer_blocks.20.attn.to_q.weight quantizer
25-12-30 13:21:17 | D |     - Calibrating single_transformer_blocks.20.attn.to_k.weight quantizer
25-12-30 13:21:17 | D |     - Calibrating single_transformer_blocks.20.attn.to_v.weight quantizer
25-12-30 13:21:17 | D |     - Calibrating single_transformer_blocks.20.proj_out.linears.0.weight quantizer
25-12-30 13:21:18 | D |     - Calibrating single_transformer_blocks.20.proj_mlp.weight quantizer
25-12-30 13:21:18 | D |     - Calibrating single_transformer_blocks.20.proj_out.linears.1.weight quantizer
25-12-30 13:21:18 | D |   - Calibrating weights: block single_transformer_blocks.21
25-12-30 13:21:18 | D |     - Calibrating single_transformer_blocks.21.norm.linear.weight quantizer
25-12-30 13:21:19 | D |     - Calibrating single_transformer_blocks.21.attn.to_q.weight quantizer
25-12-30 13:21:19 | D |     - Calibrating single_transformer_blocks.21.attn.to_k.weight quantizer
25-12-30 13:21:19 | D |     - Calibrating single_transformer_blocks.21.attn.to_v.weight quantizer
25-12-30 13:21:20 | D |     - Calibrating single_transformer_blocks.21.proj_out.linears.0.weight quantizer
25-12-30 13:21:20 | D |     - Calibrating single_transformer_blocks.21.proj_mlp.weight quantizer
25-12-30 13:21:20 | D |     - Calibrating single_transformer_blocks.21.proj_out.linears.1.weight quantizer
25-12-30 13:21:21 | D |   - Calibrating weights: block single_transformer_blocks.22
25-12-30 13:21:21 | D |     - Calibrating single_transformer_blocks.22.norm.linear.weight quantizer
25-12-30 13:21:21 | D |     - Calibrating single_transformer_blocks.22.attn.to_q.weight quantizer
25-12-30 13:21:21 | D |     - Calibrating single_transformer_blocks.22.attn.to_k.weight quantizer
25-12-30 13:21:22 | D |     - Calibrating single_transformer_blocks.22.attn.to_v.weight quantizer
25-12-30 13:21:22 | D |     - Calibrating single_transformer_blocks.22.proj_out.linears.0.weight quantizer
25-12-30 13:21:22 | D |     - Calibrating single_transformer_blocks.22.proj_mlp.weight quantizer
25-12-30 13:21:23 | D |     - Calibrating single_transformer_blocks.22.proj_out.linears.1.weight quantizer
25-12-30 13:21:23 | D |   - Calibrating weights: block single_transformer_blocks.23
25-12-30 13:21:23 | D |     - Calibrating single_transformer_blocks.23.norm.linear.weight quantizer
25-12-30 13:21:23 | D |     - Calibrating single_transformer_blocks.23.attn.to_q.weight quantizer
25-12-30 13:21:24 | D |     - Calibrating single_transformer_blocks.23.attn.to_k.weight quantizer
25-12-30 13:21:24 | D |     - Calibrating single_transformer_blocks.23.attn.to_v.weight quantizer
25-12-30 13:21:24 | D |     - Calibrating single_transformer_blocks.23.proj_out.linears.0.weight quantizer
25-12-30 13:21:25 | D |     - Calibrating single_transformer_blocks.23.proj_mlp.weight quantizer
25-12-30 13:21:25 | D |     - Calibrating single_transformer_blocks.23.proj_out.linears.1.weight quantizer
25-12-30 13:21:26 | D |   - Calibrating weights: block single_transformer_blocks.24
25-12-30 13:21:26 | D |     - Calibrating single_transformer_blocks.24.norm.linear.weight quantizer
25-12-30 13:21:26 | D |     - Calibrating single_transformer_blocks.24.attn.to_q.weight quantizer
25-12-30 13:21:26 | D |     - Calibrating single_transformer_blocks.24.attn.to_k.weight quantizer
25-12-30 13:21:27 | D |     - Calibrating single_transformer_blocks.24.attn.to_v.weight quantizer
25-12-30 13:21:27 | D |     - Calibrating single_transformer_blocks.24.proj_out.linears.0.weight quantizer
25-12-30 13:21:27 | D |     - Calibrating single_transformer_blocks.24.proj_mlp.weight quantizer
25-12-30 13:21:28 | D |     - Calibrating single_transformer_blocks.24.proj_out.linears.1.weight quantizer
25-12-30 13:21:28 | D |   - Calibrating weights: block single_transformer_blocks.25
25-12-30 13:21:28 | D |     - Calibrating single_transformer_blocks.25.norm.linear.weight quantizer
25-12-30 13:21:28 | D |     - Calibrating single_transformer_blocks.25.attn.to_q.weight quantizer
25-12-30 13:21:29 | D |     - Calibrating single_transformer_blocks.25.attn.to_k.weight quantizer
25-12-30 13:21:29 | D |     - Calibrating single_transformer_blocks.25.attn.to_v.weight quantizer
25-12-30 13:21:29 | D |     - Calibrating single_transformer_blocks.25.proj_out.linears.0.weight quantizer
25-12-30 13:21:30 | D |     - Calibrating single_transformer_blocks.25.proj_mlp.weight quantizer
25-12-30 13:21:30 | D |     - Calibrating single_transformer_blocks.25.proj_out.linears.1.weight quantizer
25-12-30 13:21:30 | D |   - Calibrating weights: block single_transformer_blocks.26
25-12-30 13:21:30 | D |     - Calibrating single_transformer_blocks.26.norm.linear.weight quantizer
25-12-30 13:21:31 | D |     - Calibrating single_transformer_blocks.26.attn.to_q.weight quantizer
25-12-30 13:21:31 | D |     - Calibrating single_transformer_blocks.26.attn.to_k.weight quantizer
25-12-30 13:21:31 | D |     - Calibrating single_transformer_blocks.26.attn.to_v.weight quantizer
25-12-30 13:21:32 | D |     - Calibrating single_transformer_blocks.26.proj_out.linears.0.weight quantizer
25-12-30 13:21:32 | D |     - Calibrating single_transformer_blocks.26.proj_mlp.weight quantizer
25-12-30 13:21:32 | D |     - Calibrating single_transformer_blocks.26.proj_out.linears.1.weight quantizer
25-12-30 13:21:33 | D |   - Calibrating weights: block single_transformer_blocks.27
25-12-30 13:21:33 | D |     - Calibrating single_transformer_blocks.27.norm.linear.weight quantizer
25-12-30 13:21:33 | D |     - Calibrating single_transformer_blocks.27.attn.to_q.weight quantizer
25-12-30 13:21:33 | D |     - Calibrating single_transformer_blocks.27.attn.to_k.weight quantizer
25-12-30 13:21:34 | D |     - Calibrating single_transformer_blocks.27.attn.to_v.weight quantizer
25-12-30 13:21:34 | D |     - Calibrating single_transformer_blocks.27.proj_out.linears.0.weight quantizer
25-12-30 13:21:34 | D |     - Calibrating single_transformer_blocks.27.proj_mlp.weight quantizer
25-12-30 13:21:35 | D |     - Calibrating single_transformer_blocks.27.proj_out.linears.1.weight quantizer
25-12-30 13:21:35 | D |   - Calibrating weights: block single_transformer_blocks.28
25-12-30 13:21:35 | D |     - Calibrating single_transformer_blocks.28.norm.linear.weight quantizer
25-12-30 13:21:35 | D |     - Calibrating single_transformer_blocks.28.attn.to_q.weight quantizer
25-12-30 13:21:36 | D |     - Calibrating single_transformer_blocks.28.attn.to_k.weight quantizer
25-12-30 13:21:36 | D |     - Calibrating single_transformer_blocks.28.attn.to_v.weight quantizer
25-12-30 13:21:36 | D |     - Calibrating single_transformer_blocks.28.proj_out.linears.0.weight quantizer
25-12-30 13:21:37 | D |     - Calibrating single_transformer_blocks.28.proj_mlp.weight quantizer
25-12-30 13:21:37 | D |     - Calibrating single_transformer_blocks.28.proj_out.linears.1.weight quantizer
25-12-30 13:21:37 | D |   - Calibrating weights: block single_transformer_blocks.29
25-12-30 13:21:37 | D |     - Calibrating single_transformer_blocks.29.norm.linear.weight quantizer
25-12-30 13:21:38 | D |     - Calibrating single_transformer_blocks.29.attn.to_q.weight quantizer
25-12-30 13:21:38 | D |     - Calibrating single_transformer_blocks.29.attn.to_k.weight quantizer
25-12-30 13:21:38 | D |     - Calibrating single_transformer_blocks.29.attn.to_v.weight quantizer
25-12-30 13:21:39 | D |     - Calibrating single_transformer_blocks.29.proj_out.linears.0.weight quantizer
25-12-30 13:21:39 | D |     - Calibrating single_transformer_blocks.29.proj_mlp.weight quantizer
25-12-30 13:21:40 | D |     - Calibrating single_transformer_blocks.29.proj_out.linears.1.weight quantizer
25-12-30 13:21:40 | D |   - Calibrating weights: block single_transformer_blocks.30
25-12-30 13:21:40 | D |     - Calibrating single_transformer_blocks.30.norm.linear.weight quantizer
25-12-30 13:21:40 | D |     - Calibrating single_transformer_blocks.30.attn.to_q.weight quantizer
25-12-30 13:21:41 | D |     - Calibrating single_transformer_blocks.30.attn.to_k.weight quantizer
25-12-30 13:21:41 | D |     - Calibrating single_transformer_blocks.30.attn.to_v.weight quantizer
25-12-30 13:21:41 | D |     - Calibrating single_transformer_blocks.30.proj_out.linears.0.weight quantizer
25-12-30 13:21:42 | D |     - Calibrating single_transformer_blocks.30.proj_mlp.weight quantizer
25-12-30 13:21:42 | D |     - Calibrating single_transformer_blocks.30.proj_out.linears.1.weight quantizer
25-12-30 13:21:42 | D |   - Calibrating weights: block single_transformer_blocks.31
25-12-30 13:21:42 | D |     - Calibrating single_transformer_blocks.31.norm.linear.weight quantizer
25-12-30 13:21:43 | D |     - Calibrating single_transformer_blocks.31.attn.to_q.weight quantizer
25-12-30 13:21:43 | D |     - Calibrating single_transformer_blocks.31.attn.to_k.weight quantizer
25-12-30 13:21:43 | D |     - Calibrating single_transformer_blocks.31.attn.to_v.weight quantizer
25-12-30 13:21:44 | D |     - Calibrating single_transformer_blocks.31.proj_out.linears.0.weight quantizer
25-12-30 13:21:44 | D |     - Calibrating single_transformer_blocks.31.proj_mlp.weight quantizer
25-12-30 13:21:44 | D |     - Calibrating single_transformer_blocks.31.proj_out.linears.1.weight quantizer
25-12-30 13:21:45 | D |   - Calibrating weights: block single_transformer_blocks.32
25-12-30 13:21:45 | D |     - Calibrating single_transformer_blocks.32.norm.linear.weight quantizer
25-12-30 13:21:45 | D |     - Calibrating single_transformer_blocks.32.attn.to_q.weight quantizer
25-12-30 13:21:45 | D |     - Calibrating single_transformer_blocks.32.attn.to_k.weight quantizer
25-12-30 13:21:46 | D |     - Calibrating single_transformer_blocks.32.attn.to_v.weight quantizer
25-12-30 13:21:46 | D |     - Calibrating single_transformer_blocks.32.proj_out.linears.0.weight quantizer
25-12-30 13:21:46 | D |     - Calibrating single_transformer_blocks.32.proj_mlp.weight quantizer
25-12-30 13:21:47 | D |     - Calibrating single_transformer_blocks.32.proj_out.linears.1.weight quantizer
25-12-30 13:21:47 | D |   - Calibrating weights: block single_transformer_blocks.33
25-12-30 13:21:47 | D |     - Calibrating single_transformer_blocks.33.norm.linear.weight quantizer
25-12-30 13:21:47 | D |     - Calibrating single_transformer_blocks.33.attn.to_q.weight quantizer
25-12-30 13:21:48 | D |     - Calibrating single_transformer_blocks.33.attn.to_k.weight quantizer
25-12-30 13:21:48 | D |     - Calibrating single_transformer_blocks.33.attn.to_v.weight quantizer
25-12-30 13:21:48 | D |     - Calibrating single_transformer_blocks.33.proj_out.linears.0.weight quantizer
25-12-30 13:21:49 | D |     - Calibrating single_transformer_blocks.33.proj_mlp.weight quantizer
25-12-30 13:21:49 | D |     - Calibrating single_transformer_blocks.33.proj_out.linears.1.weight quantizer
25-12-30 13:21:49 | D |   - Calibrating weights: block single_transformer_blocks.34
25-12-30 13:21:49 | D |     - Calibrating single_transformer_blocks.34.norm.linear.weight quantizer
25-12-30 13:21:50 | D |     - Calibrating single_transformer_blocks.34.attn.to_q.weight quantizer
25-12-30 13:21:50 | D |     - Calibrating single_transformer_blocks.34.attn.to_k.weight quantizer
25-12-30 13:21:50 | D |     - Calibrating single_transformer_blocks.34.attn.to_v.weight quantizer
25-12-30 13:21:51 | D |     - Calibrating single_transformer_blocks.34.proj_out.linears.0.weight quantizer
25-12-30 13:21:51 | D |     - Calibrating single_transformer_blocks.34.proj_mlp.weight quantizer
25-12-30 13:21:51 | D |     - Calibrating single_transformer_blocks.34.proj_out.linears.1.weight quantizer
25-12-30 13:21:52 | D |   - Calibrating weights: block single_transformer_blocks.35
25-12-30 13:21:52 | D |     - Calibrating single_transformer_blocks.35.norm.linear.weight quantizer
25-12-30 13:21:52 | D |     - Calibrating single_transformer_blocks.35.attn.to_q.weight quantizer
25-12-30 13:21:52 | D |     - Calibrating single_transformer_blocks.35.attn.to_k.weight quantizer
25-12-30 13:21:53 | D |     - Calibrating single_transformer_blocks.35.attn.to_v.weight quantizer
25-12-30 13:21:53 | D |     - Calibrating single_transformer_blocks.35.proj_out.linears.0.weight quantizer
25-12-30 13:21:54 | D |     - Calibrating single_transformer_blocks.35.proj_mlp.weight quantizer
25-12-30 13:21:54 | D |     - Calibrating single_transformer_blocks.35.proj_out.linears.1.weight quantizer
25-12-30 13:21:54 | D |   - Calibrating weights: block single_transformer_blocks.36
25-12-30 13:21:54 | D |     - Calibrating single_transformer_blocks.36.norm.linear.weight quantizer
25-12-30 13:21:55 | D |     - Calibrating single_transformer_blocks.36.attn.to_q.weight quantizer
25-12-30 13:21:55 | D |     - Calibrating single_transformer_blocks.36.attn.to_k.weight quantizer
25-12-30 13:21:55 | D |     - Calibrating single_transformer_blocks.36.attn.to_v.weight quantizer
25-12-30 13:21:56 | D |     - Calibrating single_transformer_blocks.36.proj_out.linears.0.weight quantizer
25-12-30 13:21:56 | D |     - Calibrating single_transformer_blocks.36.proj_mlp.weight quantizer
25-12-30 13:21:56 | D |     - Calibrating single_transformer_blocks.36.proj_out.linears.1.weight quantizer
25-12-30 13:21:57 | D |   - Calibrating weights: block single_transformer_blocks.37
25-12-30 13:21:57 | D |     - Calibrating single_transformer_blocks.37.norm.linear.weight quantizer
25-12-30 13:21:57 | D |     - Calibrating single_transformer_blocks.37.attn.to_q.weight quantizer
25-12-30 13:21:57 | D |     - Calibrating single_transformer_blocks.37.attn.to_k.weight quantizer
25-12-30 13:21:58 | D |     - Calibrating single_transformer_blocks.37.attn.to_v.weight quantizer
25-12-30 13:21:58 | D |     - Calibrating single_transformer_blocks.37.proj_out.linears.0.weight quantizer
25-12-30 13:21:58 | D |     - Calibrating single_transformer_blocks.37.proj_mlp.weight quantizer
25-12-30 13:21:59 | D |     - Calibrating single_transformer_blocks.37.proj_out.linears.1.weight quantizer
25-12-30 13:21:59 | D |   - Quantizing weights: block transformer_blocks.0
25-12-30 13:21:59 | D |     - Quantizing transformer_blocks.0.norm1.linear.weight
25-12-30 13:21:59 | D |       + quant_dtype: sint4
25-12-30 13:21:59 | D |       + group_shape: ((1, 64, 1),)
25-12-30 13:21:59 | D |       + scale_dtype: (None,)
25-12-30 13:21:59 | D |     - Quantizing transformer_blocks.0.norm1_context.linear.weight
25-12-30 13:21:59 | D |       + quant_dtype: sint4
25-12-30 13:21:59 | D |       + group_shape: ((1, 64, 1),)
25-12-30 13:21:59 | D |       + scale_dtype: (None,)
25-12-30 13:22:00 | D |     - Quantizing transformer_blocks.0.attn.to_q.weight
25-12-30 13:22:00 | D |       + quant_dtype: sfp4_e2m1_all
25-12-30 13:22:00 | D |       + group_shape: ((-1, -1, -1), (1, 16, 1))
25-12-30 13:22:00 | D |       + scale_dtype: (None, sfp8_e4m3_nan)
25-12-30 13:22:00 | D |     - Quantizing transformer_blocks.0.attn.to_k.weight
25-12-30 13:22:00 | D |       + quant_dtype: sfp4_e2m1_all
25-12-30 13:22:00 | D |       + group_shape: ((-1, -1, -1), (1, 16, 1))
25-12-30 13:22:00 | D |       + scale_dtype: (None, sfp8_e4m3_nan)
25-12-30 13:22:00 | D |     - Quantizing transformer_blocks.0.attn.to_v.weight
25-12-30 13:22:00 | D |       + quant_dtype: sfp4_e2m1_all
25-12-30 13:22:00 | D |       + group_shape: ((-1, -1, -1), (1, 16, 1))
25-12-30 13:22:00 | D |       + scale_dtype: (None, sfp8_e4m3_nan)
25-12-30 13:22:01 | D |     - Quantizing transformer_blocks.0.attn.add_q_proj.weight
25-12-30 13:22:01 | D |       + quant_dtype: sfp4_e2m1_all
25-12-30 13:22:01 | D |       + group_shape: ((-1, -1, -1), (1, 16, 1))
25-12-30 13:22:01 | D |       + scale_dtype: (None, sfp8_e4m3_nan)
25-12-30 13:22:01 | D |     - Quantizing transformer_blocks.0.attn.add_k_proj.weight
25-12-30 13:22:01 | D |       + quant_dtype: sfp4_e2m1_all
25-12-30 13:22:01 | D |       + group_shape: ((-1, -1, -1), (1, 16, 1))
25-12-30 13:22:01 | D |       + scale_dtype: (None, sfp8_e4m3_nan)
25-12-30 13:22:02 | D |     - Quantizing transformer_blocks.0.attn.add_v_proj.weight
25-12-30 13:22:02 | D |       + quant_dtype: sfp4_e2m1_all
25-12-30 13:22:02 | D |       + group_shape: ((-1, -1, -1), (1, 16, 1))
25-12-30 13:22:02 | D |       + scale_dtype: (None, sfp8_e4m3_nan)
25-12-30 13:22:02 | D |     - Quantizing transformer_blocks.0.attn.to_out.0.weight
25-12-30 13:22:02 | D |       + quant_dtype: sfp4_e2m1_all
25-12-30 13:22:02 | D |       + group_shape: ((-1, -1, -1), (1, 16, 1))
25-12-30 13:22:02 | D |       + scale_dtype: (None, sfp8_e4m3_nan)
25-12-30 13:22:02 | D |     - Quantizing transformer_blocks.0.attn.to_add_out.weight
25-12-30 13:22:02 | D |       + quant_dtype: sfp4_e2m1_all
25-12-30 13:22:02 | D |       + group_shape: ((-1, -1, -1), (1, 16, 1))
25-12-30 13:22:02 | D |       + scale_dtype: (None, sfp8_e4m3_nan)
25-12-30 13:22:03 | D |     - Quantizing transformer_blocks.0.ff.net.0.proj.weight
25-12-30 13:22:03 | D |       + quant_dtype: sfp4_e2m1_all
25-12-30 13:22:03 | D |       + group_shape: ((-1, -1, -1), (1, 16, 1))
25-12-30 13:22:03 | D |       + scale_dtype: (None, sfp8_e4m3_nan)
25-12-30 13:22:03 | D |     - Quantizing transformer_blocks.0.ff.net.2.weight
25-12-30 13:22:03 | D |       + quant_dtype: sfp4_e2m1_all
25-12-30 13:22:03 | D |       + group_shape: ((-1, -1, -1), (1, 16, 1))
25-12-30 13:22:03 | D |       + scale_dtype: (None, sfp8_e4m3_nan)
25-12-30 13:22:04 | D |     - Quantizing transformer_blocks.0.ff_context.net.0.proj.weight
25-12-30 13:22:04 | D |       + quant_dtype: sfp4_e2m1_all
25-12-30 13:22:04 | D |       + group_shape: ((-1, -1, -1), (1, 16, 1))
25-12-30 13:22:04 | D |       + scale_dtype: (None, sfp8_e4m3_nan)
25-12-30 13:22:04 | D |     - Quantizing transformer_blocks.0.ff_context.net.2.weight
25-12-30 13:22:04 | D |       + quant_dtype: sfp4_e2m1_all
25-12-30 13:22:04 | D |       + group_shape: ((-1, -1, -1), (1, 16, 1))
25-12-30 13:22:04 | D |       + scale_dtype: (None, sfp8_e4m3_nan)
25-12-30 13:22:04 | D |   - Quantizing weights: block transformer_blocks.1
25-12-30 13:22:04 | D |     - Quantizing transformer_blocks.1.norm1.linear.weight
25-12-30 13:22:04 | D |       + quant_dtype: sint4
25-12-30 13:22:04 | D |       + group_shape: ((1, 64, 1),)
25-12-30 13:22:04 | D |       + scale_dtype: (None,)
25-12-30 13:22:05 | D |     - Quantizing transformer_blocks.1.norm1_context.linear.weight
25-12-30 13:22:05 | D |       + quant_dtype: sint4
25-12-30 13:22:05 | D |       + group_shape: ((1, 64, 1),)
25-12-30 13:22:05 | D |       + scale_dtype: (None,)
25-12-30 13:22:05 | D |     - Quantizing transformer_blocks.1.attn.to_q.weight
25-12-30 13:22:05 | D |       + quant_dtype: sfp4_e2m1_all
25-12-30 13:22:05 | D |       + group_shape: ((-1, -1, -1), (1, 16, 1))
25-12-30 13:22:05 | D |       + scale_dtype: (None, sfp8_e4m3_nan)
25-12-30 13:22:06 | D |     - Quantizing transformer_blocks.1.attn.to_k.weight
25-12-30 13:22:06 | D |       + quant_dtype: sfp4_e2m1_all
25-12-30 13:22:06 | D |       + group_shape: ((-1, -1, -1), (1, 16, 1))
25-12-30 13:22:06 | D |       + scale_dtype: (None, sfp8_e4m3_nan)
25-12-30 13:22:06 | D |     - Quantizing transformer_blocks.1.attn.to_v.weight
25-12-30 13:22:06 | D |       + quant_dtype: sfp4_e2m1_all
25-12-30 13:22:06 | D |       + group_shape: ((-1, -1, -1), (1, 16, 1))
25-12-30 13:22:06 | D |       + scale_dtype: (None, sfp8_e4m3_nan)
25-12-30 13:22:06 | D |     - Quantizing transformer_blocks.1.attn.add_q_proj.weight
25-12-30 13:22:06 | D |       + quant_dtype: sfp4_e2m1_all
25-12-30 13:22:06 | D |       + group_shape: ((-1, -1, -1), (1, 16, 1))
25-12-30 13:22:06 | D |       + scale_dtype: (None, sfp8_e4m3_nan)
25-12-30 13:22:07 | D |     - Quantizing transformer_blocks.1.attn.add_k_proj.weight
25-12-30 13:22:07 | D |       + quant_dtype: sfp4_e2m1_all
25-12-30 13:22:07 | D |       + group_shape: ((-1, -1, -1), (1, 16, 1))
25-12-30 13:22:07 | D |       + scale_dtype: (None, sfp8_e4m3_nan)
25-12-30 13:22:07 | D |     - Quantizing transformer_blocks.1.attn.add_v_proj.weight
25-12-30 13:22:07 | D |       + quant_dtype: sfp4_e2m1_all
25-12-30 13:22:07 | D |       + group_shape: ((-1, -1, -1), (1, 16, 1))
25-12-30 13:22:07 | D |       + scale_dtype: (None, sfp8_e4m3_nan)
25-12-30 13:22:07 | D |     - Quantizing transformer_blocks.1.attn.to_out.0.weight
25-12-30 13:22:07 | D |       + quant_dtype: sfp4_e2m1_all
25-12-30 13:22:07 | D |       + group_shape: ((-1, -1, -1), (1, 16, 1))
25-12-30 13:22:07 | D |       + scale_dtype: (None, sfp8_e4m3_nan)
25-12-30 13:22:08 | D |     - Quantizing transformer_blocks.1.attn.to_add_out.weight
25-12-30 13:22:08 | D |       + quant_dtype: sfp4_e2m1_all
25-12-30 13:22:08 | D |       + group_shape: ((-1, -1, -1), (1, 16, 1))
25-12-30 13:22:08 | D |       + scale_dtype: (None, sfp8_e4m3_nan)
25-12-30 13:22:08 | D |     - Quantizing transformer_blocks.1.ff.net.0.proj.weight
25-12-30 13:22:08 | D |       + quant_dtype: sfp4_e2m1_all
25-12-30 13:22:08 | D |       + group_shape: ((-1, -1, -1), (1, 16, 1))
25-12-30 13:22:08 | D |       + scale_dtype: (None, sfp8_e4m3_nan)
25-12-30 13:22:09 | D |     - Quantizing transformer_blocks.1.ff.net.2.weight
25-12-30 13:22:09 | D |       + quant_dtype: sfp4_e2m1_all
25-12-30 13:22:09 | D |       + group_shape: ((-1, -1, -1), (1, 16, 1))
25-12-30 13:22:09 | D |       + scale_dtype: (None, sfp8_e4m3_nan)
25-12-30 13:22:09 | D |     - Quantizing transformer_blocks.1.ff_context.net.0.proj.weight
25-12-30 13:22:09 | D |       + quant_dtype: sfp4_e2m1_all
25-12-30 13:22:09 | D |       + group_shape: ((-1, -1, -1), (1, 16, 1))
25-12-30 13:22:09 | D |       + scale_dtype: (None, sfp8_e4m3_nan)
25-12-30 13:22:09 | D |     - Quantizing transformer_blocks.1.ff_context.net.2.weight
25-12-30 13:22:09 | D |       + quant_dtype: sfp4_e2m1_all
25-12-30 13:22:09 | D |       + group_shape: ((-1, -1, -1), (1, 16, 1))
25-12-30 13:22:09 | D |       + scale_dtype: (None, sfp8_e4m3_nan)
25-12-30 13:22:10 | D |   - Quantizing weights: block transformer_blocks.2
25-12-30 13:22:10 | D |     - Quantizing transformer_blocks.2.norm1.linear.weight
25-12-30 13:22:10 | D |       + quant_dtype: sint4
25-12-30 13:22:10 | D |       + group_shape: ((1, 64, 1),)
25-12-30 13:22:10 | D |       + scale_dtype: (None,)
25-12-30 13:22:10 | D |     - Quantizing transformer_blocks.2.norm1_context.linear.weight
25-12-30 13:22:10 | D |       + quant_dtype: sint4
25-12-30 13:22:10 | D |       + group_shape: ((1, 64, 1),)
25-12-30 13:22:10 | D |       + scale_dtype: (None,)
25-12-30 13:22:11 | D |     - Quantizing transformer_blocks.2.attn.to_q.weight
25-12-30 13:22:11 | D |       + quant_dtype: sfp4_e2m1_all
25-12-30 13:22:11 | D |       + group_shape: ((-1, -1, -1), (1, 16, 1))
25-12-30 13:22:11 | D |       + scale_dtype: (None, sfp8_e4m3_nan)
25-12-30 13:22:11 | D |     - Quantizing transformer_blocks.2.attn.to_k.weight
25-12-30 13:22:11 | D |       + quant_dtype: sfp4_e2m1_all
25-12-30 13:22:11 | D |       + group_shape: ((-1, -1, -1), (1, 16, 1))
25-12-30 13:22:11 | D |       + scale_dtype: (None, sfp8_e4m3_nan)
25-12-30 13:22:12 | D |     - Quantizing transformer_blocks.2.attn.to_v.weight
25-12-30 13:22:12 | D |       + quant_dtype: sfp4_e2m1_all
25-12-30 13:22:12 | D |       + group_shape: ((-1, -1, -1), (1, 16, 1))
25-12-30 13:22:12 | D |       + scale_dtype: (None, sfp8_e4m3_nan)
25-12-30 13:22:12 | D |     - Quantizing transformer_blocks.2.attn.add_q_proj.weight
25-12-30 13:22:12 | D |       + quant_dtype: sfp4_e2m1_all
25-12-30 13:22:12 | D |       + group_shape: ((-1, -1, -1), (1, 16, 1))
25-12-30 13:22:12 | D |       + scale_dtype: (None, sfp8_e4m3_nan)
25-12-30 13:22:12 | D |     - Quantizing transformer_blocks.2.attn.add_k_proj.weight
25-12-30 13:22:12 | D |       + quant_dtype: sfp4_e2m1_all
25-12-30 13:22:12 | D |       + group_shape: ((-1, -1, -1), (1, 16, 1))
25-12-30 13:22:12 | D |       + scale_dtype: (None, sfp8_e4m3_nan)
25-12-30 13:22:13 | D |     - Quantizing transformer_blocks.2.attn.add_v_proj.weight
25-12-30 13:22:13 | D |       + quant_dtype: sfp4_e2m1_all
25-12-30 13:22:13 | D |       + group_shape: ((-1, -1, -1), (1, 16, 1))
25-12-30 13:22:13 | D |       + scale_dtype: (None, sfp8_e4m3_nan)
25-12-30 13:22:13 | D |     - Quantizing transformer_blocks.2.attn.to_out.0.weight
25-12-30 13:22:13 | D |       + quant_dtype: sfp4_e2m1_all
25-12-30 13:22:13 | D |       + group_shape: ((-1, -1, -1), (1, 16, 1))
25-12-30 13:22:13 | D |       + scale_dtype: (None, sfp8_e4m3_nan)
25-12-30 13:22:14 | D |     - Quantizing transformer_blocks.2.attn.to_add_out.weight
25-12-30 13:22:14 | D |       + quant_dtype: sfp4_e2m1_all
25-12-30 13:22:14 | D |       + group_shape: ((-1, -1, -1), (1, 16, 1))
25-12-30 13:22:14 | D |       + scale_dtype: (None, sfp8_e4m3_nan)
25-12-30 13:22:14 | D |     - Quantizing transformer_blocks.2.ff.net.0.proj.weight
25-12-30 13:22:14 | D |       + quant_dtype: sfp4_e2m1_all
25-12-30 13:22:14 | D |       + group_shape: ((-1, -1, -1), (1, 16, 1))
25-12-30 13:22:14 | D |       + scale_dtype: (None, sfp8_e4m3_nan)
25-12-30 13:22:14 | D |     - Quantizing transformer_blocks.2.ff.net.2.weight
25-12-30 13:22:14 | D |       + quant_dtype: sfp4_e2m1_all
25-12-30 13:22:14 | D |       + group_shape: ((-1, -1, -1), (1, 16, 1))
25-12-30 13:22:14 | D |       + scale_dtype: (None, sfp8_e4m3_nan)
25-12-30 13:22:15 | D |     - Quantizing transformer_blocks.2.ff_context.net.0.proj.weight
25-12-30 13:22:15 | D |       + quant_dtype: sfp4_e2m1_all
25-12-30 13:22:15 | D |       + group_shape: ((-1, -1, -1), (1, 16, 1))
25-12-30 13:22:15 | D |       + scale_dtype: (None, sfp8_e4m3_nan)
25-12-30 13:22:15 | D |     - Quantizing transformer_blocks.2.ff_context.net.2.weight
25-12-30 13:22:15 | D |       + quant_dtype: sfp4_e2m1_all
25-12-30 13:22:15 | D |       + group_shape: ((-1, -1, -1), (1, 16, 1))
25-12-30 13:22:15 | D |       + scale_dtype: (None, sfp8_e4m3_nan)
25-12-30 13:22:16 | D |   - Quantizing weights: block transformer_blocks.3
25-12-30 13:22:16 | D |     - Quantizing transformer_blocks.3.norm1.linear.weight
25-12-30 13:22:16 | D |       + quant_dtype: sint4
25-12-30 13:22:16 | D |       + group_shape: ((1, 64, 1),)
25-12-30 13:22:16 | D |       + scale_dtype: (None,)
25-12-30 13:22:16 | D |     - Quantizing transformer_blocks.3.norm1_context.linear.weight
25-12-30 13:22:16 | D |       + quant_dtype: sint4
25-12-30 13:22:16 | D |       + group_shape: ((1, 64, 1),)
25-12-30 13:22:16 | D |       + scale_dtype: (None,)
25-12-30 13:22:16 | D |     - Quantizing transformer_blocks.3.attn.to_q.weight
25-12-30 13:22:16 | D |       + quant_dtype: sfp4_e2m1_all
25-12-30 13:22:16 | D |       + group_shape: ((-1, -1, -1), (1, 16, 1))
25-12-30 13:22:16 | D |       + scale_dtype: (None, sfp8_e4m3_nan)
25-12-30 13:22:17 | D |     - Quantizing transformer_blocks.3.attn.to_k.weight
25-12-30 13:22:17 | D |       + quant_dtype: sfp4_e2m1_all
25-12-30 13:22:17 | D |       + group_shape: ((-1, -1, -1), (1, 16, 1))
25-12-30 13:22:17 | D |       + scale_dtype: (None, sfp8_e4m3_nan)
25-12-30 13:22:17 | D |     - Quantizing transformer_blocks.3.attn.to_v.weight
25-12-30 13:22:17 | D |       + quant_dtype: sfp4_e2m1_all
25-12-30 13:22:17 | D |       + group_shape: ((-1, -1, -1), (1, 16, 1))
25-12-30 13:22:17 | D |       + scale_dtype: (None, sfp8_e4m3_nan)
25-12-30 13:22:18 | D |     - Quantizing transformer_blocks.3.attn.add_q_proj.weight
25-12-30 13:22:18 | D |       + quant_dtype: sfp4_e2m1_all
25-12-30 13:22:18 | D |       + group_shape: ((-1, -1, -1), (1, 16, 1))
25-12-30 13:22:18 | D |       + scale_dtype: (None, sfp8_e4m3_nan)
25-12-30 13:22:18 | D |     - Quantizing transformer_blocks.3.attn.add_k_proj.weight
25-12-30 13:22:18 | D |       + quant_dtype: sfp4_e2m1_all
25-12-30 13:22:18 | D |       + group_shape: ((-1, -1, -1), (1, 16, 1))
25-12-30 13:22:18 | D |       + scale_dtype: (None, sfp8_e4m3_nan)
25-12-30 13:22:19 | D |     - Quantizing transformer_blocks.3.attn.add_v_proj.weight
25-12-30 13:22:19 | D |       + quant_dtype: sfp4_e2m1_all
25-12-30 13:22:19 | D |       + group_shape: ((-1, -1, -1), (1, 16, 1))
25-12-30 13:22:19 | D |       + scale_dtype: (None, sfp8_e4m3_nan)
25-12-30 13:22:19 | D |     - Quantizing transformer_blocks.3.attn.to_out.0.weight
25-12-30 13:22:19 | D |       + quant_dtype: sfp4_e2m1_all
25-12-30 13:22:19 | D |       + group_shape: ((-1, -1, -1), (1, 16, 1))
25-12-30 13:22:19 | D |       + scale_dtype: (None, sfp8_e4m3_nan)
25-12-30 13:22:19 | D |     - Quantizing transformer_blocks.3.attn.to_add_out.weight
25-12-30 13:22:19 | D |       + quant_dtype: sfp4_e2m1_all
25-12-30 13:22:19 | D |       + group_shape: ((-1, -1, -1), (1, 16, 1))
25-12-30 13:22:19 | D |       + scale_dtype: (None, sfp8_e4m3_nan)
25-12-30 13:22:20 | D |     - Quantizing transformer_blocks.3.ff.net.0.proj.weight
25-12-30 13:22:20 | D |       + quant_dtype: sfp4_e2m1_all
25-12-30 13:22:20 | D |       + group_shape: ((-1, -1, -1), (1, 16, 1))
25-12-30 13:22:20 | D |       + scale_dtype: (None, sfp8_e4m3_nan)
25-12-30 13:22:20 | D |     - Quantizing transformer_blocks.3.ff.net.2.weight
25-12-30 13:22:20 | D |       + quant_dtype: sfp4_e2m1_all
25-12-30 13:22:20 | D |       + group_shape: ((-1, -1, -1), (1, 16, 1))
25-12-30 13:22:20 | D |       + scale_dtype: (None, sfp8_e4m3_nan)
25-12-30 13:22:20 | D |     - Quantizing transformer_blocks.3.ff_context.net.0.proj.weight
25-12-30 13:22:20 | D |       + quant_dtype: sfp4_e2m1_all
25-12-30 13:22:20 | D |       + group_shape: ((-1, -1, -1), (1, 16, 1))
25-12-30 13:22:20 | D |       + scale_dtype: (None, sfp8_e4m3_nan)
25-12-30 13:22:21 | D |     - Quantizing transformer_blocks.3.ff_context.net.2.weight
25-12-30 13:22:21 | D |       + quant_dtype: sfp4_e2m1_all
25-12-30 13:22:21 | D |       + group_shape: ((-1, -1, -1), (1, 16, 1))
25-12-30 13:22:21 | D |       + scale_dtype: (None, sfp8_e4m3_nan)
25-12-30 13:22:21 | D |   - Quantizing weights: block transformer_blocks.4
25-12-30 13:22:21 | D |     - Quantizing transformer_blocks.4.norm1.linear.weight
25-12-30 13:22:21 | D |       + quant_dtype: sint4
25-12-30 13:22:21 | D |       + group_shape: ((1, 64, 1),)
25-12-30 13:22:21 | D |       + scale_dtype: (None,)
25-12-30 13:22:22 | D |     - Quantizing transformer_blocks.4.norm1_context.linear.weight
25-12-30 13:22:22 | D |       + quant_dtype: sint4
25-12-30 13:22:22 | D |       + group_shape: ((1, 64, 1),)
25-12-30 13:22:22 | D |       + scale_dtype: (None,)
25-12-30 13:22:22 | D |     - Quantizing transformer_blocks.4.attn.to_q.weight
25-12-30 13:22:22 | D |       + quant_dtype: sfp4_e2m1_all
25-12-30 13:22:22 | D |       + group_shape: ((-1, -1, -1), (1, 16, 1))
25-12-30 13:22:22 | D |       + scale_dtype: (None, sfp8_e4m3_nan)
25-12-30 13:22:22 | D |     - Quantizing transformer_blocks.4.attn.to_k.weight
25-12-30 13:22:22 | D |       + quant_dtype: sfp4_e2m1_all
25-12-30 13:22:22 | D |       + group_shape: ((-1, -1, -1), (1, 16, 1))
25-12-30 13:22:22 | D |       + scale_dtype: (None, sfp8_e4m3_nan)
25-12-30 13:22:23 | D |     - Quantizing transformer_blocks.4.attn.to_v.weight
25-12-30 13:22:23 | D |       + quant_dtype: sfp4_e2m1_all
25-12-30 13:22:23 | D |       + group_shape: ((-1, -1, -1), (1, 16, 1))
25-12-30 13:22:23 | D |       + scale_dtype: (None, sfp8_e4m3_nan)
25-12-30 13:22:23 | D |     - Quantizing transformer_blocks.4.attn.add_q_proj.weight
25-12-30 13:22:23 | D |       + quant_dtype: sfp4_e2m1_all
25-12-30 13:22:23 | D |       + group_shape: ((-1, -1, -1), (1, 16, 1))
25-12-30 13:22:23 | D |       + scale_dtype: (None, sfp8_e4m3_nan)
25-12-30 13:22:23 | D |     - Quantizing transformer_blocks.4.attn.add_k_proj.weight
25-12-30 13:22:23 | D |       + quant_dtype: sfp4_e2m1_all
25-12-30 13:22:23 | D |       + group_shape: ((-1, -1, -1), (1, 16, 1))
25-12-30 13:22:23 | D |       + scale_dtype: (None, sfp8_e4m3_nan)
25-12-30 13:22:24 | D |     - Quantizing transformer_blocks.4.attn.add_v_proj.weight
25-12-30 13:22:24 | D |       + quant_dtype: sfp4_e2m1_all
25-12-30 13:22:24 | D |       + group_shape: ((-1, -1, -1), (1, 16, 1))
25-12-30 13:22:24 | D |       + scale_dtype: (None, sfp8_e4m3_nan)
25-12-30 13:22:24 | D |     - Quantizing transformer_blocks.4.attn.to_out.0.weight
25-12-30 13:22:24 | D |       + quant_dtype: sfp4_e2m1_all
25-12-30 13:22:24 | D |       + group_shape: ((-1, -1, -1), (1, 16, 1))
25-12-30 13:22:24 | D |       + scale_dtype: (None, sfp8_e4m3_nan)
25-12-30 13:22:25 | D |     - Quantizing transformer_blocks.4.attn.to_add_out.weight
25-12-30 13:22:25 | D |       + quant_dtype: sfp4_e2m1_all
25-12-30 13:22:25 | D |       + group_shape: ((-1, -1, -1), (1, 16, 1))
25-12-30 13:22:25 | D |       + scale_dtype: (None, sfp8_e4m3_nan)
25-12-30 13:22:25 | D |     - Quantizing transformer_blocks.4.ff.net.0.proj.weight
25-12-30 13:22:25 | D |       + quant_dtype: sfp4_e2m1_all
25-12-30 13:22:25 | D |       + group_shape: ((-1, -1, -1), (1, 16, 1))
25-12-30 13:22:25 | D |       + scale_dtype: (None, sfp8_e4m3_nan)
25-12-30 13:22:25 | D |     - Quantizing transformer_blocks.4.ff.net.2.weight
25-12-30 13:22:25 | D |       + quant_dtype: sfp4_e2m1_all
25-12-30 13:22:25 | D |       + group_shape: ((-1, -1, -1), (1, 16, 1))
25-12-30 13:22:25 | D |       + scale_dtype: (None, sfp8_e4m3_nan)
25-12-30 13:22:26 | D |     - Quantizing transformer_blocks.4.ff_context.net.0.proj.weight
25-12-30 13:22:26 | D |       + quant_dtype: sfp4_e2m1_all
25-12-30 13:22:26 | D |       + group_shape: ((-1, -1, -1), (1, 16, 1))
25-12-30 13:22:26 | D |       + scale_dtype: (None, sfp8_e4m3_nan)
25-12-30 13:22:26 | D |     - Quantizing transformer_blocks.4.ff_context.net.2.weight
25-12-30 13:22:26 | D |       + quant_dtype: sfp4_e2m1_all
25-12-30 13:22:26 | D |       + group_shape: ((-1, -1, -1), (1, 16, 1))
25-12-30 13:22:26 | D |       + scale_dtype: (None, sfp8_e4m3_nan)
25-12-30 13:22:26 | D |   - Quantizing weights: block transformer_blocks.5
25-12-30 13:22:26 | D |     - Quantizing transformer_blocks.5.norm1.linear.weight
25-12-30 13:22:26 | D |       + quant_dtype: sint4
25-12-30 13:22:26 | D |       + group_shape: ((1, 64, 1),)
25-12-30 13:22:26 | D |       + scale_dtype: (None,)
25-12-30 13:22:27 | D |     - Quantizing transformer_blocks.5.norm1_context.linear.weight
25-12-30 13:22:27 | D |       + quant_dtype: sint4
25-12-30 13:22:27 | D |       + group_shape: ((1, 64, 1),)
25-12-30 13:22:27 | D |       + scale_dtype: (None,)
25-12-30 13:22:27 | D |     - Quantizing transformer_blocks.5.attn.to_q.weight
25-12-30 13:22:27 | D |       + quant_dtype: sfp4_e2m1_all
25-12-30 13:22:27 | D |       + group_shape: ((-1, -1, -1), (1, 16, 1))
25-12-30 13:22:27 | D |       + scale_dtype: (None, sfp8_e4m3_nan)
25-12-30 13:22:28 | D |     - Quantizing transformer_blocks.5.attn.to_k.weight
25-12-30 13:22:28 | D |       + quant_dtype: sfp4_e2m1_all
25-12-30 13:22:28 | D |       + group_shape: ((-1, -1, -1), (1, 16, 1))
25-12-30 13:22:28 | D |       + scale_dtype: (None, sfp8_e4m3_nan)
25-12-30 13:22:28 | D |     - Quantizing transformer_blocks.5.attn.to_v.weight
25-12-30 13:22:28 | D |       + quant_dtype: sfp4_e2m1_all
25-12-30 13:22:28 | D |       + group_shape: ((-1, -1, -1), (1, 16, 1))
25-12-30 13:22:28 | D |       + scale_dtype: (None, sfp8_e4m3_nan)
25-12-30 13:22:29 | D |     - Quantizing transformer_blocks.5.attn.add_q_proj.weight
25-12-30 13:22:29 | D |       + quant_dtype: sfp4_e2m1_all
25-12-30 13:22:29 | D |       + group_shape: ((-1, -1, -1), (1, 16, 1))
25-12-30 13:22:29 | D |       + scale_dtype: (None, sfp8_e4m3_nan)
25-12-30 13:22:29 | D |     - Quantizing transformer_blocks.5.attn.add_k_proj.weight
25-12-30 13:22:29 | D |       + quant_dtype: sfp4_e2m1_all
25-12-30 13:22:29 | D |       + group_shape: ((-1, -1, -1), (1, 16, 1))
25-12-30 13:22:29 | D |       + scale_dtype: (None, sfp8_e4m3_nan)
25-12-30 13:22:30 | D |     - Quantizing transformer_blocks.5.attn.add_v_proj.weight
25-12-30 13:22:30 | D |       + quant_dtype: sfp4_e2m1_all
25-12-30 13:22:30 | D |       + group_shape: ((-1, -1, -1), (1, 16, 1))
25-12-30 13:22:30 | D |       + scale_dtype: (None, sfp8_e4m3_nan)
25-12-30 13:22:30 | D |     - Quantizing transformer_blocks.5.attn.to_out.0.weight
25-12-30 13:22:30 | D |       + quant_dtype: sfp4_e2m1_all
25-12-30 13:22:30 | D |       + group_shape: ((-1, -1, -1), (1, 16, 1))
25-12-30 13:22:30 | D |       + scale_dtype: (None, sfp8_e4m3_nan)
25-12-30 13:22:30 | D |     - Quantizing transformer_blocks.5.attn.to_add_out.weight
25-12-30 13:22:30 | D |       + quant_dtype: sfp4_e2m1_all
25-12-30 13:22:30 | D |       + group_shape: ((-1, -1, -1), (1, 16, 1))
25-12-30 13:22:30 | D |       + scale_dtype: (None, sfp8_e4m3_nan)
25-12-30 13:22:31 | D |     - Quantizing transformer_blocks.5.ff.net.0.proj.weight
25-12-30 13:22:31 | D |       + quant_dtype: sfp4_e2m1_all
25-12-30 13:22:31 | D |       + group_shape: ((-1, -1, -1), (1, 16, 1))
25-12-30 13:22:31 | D |       + scale_dtype: (None, sfp8_e4m3_nan)
25-12-30 13:22:31 | D |     - Quantizing transformer_blocks.5.ff.net.2.weight
25-12-30 13:22:31 | D |       + quant_dtype: sfp4_e2m1_all
25-12-30 13:22:31 | D |       + group_shape: ((-1, -1, -1), (1, 16, 1))
25-12-30 13:22:31 | D |       + scale_dtype: (None, sfp8_e4m3_nan)
25-12-30 13:22:31 | D |     - Quantizing transformer_blocks.5.ff_context.net.0.proj.weight
25-12-30 13:22:31 | D |       + quant_dtype: sfp4_e2m1_all
25-12-30 13:22:31 | D |       + group_shape: ((-1, -1, -1), (1, 16, 1))
25-12-30 13:22:31 | D |       + scale_dtype: (None, sfp8_e4m3_nan)
25-12-30 13:22:32 | D |     - Quantizing transformer_blocks.5.ff_context.net.2.weight
25-12-30 13:22:32 | D |       + quant_dtype: sfp4_e2m1_all
25-12-30 13:22:32 | D |       + group_shape: ((-1, -1, -1), (1, 16, 1))
25-12-30 13:22:32 | D |       + scale_dtype: (None, sfp8_e4m3_nan)
25-12-30 13:22:32 | D |   - Quantizing weights: block transformer_blocks.6
25-12-30 13:22:32 | D |     - Quantizing transformer_blocks.6.norm1.linear.weight
25-12-30 13:22:32 | D |       + quant_dtype: sint4
25-12-30 13:22:32 | D |       + group_shape: ((1, 64, 1),)
25-12-30 13:22:32 | D |       + scale_dtype: (None,)
25-12-30 13:22:33 | D |     - Quantizing transformer_blocks.6.norm1_context.linear.weight
25-12-30 13:22:33 | D |       + quant_dtype: sint4
25-12-30 13:22:33 | D |       + group_shape: ((1, 64, 1),)
25-12-30 13:22:33 | D |       + scale_dtype: (None,)
25-12-30 13:22:33 | D |     - Quantizing transformer_blocks.6.attn.to_q.weight
25-12-30 13:22:33 | D |       + quant_dtype: sfp4_e2m1_all
25-12-30 13:22:33 | D |       + group_shape: ((-1, -1, -1), (1, 16, 1))
25-12-30 13:22:33 | D |       + scale_dtype: (None, sfp8_e4m3_nan)
25-12-30 13:22:33 | D |     - Quantizing transformer_blocks.6.attn.to_k.weight
25-12-30 13:22:33 | D |       + quant_dtype: sfp4_e2m1_all
25-12-30 13:22:33 | D |       + group_shape: ((-1, -1, -1), (1, 16, 1))
25-12-30 13:22:33 | D |       + scale_dtype: (None, sfp8_e4m3_nan)
25-12-30 13:22:34 | D |     - Quantizing transformer_blocks.6.attn.to_v.weight
25-12-30 13:22:34 | D |       + quant_dtype: sfp4_e2m1_all
25-12-30 13:22:34 | D |       + group_shape: ((-1, -1, -1), (1, 16, 1))
25-12-30 13:22:34 | D |       + scale_dtype: (None, sfp8_e4m3_nan)
25-12-30 13:22:34 | D |     - Quantizing transformer_blocks.6.attn.add_q_proj.weight
25-12-30 13:22:34 | D |       + quant_dtype: sfp4_e2m1_all
25-12-30 13:22:34 | D |       + group_shape: ((-1, -1, -1), (1, 16, 1))
25-12-30 13:22:34 | D |       + scale_dtype: (None, sfp8_e4m3_nan)
25-12-30 13:22:35 | D |     - Quantizing transformer_blocks.6.attn.add_k_proj.weight
25-12-30 13:22:35 | D |       + quant_dtype: sfp4_e2m1_all
25-12-30 13:22:35 | D |       + group_shape: ((-1, -1, -1), (1, 16, 1))
25-12-30 13:22:35 | D |       + scale_dtype: (None, sfp8_e4m3_nan)
25-12-30 13:22:35 | D |     - Quantizing transformer_blocks.6.attn.add_v_proj.weight
25-12-30 13:22:35 | D |       + quant_dtype: sfp4_e2m1_all
25-12-30 13:22:35 | D |       + group_shape: ((-1, -1, -1), (1, 16, 1))
25-12-30 13:22:35 | D |       + scale_dtype: (None, sfp8_e4m3_nan)
25-12-30 13:22:35 | D |     - Quantizing transformer_blocks.6.attn.to_out.0.weight
25-12-30 13:22:35 | D |       + quant_dtype: sfp4_e2m1_all
25-12-30 13:22:35 | D |       + group_shape: ((-1, -1, -1), (1, 16, 1))
25-12-30 13:22:35 | D |       + scale_dtype: (None, sfp8_e4m3_nan)
25-12-30 13:22:36 | D |     - Quantizing transformer_blocks.6.attn.to_add_out.weight
25-12-30 13:22:36 | D |       + quant_dtype: sfp4_e2m1_all
25-12-30 13:22:36 | D |       + group_shape: ((-1, -1, -1), (1, 16, 1))
25-12-30 13:22:36 | D |       + scale_dtype: (None, sfp8_e4m3_nan)
25-12-30 13:22:36 | D |     - Quantizing transformer_blocks.6.ff.net.0.proj.weight
25-12-30 13:22:36 | D |       + quant_dtype: sfp4_e2m1_all
25-12-30 13:22:36 | D |       + group_shape: ((-1, -1, -1), (1, 16, 1))
25-12-30 13:22:36 | D |       + scale_dtype: (None, sfp8_e4m3_nan)
25-12-30 13:22:36 | D |     - Quantizing transformer_blocks.6.ff.net.2.weight
25-12-30 13:22:36 | D |       + quant_dtype: sfp4_e2m1_all
25-12-30 13:22:36 | D |       + group_shape: ((-1, -1, -1), (1, 16, 1))
25-12-30 13:22:36 | D |       + scale_dtype: (None, sfp8_e4m3_nan)
25-12-30 13:22:37 | D |     - Quantizing transformer_blocks.6.ff_context.net.0.proj.weight
25-12-30 13:22:37 | D |       + quant_dtype: sfp4_e2m1_all
25-12-30 13:22:37 | D |       + group_shape: ((-1, -1, -1), (1, 16, 1))
25-12-30 13:22:37 | D |       + scale_dtype: (None, sfp8_e4m3_nan)
25-12-30 13:22:37 | D |     - Quantizing transformer_blocks.6.ff_context.net.2.weight
25-12-30 13:22:37 | D |       + quant_dtype: sfp4_e2m1_all
25-12-30 13:22:37 | D |       + group_shape: ((-1, -1, -1), (1, 16, 1))
25-12-30 13:22:37 | D |       + scale_dtype: (None, sfp8_e4m3_nan)
25-12-30 13:22:38 | D |   - Quantizing weights: block transformer_blocks.7
25-12-30 13:22:38 | D |     - Quantizing transformer_blocks.7.norm1.linear.weight
25-12-30 13:22:38 | D |       + quant_dtype: sint4
25-12-30 13:22:38 | D |       + group_shape: ((1, 64, 1),)
25-12-30 13:22:38 | D |       + scale_dtype: (None,)
25-12-30 13:22:38 | D |     - Quantizing transformer_blocks.7.norm1_context.linear.weight
25-12-30 13:22:38 | D |       + quant_dtype: sint4
25-12-30 13:22:38 | D |       + group_shape: ((1, 64, 1),)
25-12-30 13:22:38 | D |       + scale_dtype: (None,)
25-12-30 13:22:38 | D |     - Quantizing transformer_blocks.7.attn.to_q.weight
25-12-30 13:22:38 | D |       + quant_dtype: sfp4_e2m1_all
25-12-30 13:22:38 | D |       + group_shape: ((-1, -1, -1), (1, 16, 1))
25-12-30 13:22:38 | D |       + scale_dtype: (None, sfp8_e4m3_nan)
25-12-30 13:22:39 | D |     - Quantizing transformer_blocks.7.attn.to_k.weight
25-12-30 13:22:39 | D |       + quant_dtype: sfp4_e2m1_all
25-12-30 13:22:39 | D |       + group_shape: ((-1, -1, -1), (1, 16, 1))
25-12-30 13:22:39 | D |       + scale_dtype: (None, sfp8_e4m3_nan)
25-12-30 13:22:39 | D |     - Quantizing transformer_blocks.7.attn.to_v.weight
25-12-30 13:22:39 | D |       + quant_dtype: sfp4_e2m1_all
25-12-30 13:22:39 | D |       + group_shape: ((-1, -1, -1), (1, 16, 1))
25-12-30 13:22:39 | D |       + scale_dtype: (None, sfp8_e4m3_nan)
25-12-30 13:22:40 | D |     - Quantizing transformer_blocks.7.attn.add_q_proj.weight
25-12-30 13:22:40 | D |       + quant_dtype: sfp4_e2m1_all
25-12-30 13:22:40 | D |       + group_shape: ((-1, -1, -1), (1, 16, 1))
25-12-30 13:22:40 | D |       + scale_dtype: (None, sfp8_e4m3_nan)
25-12-30 13:22:40 | D |     - Quantizing transformer_blocks.7.attn.add_k_proj.weight
25-12-30 13:22:40 | D |       + quant_dtype: sfp4_e2m1_all
25-12-30 13:22:40 | D |       + group_shape: ((-1, -1, -1), (1, 16, 1))
25-12-30 13:22:40 | D |       + scale_dtype: (None, sfp8_e4m3_nan)
25-12-30 13:22:40 | D |     - Quantizing transformer_blocks.7.attn.add_v_proj.weight
25-12-30 13:22:40 | D |       + quant_dtype: sfp4_e2m1_all
25-12-30 13:22:40 | D |       + group_shape: ((-1, -1, -1), (1, 16, 1))
25-12-30 13:22:40 | D |       + scale_dtype: (None, sfp8_e4m3_nan)
25-12-30 13:22:41 | D |     - Quantizing transformer_blocks.7.attn.to_out.0.weight
25-12-30 13:22:41 | D |       + quant_dtype: sfp4_e2m1_all
25-12-30 13:22:41 | D |       + group_shape: ((-1, -1, -1), (1, 16, 1))
25-12-30 13:22:41 | D |       + scale_dtype: (None, sfp8_e4m3_nan)
25-12-30 13:22:41 | D |     - Quantizing transformer_blocks.7.attn.to_add_out.weight
25-12-30 13:22:41 | D |       + quant_dtype: sfp4_e2m1_all
25-12-30 13:22:41 | D |       + group_shape: ((-1, -1, -1), (1, 16, 1))
25-12-30 13:22:41 | D |       + scale_dtype: (None, sfp8_e4m3_nan)
25-12-30 13:22:42 | D |     - Quantizing transformer_blocks.7.ff.net.0.proj.weight
25-12-30 13:22:42 | D |       + quant_dtype: sfp4_e2m1_all
25-12-30 13:22:42 | D |       + group_shape: ((-1, -1, -1), (1, 16, 1))
25-12-30 13:22:42 | D |       + scale_dtype: (None, sfp8_e4m3_nan)
25-12-30 13:22:42 | D |     - Quantizing transformer_blocks.7.ff.net.2.weight
25-12-30 13:22:42 | D |       + quant_dtype: sfp4_e2m1_all
25-12-30 13:22:42 | D |       + group_shape: ((-1, -1, -1), (1, 16, 1))
25-12-30 13:22:42 | D |       + scale_dtype: (None, sfp8_e4m3_nan)
25-12-30 13:22:42 | D |     - Quantizing transformer_blocks.7.ff_context.net.0.proj.weight
25-12-30 13:22:42 | D |       + quant_dtype: sfp4_e2m1_all
25-12-30 13:22:42 | D |       + group_shape: ((-1, -1, -1), (1, 16, 1))
25-12-30 13:22:42 | D |       + scale_dtype: (None, sfp8_e4m3_nan)
25-12-30 13:22:43 | D |     - Quantizing transformer_blocks.7.ff_context.net.2.weight
25-12-30 13:22:43 | D |       + quant_dtype: sfp4_e2m1_all
25-12-30 13:22:43 | D |       + group_shape: ((-1, -1, -1), (1, 16, 1))
25-12-30 13:22:43 | D |       + scale_dtype: (None, sfp8_e4m3_nan)
25-12-30 13:22:43 | D |   - Quantizing weights: block transformer_blocks.8
25-12-30 13:22:43 | D |     - Quantizing transformer_blocks.8.norm1.linear.weight
25-12-30 13:22:43 | D |       + quant_dtype: sint4
25-12-30 13:22:43 | D |       + group_shape: ((1, 64, 1),)
25-12-30 13:22:43 | D |       + scale_dtype: (None,)
25-12-30 13:22:43 | D |     - Quantizing transformer_blocks.8.norm1_context.linear.weight
25-12-30 13:22:43 | D |       + quant_dtype: sint4
25-12-30 13:22:43 | D |       + group_shape: ((1, 64, 1),)
25-12-30 13:22:43 | D |       + scale_dtype: (None,)
25-12-30 13:22:44 | D |     - Quantizing transformer_blocks.8.attn.to_q.weight
25-12-30 13:22:44 | D |       + quant_dtype: sfp4_e2m1_all
25-12-30 13:22:44 | D |       + group_shape: ((-1, -1, -1), (1, 16, 1))
25-12-30 13:22:44 | D |       + scale_dtype: (None, sfp8_e4m3_nan)
25-12-30 13:22:44 | D |     - Quantizing transformer_blocks.8.attn.to_k.weight
25-12-30 13:22:44 | D |       + quant_dtype: sfp4_e2m1_all
25-12-30 13:22:44 | D |       + group_shape: ((-1, -1, -1), (1, 16, 1))
25-12-30 13:22:44 | D |       + scale_dtype: (None, sfp8_e4m3_nan)
25-12-30 13:22:45 | D |     - Quantizing transformer_blocks.8.attn.to_v.weight
25-12-30 13:22:45 | D |       + quant_dtype: sfp4_e2m1_all
25-12-30 13:22:45 | D |       + group_shape: ((-1, -1, -1), (1, 16, 1))
25-12-30 13:22:45 | D |       + scale_dtype: (None, sfp8_e4m3_nan)
25-12-30 13:22:45 | D |     - Quantizing transformer_blocks.8.attn.add_q_proj.weight
25-12-30 13:22:45 | D |       + quant_dtype: sfp4_e2m1_all
25-12-30 13:22:45 | D |       + group_shape: ((-1, -1, -1), (1, 16, 1))
25-12-30 13:22:45 | D |       + scale_dtype: (None, sfp8_e4m3_nan)
25-12-30 13:22:45 | D |     - Quantizing transformer_blocks.8.attn.add_k_proj.weight
25-12-30 13:22:45 | D |       + quant_dtype: sfp4_e2m1_all
25-12-30 13:22:45 | D |       + group_shape: ((-1, -1, -1), (1, 16, 1))
25-12-30 13:22:45 | D |       + scale_dtype: (None, sfp8_e4m3_nan)
25-12-30 13:22:46 | D |     - Quantizing transformer_blocks.8.attn.add_v_proj.weight
25-12-30 13:22:46 | D |       + quant_dtype: sfp4_e2m1_all
25-12-30 13:22:46 | D |       + group_shape: ((-1, -1, -1), (1, 16, 1))
25-12-30 13:22:46 | D |       + scale_dtype: (None, sfp8_e4m3_nan)
25-12-30 13:22:46 | D |     - Quantizing transformer_blocks.8.attn.to_out.0.weight
25-12-30 13:22:46 | D |       + quant_dtype: sfp4_e2m1_all
25-12-30 13:22:46 | D |       + group_shape: ((-1, -1, -1), (1, 16, 1))
25-12-30 13:22:46 | D |       + scale_dtype: (None, sfp8_e4m3_nan)
25-12-30 13:22:46 | D |     - Quantizing transformer_blocks.8.attn.to_add_out.weight
25-12-30 13:22:46 | D |       + quant_dtype: sfp4_e2m1_all
25-12-30 13:22:46 | D |       + group_shape: ((-1, -1, -1), (1, 16, 1))
25-12-30 13:22:46 | D |       + scale_dtype: (None, sfp8_e4m3_nan)
25-12-30 13:22:47 | D |     - Quantizing transformer_blocks.8.ff.net.0.proj.weight
25-12-30 13:22:47 | D |       + quant_dtype: sfp4_e2m1_all
25-12-30 13:22:47 | D |       + group_shape: ((-1, -1, -1), (1, 16, 1))
25-12-30 13:22:47 | D |       + scale_dtype: (None, sfp8_e4m3_nan)
25-12-30 13:22:47 | D |     - Quantizing transformer_blocks.8.ff.net.2.weight
25-12-30 13:22:47 | D |       + quant_dtype: sfp4_e2m1_all
25-12-30 13:22:47 | D |       + group_shape: ((-1, -1, -1), (1, 16, 1))
25-12-30 13:22:47 | D |       + scale_dtype: (None, sfp8_e4m3_nan)
25-12-30 13:22:47 | D |     - Quantizing transformer_blocks.8.ff_context.net.0.proj.weight
25-12-30 13:22:47 | D |       + quant_dtype: sfp4_e2m1_all
25-12-30 13:22:47 | D |       + group_shape: ((-1, -1, -1), (1, 16, 1))
25-12-30 13:22:47 | D |       + scale_dtype: (None, sfp8_e4m3_nan)
25-12-30 13:22:48 | D |     - Quantizing transformer_blocks.8.ff_context.net.2.weight
25-12-30 13:22:48 | D |       + quant_dtype: sfp4_e2m1_all
25-12-30 13:22:48 | D |       + group_shape: ((-1, -1, -1), (1, 16, 1))
25-12-30 13:22:48 | D |       + scale_dtype: (None, sfp8_e4m3_nan)
25-12-30 13:22:48 | D |   - Quantizing weights: block transformer_blocks.9
25-12-30 13:22:48 | D |     - Quantizing transformer_blocks.9.norm1.linear.weight
25-12-30 13:22:48 | D |       + quant_dtype: sint4
25-12-30 13:22:48 | D |       + group_shape: ((1, 64, 1),)
25-12-30 13:22:48 | D |       + scale_dtype: (None,)
25-12-30 13:22:49 | D |     - Quantizing transformer_blocks.9.norm1_context.linear.weight
25-12-30 13:22:49 | D |       + quant_dtype: sint4
25-12-30 13:22:49 | D |       + group_shape: ((1, 64, 1),)
25-12-30 13:22:49 | D |       + scale_dtype: (None,)
25-12-30 13:22:49 | D |     - Quantizing transformer_blocks.9.attn.to_q.weight
25-12-30 13:22:49 | D |       + quant_dtype: sfp4_e2m1_all
25-12-30 13:22:49 | D |       + group_shape: ((-1, -1, -1), (1, 16, 1))
25-12-30 13:22:49 | D |       + scale_dtype: (None, sfp8_e4m3_nan)
25-12-30 13:22:49 | D |     - Quantizing transformer_blocks.9.attn.to_k.weight
25-12-30 13:22:49 | D |       + quant_dtype: sfp4_e2m1_all
25-12-30 13:22:49 | D |       + group_shape: ((-1, -1, -1), (1, 16, 1))
25-12-30 13:22:49 | D |       + scale_dtype: (None, sfp8_e4m3_nan)
25-12-30 13:22:50 | D |     - Quantizing transformer_blocks.9.attn.to_v.weight
25-12-30 13:22:50 | D |       + quant_dtype: sfp4_e2m1_all
25-12-30 13:22:50 | D |       + group_shape: ((-1, -1, -1), (1, 16, 1))
25-12-30 13:22:50 | D |       + scale_dtype: (None, sfp8_e4m3_nan)
25-12-30 13:22:50 | D |     - Quantizing transformer_blocks.9.attn.add_q_proj.weight
25-12-30 13:22:50 | D |       + quant_dtype: sfp4_e2m1_all
25-12-30 13:22:50 | D |       + group_shape: ((-1, -1, -1), (1, 16, 1))
25-12-30 13:22:50 | D |       + scale_dtype: (None, sfp8_e4m3_nan)
25-12-30 13:22:50 | D |     - Quantizing transformer_blocks.9.attn.add_k_proj.weight
25-12-30 13:22:50 | D |       + quant_dtype: sfp4_e2m1_all
25-12-30 13:22:50 | D |       + group_shape: ((-1, -1, -1), (1, 16, 1))
25-12-30 13:22:50 | D |       + scale_dtype: (None, sfp8_e4m3_nan)
25-12-30 13:22:51 | D |     - Quantizing transformer_blocks.9.attn.add_v_proj.weight
25-12-30 13:22:51 | D |       + quant_dtype: sfp4_e2m1_all
25-12-30 13:22:51 | D |       + group_shape: ((-1, -1, -1), (1, 16, 1))
25-12-30 13:22:51 | D |       + scale_dtype: (None, sfp8_e4m3_nan)
25-12-30 13:22:51 | D |     - Quantizing transformer_blocks.9.attn.to_out.0.weight
25-12-30 13:22:51 | D |       + quant_dtype: sfp4_e2m1_all
25-12-30 13:22:51 | D |       + group_shape: ((-1, -1, -1), (1, 16, 1))
25-12-30 13:22:51 | D |       + scale_dtype: (None, sfp8_e4m3_nan)
25-12-30 13:22:52 | D |     - Quantizing transformer_blocks.9.attn.to_add_out.weight
25-12-30 13:22:52 | D |       + quant_dtype: sfp4_e2m1_all
25-12-30 13:22:52 | D |       + group_shape: ((-1, -1, -1), (1, 16, 1))
25-12-30 13:22:52 | D |       + scale_dtype: (None, sfp8_e4m3_nan)
25-12-30 13:22:52 | D |     - Quantizing transformer_blocks.9.ff.net.0.proj.weight
25-12-30 13:22:52 | D |       + quant_dtype: sfp4_e2m1_all
25-12-30 13:22:52 | D |       + group_shape: ((-1, -1, -1), (1, 16, 1))
25-12-30 13:22:52 | D |       + scale_dtype: (None, sfp8_e4m3_nan)
25-12-30 13:22:53 | D |     - Quantizing transformer_blocks.9.ff.net.2.weight
25-12-30 13:22:53 | D |       + quant_dtype: sfp4_e2m1_all
25-12-30 13:22:53 | D |       + group_shape: ((-1, -1, -1), (1, 16, 1))
25-12-30 13:22:53 | D |       + scale_dtype: (None, sfp8_e4m3_nan)
25-12-30 13:22:53 | D |     - Quantizing transformer_blocks.9.ff_context.net.0.proj.weight
25-12-30 13:22:53 | D |       + quant_dtype: sfp4_e2m1_all
25-12-30 13:22:53 | D |       + group_shape: ((-1, -1, -1), (1, 16, 1))
25-12-30 13:22:53 | D |       + scale_dtype: (None, sfp8_e4m3_nan)
25-12-30 13:22:53 | D |     - Quantizing transformer_blocks.9.ff_context.net.2.weight
25-12-30 13:22:53 | D |       + quant_dtype: sfp4_e2m1_all
25-12-30 13:22:53 | D |       + group_shape: ((-1, -1, -1), (1, 16, 1))
25-12-30 13:22:53 | D |       + scale_dtype: (None, sfp8_e4m3_nan)
25-12-30 13:22:54 | D |   - Quantizing weights: block transformer_blocks.10
25-12-30 13:22:54 | D |     - Quantizing transformer_blocks.10.norm1.linear.weight
25-12-30 13:22:54 | D |       + quant_dtype: sint4
25-12-30 13:22:54 | D |       + group_shape: ((1, 64, 1),)
25-12-30 13:22:54 | D |       + scale_dtype: (None,)
25-12-30 13:22:54 | D |     - Quantizing transformer_blocks.10.norm1_context.linear.weight
25-12-30 13:22:54 | D |       + quant_dtype: sint4
25-12-30 13:22:54 | D |       + group_shape: ((1, 64, 1),)
25-12-30 13:22:54 | D |       + scale_dtype: (None,)
25-12-30 13:22:55 | D |     - Quantizing transformer_blocks.10.attn.to_q.weight
25-12-30 13:22:55 | D |       + quant_dtype: sfp4_e2m1_all
25-12-30 13:22:55 | D |       + group_shape: ((-1, -1, -1), (1, 16, 1))
25-12-30 13:22:55 | D |       + scale_dtype: (None, sfp8_e4m3_nan)
25-12-30 13:22:55 | D |     - Quantizing transformer_blocks.10.attn.to_k.weight
25-12-30 13:22:55 | D |       + quant_dtype: sfp4_e2m1_all
25-12-30 13:22:55 | D |       + group_shape: ((-1, -1, -1), (1, 16, 1))
25-12-30 13:22:55 | D |       + scale_dtype: (None, sfp8_e4m3_nan)
25-12-30 13:22:55 | D |     - Quantizing transformer_blocks.10.attn.to_v.weight
25-12-30 13:22:55 | D |       + quant_dtype: sfp4_e2m1_all
25-12-30 13:22:55 | D |       + group_shape: ((-1, -1, -1), (1, 16, 1))
25-12-30 13:22:55 | D |       + scale_dtype: (None, sfp8_e4m3_nan)
25-12-30 13:22:56 | D |     - Quantizing transformer_blocks.10.attn.add_q_proj.weight
25-12-30 13:22:56 | D |       + quant_dtype: sfp4_e2m1_all
25-12-30 13:22:56 | D |       + group_shape: ((-1, -1, -1), (1, 16, 1))
25-12-30 13:22:56 | D |       + scale_dtype: (None, sfp8_e4m3_nan)
25-12-30 13:22:56 | D |     - Quantizing transformer_blocks.10.attn.add_k_proj.weight
25-12-30 13:22:56 | D |       + quant_dtype: sfp4_e2m1_all
25-12-30 13:22:56 | D |       + group_shape: ((-1, -1, -1), (1, 16, 1))
25-12-30 13:22:56 | D |       + scale_dtype: (None, sfp8_e4m3_nan)
25-12-30 13:22:57 | D |     - Quantizing transformer_blocks.10.attn.add_v_proj.weight
25-12-30 13:22:57 | D |       + quant_dtype: sfp4_e2m1_all
25-12-30 13:22:57 | D |       + group_shape: ((-1, -1, -1), (1, 16, 1))
25-12-30 13:22:57 | D |       + scale_dtype: (None, sfp8_e4m3_nan)
25-12-30 13:22:57 | D |     - Quantizing transformer_blocks.10.attn.to_out.0.weight
25-12-30 13:22:57 | D |       + quant_dtype: sfp4_e2m1_all
25-12-30 13:22:57 | D |       + group_shape: ((-1, -1, -1), (1, 16, 1))
25-12-30 13:22:57 | D |       + scale_dtype: (None, sfp8_e4m3_nan)
25-12-30 13:22:57 | D |     - Quantizing transformer_blocks.10.attn.to_add_out.weight
25-12-30 13:22:57 | D |       + quant_dtype: sfp4_e2m1_all
25-12-30 13:22:57 | D |       + group_shape: ((-1, -1, -1), (1, 16, 1))
25-12-30 13:22:57 | D |       + scale_dtype: (None, sfp8_e4m3_nan)
25-12-30 13:22:58 | D |     - Quantizing transformer_blocks.10.ff.net.0.proj.weight
25-12-30 13:22:58 | D |       + quant_dtype: sfp4_e2m1_all
25-12-30 13:22:58 | D |       + group_shape: ((-1, -1, -1), (1, 16, 1))
25-12-30 13:22:58 | D |       + scale_dtype: (None, sfp8_e4m3_nan)
25-12-30 13:22:58 | D |     - Quantizing transformer_blocks.10.ff.net.2.weight
25-12-30 13:22:58 | D |       + quant_dtype: sfp4_e2m1_all
25-12-30 13:22:58 | D |       + group_shape: ((-1, -1, -1), (1, 16, 1))
25-12-30 13:22:58 | D |       + scale_dtype: (None, sfp8_e4m3_nan)
25-12-30 13:22:58 | D |     - Quantizing transformer_blocks.10.ff_context.net.0.proj.weight
25-12-30 13:22:58 | D |       + quant_dtype: sfp4_e2m1_all
25-12-30 13:22:58 | D |       + group_shape: ((-1, -1, -1), (1, 16, 1))
25-12-30 13:22:58 | D |       + scale_dtype: (None, sfp8_e4m3_nan)
25-12-30 13:22:59 | D |     - Quantizing transformer_blocks.10.ff_context.net.2.weight
25-12-30 13:22:59 | D |       + quant_dtype: sfp4_e2m1_all
25-12-30 13:22:59 | D |       + group_shape: ((-1, -1, -1), (1, 16, 1))
25-12-30 13:22:59 | D |       + scale_dtype: (None, sfp8_e4m3_nan)
25-12-30 13:22:59 | D |   - Quantizing weights: block transformer_blocks.11
25-12-30 13:22:59 | D |     - Quantizing transformer_blocks.11.norm1.linear.weight
25-12-30 13:22:59 | D |       + quant_dtype: sint4
25-12-30 13:22:59 | D |       + group_shape: ((1, 64, 1),)
25-12-30 13:22:59 | D |       + scale_dtype: (None,)
25-12-30 13:23:00 | D |     - Quantizing transformer_blocks.11.norm1_context.linear.weight
25-12-30 13:23:00 | D |       + quant_dtype: sint4
25-12-30 13:23:00 | D |       + group_shape: ((1, 64, 1),)
25-12-30 13:23:00 | D |       + scale_dtype: (None,)
25-12-30 13:23:00 | D |     - Quantizing transformer_blocks.11.attn.to_q.weight
25-12-30 13:23:00 | D |       + quant_dtype: sfp4_e2m1_all
25-12-30 13:23:00 | D |       + group_shape: ((-1, -1, -1), (1, 16, 1))
25-12-30 13:23:00 | D |       + scale_dtype: (None, sfp8_e4m3_nan)
25-12-30 13:23:00 | D |     - Quantizing transformer_blocks.11.attn.to_k.weight
25-12-30 13:23:00 | D |       + quant_dtype: sfp4_e2m1_all
25-12-30 13:23:00 | D |       + group_shape: ((-1, -1, -1), (1, 16, 1))
25-12-30 13:23:00 | D |       + scale_dtype: (None, sfp8_e4m3_nan)
25-12-30 13:23:01 | D |     - Quantizing transformer_blocks.11.attn.to_v.weight
25-12-30 13:23:01 | D |       + quant_dtype: sfp4_e2m1_all
25-12-30 13:23:01 | D |       + group_shape: ((-1, -1, -1), (1, 16, 1))
25-12-30 13:23:01 | D |       + scale_dtype: (None, sfp8_e4m3_nan)
25-12-30 13:23:01 | D |     - Quantizing transformer_blocks.11.attn.add_q_proj.weight
25-12-30 13:23:01 | D |       + quant_dtype: sfp4_e2m1_all
25-12-30 13:23:01 | D |       + group_shape: ((-1, -1, -1), (1, 16, 1))
25-12-30 13:23:01 | D |       + scale_dtype: (None, sfp8_e4m3_nan)
25-12-30 13:23:02 | D |     - Quantizing transformer_blocks.11.attn.add_k_proj.weight
25-12-30 13:23:02 | D |       + quant_dtype: sfp4_e2m1_all
25-12-30 13:23:02 | D |       + group_shape: ((-1, -1, -1), (1, 16, 1))
25-12-30 13:23:02 | D |       + scale_dtype: (None, sfp8_e4m3_nan)
25-12-30 13:23:02 | D |     - Quantizing transformer_blocks.11.attn.add_v_proj.weight
25-12-30 13:23:02 | D |       + quant_dtype: sfp4_e2m1_all
25-12-30 13:23:02 | D |       + group_shape: ((-1, -1, -1), (1, 16, 1))
25-12-30 13:23:02 | D |       + scale_dtype: (None, sfp8_e4m3_nan)
25-12-30 13:23:03 | D |     - Quantizing transformer_blocks.11.attn.to_out.0.weight
25-12-30 13:23:03 | D |       + quant_dtype: sfp4_e2m1_all
25-12-30 13:23:03 | D |       + group_shape: ((-1, -1, -1), (1, 16, 1))
25-12-30 13:23:03 | D |       + scale_dtype: (None, sfp8_e4m3_nan)
25-12-30 13:23:03 | D |     - Quantizing transformer_blocks.11.attn.to_add_out.weight
25-12-30 13:23:03 | D |       + quant_dtype: sfp4_e2m1_all
25-12-30 13:23:03 | D |       + group_shape: ((-1, -1, -1), (1, 16, 1))
25-12-30 13:23:03 | D |       + scale_dtype: (None, sfp8_e4m3_nan)
25-12-30 13:23:03 | D |     - Quantizing transformer_blocks.11.ff.net.0.proj.weight
25-12-30 13:23:03 | D |       + quant_dtype: sfp4_e2m1_all
25-12-30 13:23:03 | D |       + group_shape: ((-1, -1, -1), (1, 16, 1))
25-12-30 13:23:03 | D |       + scale_dtype: (None, sfp8_e4m3_nan)
25-12-30 13:23:04 | D |     - Quantizing transformer_blocks.11.ff.net.2.weight
25-12-30 13:23:04 | D |       + quant_dtype: sfp4_e2m1_all
25-12-30 13:23:04 | D |       + group_shape: ((-1, -1, -1), (1, 16, 1))
25-12-30 13:23:04 | D |       + scale_dtype: (None, sfp8_e4m3_nan)
25-12-30 13:23:04 | D |     - Quantizing transformer_blocks.11.ff_context.net.0.proj.weight
25-12-30 13:23:04 | D |       + quant_dtype: sfp4_e2m1_all
25-12-30 13:23:04 | D |       + group_shape: ((-1, -1, -1), (1, 16, 1))
25-12-30 13:23:04 | D |       + scale_dtype: (None, sfp8_e4m3_nan)
25-12-30 13:23:05 | D |     - Quantizing transformer_blocks.11.ff_context.net.2.weight
25-12-30 13:23:05 | D |       + quant_dtype: sfp4_e2m1_all
25-12-30 13:23:05 | D |       + group_shape: ((-1, -1, -1), (1, 16, 1))
25-12-30 13:23:05 | D |       + scale_dtype: (None, sfp8_e4m3_nan)
25-12-30 13:23:05 | D |   - Quantizing weights: block transformer_blocks.12
25-12-30 13:23:05 | D |     - Quantizing transformer_blocks.12.norm1.linear.weight
25-12-30 13:23:05 | D |       + quant_dtype: sint4
25-12-30 13:23:05 | D |       + group_shape: ((1, 64, 1),)
25-12-30 13:23:05 | D |       + scale_dtype: (None,)
25-12-30 13:23:05 | D |     - Quantizing transformer_blocks.12.norm1_context.linear.weight
25-12-30 13:23:05 | D |       + quant_dtype: sint4
25-12-30 13:23:05 | D |       + group_shape: ((1, 64, 1),)
25-12-30 13:23:05 | D |       + scale_dtype: (None,)
25-12-30 13:23:06 | D |     - Quantizing transformer_blocks.12.attn.to_q.weight
25-12-30 13:23:06 | D |       + quant_dtype: sfp4_e2m1_all
25-12-30 13:23:06 | D |       + group_shape: ((-1, -1, -1), (1, 16, 1))
25-12-30 13:23:06 | D |       + scale_dtype: (None, sfp8_e4m3_nan)
25-12-30 13:23:06 | D |     - Quantizing transformer_blocks.12.attn.to_k.weight
25-12-30 13:23:06 | D |       + quant_dtype: sfp4_e2m1_all
25-12-30 13:23:06 | D |       + group_shape: ((-1, -1, -1), (1, 16, 1))
25-12-30 13:23:06 | D |       + scale_dtype: (None, sfp8_e4m3_nan)
25-12-30 13:23:07 | D |     - Quantizing transformer_blocks.12.attn.to_v.weight
25-12-30 13:23:07 | D |       + quant_dtype: sfp4_e2m1_all
25-12-30 13:23:07 | D |       + group_shape: ((-1, -1, -1), (1, 16, 1))
25-12-30 13:23:07 | D |       + scale_dtype: (None, sfp8_e4m3_nan)
25-12-30 13:23:07 | D |     - Quantizing transformer_blocks.12.attn.add_q_proj.weight
25-12-30 13:23:07 | D |       + quant_dtype: sfp4_e2m1_all
25-12-30 13:23:07 | D |       + group_shape: ((-1, -1, -1), (1, 16, 1))
25-12-30 13:23:07 | D |       + scale_dtype: (None, sfp8_e4m3_nan)
25-12-30 13:23:07 | D |     - Quantizing transformer_blocks.12.attn.add_k_proj.weight
25-12-30 13:23:07 | D |       + quant_dtype: sfp4_e2m1_all
25-12-30 13:23:07 | D |       + group_shape: ((-1, -1, -1), (1, 16, 1))
25-12-30 13:23:07 | D |       + scale_dtype: (None, sfp8_e4m3_nan)
25-12-30 13:23:08 | D |     - Quantizing transformer_blocks.12.attn.add_v_proj.weight
25-12-30 13:23:08 | D |       + quant_dtype: sfp4_e2m1_all
25-12-30 13:23:08 | D |       + group_shape: ((-1, -1, -1), (1, 16, 1))
25-12-30 13:23:08 | D |       + scale_dtype: (None, sfp8_e4m3_nan)
25-12-30 13:23:08 | D |     - Quantizing transformer_blocks.12.attn.to_out.0.weight
25-12-30 13:23:08 | D |       + quant_dtype: sfp4_e2m1_all
25-12-30 13:23:08 | D |       + group_shape: ((-1, -1, -1), (1, 16, 1))
25-12-30 13:23:08 | D |       + scale_dtype: (None, sfp8_e4m3_nan)
25-12-30 13:23:09 | D |     - Quantizing transformer_blocks.12.attn.to_add_out.weight
25-12-30 13:23:09 | D |       + quant_dtype: sfp4_e2m1_all
25-12-30 13:23:09 | D |       + group_shape: ((-1, -1, -1), (1, 16, 1))
25-12-30 13:23:09 | D |       + scale_dtype: (None, sfp8_e4m3_nan)
25-12-30 13:23:09 | D |     - Quantizing transformer_blocks.12.ff.net.0.proj.weight
25-12-30 13:23:09 | D |       + quant_dtype: sfp4_e2m1_all
25-12-30 13:23:09 | D |       + group_shape: ((-1, -1, -1), (1, 16, 1))
25-12-30 13:23:09 | D |       + scale_dtype: (None, sfp8_e4m3_nan)
25-12-30 13:23:09 | D |     - Quantizing transformer_blocks.12.ff.net.2.weight
25-12-30 13:23:09 | D |       + quant_dtype: sfp4_e2m1_all
25-12-30 13:23:09 | D |       + group_shape: ((-1, -1, -1), (1, 16, 1))
25-12-30 13:23:09 | D |       + scale_dtype: (None, sfp8_e4m3_nan)
25-12-30 13:23:10 | D |     - Quantizing transformer_blocks.12.ff_context.net.0.proj.weight
25-12-30 13:23:10 | D |       + quant_dtype: sfp4_e2m1_all
25-12-30 13:23:10 | D |       + group_shape: ((-1, -1, -1), (1, 16, 1))
25-12-30 13:23:10 | D |       + scale_dtype: (None, sfp8_e4m3_nan)
25-12-30 13:23:10 | D |     - Quantizing transformer_blocks.12.ff_context.net.2.weight
25-12-30 13:23:10 | D |       + quant_dtype: sfp4_e2m1_all
25-12-30 13:23:10 | D |       + group_shape: ((-1, -1, -1), (1, 16, 1))
25-12-30 13:23:10 | D |       + scale_dtype: (None, sfp8_e4m3_nan)
25-12-30 13:23:10 | D |   - Quantizing weights: block transformer_blocks.13
25-12-30 13:23:10 | D |     - Quantizing transformer_blocks.13.norm1.linear.weight
25-12-30 13:23:10 | D |       + quant_dtype: sint4
25-12-30 13:23:10 | D |       + group_shape: ((1, 64, 1),)
25-12-30 13:23:10 | D |       + scale_dtype: (None,)
25-12-30 13:23:11 | D |     - Quantizing transformer_blocks.13.norm1_context.linear.weight
25-12-30 13:23:11 | D |       + quant_dtype: sint4
25-12-30 13:23:11 | D |       + group_shape: ((1, 64, 1),)
25-12-30 13:23:11 | D |       + scale_dtype: (None,)
25-12-30 13:23:11 | D |     - Quantizing transformer_blocks.13.attn.to_q.weight
25-12-30 13:23:11 | D |       + quant_dtype: sfp4_e2m1_all
25-12-30 13:23:11 | D |       + group_shape: ((-1, -1, -1), (1, 16, 1))
25-12-30 13:23:11 | D |       + scale_dtype: (None, sfp8_e4m3_nan)
25-12-30 13:23:12 | D |     - Quantizing transformer_blocks.13.attn.to_k.weight
25-12-30 13:23:12 | D |       + quant_dtype: sfp4_e2m1_all
25-12-30 13:23:12 | D |       + group_shape: ((-1, -1, -1), (1, 16, 1))
25-12-30 13:23:12 | D |       + scale_dtype: (None, sfp8_e4m3_nan)
25-12-30 13:23:12 | D |     - Quantizing transformer_blocks.13.attn.to_v.weight
25-12-30 13:23:12 | D |       + quant_dtype: sfp4_e2m1_all
25-12-30 13:23:12 | D |       + group_shape: ((-1, -1, -1), (1, 16, 1))
25-12-30 13:23:12 | D |       + scale_dtype: (None, sfp8_e4m3_nan)
25-12-30 13:23:12 | D |     - Quantizing transformer_blocks.13.attn.add_q_proj.weight
25-12-30 13:23:12 | D |       + quant_dtype: sfp4_e2m1_all
25-12-30 13:23:12 | D |       + group_shape: ((-1, -1, -1), (1, 16, 1))
25-12-30 13:23:12 | D |       + scale_dtype: (None, sfp8_e4m3_nan)
25-12-30 13:23:13 | D |     - Quantizing transformer_blocks.13.attn.add_k_proj.weight
25-12-30 13:23:13 | D |       + quant_dtype: sfp4_e2m1_all
25-12-30 13:23:13 | D |       + group_shape: ((-1, -1, -1), (1, 16, 1))
25-12-30 13:23:13 | D |       + scale_dtype: (None, sfp8_e4m3_nan)
25-12-30 13:23:13 | D |     - Quantizing transformer_blocks.13.attn.add_v_proj.weight
25-12-30 13:23:13 | D |       + quant_dtype: sfp4_e2m1_all
25-12-30 13:23:13 | D |       + group_shape: ((-1, -1, -1), (1, 16, 1))
25-12-30 13:23:13 | D |       + scale_dtype: (None, sfp8_e4m3_nan)
25-12-30 13:23:14 | D |     - Quantizing transformer_blocks.13.attn.to_out.0.weight
25-12-30 13:23:14 | D |       + quant_dtype: sfp4_e2m1_all
25-12-30 13:23:14 | D |       + group_shape: ((-1, -1, -1), (1, 16, 1))
25-12-30 13:23:14 | D |       + scale_dtype: (None, sfp8_e4m3_nan)
25-12-30 13:23:14 | D |     - Quantizing transformer_blocks.13.attn.to_add_out.weight
25-12-30 13:23:14 | D |       + quant_dtype: sfp4_e2m1_all
25-12-30 13:23:14 | D |       + group_shape: ((-1, -1, -1), (1, 16, 1))
25-12-30 13:23:14 | D |       + scale_dtype: (None, sfp8_e4m3_nan)
25-12-30 13:23:15 | D |     - Quantizing transformer_blocks.13.ff.net.0.proj.weight
25-12-30 13:23:15 | D |       + quant_dtype: sfp4_e2m1_all
25-12-30 13:23:15 | D |       + group_shape: ((-1, -1, -1), (1, 16, 1))
25-12-30 13:23:15 | D |       + scale_dtype: (None, sfp8_e4m3_nan)
25-12-30 13:23:15 | D |     - Quantizing transformer_blocks.13.ff.net.2.weight
25-12-30 13:23:15 | D |       + quant_dtype: sfp4_e2m1_all
25-12-30 13:23:15 | D |       + group_shape: ((-1, -1, -1), (1, 16, 1))
25-12-30 13:23:15 | D |       + scale_dtype: (None, sfp8_e4m3_nan)
25-12-30 13:23:15 | D |     - Quantizing transformer_blocks.13.ff_context.net.0.proj.weight
25-12-30 13:23:15 | D |       + quant_dtype: sfp4_e2m1_all
25-12-30 13:23:15 | D |       + group_shape: ((-1, -1, -1), (1, 16, 1))
25-12-30 13:23:15 | D |       + scale_dtype: (None, sfp8_e4m3_nan)
25-12-30 13:23:16 | D |     - Quantizing transformer_blocks.13.ff_context.net.2.weight
25-12-30 13:23:16 | D |       + quant_dtype: sfp4_e2m1_all
25-12-30 13:23:16 | D |       + group_shape: ((-1, -1, -1), (1, 16, 1))
25-12-30 13:23:16 | D |       + scale_dtype: (None, sfp8_e4m3_nan)
25-12-30 13:23:16 | D |   - Quantizing weights: block transformer_blocks.14
25-12-30 13:23:16 | D |     - Quantizing transformer_blocks.14.norm1.linear.weight
25-12-30 13:23:16 | D |       + quant_dtype: sint4
25-12-30 13:23:16 | D |       + group_shape: ((1, 64, 1),)
25-12-30 13:23:16 | D |       + scale_dtype: (None,)
25-12-30 13:23:17 | D |     - Quantizing transformer_blocks.14.norm1_context.linear.weight
25-12-30 13:23:17 | D |       + quant_dtype: sint4
25-12-30 13:23:17 | D |       + group_shape: ((1, 64, 1),)
25-12-30 13:23:17 | D |       + scale_dtype: (None,)
25-12-30 13:23:17 | D |     - Quantizing transformer_blocks.14.attn.to_q.weight
25-12-30 13:23:17 | D |       + quant_dtype: sfp4_e2m1_all
25-12-30 13:23:17 | D |       + group_shape: ((-1, -1, -1), (1, 16, 1))
25-12-30 13:23:17 | D |       + scale_dtype: (None, sfp8_e4m3_nan)
25-12-30 13:23:17 | D |     - Quantizing transformer_blocks.14.attn.to_k.weight
25-12-30 13:23:17 | D |       + quant_dtype: sfp4_e2m1_all
25-12-30 13:23:17 | D |       + group_shape: ((-1, -1, -1), (1, 16, 1))
25-12-30 13:23:17 | D |       + scale_dtype: (None, sfp8_e4m3_nan)
25-12-30 13:23:18 | D |     - Quantizing transformer_blocks.14.attn.to_v.weight
25-12-30 13:23:18 | D |       + quant_dtype: sfp4_e2m1_all
25-12-30 13:23:18 | D |       + group_shape: ((-1, -1, -1), (1, 16, 1))
25-12-30 13:23:18 | D |       + scale_dtype: (None, sfp8_e4m3_nan)
25-12-30 13:23:18 | D |     - Quantizing transformer_blocks.14.attn.add_q_proj.weight
25-12-30 13:23:18 | D |       + quant_dtype: sfp4_e2m1_all
25-12-30 13:23:18 | D |       + group_shape: ((-1, -1, -1), (1, 16, 1))
25-12-30 13:23:18 | D |       + scale_dtype: (None, sfp8_e4m3_nan)
25-12-30 13:23:18 | D |     - Quantizing transformer_blocks.14.attn.add_k_proj.weight
25-12-30 13:23:18 | D |       + quant_dtype: sfp4_e2m1_all
25-12-30 13:23:18 | D |       + group_shape: ((-1, -1, -1), (1, 16, 1))
25-12-30 13:23:18 | D |       + scale_dtype: (None, sfp8_e4m3_nan)
25-12-30 13:23:19 | D |     - Quantizing transformer_blocks.14.attn.add_v_proj.weight
25-12-30 13:23:19 | D |       + quant_dtype: sfp4_e2m1_all
25-12-30 13:23:19 | D |       + group_shape: ((-1, -1, -1), (1, 16, 1))
25-12-30 13:23:19 | D |       + scale_dtype: (None, sfp8_e4m3_nan)
25-12-30 13:23:19 | D |     - Quantizing transformer_blocks.14.attn.to_out.0.weight
25-12-30 13:23:19 | D |       + quant_dtype: sfp4_e2m1_all
25-12-30 13:23:19 | D |       + group_shape: ((-1, -1, -1), (1, 16, 1))
25-12-30 13:23:19 | D |       + scale_dtype: (None, sfp8_e4m3_nan)
25-12-30 13:23:20 | D |     - Quantizing transformer_blocks.14.attn.to_add_out.weight
25-12-30 13:23:20 | D |       + quant_dtype: sfp4_e2m1_all
25-12-30 13:23:20 | D |       + group_shape: ((-1, -1, -1), (1, 16, 1))
25-12-30 13:23:20 | D |       + scale_dtype: (None, sfp8_e4m3_nan)
25-12-30 13:23:20 | D |     - Quantizing transformer_blocks.14.ff.net.0.proj.weight
25-12-30 13:23:20 | D |       + quant_dtype: sfp4_e2m1_all
25-12-30 13:23:20 | D |       + group_shape: ((-1, -1, -1), (1, 16, 1))
25-12-30 13:23:20 | D |       + scale_dtype: (None, sfp8_e4m3_nan)
25-12-30 13:23:20 | D |     - Quantizing transformer_blocks.14.ff.net.2.weight
25-12-30 13:23:20 | D |       + quant_dtype: sfp4_e2m1_all
25-12-30 13:23:20 | D |       + group_shape: ((-1, -1, -1), (1, 16, 1))
25-12-30 13:23:20 | D |       + scale_dtype: (None, sfp8_e4m3_nan)
25-12-30 13:23:21 | D |     - Quantizing transformer_blocks.14.ff_context.net.0.proj.weight
25-12-30 13:23:21 | D |       + quant_dtype: sfp4_e2m1_all
25-12-30 13:23:21 | D |       + group_shape: ((-1, -1, -1), (1, 16, 1))
25-12-30 13:23:21 | D |       + scale_dtype: (None, sfp8_e4m3_nan)
25-12-30 13:23:21 | D |     - Quantizing transformer_blocks.14.ff_context.net.2.weight
25-12-30 13:23:21 | D |       + quant_dtype: sfp4_e2m1_all
25-12-30 13:23:21 | D |       + group_shape: ((-1, -1, -1), (1, 16, 1))
25-12-30 13:23:21 | D |       + scale_dtype: (None, sfp8_e4m3_nan)
25-12-30 13:23:22 | D |   - Quantizing weights: block transformer_blocks.15
25-12-30 13:23:22 | D |     - Quantizing transformer_blocks.15.norm1.linear.weight
25-12-30 13:23:22 | D |       + quant_dtype: sint4
25-12-30 13:23:22 | D |       + group_shape: ((1, 64, 1),)
25-12-30 13:23:22 | D |       + scale_dtype: (None,)
25-12-30 13:23:22 | D |     - Quantizing transformer_blocks.15.norm1_context.linear.weight
25-12-30 13:23:22 | D |       + quant_dtype: sint4
25-12-30 13:23:22 | D |       + group_shape: ((1, 64, 1),)
25-12-30 13:23:22 | D |       + scale_dtype: (None,)
25-12-30 13:23:22 | D |     - Quantizing transformer_blocks.15.attn.to_q.weight
25-12-30 13:23:22 | D |       + quant_dtype: sfp4_e2m1_all
25-12-30 13:23:22 | D |       + group_shape: ((-1, -1, -1), (1, 16, 1))
25-12-30 13:23:22 | D |       + scale_dtype: (None, sfp8_e4m3_nan)
25-12-30 13:23:23 | D |     - Quantizing transformer_blocks.15.attn.to_k.weight
25-12-30 13:23:23 | D |       + quant_dtype: sfp4_e2m1_all
25-12-30 13:23:23 | D |       + group_shape: ((-1, -1, -1), (1, 16, 1))
25-12-30 13:23:23 | D |       + scale_dtype: (None, sfp8_e4m3_nan)
25-12-30 13:23:23 | D |     - Quantizing transformer_blocks.15.attn.to_v.weight
25-12-30 13:23:23 | D |       + quant_dtype: sfp4_e2m1_all
25-12-30 13:23:23 | D |       + group_shape: ((-1, -1, -1), (1, 16, 1))
25-12-30 13:23:23 | D |       + scale_dtype: (None, sfp8_e4m3_nan)
25-12-30 13:23:24 | D |     - Quantizing transformer_blocks.15.attn.add_q_proj.weight
25-12-30 13:23:24 | D |       + quant_dtype: sfp4_e2m1_all
25-12-30 13:23:24 | D |       + group_shape: ((-1, -1, -1), (1, 16, 1))
25-12-30 13:23:24 | D |       + scale_dtype: (None, sfp8_e4m3_nan)
25-12-30 13:23:24 | D |     - Quantizing transformer_blocks.15.attn.add_k_proj.weight
25-12-30 13:23:24 | D |       + quant_dtype: sfp4_e2m1_all
25-12-30 13:23:24 | D |       + group_shape: ((-1, -1, -1), (1, 16, 1))
25-12-30 13:23:24 | D |       + scale_dtype: (None, sfp8_e4m3_nan)
25-12-30 13:23:24 | D |     - Quantizing transformer_blocks.15.attn.add_v_proj.weight
25-12-30 13:23:24 | D |       + quant_dtype: sfp4_e2m1_all
25-12-30 13:23:24 | D |       + group_shape: ((-1, -1, -1), (1, 16, 1))
25-12-30 13:23:24 | D |       + scale_dtype: (None, sfp8_e4m3_nan)
25-12-30 13:23:25 | D |     - Quantizing transformer_blocks.15.attn.to_out.0.weight
25-12-30 13:23:25 | D |       + quant_dtype: sfp4_e2m1_all
25-12-30 13:23:25 | D |       + group_shape: ((-1, -1, -1), (1, 16, 1))
25-12-30 13:23:25 | D |       + scale_dtype: (None, sfp8_e4m3_nan)
25-12-30 13:23:25 | D |     - Quantizing transformer_blocks.15.attn.to_add_out.weight
25-12-30 13:23:25 | D |       + quant_dtype: sfp4_e2m1_all
25-12-30 13:23:25 | D |       + group_shape: ((-1, -1, -1), (1, 16, 1))
25-12-30 13:23:25 | D |       + scale_dtype: (None, sfp8_e4m3_nan)
25-12-30 13:23:26 | D |     - Quantizing transformer_blocks.15.ff.net.0.proj.weight
25-12-30 13:23:26 | D |       + quant_dtype: sfp4_e2m1_all
25-12-30 13:23:26 | D |       + group_shape: ((-1, -1, -1), (1, 16, 1))
25-12-30 13:23:26 | D |       + scale_dtype: (None, sfp8_e4m3_nan)
25-12-30 13:23:26 | D |     - Quantizing transformer_blocks.15.ff.net.2.weight
25-12-30 13:23:26 | D |       + quant_dtype: sfp4_e2m1_all
25-12-30 13:23:26 | D |       + group_shape: ((-1, -1, -1), (1, 16, 1))
25-12-30 13:23:26 | D |       + scale_dtype: (None, sfp8_e4m3_nan)
25-12-30 13:23:26 | D |     - Quantizing transformer_blocks.15.ff_context.net.0.proj.weight
25-12-30 13:23:26 | D |       + quant_dtype: sfp4_e2m1_all
25-12-30 13:23:26 | D |       + group_shape: ((-1, -1, -1), (1, 16, 1))
25-12-30 13:23:26 | D |       + scale_dtype: (None, sfp8_e4m3_nan)
25-12-30 13:23:27 | D |     - Quantizing transformer_blocks.15.ff_context.net.2.weight
25-12-30 13:23:27 | D |       + quant_dtype: sfp4_e2m1_all
25-12-30 13:23:27 | D |       + group_shape: ((-1, -1, -1), (1, 16, 1))
25-12-30 13:23:27 | D |       + scale_dtype: (None, sfp8_e4m3_nan)
25-12-30 13:23:27 | D |   - Quantizing weights: block transformer_blocks.16
25-12-30 13:23:27 | D |     - Quantizing transformer_blocks.16.norm1.linear.weight
25-12-30 13:23:27 | D |       + quant_dtype: sint4
25-12-30 13:23:27 | D |       + group_shape: ((1, 64, 1),)
25-12-30 13:23:27 | D |       + scale_dtype: (None,)
25-12-30 13:23:28 | D |     - Quantizing transformer_blocks.16.norm1_context.linear.weight
25-12-30 13:23:28 | D |       + quant_dtype: sint4
25-12-30 13:23:28 | D |       + group_shape: ((1, 64, 1),)
25-12-30 13:23:28 | D |       + scale_dtype: (None,)
25-12-30 13:23:28 | D |     - Quantizing transformer_blocks.16.attn.to_q.weight
25-12-30 13:23:28 | D |       + quant_dtype: sfp4_e2m1_all
25-12-30 13:23:28 | D |       + group_shape: ((-1, -1, -1), (1, 16, 1))
25-12-30 13:23:28 | D |       + scale_dtype: (None, sfp8_e4m3_nan)
25-12-30 13:23:28 | D |     - Quantizing transformer_blocks.16.attn.to_k.weight
25-12-30 13:23:28 | D |       + quant_dtype: sfp4_e2m1_all
25-12-30 13:23:28 | D |       + group_shape: ((-1, -1, -1), (1, 16, 1))
25-12-30 13:23:28 | D |       + scale_dtype: (None, sfp8_e4m3_nan)
25-12-30 13:23:29 | D |     - Quantizing transformer_blocks.16.attn.to_v.weight
25-12-30 13:23:29 | D |       + quant_dtype: sfp4_e2m1_all
25-12-30 13:23:29 | D |       + group_shape: ((-1, -1, -1), (1, 16, 1))
25-12-30 13:23:29 | D |       + scale_dtype: (None, sfp8_e4m3_nan)
25-12-30 13:23:29 | D |     - Quantizing transformer_blocks.16.attn.add_q_proj.weight
25-12-30 13:23:29 | D |       + quant_dtype: sfp4_e2m1_all
25-12-30 13:23:29 | D |       + group_shape: ((-1, -1, -1), (1, 16, 1))
25-12-30 13:23:29 | D |       + scale_dtype: (None, sfp8_e4m3_nan)
25-12-30 13:23:30 | D |     - Quantizing transformer_blocks.16.attn.add_k_proj.weight
25-12-30 13:23:30 | D |       + quant_dtype: sfp4_e2m1_all
25-12-30 13:23:30 | D |       + group_shape: ((-1, -1, -1), (1, 16, 1))
25-12-30 13:23:30 | D |       + scale_dtype: (None, sfp8_e4m3_nan)
25-12-30 13:23:30 | D |     - Quantizing transformer_blocks.16.attn.add_v_proj.weight
25-12-30 13:23:30 | D |       + quant_dtype: sfp4_e2m1_all
25-12-30 13:23:30 | D |       + group_shape: ((-1, -1, -1), (1, 16, 1))
25-12-30 13:23:30 | D |       + scale_dtype: (None, sfp8_e4m3_nan)
25-12-30 13:23:30 | D |     - Quantizing transformer_blocks.16.attn.to_out.0.weight
25-12-30 13:23:30 | D |       + quant_dtype: sfp4_e2m1_all
25-12-30 13:23:30 | D |       + group_shape: ((-1, -1, -1), (1, 16, 1))
25-12-30 13:23:30 | D |       + scale_dtype: (None, sfp8_e4m3_nan)
25-12-30 13:23:31 | D |     - Quantizing transformer_blocks.16.attn.to_add_out.weight
25-12-30 13:23:31 | D |       + quant_dtype: sfp4_e2m1_all
25-12-30 13:23:31 | D |       + group_shape: ((-1, -1, -1), (1, 16, 1))
25-12-30 13:23:31 | D |       + scale_dtype: (None, sfp8_e4m3_nan)
25-12-30 13:23:31 | D |     - Quantizing transformer_blocks.16.ff.net.0.proj.weight
25-12-30 13:23:31 | D |       + quant_dtype: sfp4_e2m1_all
25-12-30 13:23:31 | D |       + group_shape: ((-1, -1, -1), (1, 16, 1))
25-12-30 13:23:31 | D |       + scale_dtype: (None, sfp8_e4m3_nan)
25-12-30 13:23:32 | D |     - Quantizing transformer_blocks.16.ff.net.2.weight
25-12-30 13:23:32 | D |       + quant_dtype: sfp4_e2m1_all
25-12-30 13:23:32 | D |       + group_shape: ((-1, -1, -1), (1, 16, 1))
25-12-30 13:23:32 | D |       + scale_dtype: (None, sfp8_e4m3_nan)
25-12-30 13:23:32 | D |     - Quantizing transformer_blocks.16.ff_context.net.0.proj.weight
25-12-30 13:23:32 | D |       + quant_dtype: sfp4_e2m1_all
25-12-30 13:23:32 | D |       + group_shape: ((-1, -1, -1), (1, 16, 1))
25-12-30 13:23:32 | D |       + scale_dtype: (None, sfp8_e4m3_nan)
25-12-30 13:23:32 | D |     - Quantizing transformer_blocks.16.ff_context.net.2.weight
25-12-30 13:23:32 | D |       + quant_dtype: sfp4_e2m1_all
25-12-30 13:23:32 | D |       + group_shape: ((-1, -1, -1), (1, 16, 1))
25-12-30 13:23:32 | D |       + scale_dtype: (None, sfp8_e4m3_nan)
25-12-30 13:23:33 | D |   - Quantizing weights: block transformer_blocks.17
25-12-30 13:23:33 | D |     - Quantizing transformer_blocks.17.norm1.linear.weight
25-12-30 13:23:33 | D |       + quant_dtype: sint4
25-12-30 13:23:33 | D |       + group_shape: ((1, 64, 1),)
25-12-30 13:23:33 | D |       + scale_dtype: (None,)
25-12-30 13:23:33 | D |     - Quantizing transformer_blocks.17.norm1_context.linear.weight
25-12-30 13:23:33 | D |       + quant_dtype: sint4
25-12-30 13:23:33 | D |       + group_shape: ((1, 64, 1),)
25-12-30 13:23:33 | D |       + scale_dtype: (None,)
25-12-30 13:23:34 | D |     - Quantizing transformer_blocks.17.attn.to_q.weight
25-12-30 13:23:34 | D |       + quant_dtype: sfp4_e2m1_all
25-12-30 13:23:34 | D |       + group_shape: ((-1, -1, -1), (1, 16, 1))
25-12-30 13:23:34 | D |       + scale_dtype: (None, sfp8_e4m3_nan)
25-12-30 13:23:34 | D |     - Quantizing transformer_blocks.17.attn.to_k.weight
25-12-30 13:23:34 | D |       + quant_dtype: sfp4_e2m1_all
25-12-30 13:23:34 | D |       + group_shape: ((-1, -1, -1), (1, 16, 1))
25-12-30 13:23:34 | D |       + scale_dtype: (None, sfp8_e4m3_nan)
25-12-30 13:23:34 | D |     - Quantizing transformer_blocks.17.attn.to_v.weight
25-12-30 13:23:34 | D |       + quant_dtype: sfp4_e2m1_all
25-12-30 13:23:34 | D |       + group_shape: ((-1, -1, -1), (1, 16, 1))
25-12-30 13:23:34 | D |       + scale_dtype: (None, sfp8_e4m3_nan)
25-12-30 13:23:35 | D |     - Quantizing transformer_blocks.17.attn.add_q_proj.weight
25-12-30 13:23:35 | D |       + quant_dtype: sfp4_e2m1_all
25-12-30 13:23:35 | D |       + group_shape: ((-1, -1, -1), (1, 16, 1))
25-12-30 13:23:35 | D |       + scale_dtype: (None, sfp8_e4m3_nan)
25-12-30 13:23:35 | D |     - Quantizing transformer_blocks.17.attn.add_k_proj.weight
25-12-30 13:23:35 | D |       + quant_dtype: sfp4_e2m1_all
25-12-30 13:23:35 | D |       + group_shape: ((-1, -1, -1), (1, 16, 1))
25-12-30 13:23:35 | D |       + scale_dtype: (None, sfp8_e4m3_nan)
25-12-30 13:23:36 | D |     - Quantizing transformer_blocks.17.attn.add_v_proj.weight
25-12-30 13:23:36 | D |       + quant_dtype: sfp4_e2m1_all
25-12-30 13:23:36 | D |       + group_shape: ((-1, -1, -1), (1, 16, 1))
25-12-30 13:23:36 | D |       + scale_dtype: (None, sfp8_e4m3_nan)
25-12-30 13:23:36 | D |     - Quantizing transformer_blocks.17.attn.to_out.0.weight
25-12-30 13:23:36 | D |       + quant_dtype: sfp4_e2m1_all
25-12-30 13:23:36 | D |       + group_shape: ((-1, -1, -1), (1, 16, 1))
25-12-30 13:23:36 | D |       + scale_dtype: (None, sfp8_e4m3_nan)
25-12-30 13:23:36 | D |     - Quantizing transformer_blocks.17.attn.to_add_out.weight
25-12-30 13:23:36 | D |       + quant_dtype: sfp4_e2m1_all
25-12-30 13:23:36 | D |       + group_shape: ((-1, -1, -1), (1, 16, 1))
25-12-30 13:23:36 | D |       + scale_dtype: (None, sfp8_e4m3_nan)
25-12-30 13:23:37 | D |     - Quantizing transformer_blocks.17.ff.net.0.proj.weight
25-12-30 13:23:37 | D |       + quant_dtype: sfp4_e2m1_all
25-12-30 13:23:37 | D |       + group_shape: ((-1, -1, -1), (1, 16, 1))
25-12-30 13:23:37 | D |       + scale_dtype: (None, sfp8_e4m3_nan)
25-12-30 13:23:37 | D |     - Quantizing transformer_blocks.17.ff.net.2.weight
25-12-30 13:23:37 | D |       + quant_dtype: sfp4_e2m1_all
25-12-30 13:23:37 | D |       + group_shape: ((-1, -1, -1), (1, 16, 1))
25-12-30 13:23:37 | D |       + scale_dtype: (None, sfp8_e4m3_nan)
25-12-30 13:23:38 | D |     - Quantizing transformer_blocks.17.ff_context.net.0.proj.weight
25-12-30 13:23:38 | D |       + quant_dtype: sfp4_e2m1_all
25-12-30 13:23:38 | D |       + group_shape: ((-1, -1, -1), (1, 16, 1))
25-12-30 13:23:38 | D |       + scale_dtype: (None, sfp8_e4m3_nan)
25-12-30 13:23:38 | D |     - Quantizing transformer_blocks.17.ff_context.net.2.weight
25-12-30 13:23:38 | D |       + quant_dtype: sfp4_e2m1_all
25-12-30 13:23:38 | D |       + group_shape: ((-1, -1, -1), (1, 16, 1))
25-12-30 13:23:38 | D |       + scale_dtype: (None, sfp8_e4m3_nan)
25-12-30 13:23:39 | D |   - Quantizing weights: block transformer_blocks.18
25-12-30 13:23:39 | D |     - Quantizing transformer_blocks.18.norm1.linear.weight
25-12-30 13:23:39 | D |       + quant_dtype: sint4
25-12-30 13:23:39 | D |       + group_shape: ((1, 64, 1),)
25-12-30 13:23:39 | D |       + scale_dtype: (None,)
25-12-30 13:23:39 | D |     - Quantizing transformer_blocks.18.norm1_context.linear.weight
25-12-30 13:23:39 | D |       + quant_dtype: sint4
25-12-30 13:23:39 | D |       + group_shape: ((1, 64, 1),)
25-12-30 13:23:39 | D |       + scale_dtype: (None,)
25-12-30 13:23:39 | D |     - Quantizing transformer_blocks.18.attn.to_q.weight
25-12-30 13:23:39 | D |       + quant_dtype: sfp4_e2m1_all
25-12-30 13:23:39 | D |       + group_shape: ((-1, -1, -1), (1, 16, 1))
25-12-30 13:23:39 | D |       + scale_dtype: (None, sfp8_e4m3_nan)
25-12-30 13:23:40 | D |     - Quantizing transformer_blocks.18.attn.to_k.weight
25-12-30 13:23:40 | D |       + quant_dtype: sfp4_e2m1_all
25-12-30 13:23:40 | D |       + group_shape: ((-1, -1, -1), (1, 16, 1))
25-12-30 13:23:40 | D |       + scale_dtype: (None, sfp8_e4m3_nan)
25-12-30 13:23:40 | D |     - Quantizing transformer_blocks.18.attn.to_v.weight
25-12-30 13:23:40 | D |       + quant_dtype: sfp4_e2m1_all
25-12-30 13:23:40 | D |       + group_shape: ((-1, -1, -1), (1, 16, 1))
25-12-30 13:23:40 | D |       + scale_dtype: (None, sfp8_e4m3_nan)
25-12-30 13:23:40 | D |     - Quantizing transformer_blocks.18.attn.add_q_proj.weight
25-12-30 13:23:40 | D |       + quant_dtype: sfp4_e2m1_all
25-12-30 13:23:40 | D |       + group_shape: ((-1, -1, -1), (1, 16, 1))
25-12-30 13:23:40 | D |       + scale_dtype: (None, sfp8_e4m3_nan)
25-12-30 13:23:41 | D |     - Quantizing transformer_blocks.18.attn.add_k_proj.weight
25-12-30 13:23:41 | D |       + quant_dtype: sfp4_e2m1_all
25-12-30 13:23:41 | D |       + group_shape: ((-1, -1, -1), (1, 16, 1))
25-12-30 13:23:41 | D |       + scale_dtype: (None, sfp8_e4m3_nan)
25-12-30 13:23:41 | D |     - Quantizing transformer_blocks.18.attn.add_v_proj.weight
25-12-30 13:23:41 | D |       + quant_dtype: sfp4_e2m1_all
25-12-30 13:23:41 | D |       + group_shape: ((-1, -1, -1), (1, 16, 1))
25-12-30 13:23:41 | D |       + scale_dtype: (None, sfp8_e4m3_nan)
25-12-30 13:23:42 | D |     - Quantizing transformer_blocks.18.attn.to_out.0.weight
25-12-30 13:23:42 | D |       + quant_dtype: sfp4_e2m1_all
25-12-30 13:23:42 | D |       + group_shape: ((-1, -1, -1), (1, 16, 1))
25-12-30 13:23:42 | D |       + scale_dtype: (None, sfp8_e4m3_nan)
25-12-30 13:23:42 | D |     - Quantizing transformer_blocks.18.attn.to_add_out.weight
25-12-30 13:23:42 | D |       + quant_dtype: sfp4_e2m1_all
25-12-30 13:23:42 | D |       + group_shape: ((-1, -1, -1), (1, 16, 1))
25-12-30 13:23:42 | D |       + scale_dtype: (None, sfp8_e4m3_nan)
25-12-30 13:23:42 | D |     - Quantizing transformer_blocks.18.ff.net.0.proj.weight
25-12-30 13:23:42 | D |       + quant_dtype: sfp4_e2m1_all
25-12-30 13:23:42 | D |       + group_shape: ((-1, -1, -1), (1, 16, 1))
25-12-30 13:23:42 | D |       + scale_dtype: (None, sfp8_e4m3_nan)
25-12-30 13:23:43 | D |     - Quantizing transformer_blocks.18.ff.net.2.weight
25-12-30 13:23:43 | D |       + quant_dtype: sfp4_e2m1_all
25-12-30 13:23:43 | D |       + group_shape: ((-1, -1, -1), (1, 16, 1))
25-12-30 13:23:43 | D |       + scale_dtype: (None, sfp8_e4m3_nan)
25-12-30 13:23:43 | D |     - Quantizing transformer_blocks.18.ff_context.net.0.proj.weight
25-12-30 13:23:43 | D |       + quant_dtype: sfp4_e2m1_all
25-12-30 13:23:43 | D |       + group_shape: ((-1, -1, -1), (1, 16, 1))
25-12-30 13:23:43 | D |       + scale_dtype: (None, sfp8_e4m3_nan)
25-12-30 13:23:43 | D |     - Quantizing transformer_blocks.18.ff_context.net.2.weight
25-12-30 13:23:43 | D |       + quant_dtype: sfp4_e2m1_all
25-12-30 13:23:43 | D |       + group_shape: ((-1, -1, -1), (1, 16, 1))
25-12-30 13:23:43 | D |       + scale_dtype: (None, sfp8_e4m3_nan)
25-12-30 13:23:44 | D |   - Quantizing weights: block single_transformer_blocks.0
25-12-30 13:23:44 | D |     - Quantizing single_transformer_blocks.0.norm.linear.weight
25-12-30 13:23:44 | D |       + quant_dtype: sint4
25-12-30 13:23:44 | D |       + group_shape: ((1, 64, 1),)
25-12-30 13:23:44 | D |       + scale_dtype: (None,)
25-12-30 13:23:44 | D |     - Quantizing single_transformer_blocks.0.attn.to_q.weight
25-12-30 13:23:44 | D |       + quant_dtype: sfp4_e2m1_all
25-12-30 13:23:44 | D |       + group_shape: ((-1, -1, -1), (1, 16, 1))
25-12-30 13:23:44 | D |       + scale_dtype: (None, sfp8_e4m3_nan)
25-12-30 13:23:45 | D |     - Quantizing single_transformer_blocks.0.attn.to_k.weight
25-12-30 13:23:45 | D |       + quant_dtype: sfp4_e2m1_all
25-12-30 13:23:45 | D |       + group_shape: ((-1, -1, -1), (1, 16, 1))
25-12-30 13:23:45 | D |       + scale_dtype: (None, sfp8_e4m3_nan)
25-12-30 13:23:45 | D |     - Quantizing single_transformer_blocks.0.attn.to_v.weight
25-12-30 13:23:45 | D |       + quant_dtype: sfp4_e2m1_all
25-12-30 13:23:45 | D |       + group_shape: ((-1, -1, -1), (1, 16, 1))
25-12-30 13:23:45 | D |       + scale_dtype: (None, sfp8_e4m3_nan)
25-12-30 13:23:45 | D |     - Quantizing single_transformer_blocks.0.proj_out.linears.0.weight
25-12-30 13:23:45 | D |       + quant_dtype: sfp4_e2m1_all
25-12-30 13:23:45 | D |       + group_shape: ((-1, -1, -1), (1, 16, 1))
25-12-30 13:23:45 | D |       + scale_dtype: (None, sfp8_e4m3_nan)
25-12-30 13:23:46 | D |     - Quantizing single_transformer_blocks.0.proj_mlp.weight
25-12-30 13:23:46 | D |       + quant_dtype: sfp4_e2m1_all
25-12-30 13:23:46 | D |       + group_shape: ((-1, -1, -1), (1, 16, 1))
25-12-30 13:23:46 | D |       + scale_dtype: (None, sfp8_e4m3_nan)
25-12-30 13:23:46 | D |     - Quantizing single_transformer_blocks.0.proj_out.linears.1.weight
25-12-30 13:23:46 | D |       + quant_dtype: sfp4_e2m1_all
25-12-30 13:23:46 | D |       + group_shape: ((-1, -1, -1), (1, 16, 1))
25-12-30 13:23:46 | D |       + scale_dtype: (None, sfp8_e4m3_nan)
25-12-30 13:23:47 | D |   - Quantizing weights: block single_transformer_blocks.1
25-12-30 13:23:47 | D |     - Quantizing single_transformer_blocks.1.norm.linear.weight
25-12-30 13:23:47 | D |       + quant_dtype: sint4
25-12-30 13:23:47 | D |       + group_shape: ((1, 64, 1),)
25-12-30 13:23:47 | D |       + scale_dtype: (None,)
25-12-30 13:23:47 | D |     - Quantizing single_transformer_blocks.1.attn.to_q.weight
25-12-30 13:23:47 | D |       + quant_dtype: sfp4_e2m1_all
25-12-30 13:23:47 | D |       + group_shape: ((-1, -1, -1), (1, 16, 1))
25-12-30 13:23:47 | D |       + scale_dtype: (None, sfp8_e4m3_nan)
25-12-30 13:23:47 | D |     - Quantizing single_transformer_blocks.1.attn.to_k.weight
25-12-30 13:23:47 | D |       + quant_dtype: sfp4_e2m1_all
25-12-30 13:23:47 | D |       + group_shape: ((-1, -1, -1), (1, 16, 1))
25-12-30 13:23:47 | D |       + scale_dtype: (None, sfp8_e4m3_nan)
25-12-30 13:23:48 | D |     - Quantizing single_transformer_blocks.1.attn.to_v.weight
25-12-30 13:23:48 | D |       + quant_dtype: sfp4_e2m1_all
25-12-30 13:23:48 | D |       + group_shape: ((-1, -1, -1), (1, 16, 1))
25-12-30 13:23:48 | D |       + scale_dtype: (None, sfp8_e4m3_nan)
25-12-30 13:23:48 | D |     - Quantizing single_transformer_blocks.1.proj_out.linears.0.weight
25-12-30 13:23:48 | D |       + quant_dtype: sfp4_e2m1_all
25-12-30 13:23:48 | D |       + group_shape: ((-1, -1, -1), (1, 16, 1))
25-12-30 13:23:48 | D |       + scale_dtype: (None, sfp8_e4m3_nan)
25-12-30 13:23:48 | D |     - Quantizing single_transformer_blocks.1.proj_mlp.weight
25-12-30 13:23:48 | D |       + quant_dtype: sfp4_e2m1_all
25-12-30 13:23:48 | D |       + group_shape: ((-1, -1, -1), (1, 16, 1))
25-12-30 13:23:48 | D |       + scale_dtype: (None, sfp8_e4m3_nan)
25-12-30 13:23:49 | D |     - Quantizing single_transformer_blocks.1.proj_out.linears.1.weight
25-12-30 13:23:49 | D |       + quant_dtype: sfp4_e2m1_all
25-12-30 13:23:49 | D |       + group_shape: ((-1, -1, -1), (1, 16, 1))
25-12-30 13:23:49 | D |       + scale_dtype: (None, sfp8_e4m3_nan)
25-12-30 13:23:49 | D |   - Quantizing weights: block single_transformer_blocks.2
25-12-30 13:23:49 | D |     - Quantizing single_transformer_blocks.2.norm.linear.weight
25-12-30 13:23:49 | D |       + quant_dtype: sint4
25-12-30 13:23:49 | D |       + group_shape: ((1, 64, 1),)
25-12-30 13:23:49 | D |       + scale_dtype: (None,)
25-12-30 13:23:50 | D |     - Quantizing single_transformer_blocks.2.attn.to_q.weight
25-12-30 13:23:50 | D |       + quant_dtype: sfp4_e2m1_all
25-12-30 13:23:50 | D |       + group_shape: ((-1, -1, -1), (1, 16, 1))
25-12-30 13:23:50 | D |       + scale_dtype: (None, sfp8_e4m3_nan)
25-12-30 13:23:50 | D |     - Quantizing single_transformer_blocks.2.attn.to_k.weight
25-12-30 13:23:50 | D |       + quant_dtype: sfp4_e2m1_all
25-12-30 13:23:50 | D |       + group_shape: ((-1, -1, -1), (1, 16, 1))
25-12-30 13:23:50 | D |       + scale_dtype: (None, sfp8_e4m3_nan)
25-12-30 13:23:50 | D |     - Quantizing single_transformer_blocks.2.attn.to_v.weight
25-12-30 13:23:50 | D |       + quant_dtype: sfp4_e2m1_all
25-12-30 13:23:50 | D |       + group_shape: ((-1, -1, -1), (1, 16, 1))
25-12-30 13:23:50 | D |       + scale_dtype: (None, sfp8_e4m3_nan)
25-12-30 13:23:51 | D |     - Quantizing single_transformer_blocks.2.proj_out.linears.0.weight
25-12-30 13:23:51 | D |       + quant_dtype: sfp4_e2m1_all
25-12-30 13:23:51 | D |       + group_shape: ((-1, -1, -1), (1, 16, 1))
25-12-30 13:23:51 | D |       + scale_dtype: (None, sfp8_e4m3_nan)
25-12-30 13:23:51 | D |     - Quantizing single_transformer_blocks.2.proj_mlp.weight
25-12-30 13:23:51 | D |       + quant_dtype: sfp4_e2m1_all
25-12-30 13:23:51 | D |       + group_shape: ((-1, -1, -1), (1, 16, 1))
25-12-30 13:23:51 | D |       + scale_dtype: (None, sfp8_e4m3_nan)
25-12-30 13:23:52 | D |     - Quantizing single_transformer_blocks.2.proj_out.linears.1.weight
25-12-30 13:23:52 | D |       + quant_dtype: sfp4_e2m1_all
25-12-30 13:23:52 | D |       + group_shape: ((-1, -1, -1), (1, 16, 1))
25-12-30 13:23:52 | D |       + scale_dtype: (None, sfp8_e4m3_nan)
25-12-30 13:23:52 | D |   - Quantizing weights: block single_transformer_blocks.3
25-12-30 13:23:52 | D |     - Quantizing single_transformer_blocks.3.norm.linear.weight
25-12-30 13:23:52 | D |       + quant_dtype: sint4
25-12-30 13:23:52 | D |       + group_shape: ((1, 64, 1),)
25-12-30 13:23:52 | D |       + scale_dtype: (None,)
25-12-30 13:23:52 | D |     - Quantizing single_transformer_blocks.3.attn.to_q.weight
25-12-30 13:23:52 | D |       + quant_dtype: sfp4_e2m1_all
25-12-30 13:23:52 | D |       + group_shape: ((-1, -1, -1), (1, 16, 1))
25-12-30 13:23:52 | D |       + scale_dtype: (None, sfp8_e4m3_nan)
25-12-30 13:23:53 | D |     - Quantizing single_transformer_blocks.3.attn.to_k.weight
25-12-30 13:23:53 | D |       + quant_dtype: sfp4_e2m1_all
25-12-30 13:23:53 | D |       + group_shape: ((-1, -1, -1), (1, 16, 1))
25-12-30 13:23:53 | D |       + scale_dtype: (None, sfp8_e4m3_nan)
25-12-30 13:23:53 | D |     - Quantizing single_transformer_blocks.3.attn.to_v.weight
25-12-30 13:23:53 | D |       + quant_dtype: sfp4_e2m1_all
25-12-30 13:23:53 | D |       + group_shape: ((-1, -1, -1), (1, 16, 1))
25-12-30 13:23:53 | D |       + scale_dtype: (None, sfp8_e4m3_nan)
25-12-30 13:23:54 | D |     - Quantizing single_transformer_blocks.3.proj_out.linears.0.weight
25-12-30 13:23:54 | D |       + quant_dtype: sfp4_e2m1_all
25-12-30 13:23:54 | D |       + group_shape: ((-1, -1, -1), (1, 16, 1))
25-12-30 13:23:54 | D |       + scale_dtype: (None, sfp8_e4m3_nan)
25-12-30 13:23:54 | D |     - Quantizing single_transformer_blocks.3.proj_mlp.weight
25-12-30 13:23:54 | D |       + quant_dtype: sfp4_e2m1_all
25-12-30 13:23:54 | D |       + group_shape: ((-1, -1, -1), (1, 16, 1))
25-12-30 13:23:54 | D |       + scale_dtype: (None, sfp8_e4m3_nan)
25-12-30 13:23:54 | D |     - Quantizing single_transformer_blocks.3.proj_out.linears.1.weight
25-12-30 13:23:54 | D |       + quant_dtype: sfp4_e2m1_all
25-12-30 13:23:54 | D |       + group_shape: ((-1, -1, -1), (1, 16, 1))
25-12-30 13:23:54 | D |       + scale_dtype: (None, sfp8_e4m3_nan)
25-12-30 13:23:55 | D |   - Quantizing weights: block single_transformer_blocks.4
25-12-30 13:23:55 | D |     - Quantizing single_transformer_blocks.4.norm.linear.weight
25-12-30 13:23:55 | D |       + quant_dtype: sint4
25-12-30 13:23:55 | D |       + group_shape: ((1, 64, 1),)
25-12-30 13:23:55 | D |       + scale_dtype: (None,)
25-12-30 13:23:55 | D |     - Quantizing single_transformer_blocks.4.attn.to_q.weight
25-12-30 13:23:55 | D |       + quant_dtype: sfp4_e2m1_all
25-12-30 13:23:55 | D |       + group_shape: ((-1, -1, -1), (1, 16, 1))
25-12-30 13:23:55 | D |       + scale_dtype: (None, sfp8_e4m3_nan)
25-12-30 13:23:56 | D |     - Quantizing single_transformer_blocks.4.attn.to_k.weight
25-12-30 13:23:56 | D |       + quant_dtype: sfp4_e2m1_all
25-12-30 13:23:56 | D |       + group_shape: ((-1, -1, -1), (1, 16, 1))
25-12-30 13:23:56 | D |       + scale_dtype: (None, sfp8_e4m3_nan)
25-12-30 13:23:56 | D |     - Quantizing single_transformer_blocks.4.attn.to_v.weight
25-12-30 13:23:56 | D |       + quant_dtype: sfp4_e2m1_all
25-12-30 13:23:56 | D |       + group_shape: ((-1, -1, -1), (1, 16, 1))
25-12-30 13:23:56 | D |       + scale_dtype: (None, sfp8_e4m3_nan)
25-12-30 13:23:56 | D |     - Quantizing single_transformer_blocks.4.proj_out.linears.0.weight
25-12-30 13:23:56 | D |       + quant_dtype: sfp4_e2m1_all
25-12-30 13:23:56 | D |       + group_shape: ((-1, -1, -1), (1, 16, 1))
25-12-30 13:23:56 | D |       + scale_dtype: (None, sfp8_e4m3_nan)
25-12-30 13:23:57 | D |     - Quantizing single_transformer_blocks.4.proj_mlp.weight
25-12-30 13:23:57 | D |       + quant_dtype: sfp4_e2m1_all
25-12-30 13:23:57 | D |       + group_shape: ((-1, -1, -1), (1, 16, 1))
25-12-30 13:23:57 | D |       + scale_dtype: (None, sfp8_e4m3_nan)
25-12-30 13:23:57 | D |     - Quantizing single_transformer_blocks.4.proj_out.linears.1.weight
25-12-30 13:23:57 | D |       + quant_dtype: sfp4_e2m1_all
25-12-30 13:23:57 | D |       + group_shape: ((-1, -1, -1), (1, 16, 1))
25-12-30 13:23:57 | D |       + scale_dtype: (None, sfp8_e4m3_nan)
25-12-30 13:23:57 | D |   - Quantizing weights: block single_transformer_blocks.5
25-12-30 13:23:57 | D |     - Quantizing single_transformer_blocks.5.norm.linear.weight
25-12-30 13:23:57 | D |       + quant_dtype: sint4
25-12-30 13:23:57 | D |       + group_shape: ((1, 64, 1),)
25-12-30 13:23:57 | D |       + scale_dtype: (None,)
25-12-30 13:23:58 | D |     - Quantizing single_transformer_blocks.5.attn.to_q.weight
25-12-30 13:23:58 | D |       + quant_dtype: sfp4_e2m1_all
25-12-30 13:23:58 | D |       + group_shape: ((-1, -1, -1), (1, 16, 1))
25-12-30 13:23:58 | D |       + scale_dtype: (None, sfp8_e4m3_nan)
25-12-30 13:23:58 | D |     - Quantizing single_transformer_blocks.5.attn.to_k.weight
25-12-30 13:23:58 | D |       + quant_dtype: sfp4_e2m1_all
25-12-30 13:23:58 | D |       + group_shape: ((-1, -1, -1), (1, 16, 1))
25-12-30 13:23:58 | D |       + scale_dtype: (None, sfp8_e4m3_nan)
25-12-30 13:23:59 | D |     - Quantizing single_transformer_blocks.5.attn.to_v.weight
25-12-30 13:23:59 | D |       + quant_dtype: sfp4_e2m1_all
25-12-30 13:23:59 | D |       + group_shape: ((-1, -1, -1), (1, 16, 1))
25-12-30 13:23:59 | D |       + scale_dtype: (None, sfp8_e4m3_nan)
25-12-30 13:23:59 | D |     - Quantizing single_transformer_blocks.5.proj_out.linears.0.weight
25-12-30 13:23:59 | D |       + quant_dtype: sfp4_e2m1_all
25-12-30 13:23:59 | D |       + group_shape: ((-1, -1, -1), (1, 16, 1))
25-12-30 13:23:59 | D |       + scale_dtype: (None, sfp8_e4m3_nan)
25-12-30 13:23:59 | D |     - Quantizing single_transformer_blocks.5.proj_mlp.weight
25-12-30 13:23:59 | D |       + quant_dtype: sfp4_e2m1_all
25-12-30 13:23:59 | D |       + group_shape: ((-1, -1, -1), (1, 16, 1))
25-12-30 13:23:59 | D |       + scale_dtype: (None, sfp8_e4m3_nan)
25-12-30 13:24:00 | D |     - Quantizing single_transformer_blocks.5.proj_out.linears.1.weight
25-12-30 13:24:00 | D |       + quant_dtype: sfp4_e2m1_all
25-12-30 13:24:00 | D |       + group_shape: ((-1, -1, -1), (1, 16, 1))
25-12-30 13:24:00 | D |       + scale_dtype: (None, sfp8_e4m3_nan)
25-12-30 13:24:00 | D |   - Quantizing weights: block single_transformer_blocks.6
25-12-30 13:24:00 | D |     - Quantizing single_transformer_blocks.6.norm.linear.weight
25-12-30 13:24:00 | D |       + quant_dtype: sint4
25-12-30 13:24:00 | D |       + group_shape: ((1, 64, 1),)
25-12-30 13:24:00 | D |       + scale_dtype: (None,)
25-12-30 13:24:00 | D |     - Quantizing single_transformer_blocks.6.attn.to_q.weight
25-12-30 13:24:00 | D |       + quant_dtype: sfp4_e2m1_all
25-12-30 13:24:00 | D |       + group_shape: ((-1, -1, -1), (1, 16, 1))
25-12-30 13:24:00 | D |       + scale_dtype: (None, sfp8_e4m3_nan)
25-12-30 13:24:01 | D |     - Quantizing single_transformer_blocks.6.attn.to_k.weight
25-12-30 13:24:01 | D |       + quant_dtype: sfp4_e2m1_all
25-12-30 13:24:01 | D |       + group_shape: ((-1, -1, -1), (1, 16, 1))
25-12-30 13:24:01 | D |       + scale_dtype: (None, sfp8_e4m3_nan)
25-12-30 13:24:01 | D |     - Quantizing single_transformer_blocks.6.attn.to_v.weight
25-12-30 13:24:01 | D |       + quant_dtype: sfp4_e2m1_all
25-12-30 13:24:01 | D |       + group_shape: ((-1, -1, -1), (1, 16, 1))
25-12-30 13:24:01 | D |       + scale_dtype: (None, sfp8_e4m3_nan)
25-12-30 13:24:02 | D |     - Quantizing single_transformer_blocks.6.proj_out.linears.0.weight
25-12-30 13:24:02 | D |       + quant_dtype: sfp4_e2m1_all
25-12-30 13:24:02 | D |       + group_shape: ((-1, -1, -1), (1, 16, 1))
25-12-30 13:24:02 | D |       + scale_dtype: (None, sfp8_e4m3_nan)
25-12-30 13:24:02 | D |     - Quantizing single_transformer_blocks.6.proj_mlp.weight
25-12-30 13:24:02 | D |       + quant_dtype: sfp4_e2m1_all
25-12-30 13:24:02 | D |       + group_shape: ((-1, -1, -1), (1, 16, 1))
25-12-30 13:24:02 | D |       + scale_dtype: (None, sfp8_e4m3_nan)
25-12-30 13:24:03 | D |     - Quantizing single_transformer_blocks.6.proj_out.linears.1.weight
25-12-30 13:24:03 | D |       + quant_dtype: sfp4_e2m1_all
25-12-30 13:24:03 | D |       + group_shape: ((-1, -1, -1), (1, 16, 1))
25-12-30 13:24:03 | D |       + scale_dtype: (None, sfp8_e4m3_nan)
25-12-30 13:24:03 | D |   - Quantizing weights: block single_transformer_blocks.7
25-12-30 13:24:03 | D |     - Quantizing single_transformer_blocks.7.norm.linear.weight
25-12-30 13:24:03 | D |       + quant_dtype: sint4
25-12-30 13:24:03 | D |       + group_shape: ((1, 64, 1),)
25-12-30 13:24:03 | D |       + scale_dtype: (None,)
25-12-30 13:24:03 | D |     - Quantizing single_transformer_blocks.7.attn.to_q.weight
25-12-30 13:24:03 | D |       + quant_dtype: sfp4_e2m1_all
25-12-30 13:24:03 | D |       + group_shape: ((-1, -1, -1), (1, 16, 1))
25-12-30 13:24:03 | D |       + scale_dtype: (None, sfp8_e4m3_nan)
25-12-30 13:24:04 | D |     - Quantizing single_transformer_blocks.7.attn.to_k.weight
25-12-30 13:24:04 | D |       + quant_dtype: sfp4_e2m1_all
25-12-30 13:24:04 | D |       + group_shape: ((-1, -1, -1), (1, 16, 1))
25-12-30 13:24:04 | D |       + scale_dtype: (None, sfp8_e4m3_nan)
25-12-30 13:24:04 | D |     - Quantizing single_transformer_blocks.7.attn.to_v.weight
25-12-30 13:24:04 | D |       + quant_dtype: sfp4_e2m1_all
25-12-30 13:24:04 | D |       + group_shape: ((-1, -1, -1), (1, 16, 1))
25-12-30 13:24:04 | D |       + scale_dtype: (None, sfp8_e4m3_nan)
25-12-30 13:24:05 | D |     - Quantizing single_transformer_blocks.7.proj_out.linears.0.weight
25-12-30 13:24:05 | D |       + quant_dtype: sfp4_e2m1_all
25-12-30 13:24:05 | D |       + group_shape: ((-1, -1, -1), (1, 16, 1))
25-12-30 13:24:05 | D |       + scale_dtype: (None, sfp8_e4m3_nan)
25-12-30 13:24:05 | D |     - Quantizing single_transformer_blocks.7.proj_mlp.weight
25-12-30 13:24:05 | D |       + quant_dtype: sfp4_e2m1_all
25-12-30 13:24:05 | D |       + group_shape: ((-1, -1, -1), (1, 16, 1))
25-12-30 13:24:05 | D |       + scale_dtype: (None, sfp8_e4m3_nan)
25-12-30 13:24:05 | D |     - Quantizing single_transformer_blocks.7.proj_out.linears.1.weight
25-12-30 13:24:05 | D |       + quant_dtype: sfp4_e2m1_all
25-12-30 13:24:05 | D |       + group_shape: ((-1, -1, -1), (1, 16, 1))
25-12-30 13:24:05 | D |       + scale_dtype: (None, sfp8_e4m3_nan)
25-12-30 13:24:06 | D |   - Quantizing weights: block single_transformer_blocks.8
25-12-30 13:24:06 | D |     - Quantizing single_transformer_blocks.8.norm.linear.weight
25-12-30 13:24:06 | D |       + quant_dtype: sint4
25-12-30 13:24:06 | D |       + group_shape: ((1, 64, 1),)
25-12-30 13:24:06 | D |       + scale_dtype: (None,)
25-12-30 13:24:06 | D |     - Quantizing single_transformer_blocks.8.attn.to_q.weight
25-12-30 13:24:06 | D |       + quant_dtype: sfp4_e2m1_all
25-12-30 13:24:06 | D |       + group_shape: ((-1, -1, -1), (1, 16, 1))
25-12-30 13:24:06 | D |       + scale_dtype: (None, sfp8_e4m3_nan)
25-12-30 13:24:07 | D |     - Quantizing single_transformer_blocks.8.attn.to_k.weight
25-12-30 13:24:07 | D |       + quant_dtype: sfp4_e2m1_all
25-12-30 13:24:07 | D |       + group_shape: ((-1, -1, -1), (1, 16, 1))
25-12-30 13:24:07 | D |       + scale_dtype: (None, sfp8_e4m3_nan)
25-12-30 13:24:07 | D |     - Quantizing single_transformer_blocks.8.attn.to_v.weight
25-12-30 13:24:07 | D |       + quant_dtype: sfp4_e2m1_all
25-12-30 13:24:07 | D |       + group_shape: ((-1, -1, -1), (1, 16, 1))
25-12-30 13:24:07 | D |       + scale_dtype: (None, sfp8_e4m3_nan)
25-12-30 13:24:07 | D |     - Quantizing single_transformer_blocks.8.proj_out.linears.0.weight
25-12-30 13:24:07 | D |       + quant_dtype: sfp4_e2m1_all
25-12-30 13:24:07 | D |       + group_shape: ((-1, -1, -1), (1, 16, 1))
25-12-30 13:24:07 | D |       + scale_dtype: (None, sfp8_e4m3_nan)
25-12-30 13:24:08 | D |     - Quantizing single_transformer_blocks.8.proj_mlp.weight
25-12-30 13:24:08 | D |       + quant_dtype: sfp4_e2m1_all
25-12-30 13:24:08 | D |       + group_shape: ((-1, -1, -1), (1, 16, 1))
25-12-30 13:24:08 | D |       + scale_dtype: (None, sfp8_e4m3_nan)
25-12-30 13:24:08 | D |     - Quantizing single_transformer_blocks.8.proj_out.linears.1.weight
25-12-30 13:24:08 | D |       + quant_dtype: sfp4_e2m1_all
25-12-30 13:24:08 | D |       + group_shape: ((-1, -1, -1), (1, 16, 1))
25-12-30 13:24:08 | D |       + scale_dtype: (None, sfp8_e4m3_nan)
25-12-30 13:24:09 | D |   - Quantizing weights: block single_transformer_blocks.9
25-12-30 13:24:09 | D |     - Quantizing single_transformer_blocks.9.norm.linear.weight
25-12-30 13:24:09 | D |       + quant_dtype: sint4
25-12-30 13:24:09 | D |       + group_shape: ((1, 64, 1),)
25-12-30 13:24:09 | D |       + scale_dtype: (None,)
25-12-30 13:24:09 | D |     - Quantizing single_transformer_blocks.9.attn.to_q.weight
25-12-30 13:24:09 | D |       + quant_dtype: sfp4_e2m1_all
25-12-30 13:24:09 | D |       + group_shape: ((-1, -1, -1), (1, 16, 1))
25-12-30 13:24:09 | D |       + scale_dtype: (None, sfp8_e4m3_nan)
25-12-30 13:24:09 | D |     - Quantizing single_transformer_blocks.9.attn.to_k.weight
25-12-30 13:24:09 | D |       + quant_dtype: sfp4_e2m1_all
25-12-30 13:24:09 | D |       + group_shape: ((-1, -1, -1), (1, 16, 1))
25-12-30 13:24:09 | D |       + scale_dtype: (None, sfp8_e4m3_nan)
25-12-30 13:24:10 | D |     - Quantizing single_transformer_blocks.9.attn.to_v.weight
25-12-30 13:24:10 | D |       + quant_dtype: sfp4_e2m1_all
25-12-30 13:24:10 | D |       + group_shape: ((-1, -1, -1), (1, 16, 1))
25-12-30 13:24:10 | D |       + scale_dtype: (None, sfp8_e4m3_nan)
25-12-30 13:24:10 | D |     - Quantizing single_transformer_blocks.9.proj_out.linears.0.weight
25-12-30 13:24:10 | D |       + quant_dtype: sfp4_e2m1_all
25-12-30 13:24:10 | D |       + group_shape: ((-1, -1, -1), (1, 16, 1))
25-12-30 13:24:10 | D |       + scale_dtype: (None, sfp8_e4m3_nan)
25-12-30 13:24:10 | D |     - Quantizing single_transformer_blocks.9.proj_mlp.weight
25-12-30 13:24:10 | D |       + quant_dtype: sfp4_e2m1_all
25-12-30 13:24:10 | D |       + group_shape: ((-1, -1, -1), (1, 16, 1))
25-12-30 13:24:10 | D |       + scale_dtype: (None, sfp8_e4m3_nan)
25-12-30 13:24:11 | D |     - Quantizing single_transformer_blocks.9.proj_out.linears.1.weight
25-12-30 13:24:11 | D |       + quant_dtype: sfp4_e2m1_all
25-12-30 13:24:11 | D |       + group_shape: ((-1, -1, -1), (1, 16, 1))
25-12-30 13:24:11 | D |       + scale_dtype: (None, sfp8_e4m3_nan)
25-12-30 13:24:11 | D |   - Quantizing weights: block single_transformer_blocks.10
25-12-30 13:24:11 | D |     - Quantizing single_transformer_blocks.10.norm.linear.weight
25-12-30 13:24:11 | D |       + quant_dtype: sint4
25-12-30 13:24:11 | D |       + group_shape: ((1, 64, 1),)
25-12-30 13:24:11 | D |       + scale_dtype: (None,)
25-12-30 13:24:12 | D |     - Quantizing single_transformer_blocks.10.attn.to_q.weight
25-12-30 13:24:12 | D |       + quant_dtype: sfp4_e2m1_all
25-12-30 13:24:12 | D |       + group_shape: ((-1, -1, -1), (1, 16, 1))
25-12-30 13:24:12 | D |       + scale_dtype: (None, sfp8_e4m3_nan)
25-12-30 13:24:12 | D |     - Quantizing single_transformer_blocks.10.attn.to_k.weight
25-12-30 13:24:12 | D |       + quant_dtype: sfp4_e2m1_all
25-12-30 13:24:12 | D |       + group_shape: ((-1, -1, -1), (1, 16, 1))
25-12-30 13:24:12 | D |       + scale_dtype: (None, sfp8_e4m3_nan)
25-12-30 13:24:12 | D |     - Quantizing single_transformer_blocks.10.attn.to_v.weight
25-12-30 13:24:12 | D |       + quant_dtype: sfp4_e2m1_all
25-12-30 13:24:12 | D |       + group_shape: ((-1, -1, -1), (1, 16, 1))
25-12-30 13:24:12 | D |       + scale_dtype: (None, sfp8_e4m3_nan)
25-12-30 13:24:13 | D |     - Quantizing single_transformer_blocks.10.proj_out.linears.0.weight
25-12-30 13:24:13 | D |       + quant_dtype: sfp4_e2m1_all
25-12-30 13:24:13 | D |       + group_shape: ((-1, -1, -1), (1, 16, 1))
25-12-30 13:24:13 | D |       + scale_dtype: (None, sfp8_e4m3_nan)
25-12-30 13:24:13 | D |     - Quantizing single_transformer_blocks.10.proj_mlp.weight
25-12-30 13:24:13 | D |       + quant_dtype: sfp4_e2m1_all
25-12-30 13:24:13 | D |       + group_shape: ((-1, -1, -1), (1, 16, 1))
25-12-30 13:24:13 | D |       + scale_dtype: (None, sfp8_e4m3_nan)
25-12-30 13:24:14 | D |     - Quantizing single_transformer_blocks.10.proj_out.linears.1.weight
25-12-30 13:24:14 | D |       + quant_dtype: sfp4_e2m1_all
25-12-30 13:24:14 | D |       + group_shape: ((-1, -1, -1), (1, 16, 1))
25-12-30 13:24:14 | D |       + scale_dtype: (None, sfp8_e4m3_nan)
25-12-30 13:24:14 | D |   - Quantizing weights: block single_transformer_blocks.11
25-12-30 13:24:14 | D |     - Quantizing single_transformer_blocks.11.norm.linear.weight
25-12-30 13:24:14 | D |       + quant_dtype: sint4
25-12-30 13:24:14 | D |       + group_shape: ((1, 64, 1),)
25-12-30 13:24:14 | D |       + scale_dtype: (None,)
25-12-30 13:24:14 | D |     - Quantizing single_transformer_blocks.11.attn.to_q.weight
25-12-30 13:24:14 | D |       + quant_dtype: sfp4_e2m1_all
25-12-30 13:24:14 | D |       + group_shape: ((-1, -1, -1), (1, 16, 1))
25-12-30 13:24:14 | D |       + scale_dtype: (None, sfp8_e4m3_nan)
25-12-30 13:24:15 | D |     - Quantizing single_transformer_blocks.11.attn.to_k.weight
25-12-30 13:24:15 | D |       + quant_dtype: sfp4_e2m1_all
25-12-30 13:24:15 | D |       + group_shape: ((-1, -1, -1), (1, 16, 1))
25-12-30 13:24:15 | D |       + scale_dtype: (None, sfp8_e4m3_nan)
25-12-30 13:24:15 | D |     - Quantizing single_transformer_blocks.11.attn.to_v.weight
25-12-30 13:24:15 | D |       + quant_dtype: sfp4_e2m1_all
25-12-30 13:24:15 | D |       + group_shape: ((-1, -1, -1), (1, 16, 1))
25-12-30 13:24:15 | D |       + scale_dtype: (None, sfp8_e4m3_nan)
25-12-30 13:24:16 | D |     - Quantizing single_transformer_blocks.11.proj_out.linears.0.weight
25-12-30 13:24:16 | D |       + quant_dtype: sfp4_e2m1_all
25-12-30 13:24:16 | D |       + group_shape: ((-1, -1, -1), (1, 16, 1))
25-12-30 13:24:16 | D |       + scale_dtype: (None, sfp8_e4m3_nan)
25-12-30 13:24:16 | D |     - Quantizing single_transformer_blocks.11.proj_mlp.weight
25-12-30 13:24:16 | D |       + quant_dtype: sfp4_e2m1_all
25-12-30 13:24:16 | D |       + group_shape: ((-1, -1, -1), (1, 16, 1))
25-12-30 13:24:16 | D |       + scale_dtype: (None, sfp8_e4m3_nan)
25-12-30 13:24:17 | D |     - Quantizing single_transformer_blocks.11.proj_out.linears.1.weight
25-12-30 13:24:17 | D |       + quant_dtype: sfp4_e2m1_all
25-12-30 13:24:17 | D |       + group_shape: ((-1, -1, -1), (1, 16, 1))
25-12-30 13:24:17 | D |       + scale_dtype: (None, sfp8_e4m3_nan)
25-12-30 13:24:17 | D |   - Quantizing weights: block single_transformer_blocks.12
25-12-30 13:24:17 | D |     - Quantizing single_transformer_blocks.12.norm.linear.weight
25-12-30 13:24:17 | D |       + quant_dtype: sint4
25-12-30 13:24:17 | D |       + group_shape: ((1, 64, 1),)
25-12-30 13:24:17 | D |       + scale_dtype: (None,)
25-12-30 13:24:17 | D |     - Quantizing single_transformer_blocks.12.attn.to_q.weight
25-12-30 13:24:17 | D |       + quant_dtype: sfp4_e2m1_all
25-12-30 13:24:17 | D |       + group_shape: ((-1, -1, -1), (1, 16, 1))
25-12-30 13:24:17 | D |       + scale_dtype: (None, sfp8_e4m3_nan)
25-12-30 13:24:18 | D |     - Quantizing single_transformer_blocks.12.attn.to_k.weight
25-12-30 13:24:18 | D |       + quant_dtype: sfp4_e2m1_all
25-12-30 13:24:18 | D |       + group_shape: ((-1, -1, -1), (1, 16, 1))
25-12-30 13:24:18 | D |       + scale_dtype: (None, sfp8_e4m3_nan)
25-12-30 13:24:18 | D |     - Quantizing single_transformer_blocks.12.attn.to_v.weight
25-12-30 13:24:18 | D |       + quant_dtype: sfp4_e2m1_all
25-12-30 13:24:18 | D |       + group_shape: ((-1, -1, -1), (1, 16, 1))
25-12-30 13:24:18 | D |       + scale_dtype: (None, sfp8_e4m3_nan)
25-12-30 13:24:19 | D |     - Quantizing single_transformer_blocks.12.proj_out.linears.0.weight
25-12-30 13:24:19 | D |       + quant_dtype: sfp4_e2m1_all
25-12-30 13:24:19 | D |       + group_shape: ((-1, -1, -1), (1, 16, 1))
25-12-30 13:24:19 | D |       + scale_dtype: (None, sfp8_e4m3_nan)
25-12-30 13:24:19 | D |     - Quantizing single_transformer_blocks.12.proj_mlp.weight
25-12-30 13:24:19 | D |       + quant_dtype: sfp4_e2m1_all
25-12-30 13:24:19 | D |       + group_shape: ((-1, -1, -1), (1, 16, 1))
25-12-30 13:24:19 | D |       + scale_dtype: (None, sfp8_e4m3_nan)
25-12-30 13:24:19 | D |     - Quantizing single_transformer_blocks.12.proj_out.linears.1.weight
25-12-30 13:24:19 | D |       + quant_dtype: sfp4_e2m1_all
25-12-30 13:24:19 | D |       + group_shape: ((-1, -1, -1), (1, 16, 1))
25-12-30 13:24:19 | D |       + scale_dtype: (None, sfp8_e4m3_nan)
25-12-30 13:24:20 | D |   - Quantizing weights: block single_transformer_blocks.13
25-12-30 13:24:20 | D |     - Quantizing single_transformer_blocks.13.norm.linear.weight
25-12-30 13:24:20 | D |       + quant_dtype: sint4
25-12-30 13:24:20 | D |       + group_shape: ((1, 64, 1),)
25-12-30 13:24:20 | D |       + scale_dtype: (None,)
25-12-30 13:24:20 | D |     - Quantizing single_transformer_blocks.13.attn.to_q.weight
25-12-30 13:24:20 | D |       + quant_dtype: sfp4_e2m1_all
25-12-30 13:24:20 | D |       + group_shape: ((-1, -1, -1), (1, 16, 1))
25-12-30 13:24:20 | D |       + scale_dtype: (None, sfp8_e4m3_nan)
25-12-30 13:24:21 | D |     - Quantizing single_transformer_blocks.13.attn.to_k.weight
25-12-30 13:24:21 | D |       + quant_dtype: sfp4_e2m1_all
25-12-30 13:24:21 | D |       + group_shape: ((-1, -1, -1), (1, 16, 1))
25-12-30 13:24:21 | D |       + scale_dtype: (None, sfp8_e4m3_nan)
25-12-30 13:24:21 | D |     - Quantizing single_transformer_blocks.13.attn.to_v.weight
25-12-30 13:24:21 | D |       + quant_dtype: sfp4_e2m1_all
25-12-30 13:24:21 | D |       + group_shape: ((-1, -1, -1), (1, 16, 1))
25-12-30 13:24:21 | D |       + scale_dtype: (None, sfp8_e4m3_nan)
25-12-30 13:24:21 | D |     - Quantizing single_transformer_blocks.13.proj_out.linears.0.weight
25-12-30 13:24:21 | D |       + quant_dtype: sfp4_e2m1_all
25-12-30 13:24:21 | D |       + group_shape: ((-1, -1, -1), (1, 16, 1))
25-12-30 13:24:21 | D |       + scale_dtype: (None, sfp8_e4m3_nan)
25-12-30 13:24:22 | D |     - Quantizing single_transformer_blocks.13.proj_mlp.weight
25-12-30 13:24:22 | D |       + quant_dtype: sfp4_e2m1_all
25-12-30 13:24:22 | D |       + group_shape: ((-1, -1, -1), (1, 16, 1))
25-12-30 13:24:22 | D |       + scale_dtype: (None, sfp8_e4m3_nan)
25-12-30 13:24:22 | D |     - Quantizing single_transformer_blocks.13.proj_out.linears.1.weight
25-12-30 13:24:22 | D |       + quant_dtype: sfp4_e2m1_all
25-12-30 13:24:22 | D |       + group_shape: ((-1, -1, -1), (1, 16, 1))
25-12-30 13:24:22 | D |       + scale_dtype: (None, sfp8_e4m3_nan)
25-12-30 13:24:22 | D |   - Quantizing weights: block single_transformer_blocks.14
25-12-30 13:24:22 | D |     - Quantizing single_transformer_blocks.14.norm.linear.weight
25-12-30 13:24:22 | D |       + quant_dtype: sint4
25-12-30 13:24:22 | D |       + group_shape: ((1, 64, 1),)
25-12-30 13:24:22 | D |       + scale_dtype: (None,)
25-12-30 13:24:23 | D |     - Quantizing single_transformer_blocks.14.attn.to_q.weight
25-12-30 13:24:23 | D |       + quant_dtype: sfp4_e2m1_all
25-12-30 13:24:23 | D |       + group_shape: ((-1, -1, -1), (1, 16, 1))
25-12-30 13:24:23 | D |       + scale_dtype: (None, sfp8_e4m3_nan)
25-12-30 13:24:23 | D |     - Quantizing single_transformer_blocks.14.attn.to_k.weight
25-12-30 13:24:23 | D |       + quant_dtype: sfp4_e2m1_all
25-12-30 13:24:23 | D |       + group_shape: ((-1, -1, -1), (1, 16, 1))
25-12-30 13:24:23 | D |       + scale_dtype: (None, sfp8_e4m3_nan)
25-12-30 13:24:24 | D |     - Quantizing single_transformer_blocks.14.attn.to_v.weight
25-12-30 13:24:24 | D |       + quant_dtype: sfp4_e2m1_all
25-12-30 13:24:24 | D |       + group_shape: ((-1, -1, -1), (1, 16, 1))
25-12-30 13:24:24 | D |       + scale_dtype: (None, sfp8_e4m3_nan)
25-12-30 13:24:24 | D |     - Quantizing single_transformer_blocks.14.proj_out.linears.0.weight
25-12-30 13:24:24 | D |       + quant_dtype: sfp4_e2m1_all
25-12-30 13:24:24 | D |       + group_shape: ((-1, -1, -1), (1, 16, 1))
25-12-30 13:24:24 | D |       + scale_dtype: (None, sfp8_e4m3_nan)
25-12-30 13:24:24 | D |     - Quantizing single_transformer_blocks.14.proj_mlp.weight
25-12-30 13:24:24 | D |       + quant_dtype: sfp4_e2m1_all
25-12-30 13:24:24 | D |       + group_shape: ((-1, -1, -1), (1, 16, 1))
25-12-30 13:24:24 | D |       + scale_dtype: (None, sfp8_e4m3_nan)
25-12-30 13:24:25 | D |     - Quantizing single_transformer_blocks.14.proj_out.linears.1.weight
25-12-30 13:24:25 | D |       + quant_dtype: sfp4_e2m1_all
25-12-30 13:24:25 | D |       + group_shape: ((-1, -1, -1), (1, 16, 1))
25-12-30 13:24:25 | D |       + scale_dtype: (None, sfp8_e4m3_nan)
25-12-30 13:24:25 | D |   - Quantizing weights: block single_transformer_blocks.15
25-12-30 13:24:25 | D |     - Quantizing single_transformer_blocks.15.norm.linear.weight
25-12-30 13:24:25 | D |       + quant_dtype: sint4
25-12-30 13:24:25 | D |       + group_shape: ((1, 64, 1),)
25-12-30 13:24:25 | D |       + scale_dtype: (None,)
25-12-30 13:24:26 | D |     - Quantizing single_transformer_blocks.15.attn.to_q.weight
25-12-30 13:24:26 | D |       + quant_dtype: sfp4_e2m1_all
25-12-30 13:24:26 | D |       + group_shape: ((-1, -1, -1), (1, 16, 1))
25-12-30 13:24:26 | D |       + scale_dtype: (None, sfp8_e4m3_nan)
25-12-30 13:24:26 | D |     - Quantizing single_transformer_blocks.15.attn.to_k.weight
25-12-30 13:24:26 | D |       + quant_dtype: sfp4_e2m1_all
25-12-30 13:24:26 | D |       + group_shape: ((-1, -1, -1), (1, 16, 1))
25-12-30 13:24:26 | D |       + scale_dtype: (None, sfp8_e4m3_nan)
25-12-30 13:24:27 | D |     - Quantizing single_transformer_blocks.15.attn.to_v.weight
25-12-30 13:24:27 | D |       + quant_dtype: sfp4_e2m1_all
25-12-30 13:24:27 | D |       + group_shape: ((-1, -1, -1), (1, 16, 1))
25-12-30 13:24:27 | D |       + scale_dtype: (None, sfp8_e4m3_nan)
25-12-30 13:24:27 | D |     - Quantizing single_transformer_blocks.15.proj_out.linears.0.weight
25-12-30 13:24:27 | D |       + quant_dtype: sfp4_e2m1_all
25-12-30 13:24:27 | D |       + group_shape: ((-1, -1, -1), (1, 16, 1))
25-12-30 13:24:27 | D |       + scale_dtype: (None, sfp8_e4m3_nan)
25-12-30 13:24:27 | D |     - Quantizing single_transformer_blocks.15.proj_mlp.weight
25-12-30 13:24:27 | D |       + quant_dtype: sfp4_e2m1_all
25-12-30 13:24:27 | D |       + group_shape: ((-1, -1, -1), (1, 16, 1))
25-12-30 13:24:27 | D |       + scale_dtype: (None, sfp8_e4m3_nan)
25-12-30 13:24:28 | D |     - Quantizing single_transformer_blocks.15.proj_out.linears.1.weight
25-12-30 13:24:28 | D |       + quant_dtype: sfp4_e2m1_all
25-12-30 13:24:28 | D |       + group_shape: ((-1, -1, -1), (1, 16, 1))
25-12-30 13:24:28 | D |       + scale_dtype: (None, sfp8_e4m3_nan)
25-12-30 13:24:28 | D |   - Quantizing weights: block single_transformer_blocks.16
25-12-30 13:24:28 | D |     - Quantizing single_transformer_blocks.16.norm.linear.weight
25-12-30 13:24:28 | D |       + quant_dtype: sint4
25-12-30 13:24:28 | D |       + group_shape: ((1, 64, 1),)
25-12-30 13:24:28 | D |       + scale_dtype: (None,)
25-12-30 13:24:29 | D |     - Quantizing single_transformer_blocks.16.attn.to_q.weight
25-12-30 13:24:29 | D |       + quant_dtype: sfp4_e2m1_all
25-12-30 13:24:29 | D |       + group_shape: ((-1, -1, -1), (1, 16, 1))
25-12-30 13:24:29 | D |       + scale_dtype: (None, sfp8_e4m3_nan)
25-12-30 13:24:29 | D |     - Quantizing single_transformer_blocks.16.attn.to_k.weight
25-12-30 13:24:29 | D |       + quant_dtype: sfp4_e2m1_all
25-12-30 13:24:29 | D |       + group_shape: ((-1, -1, -1), (1, 16, 1))
25-12-30 13:24:29 | D |       + scale_dtype: (None, sfp8_e4m3_nan)
25-12-30 13:24:29 | D |     - Quantizing single_transformer_blocks.16.attn.to_v.weight
25-12-30 13:24:29 | D |       + quant_dtype: sfp4_e2m1_all
25-12-30 13:24:29 | D |       + group_shape: ((-1, -1, -1), (1, 16, 1))
25-12-30 13:24:29 | D |       + scale_dtype: (None, sfp8_e4m3_nan)
25-12-30 13:24:30 | D |     - Quantizing single_transformer_blocks.16.proj_out.linears.0.weight
25-12-30 13:24:30 | D |       + quant_dtype: sfp4_e2m1_all
25-12-30 13:24:30 | D |       + group_shape: ((-1, -1, -1), (1, 16, 1))
25-12-30 13:24:30 | D |       + scale_dtype: (None, sfp8_e4m3_nan)
25-12-30 13:24:30 | D |     - Quantizing single_transformer_blocks.16.proj_mlp.weight
25-12-30 13:24:30 | D |       + quant_dtype: sfp4_e2m1_all
25-12-30 13:24:30 | D |       + group_shape: ((-1, -1, -1), (1, 16, 1))
25-12-30 13:24:30 | D |       + scale_dtype: (None, sfp8_e4m3_nan)
25-12-30 13:24:31 | D |     - Quantizing single_transformer_blocks.16.proj_out.linears.1.weight
25-12-30 13:24:31 | D |       + quant_dtype: sfp4_e2m1_all
25-12-30 13:24:31 | D |       + group_shape: ((-1, -1, -1), (1, 16, 1))
25-12-30 13:24:31 | D |       + scale_dtype: (None, sfp8_e4m3_nan)
25-12-30 13:24:31 | D |   - Quantizing weights: block single_transformer_blocks.17
25-12-30 13:24:31 | D |     - Quantizing single_transformer_blocks.17.norm.linear.weight
25-12-30 13:24:31 | D |       + quant_dtype: sint4
25-12-30 13:24:31 | D |       + group_shape: ((1, 64, 1),)
25-12-30 13:24:31 | D |       + scale_dtype: (None,)
25-12-30 13:24:31 | D |     - Quantizing single_transformer_blocks.17.attn.to_q.weight
25-12-30 13:24:31 | D |       + quant_dtype: sfp4_e2m1_all
25-12-30 13:24:31 | D |       + group_shape: ((-1, -1, -1), (1, 16, 1))
25-12-30 13:24:31 | D |       + scale_dtype: (None, sfp8_e4m3_nan)
25-12-30 13:24:32 | D |     - Quantizing single_transformer_blocks.17.attn.to_k.weight
25-12-30 13:24:32 | D |       + quant_dtype: sfp4_e2m1_all
25-12-30 13:24:32 | D |       + group_shape: ((-1, -1, -1), (1, 16, 1))
25-12-30 13:24:32 | D |       + scale_dtype: (None, sfp8_e4m3_nan)
25-12-30 13:24:32 | D |     - Quantizing single_transformer_blocks.17.attn.to_v.weight
25-12-30 13:24:32 | D |       + quant_dtype: sfp4_e2m1_all
25-12-30 13:24:32 | D |       + group_shape: ((-1, -1, -1), (1, 16, 1))
25-12-30 13:24:32 | D |       + scale_dtype: (None, sfp8_e4m3_nan)
25-12-30 13:24:33 | D |     - Quantizing single_transformer_blocks.17.proj_out.linears.0.weight
25-12-30 13:24:33 | D |       + quant_dtype: sfp4_e2m1_all
25-12-30 13:24:33 | D |       + group_shape: ((-1, -1, -1), (1, 16, 1))
25-12-30 13:24:33 | D |       + scale_dtype: (None, sfp8_e4m3_nan)
25-12-30 13:24:33 | D |     - Quantizing single_transformer_blocks.17.proj_mlp.weight
25-12-30 13:24:33 | D |       + quant_dtype: sfp4_e2m1_all
25-12-30 13:24:33 | D |       + group_shape: ((-1, -1, -1), (1, 16, 1))
25-12-30 13:24:33 | D |       + scale_dtype: (None, sfp8_e4m3_nan)
25-12-30 13:24:33 | D |     - Quantizing single_transformer_blocks.17.proj_out.linears.1.weight
25-12-30 13:24:33 | D |       + quant_dtype: sfp4_e2m1_all
25-12-30 13:24:33 | D |       + group_shape: ((-1, -1, -1), (1, 16, 1))
25-12-30 13:24:33 | D |       + scale_dtype: (None, sfp8_e4m3_nan)
25-12-30 13:24:34 | D |   - Quantizing weights: block single_transformer_blocks.18
25-12-30 13:24:34 | D |     - Quantizing single_transformer_blocks.18.norm.linear.weight
25-12-30 13:24:34 | D |       + quant_dtype: sint4
25-12-30 13:24:34 | D |       + group_shape: ((1, 64, 1),)
25-12-30 13:24:34 | D |       + scale_dtype: (None,)
25-12-30 13:24:34 | D |     - Quantizing single_transformer_blocks.18.attn.to_q.weight
25-12-30 13:24:34 | D |       + quant_dtype: sfp4_e2m1_all
25-12-30 13:24:34 | D |       + group_shape: ((-1, -1, -1), (1, 16, 1))
25-12-30 13:24:34 | D |       + scale_dtype: (None, sfp8_e4m3_nan)
25-12-30 13:24:35 | D |     - Quantizing single_transformer_blocks.18.attn.to_k.weight
25-12-30 13:24:35 | D |       + quant_dtype: sfp4_e2m1_all
25-12-30 13:24:35 | D |       + group_shape: ((-1, -1, -1), (1, 16, 1))
25-12-30 13:24:35 | D |       + scale_dtype: (None, sfp8_e4m3_nan)
25-12-30 13:24:35 | D |     - Quantizing single_transformer_blocks.18.attn.to_v.weight
25-12-30 13:24:35 | D |       + quant_dtype: sfp4_e2m1_all
25-12-30 13:24:35 | D |       + group_shape: ((-1, -1, -1), (1, 16, 1))
25-12-30 13:24:35 | D |       + scale_dtype: (None, sfp8_e4m3_nan)
25-12-30 13:24:36 | D |     - Quantizing single_transformer_blocks.18.proj_out.linears.0.weight
25-12-30 13:24:36 | D |       + quant_dtype: sfp4_e2m1_all
25-12-30 13:24:36 | D |       + group_shape: ((-1, -1, -1), (1, 16, 1))
25-12-30 13:24:36 | D |       + scale_dtype: (None, sfp8_e4m3_nan)
25-12-30 13:24:36 | D |     - Quantizing single_transformer_blocks.18.proj_mlp.weight
25-12-30 13:24:36 | D |       + quant_dtype: sfp4_e2m1_all
25-12-30 13:24:36 | D |       + group_shape: ((-1, -1, -1), (1, 16, 1))
25-12-30 13:24:36 | D |       + scale_dtype: (None, sfp8_e4m3_nan)
25-12-30 13:24:36 | D |     - Quantizing single_transformer_blocks.18.proj_out.linears.1.weight
25-12-30 13:24:36 | D |       + quant_dtype: sfp4_e2m1_all
25-12-30 13:24:36 | D |       + group_shape: ((-1, -1, -1), (1, 16, 1))
25-12-30 13:24:36 | D |       + scale_dtype: (None, sfp8_e4m3_nan)
25-12-30 13:24:37 | D |   - Quantizing weights: block single_transformer_blocks.19
25-12-30 13:24:37 | D |     - Quantizing single_transformer_blocks.19.norm.linear.weight
25-12-30 13:24:37 | D |       + quant_dtype: sint4
25-12-30 13:24:37 | D |       + group_shape: ((1, 64, 1),)
25-12-30 13:24:37 | D |       + scale_dtype: (None,)
25-12-30 13:24:37 | D |     - Quantizing single_transformer_blocks.19.attn.to_q.weight
25-12-30 13:24:37 | D |       + quant_dtype: sfp4_e2m1_all
25-12-30 13:24:37 | D |       + group_shape: ((-1, -1, -1), (1, 16, 1))
25-12-30 13:24:37 | D |       + scale_dtype: (None, sfp8_e4m3_nan)
25-12-30 13:24:38 | D |     - Quantizing single_transformer_blocks.19.attn.to_k.weight
25-12-30 13:24:38 | D |       + quant_dtype: sfp4_e2m1_all
25-12-30 13:24:38 | D |       + group_shape: ((-1, -1, -1), (1, 16, 1))
25-12-30 13:24:38 | D |       + scale_dtype: (None, sfp8_e4m3_nan)
25-12-30 13:24:38 | D |     - Quantizing single_transformer_blocks.19.attn.to_v.weight
25-12-30 13:24:38 | D |       + quant_dtype: sfp4_e2m1_all
25-12-30 13:24:38 | D |       + group_shape: ((-1, -1, -1), (1, 16, 1))
25-12-30 13:24:38 | D |       + scale_dtype: (None, sfp8_e4m3_nan)
25-12-30 13:24:38 | D |     - Quantizing single_transformer_blocks.19.proj_out.linears.0.weight
25-12-30 13:24:38 | D |       + quant_dtype: sfp4_e2m1_all
25-12-30 13:24:38 | D |       + group_shape: ((-1, -1, -1), (1, 16, 1))
25-12-30 13:24:38 | D |       + scale_dtype: (None, sfp8_e4m3_nan)
25-12-30 13:24:39 | D |     - Quantizing single_transformer_blocks.19.proj_mlp.weight
25-12-30 13:24:39 | D |       + quant_dtype: sfp4_e2m1_all
25-12-30 13:24:39 | D |       + group_shape: ((-1, -1, -1), (1, 16, 1))
25-12-30 13:24:39 | D |       + scale_dtype: (None, sfp8_e4m3_nan)
25-12-30 13:24:39 | D |     - Quantizing single_transformer_blocks.19.proj_out.linears.1.weight
25-12-30 13:24:39 | D |       + quant_dtype: sfp4_e2m1_all
25-12-30 13:24:39 | D |       + group_shape: ((-1, -1, -1), (1, 16, 1))
25-12-30 13:24:39 | D |       + scale_dtype: (None, sfp8_e4m3_nan)
25-12-30 13:24:39 | D |   - Quantizing weights: block single_transformer_blocks.20
25-12-30 13:24:39 | D |     - Quantizing single_transformer_blocks.20.norm.linear.weight
25-12-30 13:24:39 | D |       + quant_dtype: sint4
25-12-30 13:24:39 | D |       + group_shape: ((1, 64, 1),)
25-12-30 13:24:39 | D |       + scale_dtype: (None,)
25-12-30 13:24:40 | D |     - Quantizing single_transformer_blocks.20.attn.to_q.weight
25-12-30 13:24:40 | D |       + quant_dtype: sfp4_e2m1_all
25-12-30 13:24:40 | D |       + group_shape: ((-1, -1, -1), (1, 16, 1))
25-12-30 13:24:40 | D |       + scale_dtype: (None, sfp8_e4m3_nan)
25-12-30 13:24:40 | D |     - Quantizing single_transformer_blocks.20.attn.to_k.weight
25-12-30 13:24:40 | D |       + quant_dtype: sfp4_e2m1_all
25-12-30 13:24:40 | D |       + group_shape: ((-1, -1, -1), (1, 16, 1))
25-12-30 13:24:40 | D |       + scale_dtype: (None, sfp8_e4m3_nan)
25-12-30 13:24:41 | D |     - Quantizing single_transformer_blocks.20.attn.to_v.weight
25-12-30 13:24:41 | D |       + quant_dtype: sfp4_e2m1_all
25-12-30 13:24:41 | D |       + group_shape: ((-1, -1, -1), (1, 16, 1))
25-12-30 13:24:41 | D |       + scale_dtype: (None, sfp8_e4m3_nan)
25-12-30 13:24:41 | D |     - Quantizing single_transformer_blocks.20.proj_out.linears.0.weight
25-12-30 13:24:41 | D |       + quant_dtype: sfp4_e2m1_all
25-12-30 13:24:41 | D |       + group_shape: ((-1, -1, -1), (1, 16, 1))
25-12-30 13:24:41 | D |       + scale_dtype: (None, sfp8_e4m3_nan)
25-12-30 13:24:42 | D |     - Quantizing single_transformer_blocks.20.proj_mlp.weight
25-12-30 13:24:42 | D |       + quant_dtype: sfp4_e2m1_all
25-12-30 13:24:42 | D |       + group_shape: ((-1, -1, -1), (1, 16, 1))
25-12-30 13:24:42 | D |       + scale_dtype: (None, sfp8_e4m3_nan)
25-12-30 13:24:42 | D |     - Quantizing single_transformer_blocks.20.proj_out.linears.1.weight
25-12-30 13:24:42 | D |       + quant_dtype: sfp4_e2m1_all
25-12-30 13:24:42 | D |       + group_shape: ((-1, -1, -1), (1, 16, 1))
25-12-30 13:24:42 | D |       + scale_dtype: (None, sfp8_e4m3_nan)
25-12-30 13:24:42 | D |   - Quantizing weights: block single_transformer_blocks.21
25-12-30 13:24:42 | D |     - Quantizing single_transformer_blocks.21.norm.linear.weight
25-12-30 13:24:42 | D |       + quant_dtype: sint4
25-12-30 13:24:42 | D |       + group_shape: ((1, 64, 1),)
25-12-30 13:24:42 | D |       + scale_dtype: (None,)
25-12-30 13:24:43 | D |     - Quantizing single_transformer_blocks.21.attn.to_q.weight
25-12-30 13:24:43 | D |       + quant_dtype: sfp4_e2m1_all
25-12-30 13:24:43 | D |       + group_shape: ((-1, -1, -1), (1, 16, 1))
25-12-30 13:24:43 | D |       + scale_dtype: (None, sfp8_e4m3_nan)
25-12-30 13:24:43 | D |     - Quantizing single_transformer_blocks.21.attn.to_k.weight
25-12-30 13:24:43 | D |       + quant_dtype: sfp4_e2m1_all
25-12-30 13:24:43 | D |       + group_shape: ((-1, -1, -1), (1, 16, 1))
25-12-30 13:24:43 | D |       + scale_dtype: (None, sfp8_e4m3_nan)
25-12-30 13:24:43 | D |     - Quantizing single_transformer_blocks.21.attn.to_v.weight
25-12-30 13:24:43 | D |       + quant_dtype: sfp4_e2m1_all
25-12-30 13:24:43 | D |       + group_shape: ((-1, -1, -1), (1, 16, 1))
25-12-30 13:24:43 | D |       + scale_dtype: (None, sfp8_e4m3_nan)
25-12-30 13:24:44 | D |     - Quantizing single_transformer_blocks.21.proj_out.linears.0.weight
25-12-30 13:24:44 | D |       + quant_dtype: sfp4_e2m1_all
25-12-30 13:24:44 | D |       + group_shape: ((-1, -1, -1), (1, 16, 1))
25-12-30 13:24:44 | D |       + scale_dtype: (None, sfp8_e4m3_nan)
25-12-30 13:24:44 | D |     - Quantizing single_transformer_blocks.21.proj_mlp.weight
25-12-30 13:24:44 | D |       + quant_dtype: sfp4_e2m1_all
25-12-30 13:24:44 | D |       + group_shape: ((-1, -1, -1), (1, 16, 1))
25-12-30 13:24:44 | D |       + scale_dtype: (None, sfp8_e4m3_nan)
25-12-30 13:24:45 | D |     - Quantizing single_transformer_blocks.21.proj_out.linears.1.weight
25-12-30 13:24:45 | D |       + quant_dtype: sfp4_e2m1_all
25-12-30 13:24:45 | D |       + group_shape: ((-1, -1, -1), (1, 16, 1))
25-12-30 13:24:45 | D |       + scale_dtype: (None, sfp8_e4m3_nan)
25-12-30 13:24:45 | D |   - Quantizing weights: block single_transformer_blocks.22
25-12-30 13:24:45 | D |     - Quantizing single_transformer_blocks.22.norm.linear.weight
25-12-30 13:24:45 | D |       + quant_dtype: sint4
25-12-30 13:24:45 | D |       + group_shape: ((1, 64, 1),)
25-12-30 13:24:45 | D |       + scale_dtype: (None,)
25-12-30 13:24:45 | D |     - Quantizing single_transformer_blocks.22.attn.to_q.weight
25-12-30 13:24:45 | D |       + quant_dtype: sfp4_e2m1_all
25-12-30 13:24:45 | D |       + group_shape: ((-1, -1, -1), (1, 16, 1))
25-12-30 13:24:45 | D |       + scale_dtype: (None, sfp8_e4m3_nan)
25-12-30 13:24:46 | D |     - Quantizing single_transformer_blocks.22.attn.to_k.weight
25-12-30 13:24:46 | D |       + quant_dtype: sfp4_e2m1_all
25-12-30 13:24:46 | D |       + group_shape: ((-1, -1, -1), (1, 16, 1))
25-12-30 13:24:46 | D |       + scale_dtype: (None, sfp8_e4m3_nan)
25-12-30 13:24:46 | D |     - Quantizing single_transformer_blocks.22.attn.to_v.weight
25-12-30 13:24:46 | D |       + quant_dtype: sfp4_e2m1_all
25-12-30 13:24:46 | D |       + group_shape: ((-1, -1, -1), (1, 16, 1))
25-12-30 13:24:46 | D |       + scale_dtype: (None, sfp8_e4m3_nan)
25-12-30 13:24:46 | D |     - Quantizing single_transformer_blocks.22.proj_out.linears.0.weight
25-12-30 13:24:46 | D |       + quant_dtype: sfp4_e2m1_all
25-12-30 13:24:46 | D |       + group_shape: ((-1, -1, -1), (1, 16, 1))
25-12-30 13:24:46 | D |       + scale_dtype: (None, sfp8_e4m3_nan)
25-12-30 13:24:47 | D |     - Quantizing single_transformer_blocks.22.proj_mlp.weight
25-12-30 13:24:47 | D |       + quant_dtype: sfp4_e2m1_all
25-12-30 13:24:47 | D |       + group_shape: ((-1, -1, -1), (1, 16, 1))
25-12-30 13:24:47 | D |       + scale_dtype: (None, sfp8_e4m3_nan)
25-12-30 13:24:47 | D |     - Quantizing single_transformer_blocks.22.proj_out.linears.1.weight
25-12-30 13:24:47 | D |       + quant_dtype: sfp4_e2m1_all
25-12-30 13:24:47 | D |       + group_shape: ((-1, -1, -1), (1, 16, 1))
25-12-30 13:24:47 | D |       + scale_dtype: (None, sfp8_e4m3_nan)
25-12-30 13:24:48 | D |   - Quantizing weights: block single_transformer_blocks.23
25-12-30 13:24:48 | D |     - Quantizing single_transformer_blocks.23.norm.linear.weight
25-12-30 13:24:48 | D |       + quant_dtype: sint4
25-12-30 13:24:48 | D |       + group_shape: ((1, 64, 1),)
25-12-30 13:24:48 | D |       + scale_dtype: (None,)
25-12-30 13:24:48 | D |     - Quantizing single_transformer_blocks.23.attn.to_q.weight
25-12-30 13:24:48 | D |       + quant_dtype: sfp4_e2m1_all
25-12-30 13:24:48 | D |       + group_shape: ((-1, -1, -1), (1, 16, 1))
25-12-30 13:24:48 | D |       + scale_dtype: (None, sfp8_e4m3_nan)
25-12-30 13:24:49 | D |     - Quantizing single_transformer_blocks.23.attn.to_k.weight
25-12-30 13:24:49 | D |       + quant_dtype: sfp4_e2m1_all
25-12-30 13:24:49 | D |       + group_shape: ((-1, -1, -1), (1, 16, 1))
25-12-30 13:24:49 | D |       + scale_dtype: (None, sfp8_e4m3_nan)
25-12-30 13:24:49 | D |     - Quantizing single_transformer_blocks.23.attn.to_v.weight
25-12-30 13:24:49 | D |       + quant_dtype: sfp4_e2m1_all
25-12-30 13:24:49 | D |       + group_shape: ((-1, -1, -1), (1, 16, 1))
25-12-30 13:24:49 | D |       + scale_dtype: (None, sfp8_e4m3_nan)
25-12-30 13:24:49 | D |     - Quantizing single_transformer_blocks.23.proj_out.linears.0.weight
25-12-30 13:24:49 | D |       + quant_dtype: sfp4_e2m1_all
25-12-30 13:24:49 | D |       + group_shape: ((-1, -1, -1), (1, 16, 1))
25-12-30 13:24:49 | D |       + scale_dtype: (None, sfp8_e4m3_nan)
25-12-30 13:24:50 | D |     - Quantizing single_transformer_blocks.23.proj_mlp.weight
25-12-30 13:24:50 | D |       + quant_dtype: sfp4_e2m1_all
25-12-30 13:24:50 | D |       + group_shape: ((-1, -1, -1), (1, 16, 1))
25-12-30 13:24:50 | D |       + scale_dtype: (None, sfp8_e4m3_nan)
25-12-30 13:24:50 | D |     - Quantizing single_transformer_blocks.23.proj_out.linears.1.weight
25-12-30 13:24:50 | D |       + quant_dtype: sfp4_e2m1_all
25-12-30 13:24:50 | D |       + group_shape: ((-1, -1, -1), (1, 16, 1))
25-12-30 13:24:50 | D |       + scale_dtype: (None, sfp8_e4m3_nan)
25-12-30 13:24:51 | D |   - Quantizing weights: block single_transformer_blocks.24
25-12-30 13:24:51 | D |     - Quantizing single_transformer_blocks.24.norm.linear.weight
25-12-30 13:24:51 | D |       + quant_dtype: sint4
25-12-30 13:24:51 | D |       + group_shape: ((1, 64, 1),)
25-12-30 13:24:51 | D |       + scale_dtype: (None,)
25-12-30 13:24:51 | D |     - Quantizing single_transformer_blocks.24.attn.to_q.weight
25-12-30 13:24:51 | D |       + quant_dtype: sfp4_e2m1_all
25-12-30 13:24:51 | D |       + group_shape: ((-1, -1, -1), (1, 16, 1))
25-12-30 13:24:51 | D |       + scale_dtype: (None, sfp8_e4m3_nan)
25-12-30 13:24:51 | D |     - Quantizing single_transformer_blocks.24.attn.to_k.weight
25-12-30 13:24:51 | D |       + quant_dtype: sfp4_e2m1_all
25-12-30 13:24:51 | D |       + group_shape: ((-1, -1, -1), (1, 16, 1))
25-12-30 13:24:51 | D |       + scale_dtype: (None, sfp8_e4m3_nan)
25-12-30 13:24:52 | D |     - Quantizing single_transformer_blocks.24.attn.to_v.weight
25-12-30 13:24:52 | D |       + quant_dtype: sfp4_e2m1_all
25-12-30 13:24:52 | D |       + group_shape: ((-1, -1, -1), (1, 16, 1))
25-12-30 13:24:52 | D |       + scale_dtype: (None, sfp8_e4m3_nan)
25-12-30 13:24:52 | D |     - Quantizing single_transformer_blocks.24.proj_out.linears.0.weight
25-12-30 13:24:52 | D |       + quant_dtype: sfp4_e2m1_all
25-12-30 13:24:52 | D |       + group_shape: ((-1, -1, -1), (1, 16, 1))
25-12-30 13:24:52 | D |       + scale_dtype: (None, sfp8_e4m3_nan)
25-12-30 13:24:53 | D |     - Quantizing single_transformer_blocks.24.proj_mlp.weight
25-12-30 13:24:53 | D |       + quant_dtype: sfp4_e2m1_all
25-12-30 13:24:53 | D |       + group_shape: ((-1, -1, -1), (1, 16, 1))
25-12-30 13:24:53 | D |       + scale_dtype: (None, sfp8_e4m3_nan)
25-12-30 13:24:53 | D |     - Quantizing single_transformer_blocks.24.proj_out.linears.1.weight
25-12-30 13:24:53 | D |       + quant_dtype: sfp4_e2m1_all
25-12-30 13:24:53 | D |       + group_shape: ((-1, -1, -1), (1, 16, 1))
25-12-30 13:24:53 | D |       + scale_dtype: (None, sfp8_e4m3_nan)
25-12-30 13:24:53 | D |   - Quantizing weights: block single_transformer_blocks.25
25-12-30 13:24:53 | D |     - Quantizing single_transformer_blocks.25.norm.linear.weight
25-12-30 13:24:53 | D |       + quant_dtype: sint4
25-12-30 13:24:53 | D |       + group_shape: ((1, 64, 1),)
25-12-30 13:24:53 | D |       + scale_dtype: (None,)
25-12-30 13:24:54 | D |     - Quantizing single_transformer_blocks.25.attn.to_q.weight
25-12-30 13:24:54 | D |       + quant_dtype: sfp4_e2m1_all
25-12-30 13:24:54 | D |       + group_shape: ((-1, -1, -1), (1, 16, 1))
25-12-30 13:24:54 | D |       + scale_dtype: (None, sfp8_e4m3_nan)
25-12-30 13:24:54 | D |     - Quantizing single_transformer_blocks.25.attn.to_k.weight
25-12-30 13:24:54 | D |       + quant_dtype: sfp4_e2m1_all
25-12-30 13:24:54 | D |       + group_shape: ((-1, -1, -1), (1, 16, 1))
25-12-30 13:24:54 | D |       + scale_dtype: (None, sfp8_e4m3_nan)
25-12-30 13:24:54 | D |     - Quantizing single_transformer_blocks.25.attn.to_v.weight
25-12-30 13:24:54 | D |       + quant_dtype: sfp4_e2m1_all
25-12-30 13:24:54 | D |       + group_shape: ((-1, -1, -1), (1, 16, 1))
25-12-30 13:24:54 | D |       + scale_dtype: (None, sfp8_e4m3_nan)
25-12-30 13:24:55 | D |     - Quantizing single_transformer_blocks.25.proj_out.linears.0.weight
25-12-30 13:24:55 | D |       + quant_dtype: sfp4_e2m1_all
25-12-30 13:24:55 | D |       + group_shape: ((-1, -1, -1), (1, 16, 1))
25-12-30 13:24:55 | D |       + scale_dtype: (None, sfp8_e4m3_nan)
25-12-30 13:24:55 | D |     - Quantizing single_transformer_blocks.25.proj_mlp.weight
25-12-30 13:24:55 | D |       + quant_dtype: sfp4_e2m1_all
25-12-30 13:24:55 | D |       + group_shape: ((-1, -1, -1), (1, 16, 1))
25-12-30 13:24:55 | D |       + scale_dtype: (None, sfp8_e4m3_nan)
25-12-30 13:24:56 | D |     - Quantizing single_transformer_blocks.25.proj_out.linears.1.weight
25-12-30 13:24:56 | D |       + quant_dtype: sfp4_e2m1_all
25-12-30 13:24:56 | D |       + group_shape: ((-1, -1, -1), (1, 16, 1))
25-12-30 13:24:56 | D |       + scale_dtype: (None, sfp8_e4m3_nan)
25-12-30 13:24:56 | D |   - Quantizing weights: block single_transformer_blocks.26
25-12-30 13:24:56 | D |     - Quantizing single_transformer_blocks.26.norm.linear.weight
25-12-30 13:24:56 | D |       + quant_dtype: sint4
25-12-30 13:24:56 | D |       + group_shape: ((1, 64, 1),)
25-12-30 13:24:56 | D |       + scale_dtype: (None,)
25-12-30 13:24:56 | D |     - Quantizing single_transformer_blocks.26.attn.to_q.weight
25-12-30 13:24:56 | D |       + quant_dtype: sfp4_e2m1_all
25-12-30 13:24:56 | D |       + group_shape: ((-1, -1, -1), (1, 16, 1))
25-12-30 13:24:56 | D |       + scale_dtype: (None, sfp8_e4m3_nan)
25-12-30 13:24:57 | D |     - Quantizing single_transformer_blocks.26.attn.to_k.weight
25-12-30 13:24:57 | D |       + quant_dtype: sfp4_e2m1_all
25-12-30 13:24:57 | D |       + group_shape: ((-1, -1, -1), (1, 16, 1))
25-12-30 13:24:57 | D |       + scale_dtype: (None, sfp8_e4m3_nan)
25-12-30 13:24:58 | D |     - Quantizing single_transformer_blocks.26.attn.to_v.weight
25-12-30 13:24:58 | D |       + quant_dtype: sfp4_e2m1_all
25-12-30 13:24:58 | D |       + group_shape: ((-1, -1, -1), (1, 16, 1))
25-12-30 13:24:58 | D |       + scale_dtype: (None, sfp8_e4m3_nan)
25-12-30 13:24:58 | D |     - Quantizing single_transformer_blocks.26.proj_out.linears.0.weight
25-12-30 13:24:58 | D |       + quant_dtype: sfp4_e2m1_all
25-12-30 13:24:58 | D |       + group_shape: ((-1, -1, -1), (1, 16, 1))
25-12-30 13:24:58 | D |       + scale_dtype: (None, sfp8_e4m3_nan)
25-12-30 13:24:58 | D |     - Quantizing single_transformer_blocks.26.proj_mlp.weight
25-12-30 13:24:58 | D |       + quant_dtype: sfp4_e2m1_all
25-12-30 13:24:58 | D |       + group_shape: ((-1, -1, -1), (1, 16, 1))
25-12-30 13:24:58 | D |       + scale_dtype: (None, sfp8_e4m3_nan)
25-12-30 13:24:59 | D |     - Quantizing single_transformer_blocks.26.proj_out.linears.1.weight
25-12-30 13:24:59 | D |       + quant_dtype: sfp4_e2m1_all
25-12-30 13:24:59 | D |       + group_shape: ((-1, -1, -1), (1, 16, 1))
25-12-30 13:24:59 | D |       + scale_dtype: (None, sfp8_e4m3_nan)
25-12-30 13:24:59 | D |   - Quantizing weights: block single_transformer_blocks.27
25-12-30 13:24:59 | D |     - Quantizing single_transformer_blocks.27.norm.linear.weight
25-12-30 13:24:59 | D |       + quant_dtype: sint4
25-12-30 13:24:59 | D |       + group_shape: ((1, 64, 1),)
25-12-30 13:24:59 | D |       + scale_dtype: (None,)
25-12-30 13:24:59 | D |     - Quantizing single_transformer_blocks.27.attn.to_q.weight
25-12-30 13:24:59 | D |       + quant_dtype: sfp4_e2m1_all
25-12-30 13:24:59 | D |       + group_shape: ((-1, -1, -1), (1, 16, 1))
25-12-30 13:24:59 | D |       + scale_dtype: (None, sfp8_e4m3_nan)
25-12-30 13:25:00 | D |     - Quantizing single_transformer_blocks.27.attn.to_k.weight
25-12-30 13:25:00 | D |       + quant_dtype: sfp4_e2m1_all
25-12-30 13:25:00 | D |       + group_shape: ((-1, -1, -1), (1, 16, 1))
25-12-30 13:25:00 | D |       + scale_dtype: (None, sfp8_e4m3_nan)
25-12-30 13:25:00 | D |     - Quantizing single_transformer_blocks.27.attn.to_v.weight
25-12-30 13:25:00 | D |       + quant_dtype: sfp4_e2m1_all
25-12-30 13:25:00 | D |       + group_shape: ((-1, -1, -1), (1, 16, 1))
25-12-30 13:25:00 | D |       + scale_dtype: (None, sfp8_e4m3_nan)
25-12-30 13:25:01 | D |     - Quantizing single_transformer_blocks.27.proj_out.linears.0.weight
25-12-30 13:25:01 | D |       + quant_dtype: sfp4_e2m1_all
25-12-30 13:25:01 | D |       + group_shape: ((-1, -1, -1), (1, 16, 1))
25-12-30 13:25:01 | D |       + scale_dtype: (None, sfp8_e4m3_nan)
25-12-30 13:25:01 | D |     - Quantizing single_transformer_blocks.27.proj_mlp.weight
25-12-30 13:25:01 | D |       + quant_dtype: sfp4_e2m1_all
25-12-30 13:25:01 | D |       + group_shape: ((-1, -1, -1), (1, 16, 1))
25-12-30 13:25:01 | D |       + scale_dtype: (None, sfp8_e4m3_nan)
25-12-30 13:25:01 | D |     - Quantizing single_transformer_blocks.27.proj_out.linears.1.weight
25-12-30 13:25:01 | D |       + quant_dtype: sfp4_e2m1_all
25-12-30 13:25:01 | D |       + group_shape: ((-1, -1, -1), (1, 16, 1))
25-12-30 13:25:01 | D |       + scale_dtype: (None, sfp8_e4m3_nan)
25-12-30 13:25:02 | D |   - Quantizing weights: block single_transformer_blocks.28
25-12-30 13:25:02 | D |     - Quantizing single_transformer_blocks.28.norm.linear.weight
25-12-30 13:25:02 | D |       + quant_dtype: sint4
25-12-30 13:25:02 | D |       + group_shape: ((1, 64, 1),)
25-12-30 13:25:02 | D |       + scale_dtype: (None,)
25-12-30 13:25:02 | D |     - Quantizing single_transformer_blocks.28.attn.to_q.weight
25-12-30 13:25:02 | D |       + quant_dtype: sfp4_e2m1_all
25-12-30 13:25:02 | D |       + group_shape: ((-1, -1, -1), (1, 16, 1))
25-12-30 13:25:02 | D |       + scale_dtype: (None, sfp8_e4m3_nan)
25-12-30 13:25:03 | D |     - Quantizing single_transformer_blocks.28.attn.to_k.weight
25-12-30 13:25:03 | D |       + quant_dtype: sfp4_e2m1_all
25-12-30 13:25:03 | D |       + group_shape: ((-1, -1, -1), (1, 16, 1))
25-12-30 13:25:03 | D |       + scale_dtype: (None, sfp8_e4m3_nan)
25-12-30 13:25:03 | D |     - Quantizing single_transformer_blocks.28.attn.to_v.weight
25-12-30 13:25:03 | D |       + quant_dtype: sfp4_e2m1_all
25-12-30 13:25:03 | D |       + group_shape: ((-1, -1, -1), (1, 16, 1))
25-12-30 13:25:03 | D |       + scale_dtype: (None, sfp8_e4m3_nan)
25-12-30 13:25:03 | D |     - Quantizing single_transformer_blocks.28.proj_out.linears.0.weight
25-12-30 13:25:03 | D |       + quant_dtype: sfp4_e2m1_all
25-12-30 13:25:03 | D |       + group_shape: ((-1, -1, -1), (1, 16, 1))
25-12-30 13:25:03 | D |       + scale_dtype: (None, sfp8_e4m3_nan)
25-12-30 13:25:04 | D |     - Quantizing single_transformer_blocks.28.proj_mlp.weight
25-12-30 13:25:04 | D |       + quant_dtype: sfp4_e2m1_all
25-12-30 13:25:04 | D |       + group_shape: ((-1, -1, -1), (1, 16, 1))
25-12-30 13:25:04 | D |       + scale_dtype: (None, sfp8_e4m3_nan)
25-12-30 13:25:04 | D |     - Quantizing single_transformer_blocks.28.proj_out.linears.1.weight
25-12-30 13:25:04 | D |       + quant_dtype: sfp4_e2m1_all
25-12-30 13:25:04 | D |       + group_shape: ((-1, -1, -1), (1, 16, 1))
25-12-30 13:25:04 | D |       + scale_dtype: (None, sfp8_e4m3_nan)
25-12-30 13:25:05 | D |   - Quantizing weights: block single_transformer_blocks.29
25-12-30 13:25:05 | D |     - Quantizing single_transformer_blocks.29.norm.linear.weight
25-12-30 13:25:05 | D |       + quant_dtype: sint4
25-12-30 13:25:05 | D |       + group_shape: ((1, 64, 1),)
25-12-30 13:25:05 | D |       + scale_dtype: (None,)
25-12-30 13:25:05 | D |     - Quantizing single_transformer_blocks.29.attn.to_q.weight
25-12-30 13:25:05 | D |       + quant_dtype: sfp4_e2m1_all
25-12-30 13:25:05 | D |       + group_shape: ((-1, -1, -1), (1, 16, 1))
25-12-30 13:25:05 | D |       + scale_dtype: (None, sfp8_e4m3_nan)
25-12-30 13:25:05 | D |     - Quantizing single_transformer_blocks.29.attn.to_k.weight
25-12-30 13:25:05 | D |       + quant_dtype: sfp4_e2m1_all
25-12-30 13:25:05 | D |       + group_shape: ((-1, -1, -1), (1, 16, 1))
25-12-30 13:25:05 | D |       + scale_dtype: (None, sfp8_e4m3_nan)
25-12-30 13:25:06 | D |     - Quantizing single_transformer_blocks.29.attn.to_v.weight
25-12-30 13:25:06 | D |       + quant_dtype: sfp4_e2m1_all
25-12-30 13:25:06 | D |       + group_shape: ((-1, -1, -1), (1, 16, 1))
25-12-30 13:25:06 | D |       + scale_dtype: (None, sfp8_e4m3_nan)
25-12-30 13:25:06 | D |     - Quantizing single_transformer_blocks.29.proj_out.linears.0.weight
25-12-30 13:25:06 | D |       + quant_dtype: sfp4_e2m1_all
25-12-30 13:25:06 | D |       + group_shape: ((-1, -1, -1), (1, 16, 1))
25-12-30 13:25:06 | D |       + scale_dtype: (None, sfp8_e4m3_nan)
25-12-30 13:25:07 | D |     - Quantizing single_transformer_blocks.29.proj_mlp.weight
25-12-30 13:25:07 | D |       + quant_dtype: sfp4_e2m1_all
25-12-30 13:25:07 | D |       + group_shape: ((-1, -1, -1), (1, 16, 1))
25-12-30 13:25:07 | D |       + scale_dtype: (None, sfp8_e4m3_nan)
25-12-30 13:25:07 | D |     - Quantizing single_transformer_blocks.29.proj_out.linears.1.weight
25-12-30 13:25:07 | D |       + quant_dtype: sfp4_e2m1_all
25-12-30 13:25:07 | D |       + group_shape: ((-1, -1, -1), (1, 16, 1))
25-12-30 13:25:07 | D |       + scale_dtype: (None, sfp8_e4m3_nan)
25-12-30 13:25:08 | D |   - Quantizing weights: block single_transformer_blocks.30
25-12-30 13:25:08 | D |     - Quantizing single_transformer_blocks.30.norm.linear.weight
25-12-30 13:25:08 | D |       + quant_dtype: sint4
25-12-30 13:25:08 | D |       + group_shape: ((1, 64, 1),)
25-12-30 13:25:08 | D |       + scale_dtype: (None,)
25-12-30 13:25:08 | D |     - Quantizing single_transformer_blocks.30.attn.to_q.weight
25-12-30 13:25:08 | D |       + quant_dtype: sfp4_e2m1_all
25-12-30 13:25:08 | D |       + group_shape: ((-1, -1, -1), (1, 16, 1))
25-12-30 13:25:08 | D |       + scale_dtype: (None, sfp8_e4m3_nan)
25-12-30 13:25:08 | D |     - Quantizing single_transformer_blocks.30.attn.to_k.weight
25-12-30 13:25:08 | D |       + quant_dtype: sfp4_e2m1_all
25-12-30 13:25:08 | D |       + group_shape: ((-1, -1, -1), (1, 16, 1))
25-12-30 13:25:08 | D |       + scale_dtype: (None, sfp8_e4m3_nan)
25-12-30 13:25:09 | D |     - Quantizing single_transformer_blocks.30.attn.to_v.weight
25-12-30 13:25:09 | D |       + quant_dtype: sfp4_e2m1_all
25-12-30 13:25:09 | D |       + group_shape: ((-1, -1, -1), (1, 16, 1))
25-12-30 13:25:09 | D |       + scale_dtype: (None, sfp8_e4m3_nan)
25-12-30 13:25:09 | D |     - Quantizing single_transformer_blocks.30.proj_out.linears.0.weight
25-12-30 13:25:09 | D |       + quant_dtype: sfp4_e2m1_all
25-12-30 13:25:09 | D |       + group_shape: ((-1, -1, -1), (1, 16, 1))
25-12-30 13:25:09 | D |       + scale_dtype: (None, sfp8_e4m3_nan)
25-12-30 13:25:09 | D |     - Quantizing single_transformer_blocks.30.proj_mlp.weight
25-12-30 13:25:09 | D |       + quant_dtype: sfp4_e2m1_all
25-12-30 13:25:09 | D |       + group_shape: ((-1, -1, -1), (1, 16, 1))
25-12-30 13:25:09 | D |       + scale_dtype: (None, sfp8_e4m3_nan)
25-12-30 13:25:10 | D |     - Quantizing single_transformer_blocks.30.proj_out.linears.1.weight
25-12-30 13:25:10 | D |       + quant_dtype: sfp4_e2m1_all
25-12-30 13:25:10 | D |       + group_shape: ((-1, -1, -1), (1, 16, 1))
25-12-30 13:25:10 | D |       + scale_dtype: (None, sfp8_e4m3_nan)
25-12-30 13:25:10 | D |   - Quantizing weights: block single_transformer_blocks.31
25-12-30 13:25:10 | D |     - Quantizing single_transformer_blocks.31.norm.linear.weight
25-12-30 13:25:10 | D |       + quant_dtype: sint4
25-12-30 13:25:10 | D |       + group_shape: ((1, 64, 1),)
25-12-30 13:25:10 | D |       + scale_dtype: (None,)
25-12-30 13:25:11 | D |     - Quantizing single_transformer_blocks.31.attn.to_q.weight
25-12-30 13:25:11 | D |       + quant_dtype: sfp4_e2m1_all
25-12-30 13:25:11 | D |       + group_shape: ((-1, -1, -1), (1, 16, 1))
25-12-30 13:25:11 | D |       + scale_dtype: (None, sfp8_e4m3_nan)
25-12-30 13:25:11 | D |     - Quantizing single_transformer_blocks.31.attn.to_k.weight
25-12-30 13:25:11 | D |       + quant_dtype: sfp4_e2m1_all
25-12-30 13:25:11 | D |       + group_shape: ((-1, -1, -1), (1, 16, 1))
25-12-30 13:25:11 | D |       + scale_dtype: (None, sfp8_e4m3_nan)
25-12-30 13:25:11 | D |     - Quantizing single_transformer_blocks.31.attn.to_v.weight
25-12-30 13:25:11 | D |       + quant_dtype: sfp4_e2m1_all
25-12-30 13:25:11 | D |       + group_shape: ((-1, -1, -1), (1, 16, 1))
25-12-30 13:25:11 | D |       + scale_dtype: (None, sfp8_e4m3_nan)
25-12-30 13:25:12 | D |     - Quantizing single_transformer_blocks.31.proj_out.linears.0.weight
25-12-30 13:25:12 | D |       + quant_dtype: sfp4_e2m1_all
25-12-30 13:25:12 | D |       + group_shape: ((-1, -1, -1), (1, 16, 1))
25-12-30 13:25:12 | D |       + scale_dtype: (None, sfp8_e4m3_nan)
25-12-30 13:25:12 | D |     - Quantizing single_transformer_blocks.31.proj_mlp.weight
25-12-30 13:25:12 | D |       + quant_dtype: sfp4_e2m1_all
25-12-30 13:25:12 | D |       + group_shape: ((-1, -1, -1), (1, 16, 1))
25-12-30 13:25:12 | D |       + scale_dtype: (None, sfp8_e4m3_nan)
25-12-30 13:25:12 | D |     - Quantizing single_transformer_blocks.31.proj_out.linears.1.weight
25-12-30 13:25:12 | D |       + quant_dtype: sfp4_e2m1_all
25-12-30 13:25:12 | D |       + group_shape: ((-1, -1, -1), (1, 16, 1))
25-12-30 13:25:12 | D |       + scale_dtype: (None, sfp8_e4m3_nan)
25-12-30 13:25:13 | D |   - Quantizing weights: block single_transformer_blocks.32
25-12-30 13:25:13 | D |     - Quantizing single_transformer_blocks.32.norm.linear.weight
25-12-30 13:25:13 | D |       + quant_dtype: sint4
25-12-30 13:25:13 | D |       + group_shape: ((1, 64, 1),)
25-12-30 13:25:13 | D |       + scale_dtype: (None,)
25-12-30 13:25:13 | D |     - Quantizing single_transformer_blocks.32.attn.to_q.weight
25-12-30 13:25:13 | D |       + quant_dtype: sfp4_e2m1_all
25-12-30 13:25:13 | D |       + group_shape: ((-1, -1, -1), (1, 16, 1))
25-12-30 13:25:13 | D |       + scale_dtype: (None, sfp8_e4m3_nan)
25-12-30 13:25:13 | D |     - Quantizing single_transformer_blocks.32.attn.to_k.weight
25-12-30 13:25:13 | D |       + quant_dtype: sfp4_e2m1_all
25-12-30 13:25:13 | D |       + group_shape: ((-1, -1, -1), (1, 16, 1))
25-12-30 13:25:13 | D |       + scale_dtype: (None, sfp8_e4m3_nan)
25-12-30 13:25:14 | D |     - Quantizing single_transformer_blocks.32.attn.to_v.weight
25-12-30 13:25:14 | D |       + quant_dtype: sfp4_e2m1_all
25-12-30 13:25:14 | D |       + group_shape: ((-1, -1, -1), (1, 16, 1))
25-12-30 13:25:14 | D |       + scale_dtype: (None, sfp8_e4m3_nan)
25-12-30 13:25:14 | D |     - Quantizing single_transformer_blocks.32.proj_out.linears.0.weight
25-12-30 13:25:14 | D |       + quant_dtype: sfp4_e2m1_all
25-12-30 13:25:14 | D |       + group_shape: ((-1, -1, -1), (1, 16, 1))
25-12-30 13:25:14 | D |       + scale_dtype: (None, sfp8_e4m3_nan)
25-12-30 13:25:15 | D |     - Quantizing single_transformer_blocks.32.proj_mlp.weight
25-12-30 13:25:15 | D |       + quant_dtype: sfp4_e2m1_all
25-12-30 13:25:15 | D |       + group_shape: ((-1, -1, -1), (1, 16, 1))
25-12-30 13:25:15 | D |       + scale_dtype: (None, sfp8_e4m3_nan)
25-12-30 13:25:15 | D |     - Quantizing single_transformer_blocks.32.proj_out.linears.1.weight
25-12-30 13:25:15 | D |       + quant_dtype: sfp4_e2m1_all
25-12-30 13:25:15 | D |       + group_shape: ((-1, -1, -1), (1, 16, 1))
25-12-30 13:25:15 | D |       + scale_dtype: (None, sfp8_e4m3_nan)
25-12-30 13:25:15 | D |   - Quantizing weights: block single_transformer_blocks.33
25-12-30 13:25:15 | D |     - Quantizing single_transformer_blocks.33.norm.linear.weight
25-12-30 13:25:15 | D |       + quant_dtype: sint4
25-12-30 13:25:15 | D |       + group_shape: ((1, 64, 1),)
25-12-30 13:25:15 | D |       + scale_dtype: (None,)
25-12-30 13:25:16 | D |     - Quantizing single_transformer_blocks.33.attn.to_q.weight
25-12-30 13:25:16 | D |       + quant_dtype: sfp4_e2m1_all
25-12-30 13:25:16 | D |       + group_shape: ((-1, -1, -1), (1, 16, 1))
25-12-30 13:25:16 | D |       + scale_dtype: (None, sfp8_e4m3_nan)
25-12-30 13:25:16 | D |     - Quantizing single_transformer_blocks.33.attn.to_k.weight
25-12-30 13:25:16 | D |       + quant_dtype: sfp4_e2m1_all
25-12-30 13:25:16 | D |       + group_shape: ((-1, -1, -1), (1, 16, 1))
25-12-30 13:25:16 | D |       + scale_dtype: (None, sfp8_e4m3_nan)
25-12-30 13:25:17 | D |     - Quantizing single_transformer_blocks.33.attn.to_v.weight
25-12-30 13:25:17 | D |       + quant_dtype: sfp4_e2m1_all
25-12-30 13:25:17 | D |       + group_shape: ((-1, -1, -1), (1, 16, 1))
25-12-30 13:25:17 | D |       + scale_dtype: (None, sfp8_e4m3_nan)
25-12-30 13:25:17 | D |     - Quantizing single_transformer_blocks.33.proj_out.linears.0.weight
25-12-30 13:25:17 | D |       + quant_dtype: sfp4_e2m1_all
25-12-30 13:25:17 | D |       + group_shape: ((-1, -1, -1), (1, 16, 1))
25-12-30 13:25:17 | D |       + scale_dtype: (None, sfp8_e4m3_nan)
25-12-30 13:25:17 | D |     - Quantizing single_transformer_blocks.33.proj_mlp.weight
25-12-30 13:25:17 | D |       + quant_dtype: sfp4_e2m1_all
25-12-30 13:25:17 | D |       + group_shape: ((-1, -1, -1), (1, 16, 1))
25-12-30 13:25:17 | D |       + scale_dtype: (None, sfp8_e4m3_nan)
25-12-30 13:25:18 | D |     - Quantizing single_transformer_blocks.33.proj_out.linears.1.weight
25-12-30 13:25:18 | D |       + quant_dtype: sfp4_e2m1_all
25-12-30 13:25:18 | D |       + group_shape: ((-1, -1, -1), (1, 16, 1))
25-12-30 13:25:18 | D |       + scale_dtype: (None, sfp8_e4m3_nan)
25-12-30 13:25:18 | D |   - Quantizing weights: block single_transformer_blocks.34
25-12-30 13:25:18 | D |     - Quantizing single_transformer_blocks.34.norm.linear.weight
25-12-30 13:25:18 | D |       + quant_dtype: sint4
25-12-30 13:25:18 | D |       + group_shape: ((1, 64, 1),)
25-12-30 13:25:18 | D |       + scale_dtype: (None,)
25-12-30 13:25:18 | D |     - Quantizing single_transformer_blocks.34.attn.to_q.weight
25-12-30 13:25:18 | D |       + quant_dtype: sfp4_e2m1_all
25-12-30 13:25:18 | D |       + group_shape: ((-1, -1, -1), (1, 16, 1))
25-12-30 13:25:18 | D |       + scale_dtype: (None, sfp8_e4m3_nan)
25-12-30 13:25:19 | D |     - Quantizing single_transformer_blocks.34.attn.to_k.weight
25-12-30 13:25:19 | D |       + quant_dtype: sfp4_e2m1_all
25-12-30 13:25:19 | D |       + group_shape: ((-1, -1, -1), (1, 16, 1))
25-12-30 13:25:19 | D |       + scale_dtype: (None, sfp8_e4m3_nan)
25-12-30 13:25:19 | D |     - Quantizing single_transformer_blocks.34.attn.to_v.weight
25-12-30 13:25:19 | D |       + quant_dtype: sfp4_e2m1_all
25-12-30 13:25:19 | D |       + group_shape: ((-1, -1, -1), (1, 16, 1))
25-12-30 13:25:19 | D |       + scale_dtype: (None, sfp8_e4m3_nan)
25-12-30 13:25:20 | D |     - Quantizing single_transformer_blocks.34.proj_out.linears.0.weight
25-12-30 13:25:20 | D |       + quant_dtype: sfp4_e2m1_all
25-12-30 13:25:20 | D |       + group_shape: ((-1, -1, -1), (1, 16, 1))
25-12-30 13:25:20 | D |       + scale_dtype: (None, sfp8_e4m3_nan)
25-12-30 13:25:20 | D |     - Quantizing single_transformer_blocks.34.proj_mlp.weight
25-12-30 13:25:20 | D |       + quant_dtype: sfp4_e2m1_all
25-12-30 13:25:20 | D |       + group_shape: ((-1, -1, -1), (1, 16, 1))
25-12-30 13:25:20 | D |       + scale_dtype: (None, sfp8_e4m3_nan)
25-12-30 13:25:20 | D |     - Quantizing single_transformer_blocks.34.proj_out.linears.1.weight
25-12-30 13:25:20 | D |       + quant_dtype: sfp4_e2m1_all
25-12-30 13:25:20 | D |       + group_shape: ((-1, -1, -1), (1, 16, 1))
25-12-30 13:25:20 | D |       + scale_dtype: (None, sfp8_e4m3_nan)
25-12-30 13:25:21 | D |   - Quantizing weights: block single_transformer_blocks.35
25-12-30 13:25:21 | D |     - Quantizing single_transformer_blocks.35.norm.linear.weight
25-12-30 13:25:21 | D |       + quant_dtype: sint4
25-12-30 13:25:21 | D |       + group_shape: ((1, 64, 1),)
25-12-30 13:25:21 | D |       + scale_dtype: (None,)
25-12-30 13:25:21 | D |     - Quantizing single_transformer_blocks.35.attn.to_q.weight
25-12-30 13:25:21 | D |       + quant_dtype: sfp4_e2m1_all
25-12-30 13:25:21 | D |       + group_shape: ((-1, -1, -1), (1, 16, 1))
25-12-30 13:25:21 | D |       + scale_dtype: (None, sfp8_e4m3_nan)
25-12-30 13:25:22 | D |     - Quantizing single_transformer_blocks.35.attn.to_k.weight
25-12-30 13:25:22 | D |       + quant_dtype: sfp4_e2m1_all
25-12-30 13:25:22 | D |       + group_shape: ((-1, -1, -1), (1, 16, 1))
25-12-30 13:25:22 | D |       + scale_dtype: (None, sfp8_e4m3_nan)
25-12-30 13:25:22 | D |     - Quantizing single_transformer_blocks.35.attn.to_v.weight
25-12-30 13:25:22 | D |       + quant_dtype: sfp4_e2m1_all
25-12-30 13:25:22 | D |       + group_shape: ((-1, -1, -1), (1, 16, 1))
25-12-30 13:25:22 | D |       + scale_dtype: (None, sfp8_e4m3_nan)
25-12-30 13:25:22 | D |     - Quantizing single_transformer_blocks.35.proj_out.linears.0.weight
25-12-30 13:25:22 | D |       + quant_dtype: sfp4_e2m1_all
25-12-30 13:25:22 | D |       + group_shape: ((-1, -1, -1), (1, 16, 1))
25-12-30 13:25:22 | D |       + scale_dtype: (None, sfp8_e4m3_nan)
25-12-30 13:25:23 | D |     - Quantizing single_transformer_blocks.35.proj_mlp.weight
25-12-30 13:25:23 | D |       + quant_dtype: sfp4_e2m1_all
25-12-30 13:25:23 | D |       + group_shape: ((-1, -1, -1), (1, 16, 1))
25-12-30 13:25:23 | D |       + scale_dtype: (None, sfp8_e4m3_nan)
25-12-30 13:25:23 | D |     - Quantizing single_transformer_blocks.35.proj_out.linears.1.weight
25-12-30 13:25:23 | D |       + quant_dtype: sfp4_e2m1_all
25-12-30 13:25:23 | D |       + group_shape: ((-1, -1, -1), (1, 16, 1))
25-12-30 13:25:23 | D |       + scale_dtype: (None, sfp8_e4m3_nan)
25-12-30 13:25:24 | D |   - Quantizing weights: block single_transformer_blocks.36
25-12-30 13:25:24 | D |     - Quantizing single_transformer_blocks.36.norm.linear.weight
25-12-30 13:25:24 | D |       + quant_dtype: sint4
25-12-30 13:25:24 | D |       + group_shape: ((1, 64, 1),)
25-12-30 13:25:24 | D |       + scale_dtype: (None,)
25-12-30 13:25:24 | D |     - Quantizing single_transformer_blocks.36.attn.to_q.weight
25-12-30 13:25:24 | D |       + quant_dtype: sfp4_e2m1_all
25-12-30 13:25:24 | D |       + group_shape: ((-1, -1, -1), (1, 16, 1))
25-12-30 13:25:24 | D |       + scale_dtype: (None, sfp8_e4m3_nan)
25-12-30 13:25:25 | D |     - Quantizing single_transformer_blocks.36.attn.to_k.weight
25-12-30 13:25:25 | D |       + quant_dtype: sfp4_e2m1_all
25-12-30 13:25:25 | D |       + group_shape: ((-1, -1, -1), (1, 16, 1))
25-12-30 13:25:25 | D |       + scale_dtype: (None, sfp8_e4m3_nan)
25-12-30 13:25:25 | D |     - Quantizing single_transformer_blocks.36.attn.to_v.weight
25-12-30 13:25:25 | D |       + quant_dtype: sfp4_e2m1_all
25-12-30 13:25:25 | D |       + group_shape: ((-1, -1, -1), (1, 16, 1))
25-12-30 13:25:25 | D |       + scale_dtype: (None, sfp8_e4m3_nan)
25-12-30 13:25:25 | D |     - Quantizing single_transformer_blocks.36.proj_out.linears.0.weight
25-12-30 13:25:25 | D |       + quant_dtype: sfp4_e2m1_all
25-12-30 13:25:25 | D |       + group_shape: ((-1, -1, -1), (1, 16, 1))
25-12-30 13:25:25 | D |       + scale_dtype: (None, sfp8_e4m3_nan)
25-12-30 13:25:26 | D |     - Quantizing single_transformer_blocks.36.proj_mlp.weight
25-12-30 13:25:26 | D |       + quant_dtype: sfp4_e2m1_all
25-12-30 13:25:26 | D |       + group_shape: ((-1, -1, -1), (1, 16, 1))
25-12-30 13:25:26 | D |       + scale_dtype: (None, sfp8_e4m3_nan)
25-12-30 13:25:26 | D |     - Quantizing single_transformer_blocks.36.proj_out.linears.1.weight
25-12-30 13:25:26 | D |       + quant_dtype: sfp4_e2m1_all
25-12-30 13:25:26 | D |       + group_shape: ((-1, -1, -1), (1, 16, 1))
25-12-30 13:25:26 | D |       + scale_dtype: (None, sfp8_e4m3_nan)
25-12-30 13:25:27 | D |   - Quantizing weights: block single_transformer_blocks.37
25-12-30 13:25:27 | D |     - Quantizing single_transformer_blocks.37.norm.linear.weight
25-12-30 13:25:27 | D |       + quant_dtype: sint4
25-12-30 13:25:27 | D |       + group_shape: ((1, 64, 1),)
25-12-30 13:25:27 | D |       + scale_dtype: (None,)
25-12-30 13:25:27 | D |     - Quantizing single_transformer_blocks.37.attn.to_q.weight
25-12-30 13:25:27 | D |       + quant_dtype: sfp4_e2m1_all
25-12-30 13:25:27 | D |       + group_shape: ((-1, -1, -1), (1, 16, 1))
25-12-30 13:25:27 | D |       + scale_dtype: (None, sfp8_e4m3_nan)
25-12-30 13:25:27 | D |     - Quantizing single_transformer_blocks.37.attn.to_k.weight
25-12-30 13:25:27 | D |       + quant_dtype: sfp4_e2m1_all
25-12-30 13:25:27 | D |       + group_shape: ((-1, -1, -1), (1, 16, 1))
25-12-30 13:25:27 | D |       + scale_dtype: (None, sfp8_e4m3_nan)
25-12-30 13:25:28 | D |     - Quantizing single_transformer_blocks.37.attn.to_v.weight
25-12-30 13:25:28 | D |       + quant_dtype: sfp4_e2m1_all
25-12-30 13:25:28 | D |       + group_shape: ((-1, -1, -1), (1, 16, 1))
25-12-30 13:25:28 | D |       + scale_dtype: (None, sfp8_e4m3_nan)
25-12-30 13:25:28 | D |     - Quantizing single_transformer_blocks.37.proj_out.linears.0.weight
25-12-30 13:25:28 | D |       + quant_dtype: sfp4_e2m1_all
25-12-30 13:25:28 | D |       + group_shape: ((-1, -1, -1), (1, 16, 1))
25-12-30 13:25:28 | D |       + scale_dtype: (None, sfp8_e4m3_nan)
25-12-30 13:25:29 | D |     - Quantizing single_transformer_blocks.37.proj_mlp.weight
25-12-30 13:25:29 | D |       + quant_dtype: sfp4_e2m1_all
25-12-30 13:25:29 | D |       + group_shape: ((-1, -1, -1), (1, 16, 1))
25-12-30 13:25:29 | D |       + scale_dtype: (None, sfp8_e4m3_nan)
25-12-30 13:25:29 | D |     - Quantizing single_transformer_blocks.37.proj_out.linears.1.weight
25-12-30 13:25:29 | D |       + quant_dtype: sfp4_e2m1_all
25-12-30 13:25:29 | D |       + group_shape: ((-1, -1, -1), (1, 16, 1))
25-12-30 13:25:29 | D |       + scale_dtype: (None, sfp8_e4m3_nan)
25-12-30 13:25:30 | I |   - Saving weight settings to runs/diffusion/flux.1/flux.1-schnell/w.4-x.4-y.16-w.4/w.sfp4_e2m1_all-x.sfp4_e2m1_all-y.bf16-w.sint4/w.v16.sfp8_e4m3_nan.tsnr.bf16-x.v16.sfp8_e4m3_nan-y.tnsr.bf16-w.v64.bf16/smooth.proj-w.static.lowrank/skip.x.[[w]+tan+tn].w.[e+rs+rtp+s+tpi+tpo]-extra.[tan+tn]-low.r32.i100.e.skip.[rc+tan+tn]-smth.proj.GridSearch.bn2.[AbsMax].lr.skip.[rc+tan+tn]-qdiff.128-t4.g0-s1024.RUNNING/run-251230.131622.RUNNING/cache/wgts.pt
25-12-30 13:25:30 | I |   - Linking branch settings to runs/diffusion/flux.1/flux.1-schnell/w.4-x.4-y.16-w.4/w.sfp4_e2m1_all-x.sfp4_e2m1_all-y.bf16-w.sint4/w.v16.sfp8_e4m3_nan.tsnr.bf16-x.v16.sfp8_e4m3_nan-y.tnsr.bf16-w.v64.bf16/smooth.proj-w.static.lowrank/skip.x.[[w]+tan+tn].w.[e+rs+rtp+s+tpi+tpo]-extra.[tan+tn]-low.r32.i100.e.skip.[rc+tan+tn]-smth.proj.GridSearch.bn2.[AbsMax].lr.skip.[rc+tan+tn]-qdiff.128-t4.g0-s1024.RUNNING/run-251230.131622.RUNNING/cache/branch.pt
25-12-30 13:25:30 | I |   * Quantizing activations
25-12-30 13:25:30 | I |   - No need to generate/load activation quantizer settings
25-12-30 13:25:30 | D |   - Quantizing layer transformer_blocks.0
25-12-30 13:25:30 | D |     - Calibrating transformer_blocks.0.attn.to_q.input, transformer_blocks.0.attn.to_k.input, transformer_blocks.0.attn.to_v.input
25-12-30 13:25:31 | D |     - Calibrating transformer_blocks.0.attn.add_q_proj.input, transformer_blocks.0.attn.add_k_proj.input, transformer_blocks.0.attn.add_v_proj.input
25-12-30 13:25:31 | D |     - Calibrating transformer_blocks.0.attn.to_out.0.input
25-12-30 13:25:31 | D |     - Calibrating transformer_blocks.0.attn.to_add_out.input
25-12-30 13:25:32 | D |     - Calibrating transformer_blocks.0.ff.net.0.proj.input
25-12-30 13:25:32 | D |     - Calibrating transformer_blocks.0.ff.net.2.input
25-12-30 13:25:32 | D |     - Calibrating transformer_blocks.0.ff_context.net.0.proj.input
25-12-30 13:25:33 | D |     - Calibrating transformer_blocks.0.ff_context.net.2.input
25-12-30 13:25:33 | D |   - Quantizing layer transformer_blocks.1
25-12-30 13:25:33 | D |     - Calibrating transformer_blocks.1.attn.to_q.input, transformer_blocks.1.attn.to_k.input, transformer_blocks.1.attn.to_v.input
25-12-30 13:25:33 | D |     - Calibrating transformer_blocks.1.attn.add_q_proj.input, transformer_blocks.1.attn.add_k_proj.input, transformer_blocks.1.attn.add_v_proj.input
25-12-30 13:25:34 | D |     - Calibrating transformer_blocks.1.attn.to_out.0.input
25-12-30 13:25:34 | D |     - Calibrating transformer_blocks.1.attn.to_add_out.input
25-12-30 13:25:34 | D |     - Calibrating transformer_blocks.1.ff.net.0.proj.input
25-12-30 13:25:35 | D |     - Calibrating transformer_blocks.1.ff.net.2.input
25-12-30 13:25:35 | D |     - Calibrating transformer_blocks.1.ff_context.net.0.proj.input
25-12-30 13:25:35 | D |     - Calibrating transformer_blocks.1.ff_context.net.2.input
25-12-30 13:25:36 | D |   - Quantizing layer transformer_blocks.2
25-12-30 13:25:36 | D |     - Calibrating transformer_blocks.2.attn.to_q.input, transformer_blocks.2.attn.to_k.input, transformer_blocks.2.attn.to_v.input
25-12-30 13:25:36 | D |     - Calibrating transformer_blocks.2.attn.add_q_proj.input, transformer_blocks.2.attn.add_k_proj.input, transformer_blocks.2.attn.add_v_proj.input
25-12-30 13:25:36 | D |     - Calibrating transformer_blocks.2.attn.to_out.0.input
25-12-30 13:25:37 | D |     - Calibrating transformer_blocks.2.attn.to_add_out.input
25-12-30 13:25:37 | D |     - Calibrating transformer_blocks.2.ff.net.0.proj.input
25-12-30 13:25:37 | D |     - Calibrating transformer_blocks.2.ff.net.2.input
25-12-30 13:25:38 | D |     - Calibrating transformer_blocks.2.ff_context.net.0.proj.input
25-12-30 13:25:38 | D |     - Calibrating transformer_blocks.2.ff_context.net.2.input
25-12-30 13:25:39 | D |   - Quantizing layer transformer_blocks.3
25-12-30 13:25:39 | D |     - Calibrating transformer_blocks.3.attn.to_q.input, transformer_blocks.3.attn.to_k.input, transformer_blocks.3.attn.to_v.input
25-12-30 13:25:39 | D |     - Calibrating transformer_blocks.3.attn.add_q_proj.input, transformer_blocks.3.attn.add_k_proj.input, transformer_blocks.3.attn.add_v_proj.input
25-12-30 13:25:39 | D |     - Calibrating transformer_blocks.3.attn.to_out.0.input
25-12-30 13:25:40 | D |     - Calibrating transformer_blocks.3.attn.to_add_out.input
25-12-30 13:25:40 | D |     - Calibrating transformer_blocks.3.ff.net.0.proj.input
25-12-30 13:25:40 | D |     - Calibrating transformer_blocks.3.ff.net.2.input
25-12-30 13:25:41 | D |     - Calibrating transformer_blocks.3.ff_context.net.0.proj.input
25-12-30 13:25:41 | D |     - Calibrating transformer_blocks.3.ff_context.net.2.input
25-12-30 13:25:41 | D |   - Quantizing layer transformer_blocks.4
25-12-30 13:25:41 | D |     - Calibrating transformer_blocks.4.attn.to_q.input, transformer_blocks.4.attn.to_k.input, transformer_blocks.4.attn.to_v.input
25-12-30 13:25:42 | D |     - Calibrating transformer_blocks.4.attn.add_q_proj.input, transformer_blocks.4.attn.add_k_proj.input, transformer_blocks.4.attn.add_v_proj.input
25-12-30 13:25:42 | D |     - Calibrating transformer_blocks.4.attn.to_out.0.input
25-12-30 13:25:42 | D |     - Calibrating transformer_blocks.4.attn.to_add_out.input
25-12-30 13:25:43 | D |     - Calibrating transformer_blocks.4.ff.net.0.proj.input
25-12-30 13:25:43 | D |     - Calibrating transformer_blocks.4.ff.net.2.input
25-12-30 13:25:43 | D |     - Calibrating transformer_blocks.4.ff_context.net.0.proj.input
25-12-30 13:25:44 | D |     - Calibrating transformer_blocks.4.ff_context.net.2.input
25-12-30 13:25:44 | D |   - Quantizing layer transformer_blocks.5
25-12-30 13:25:44 | D |     - Calibrating transformer_blocks.5.attn.to_q.input, transformer_blocks.5.attn.to_k.input, transformer_blocks.5.attn.to_v.input
25-12-30 13:25:44 | D |     - Calibrating transformer_blocks.5.attn.add_q_proj.input, transformer_blocks.5.attn.add_k_proj.input, transformer_blocks.5.attn.add_v_proj.input
25-12-30 13:25:45 | D |     - Calibrating transformer_blocks.5.attn.to_out.0.input
25-12-30 13:25:45 | D |     - Calibrating transformer_blocks.5.attn.to_add_out.input
25-12-30 13:25:45 | D |     - Calibrating transformer_blocks.5.ff.net.0.proj.input
25-12-30 13:25:46 | D |     - Calibrating transformer_blocks.5.ff.net.2.input
25-12-30 13:25:46 | D |     - Calibrating transformer_blocks.5.ff_context.net.0.proj.input
25-12-30 13:25:46 | D |     - Calibrating transformer_blocks.5.ff_context.net.2.input
25-12-30 13:25:47 | D |   - Quantizing layer transformer_blocks.6
25-12-30 13:25:47 | D |     - Calibrating transformer_blocks.6.attn.to_q.input, transformer_blocks.6.attn.to_k.input, transformer_blocks.6.attn.to_v.input
25-12-30 13:25:47 | D |     - Calibrating transformer_blocks.6.attn.add_q_proj.input, transformer_blocks.6.attn.add_k_proj.input, transformer_blocks.6.attn.add_v_proj.input
25-12-30 13:25:47 | D |     - Calibrating transformer_blocks.6.attn.to_out.0.input
25-12-30 13:25:48 | D |     - Calibrating transformer_blocks.6.attn.to_add_out.input
25-12-30 13:25:48 | D |     - Calibrating transformer_blocks.6.ff.net.0.proj.input
25-12-30 13:25:49 | D |     - Calibrating transformer_blocks.6.ff.net.2.input
25-12-30 13:25:49 | D |     - Calibrating transformer_blocks.6.ff_context.net.0.proj.input
25-12-30 13:25:49 | D |     - Calibrating transformer_blocks.6.ff_context.net.2.input
25-12-30 13:25:50 | D |   - Quantizing layer transformer_blocks.7
25-12-30 13:25:50 | D |     - Calibrating transformer_blocks.7.attn.to_q.input, transformer_blocks.7.attn.to_k.input, transformer_blocks.7.attn.to_v.input
25-12-30 13:25:50 | D |     - Calibrating transformer_blocks.7.attn.add_q_proj.input, transformer_blocks.7.attn.add_k_proj.input, transformer_blocks.7.attn.add_v_proj.input
25-12-30 13:25:50 | D |     - Calibrating transformer_blocks.7.attn.to_out.0.input
25-12-30 13:25:51 | D |     - Calibrating transformer_blocks.7.attn.to_add_out.input
25-12-30 13:25:51 | D |     - Calibrating transformer_blocks.7.ff.net.0.proj.input
25-12-30 13:25:51 | D |     - Calibrating transformer_blocks.7.ff.net.2.input
25-12-30 13:25:52 | D |     - Calibrating transformer_blocks.7.ff_context.net.0.proj.input
25-12-30 13:25:52 | D |     - Calibrating transformer_blocks.7.ff_context.net.2.input
25-12-30 13:25:52 | D |   - Quantizing layer transformer_blocks.8
25-12-30 13:25:52 | D |     - Calibrating transformer_blocks.8.attn.to_q.input, transformer_blocks.8.attn.to_k.input, transformer_blocks.8.attn.to_v.input
25-12-30 13:25:53 | D |     - Calibrating transformer_blocks.8.attn.add_q_proj.input, transformer_blocks.8.attn.add_k_proj.input, transformer_blocks.8.attn.add_v_proj.input
25-12-30 13:25:53 | D |     - Calibrating transformer_blocks.8.attn.to_out.0.input
25-12-30 13:25:53 | D |     - Calibrating transformer_blocks.8.attn.to_add_out.input
25-12-30 13:25:54 | D |     - Calibrating transformer_blocks.8.ff.net.0.proj.input
25-12-30 13:25:54 | D |     - Calibrating transformer_blocks.8.ff.net.2.input
25-12-30 13:25:54 | D |     - Calibrating transformer_blocks.8.ff_context.net.0.proj.input
25-12-30 13:25:55 | D |     - Calibrating transformer_blocks.8.ff_context.net.2.input
25-12-30 13:25:55 | D |   - Quantizing layer transformer_blocks.9
25-12-30 13:25:55 | D |     - Calibrating transformer_blocks.9.attn.to_q.input, transformer_blocks.9.attn.to_k.input, transformer_blocks.9.attn.to_v.input
25-12-30 13:25:55 | D |     - Calibrating transformer_blocks.9.attn.add_q_proj.input, transformer_blocks.9.attn.add_k_proj.input, transformer_blocks.9.attn.add_v_proj.input
25-12-30 13:25:56 | D |     - Calibrating transformer_blocks.9.attn.to_out.0.input
25-12-30 13:25:56 | D |     - Calibrating transformer_blocks.9.attn.to_add_out.input
25-12-30 13:25:56 | D |     - Calibrating transformer_blocks.9.ff.net.0.proj.input
25-12-30 13:25:57 | D |     - Calibrating transformer_blocks.9.ff.net.2.input
25-12-30 13:25:57 | D |     - Calibrating transformer_blocks.9.ff_context.net.0.proj.input
25-12-30 13:25:57 | D |     - Calibrating transformer_blocks.9.ff_context.net.2.input
25-12-30 13:25:58 | D |   - Quantizing layer transformer_blocks.10
25-12-30 13:25:58 | D |     - Calibrating transformer_blocks.10.attn.to_q.input, transformer_blocks.10.attn.to_k.input, transformer_blocks.10.attn.to_v.input
25-12-30 13:25:58 | D |     - Calibrating transformer_blocks.10.attn.add_q_proj.input, transformer_blocks.10.attn.add_k_proj.input, transformer_blocks.10.attn.add_v_proj.input
25-12-30 13:25:58 | D |     - Calibrating transformer_blocks.10.attn.to_out.0.input
25-12-30 13:25:59 | D |     - Calibrating transformer_blocks.10.attn.to_add_out.input
25-12-30 13:25:59 | D |     - Calibrating transformer_blocks.10.ff.net.0.proj.input
25-12-30 13:25:59 | D |     - Calibrating transformer_blocks.10.ff.net.2.input
25-12-30 13:26:00 | D |     - Calibrating transformer_blocks.10.ff_context.net.0.proj.input
25-12-30 13:26:00 | D |     - Calibrating transformer_blocks.10.ff_context.net.2.input
25-12-30 13:26:00 | D |   - Quantizing layer transformer_blocks.11
25-12-30 13:26:00 | D |     - Calibrating transformer_blocks.11.attn.to_q.input, transformer_blocks.11.attn.to_k.input, transformer_blocks.11.attn.to_v.input
25-12-30 13:26:01 | D |     - Calibrating transformer_blocks.11.attn.add_q_proj.input, transformer_blocks.11.attn.add_k_proj.input, transformer_blocks.11.attn.add_v_proj.input
25-12-30 13:26:01 | D |     - Calibrating transformer_blocks.11.attn.to_out.0.input
25-12-30 13:26:01 | D |     - Calibrating transformer_blocks.11.attn.to_add_out.input
25-12-30 13:26:02 | D |     - Calibrating transformer_blocks.11.ff.net.0.proj.input
25-12-30 13:26:02 | D |     - Calibrating transformer_blocks.11.ff.net.2.input
25-12-30 13:26:02 | D |     - Calibrating transformer_blocks.11.ff_context.net.0.proj.input
25-12-30 13:26:03 | D |     - Calibrating transformer_blocks.11.ff_context.net.2.input
25-12-30 13:26:03 | D |   - Quantizing layer transformer_blocks.12
25-12-30 13:26:03 | D |     - Calibrating transformer_blocks.12.attn.to_q.input, transformer_blocks.12.attn.to_k.input, transformer_blocks.12.attn.to_v.input
25-12-30 13:26:03 | D |     - Calibrating transformer_blocks.12.attn.add_q_proj.input, transformer_blocks.12.attn.add_k_proj.input, transformer_blocks.12.attn.add_v_proj.input
25-12-30 13:26:04 | D |     - Calibrating transformer_blocks.12.attn.to_out.0.input
25-12-30 13:26:04 | D |     - Calibrating transformer_blocks.12.attn.to_add_out.input
25-12-30 13:26:04 | D |     - Calibrating transformer_blocks.12.ff.net.0.proj.input
25-12-30 13:26:05 | D |     - Calibrating transformer_blocks.12.ff.net.2.input
25-12-30 13:26:05 | D |     - Calibrating transformer_blocks.12.ff_context.net.0.proj.input
25-12-30 13:26:05 | D |     - Calibrating transformer_blocks.12.ff_context.net.2.input
25-12-30 13:26:06 | D |   - Quantizing layer transformer_blocks.13
25-12-30 13:26:06 | D |     - Calibrating transformer_blocks.13.attn.to_q.input, transformer_blocks.13.attn.to_k.input, transformer_blocks.13.attn.to_v.input
25-12-30 13:26:06 | D |     - Calibrating transformer_blocks.13.attn.add_q_proj.input, transformer_blocks.13.attn.add_k_proj.input, transformer_blocks.13.attn.add_v_proj.input
25-12-30 13:26:07 | D |     - Calibrating transformer_blocks.13.attn.to_out.0.input
25-12-30 13:26:07 | D |     - Calibrating transformer_blocks.13.attn.to_add_out.input
25-12-30 13:26:07 | D |     - Calibrating transformer_blocks.13.ff.net.0.proj.input
25-12-30 13:26:08 | D |     - Calibrating transformer_blocks.13.ff.net.2.input
25-12-30 13:26:08 | D |     - Calibrating transformer_blocks.13.ff_context.net.0.proj.input
25-12-30 13:26:08 | D |     - Calibrating transformer_blocks.13.ff_context.net.2.input
25-12-30 13:26:09 | D |   - Quantizing layer transformer_blocks.14
25-12-30 13:26:09 | D |     - Calibrating transformer_blocks.14.attn.to_q.input, transformer_blocks.14.attn.to_k.input, transformer_blocks.14.attn.to_v.input
25-12-30 13:26:09 | D |     - Calibrating transformer_blocks.14.attn.add_q_proj.input, transformer_blocks.14.attn.add_k_proj.input, transformer_blocks.14.attn.add_v_proj.input
25-12-30 13:26:09 | D |     - Calibrating transformer_blocks.14.attn.to_out.0.input
25-12-30 13:26:10 | D |     - Calibrating transformer_blocks.14.attn.to_add_out.input
25-12-30 13:26:10 | D |     - Calibrating transformer_blocks.14.ff.net.0.proj.input
25-12-30 13:26:10 | D |     - Calibrating transformer_blocks.14.ff.net.2.input
25-12-30 13:26:11 | D |     - Calibrating transformer_blocks.14.ff_context.net.0.proj.input
25-12-30 13:26:11 | D |     - Calibrating transformer_blocks.14.ff_context.net.2.input
25-12-30 13:26:11 | D |   - Quantizing layer transformer_blocks.15
25-12-30 13:26:11 | D |     - Calibrating transformer_blocks.15.attn.to_q.input, transformer_blocks.15.attn.to_k.input, transformer_blocks.15.attn.to_v.input
25-12-30 13:26:12 | D |     - Calibrating transformer_blocks.15.attn.add_q_proj.input, transformer_blocks.15.attn.add_k_proj.input, transformer_blocks.15.attn.add_v_proj.input
25-12-30 13:26:12 | D |     - Calibrating transformer_blocks.15.attn.to_out.0.input
25-12-30 13:26:12 | D |     - Calibrating transformer_blocks.15.attn.to_add_out.input
25-12-30 13:26:13 | D |     - Calibrating transformer_blocks.15.ff.net.0.proj.input
25-12-30 13:26:13 | D |     - Calibrating transformer_blocks.15.ff.net.2.input
25-12-30 13:26:13 | D |     - Calibrating transformer_blocks.15.ff_context.net.0.proj.input
25-12-30 13:26:14 | D |     - Calibrating transformer_blocks.15.ff_context.net.2.input
25-12-30 13:26:14 | D |   - Quantizing layer transformer_blocks.16
25-12-30 13:26:14 | D |     - Calibrating transformer_blocks.16.attn.to_q.input, transformer_blocks.16.attn.to_k.input, transformer_blocks.16.attn.to_v.input
25-12-30 13:26:14 | D |     - Calibrating transformer_blocks.16.attn.add_q_proj.input, transformer_blocks.16.attn.add_k_proj.input, transformer_blocks.16.attn.add_v_proj.input
25-12-30 13:26:15 | D |     - Calibrating transformer_blocks.16.attn.to_out.0.input
25-12-30 13:26:15 | D |     - Calibrating transformer_blocks.16.attn.to_add_out.input
25-12-30 13:26:15 | D |     - Calibrating transformer_blocks.16.ff.net.0.proj.input
25-12-30 13:26:16 | D |     - Calibrating transformer_blocks.16.ff.net.2.input
25-12-30 13:26:16 | D |     - Calibrating transformer_blocks.16.ff_context.net.0.proj.input
25-12-30 13:26:16 | D |     - Calibrating transformer_blocks.16.ff_context.net.2.input
25-12-30 13:26:17 | D |   - Quantizing layer transformer_blocks.17
25-12-30 13:26:17 | D |     - Calibrating transformer_blocks.17.attn.to_q.input, transformer_blocks.17.attn.to_k.input, transformer_blocks.17.attn.to_v.input
25-12-30 13:26:17 | D |     - Calibrating transformer_blocks.17.attn.add_q_proj.input, transformer_blocks.17.attn.add_k_proj.input, transformer_blocks.17.attn.add_v_proj.input
25-12-30 13:26:17 | D |     - Calibrating transformer_blocks.17.attn.to_out.0.input
25-12-30 13:26:18 | D |     - Calibrating transformer_blocks.17.attn.to_add_out.input
25-12-30 13:26:18 | D |     - Calibrating transformer_blocks.17.ff.net.0.proj.input
25-12-30 13:26:18 | D |     - Calibrating transformer_blocks.17.ff.net.2.input
25-12-30 13:26:19 | D |     - Calibrating transformer_blocks.17.ff_context.net.0.proj.input
25-12-30 13:26:19 | D |     - Calibrating transformer_blocks.17.ff_context.net.2.input
25-12-30 13:26:19 | D |   - Quantizing layer transformer_blocks.18
25-12-30 13:26:19 | D |     - Calibrating transformer_blocks.18.attn.to_q.input, transformer_blocks.18.attn.to_k.input, transformer_blocks.18.attn.to_v.input
25-12-30 13:26:20 | D |     - Calibrating transformer_blocks.18.attn.add_q_proj.input, transformer_blocks.18.attn.add_k_proj.input, transformer_blocks.18.attn.add_v_proj.input
25-12-30 13:26:20 | D |     - Calibrating transformer_blocks.18.attn.to_out.0.input
25-12-30 13:26:20 | D |     - Calibrating transformer_blocks.18.attn.to_add_out.input
25-12-30 13:26:21 | D |     - Calibrating transformer_blocks.18.ff.net.0.proj.input
25-12-30 13:26:21 | D |     - Calibrating transformer_blocks.18.ff.net.2.input
25-12-30 13:26:21 | D |     - Calibrating transformer_blocks.18.ff_context.net.0.proj.input
25-12-30 13:26:22 | D |     - Calibrating transformer_blocks.18.ff_context.net.2.input
25-12-30 13:26:22 | D |   - Quantizing layer single_transformer_blocks.0
25-12-30 13:26:22 | D |     - Calibrating single_transformer_blocks.0.attn.to_q.input, single_transformer_blocks.0.attn.to_k.input, single_transformer_blocks.0.attn.to_v.input, single_transformer_blocks.0.proj_mlp.input
25-12-30 13:26:22 | D |     - Calibrating single_transformer_blocks.0.proj_out.linears.0.input
25-12-30 13:26:23 | D |     - Calibrating single_transformer_blocks.0.proj_out.linears.1.input
25-12-30 13:26:23 | D |   - Quantizing layer single_transformer_blocks.1
25-12-30 13:26:23 | D |     - Calibrating single_transformer_blocks.1.attn.to_q.input, single_transformer_blocks.1.attn.to_k.input, single_transformer_blocks.1.attn.to_v.input, single_transformer_blocks.1.proj_mlp.input
25-12-30 13:26:23 | D |     - Calibrating single_transformer_blocks.1.proj_out.linears.0.input
25-12-30 13:26:24 | D |     - Calibrating single_transformer_blocks.1.proj_out.linears.1.input
25-12-30 13:26:24 | D |   - Quantizing layer single_transformer_blocks.2
25-12-30 13:26:24 | D |     - Calibrating single_transformer_blocks.2.attn.to_q.input, single_transformer_blocks.2.attn.to_k.input, single_transformer_blocks.2.attn.to_v.input, single_transformer_blocks.2.proj_mlp.input
25-12-30 13:26:24 | D |     - Calibrating single_transformer_blocks.2.proj_out.linears.0.input
25-12-30 13:26:25 | D |     - Calibrating single_transformer_blocks.2.proj_out.linears.1.input
25-12-30 13:26:25 | D |   - Quantizing layer single_transformer_blocks.3
25-12-30 13:26:25 | D |     - Calibrating single_transformer_blocks.3.attn.to_q.input, single_transformer_blocks.3.attn.to_k.input, single_transformer_blocks.3.attn.to_v.input, single_transformer_blocks.3.proj_mlp.input
25-12-30 13:26:25 | D |     - Calibrating single_transformer_blocks.3.proj_out.linears.0.input
25-12-30 13:26:26 | D |     - Calibrating single_transformer_blocks.3.proj_out.linears.1.input
25-12-30 13:26:26 | D |   - Quantizing layer single_transformer_blocks.4
25-12-30 13:26:26 | D |     - Calibrating single_transformer_blocks.4.attn.to_q.input, single_transformer_blocks.4.attn.to_k.input, single_transformer_blocks.4.attn.to_v.input, single_transformer_blocks.4.proj_mlp.input
25-12-30 13:26:26 | D |     - Calibrating single_transformer_blocks.4.proj_out.linears.0.input
25-12-30 13:26:27 | D |     - Calibrating single_transformer_blocks.4.proj_out.linears.1.input
25-12-30 13:26:27 | D |   - Quantizing layer single_transformer_blocks.5
25-12-30 13:26:27 | D |     - Calibrating single_transformer_blocks.5.attn.to_q.input, single_transformer_blocks.5.attn.to_k.input, single_transformer_blocks.5.attn.to_v.input, single_transformer_blocks.5.proj_mlp.input
25-12-30 13:26:27 | D |     - Calibrating single_transformer_blocks.5.proj_out.linears.0.input
25-12-30 13:26:28 | D |     - Calibrating single_transformer_blocks.5.proj_out.linears.1.input
25-12-30 13:26:28 | D |   - Quantizing layer single_transformer_blocks.6
25-12-30 13:26:28 | D |     - Calibrating single_transformer_blocks.6.attn.to_q.input, single_transformer_blocks.6.attn.to_k.input, single_transformer_blocks.6.attn.to_v.input, single_transformer_blocks.6.proj_mlp.input
25-12-30 13:26:28 | D |     - Calibrating single_transformer_blocks.6.proj_out.linears.0.input
25-12-30 13:26:29 | D |     - Calibrating single_transformer_blocks.6.proj_out.linears.1.input
25-12-30 13:26:29 | D |   - Quantizing layer single_transformer_blocks.7
25-12-30 13:26:29 | D |     - Calibrating single_transformer_blocks.7.attn.to_q.input, single_transformer_blocks.7.attn.to_k.input, single_transformer_blocks.7.attn.to_v.input, single_transformer_blocks.7.proj_mlp.input
25-12-30 13:26:30 | D |     - Calibrating single_transformer_blocks.7.proj_out.linears.0.input
25-12-30 13:26:30 | D |     - Calibrating single_transformer_blocks.7.proj_out.linears.1.input
25-12-30 13:26:30 | D |   - Quantizing layer single_transformer_blocks.8
25-12-30 13:26:30 | D |     - Calibrating single_transformer_blocks.8.attn.to_q.input, single_transformer_blocks.8.attn.to_k.input, single_transformer_blocks.8.attn.to_v.input, single_transformer_blocks.8.proj_mlp.input
25-12-30 13:26:31 | D |     - Calibrating single_transformer_blocks.8.proj_out.linears.0.input
25-12-30 13:26:31 | D |     - Calibrating single_transformer_blocks.8.proj_out.linears.1.input
25-12-30 13:26:31 | D |   - Quantizing layer single_transformer_blocks.9
25-12-30 13:26:31 | D |     - Calibrating single_transformer_blocks.9.attn.to_q.input, single_transformer_blocks.9.attn.to_k.input, single_transformer_blocks.9.attn.to_v.input, single_transformer_blocks.9.proj_mlp.input
25-12-30 13:26:32 | D |     - Calibrating single_transformer_blocks.9.proj_out.linears.0.input
25-12-30 13:26:32 | D |     - Calibrating single_transformer_blocks.9.proj_out.linears.1.input
25-12-30 13:26:32 | D |   - Quantizing layer single_transformer_blocks.10
25-12-30 13:26:32 | D |     - Calibrating single_transformer_blocks.10.attn.to_q.input, single_transformer_blocks.10.attn.to_k.input, single_transformer_blocks.10.attn.to_v.input, single_transformer_blocks.10.proj_mlp.input
25-12-30 13:26:33 | D |     - Calibrating single_transformer_blocks.10.proj_out.linears.0.input
25-12-30 13:26:33 | D |     - Calibrating single_transformer_blocks.10.proj_out.linears.1.input
25-12-30 13:26:33 | D |   - Quantizing layer single_transformer_blocks.11
25-12-30 13:26:33 | D |     - Calibrating single_transformer_blocks.11.attn.to_q.input, single_transformer_blocks.11.attn.to_k.input, single_transformer_blocks.11.attn.to_v.input, single_transformer_blocks.11.proj_mlp.input
25-12-30 13:26:34 | D |     - Calibrating single_transformer_blocks.11.proj_out.linears.0.input
25-12-30 13:26:34 | D |     - Calibrating single_transformer_blocks.11.proj_out.linears.1.input
25-12-30 13:26:34 | D |   - Quantizing layer single_transformer_blocks.12
25-12-30 13:26:34 | D |     - Calibrating single_transformer_blocks.12.attn.to_q.input, single_transformer_blocks.12.attn.to_k.input, single_transformer_blocks.12.attn.to_v.input, single_transformer_blocks.12.proj_mlp.input
25-12-30 13:26:35 | D |     - Calibrating single_transformer_blocks.12.proj_out.linears.0.input
25-12-30 13:26:35 | D |     - Calibrating single_transformer_blocks.12.proj_out.linears.1.input
25-12-30 13:26:35 | D |   - Quantizing layer single_transformer_blocks.13
25-12-30 13:26:35 | D |     - Calibrating single_transformer_blocks.13.attn.to_q.input, single_transformer_blocks.13.attn.to_k.input, single_transformer_blocks.13.attn.to_v.input, single_transformer_blocks.13.proj_mlp.input
25-12-30 13:26:36 | D |     - Calibrating single_transformer_blocks.13.proj_out.linears.0.input
25-12-30 13:26:36 | D |     - Calibrating single_transformer_blocks.13.proj_out.linears.1.input
25-12-30 13:26:36 | D |   - Quantizing layer single_transformer_blocks.14
25-12-30 13:26:36 | D |     - Calibrating single_transformer_blocks.14.attn.to_q.input, single_transformer_blocks.14.attn.to_k.input, single_transformer_blocks.14.attn.to_v.input, single_transformer_blocks.14.proj_mlp.input
25-12-30 13:26:37 | D |     - Calibrating single_transformer_blocks.14.proj_out.linears.0.input
25-12-30 13:26:37 | D |     - Calibrating single_transformer_blocks.14.proj_out.linears.1.input
25-12-30 13:26:37 | D |   - Quantizing layer single_transformer_blocks.15
25-12-30 13:26:37 | D |     - Calibrating single_transformer_blocks.15.attn.to_q.input, single_transformer_blocks.15.attn.to_k.input, single_transformer_blocks.15.attn.to_v.input, single_transformer_blocks.15.proj_mlp.input
25-12-30 13:26:38 | D |     - Calibrating single_transformer_blocks.15.proj_out.linears.0.input
25-12-30 13:26:38 | D |     - Calibrating single_transformer_blocks.15.proj_out.linears.1.input
25-12-30 13:26:38 | D |   - Quantizing layer single_transformer_blocks.16
25-12-30 13:26:38 | D |     - Calibrating single_transformer_blocks.16.attn.to_q.input, single_transformer_blocks.16.attn.to_k.input, single_transformer_blocks.16.attn.to_v.input, single_transformer_blocks.16.proj_mlp.input
25-12-30 13:26:39 | D |     - Calibrating single_transformer_blocks.16.proj_out.linears.0.input
25-12-30 13:26:39 | D |     - Calibrating single_transformer_blocks.16.proj_out.linears.1.input
25-12-30 13:26:39 | D |   - Quantizing layer single_transformer_blocks.17
25-12-30 13:26:39 | D |     - Calibrating single_transformer_blocks.17.attn.to_q.input, single_transformer_blocks.17.attn.to_k.input, single_transformer_blocks.17.attn.to_v.input, single_transformer_blocks.17.proj_mlp.input
25-12-30 13:26:40 | D |     - Calibrating single_transformer_blocks.17.proj_out.linears.0.input
25-12-30 13:26:40 | D |     - Calibrating single_transformer_blocks.17.proj_out.linears.1.input
25-12-30 13:26:40 | D |   - Quantizing layer single_transformer_blocks.18
25-12-30 13:26:40 | D |     - Calibrating single_transformer_blocks.18.attn.to_q.input, single_transformer_blocks.18.attn.to_k.input, single_transformer_blocks.18.attn.to_v.input, single_transformer_blocks.18.proj_mlp.input
25-12-30 13:26:41 | D |     - Calibrating single_transformer_blocks.18.proj_out.linears.0.input
25-12-30 13:26:41 | D |     - Calibrating single_transformer_blocks.18.proj_out.linears.1.input
25-12-30 13:26:41 | D |   - Quantizing layer single_transformer_blocks.19
25-12-30 13:26:41 | D |     - Calibrating single_transformer_blocks.19.attn.to_q.input, single_transformer_blocks.19.attn.to_k.input, single_transformer_blocks.19.attn.to_v.input, single_transformer_blocks.19.proj_mlp.input
25-12-30 13:26:42 | D |     - Calibrating single_transformer_blocks.19.proj_out.linears.0.input
25-12-30 13:26:42 | D |     - Calibrating single_transformer_blocks.19.proj_out.linears.1.input
25-12-30 13:26:42 | D |   - Quantizing layer single_transformer_blocks.20
25-12-30 13:26:42 | D |     - Calibrating single_transformer_blocks.20.attn.to_q.input, single_transformer_blocks.20.attn.to_k.input, single_transformer_blocks.20.attn.to_v.input, single_transformer_blocks.20.proj_mlp.input
25-12-30 13:26:43 | D |     - Calibrating single_transformer_blocks.20.proj_out.linears.0.input
25-12-30 13:26:43 | D |     - Calibrating single_transformer_blocks.20.proj_out.linears.1.input
25-12-30 13:26:43 | D |   - Quantizing layer single_transformer_blocks.21
25-12-30 13:26:43 | D |     - Calibrating single_transformer_blocks.21.attn.to_q.input, single_transformer_blocks.21.attn.to_k.input, single_transformer_blocks.21.attn.to_v.input, single_transformer_blocks.21.proj_mlp.input
25-12-30 13:26:44 | D |     - Calibrating single_transformer_blocks.21.proj_out.linears.0.input
25-12-30 13:26:44 | D |     - Calibrating single_transformer_blocks.21.proj_out.linears.1.input
25-12-30 13:26:44 | D |   - Quantizing layer single_transformer_blocks.22
25-12-30 13:26:44 | D |     - Calibrating single_transformer_blocks.22.attn.to_q.input, single_transformer_blocks.22.attn.to_k.input, single_transformer_blocks.22.attn.to_v.input, single_transformer_blocks.22.proj_mlp.input
25-12-30 13:26:45 | D |     - Calibrating single_transformer_blocks.22.proj_out.linears.0.input
25-12-30 13:26:45 | D |     - Calibrating single_transformer_blocks.22.proj_out.linears.1.input
25-12-30 13:26:45 | D |   - Quantizing layer single_transformer_blocks.23
25-12-30 13:26:45 | D |     - Calibrating single_transformer_blocks.23.attn.to_q.input, single_transformer_blocks.23.attn.to_k.input, single_transformer_blocks.23.attn.to_v.input, single_transformer_blocks.23.proj_mlp.input
25-12-30 13:26:46 | D |     - Calibrating single_transformer_blocks.23.proj_out.linears.0.input
25-12-30 13:26:46 | D |     - Calibrating single_transformer_blocks.23.proj_out.linears.1.input
25-12-30 13:26:46 | D |   - Quantizing layer single_transformer_blocks.24
25-12-30 13:26:46 | D |     - Calibrating single_transformer_blocks.24.attn.to_q.input, single_transformer_blocks.24.attn.to_k.input, single_transformer_blocks.24.attn.to_v.input, single_transformer_blocks.24.proj_mlp.input
25-12-30 13:26:47 | D |     - Calibrating single_transformer_blocks.24.proj_out.linears.0.input
25-12-30 13:26:47 | D |     - Calibrating single_transformer_blocks.24.proj_out.linears.1.input
25-12-30 13:26:47 | D |   - Quantizing layer single_transformer_blocks.25
25-12-30 13:26:47 | D |     - Calibrating single_transformer_blocks.25.attn.to_q.input, single_transformer_blocks.25.attn.to_k.input, single_transformer_blocks.25.attn.to_v.input, single_transformer_blocks.25.proj_mlp.input
25-12-30 13:26:48 | D |     - Calibrating single_transformer_blocks.25.proj_out.linears.0.input
25-12-30 13:26:48 | D |     - Calibrating single_transformer_blocks.25.proj_out.linears.1.input
25-12-30 13:26:48 | D |   - Quantizing layer single_transformer_blocks.26
25-12-30 13:26:48 | D |     - Calibrating single_transformer_blocks.26.attn.to_q.input, single_transformer_blocks.26.attn.to_k.input, single_transformer_blocks.26.attn.to_v.input, single_transformer_blocks.26.proj_mlp.input
25-12-30 13:26:49 | D |     - Calibrating single_transformer_blocks.26.proj_out.linears.0.input
25-12-30 13:26:49 | D |     - Calibrating single_transformer_blocks.26.proj_out.linears.1.input
25-12-30 13:26:49 | D |   - Quantizing layer single_transformer_blocks.27
25-12-30 13:26:49 | D |     - Calibrating single_transformer_blocks.27.attn.to_q.input, single_transformer_blocks.27.attn.to_k.input, single_transformer_blocks.27.attn.to_v.input, single_transformer_blocks.27.proj_mlp.input
25-12-30 13:26:50 | D |     - Calibrating single_transformer_blocks.27.proj_out.linears.0.input
25-12-30 13:26:50 | D |     - Calibrating single_transformer_blocks.27.proj_out.linears.1.input
25-12-30 13:26:50 | D |   - Quantizing layer single_transformer_blocks.28
25-12-30 13:26:50 | D |     - Calibrating single_transformer_blocks.28.attn.to_q.input, single_transformer_blocks.28.attn.to_k.input, single_transformer_blocks.28.attn.to_v.input, single_transformer_blocks.28.proj_mlp.input
25-12-30 13:26:51 | D |     - Calibrating single_transformer_blocks.28.proj_out.linears.0.input
25-12-30 13:26:51 | D |     - Calibrating single_transformer_blocks.28.proj_out.linears.1.input
25-12-30 13:26:52 | D |   - Quantizing layer single_transformer_blocks.29
25-12-30 13:26:52 | D |     - Calibrating single_transformer_blocks.29.attn.to_q.input, single_transformer_blocks.29.attn.to_k.input, single_transformer_blocks.29.attn.to_v.input, single_transformer_blocks.29.proj_mlp.input
25-12-30 13:26:52 | D |     - Calibrating single_transformer_blocks.29.proj_out.linears.0.input
25-12-30 13:26:52 | D |     - Calibrating single_transformer_blocks.29.proj_out.linears.1.input
25-12-30 13:26:53 | D |   - Quantizing layer single_transformer_blocks.30
25-12-30 13:26:53 | D |     - Calibrating single_transformer_blocks.30.attn.to_q.input, single_transformer_blocks.30.attn.to_k.input, single_transformer_blocks.30.attn.to_v.input, single_transformer_blocks.30.proj_mlp.input
25-12-30 13:26:53 | D |     - Calibrating single_transformer_blocks.30.proj_out.linears.0.input
25-12-30 13:26:53 | D |     - Calibrating single_transformer_blocks.30.proj_out.linears.1.input
25-12-30 13:26:54 | D |   - Quantizing layer single_transformer_blocks.31
25-12-30 13:26:54 | D |     - Calibrating single_transformer_blocks.31.attn.to_q.input, single_transformer_blocks.31.attn.to_k.input, single_transformer_blocks.31.attn.to_v.input, single_transformer_blocks.31.proj_mlp.input
25-12-30 13:26:54 | D |     - Calibrating single_transformer_blocks.31.proj_out.linears.0.input
25-12-30 13:26:54 | D |     - Calibrating single_transformer_blocks.31.proj_out.linears.1.input
25-12-30 13:26:55 | D |   - Quantizing layer single_transformer_blocks.32
25-12-30 13:26:55 | D |     - Calibrating single_transformer_blocks.32.attn.to_q.input, single_transformer_blocks.32.attn.to_k.input, single_transformer_blocks.32.attn.to_v.input, single_transformer_blocks.32.proj_mlp.input
25-12-30 13:26:55 | D |     - Calibrating single_transformer_blocks.32.proj_out.linears.0.input
25-12-30 13:26:55 | D |     - Calibrating single_transformer_blocks.32.proj_out.linears.1.input
25-12-30 13:26:56 | D |   - Quantizing layer single_transformer_blocks.33
25-12-30 13:26:56 | D |     - Calibrating single_transformer_blocks.33.attn.to_q.input, single_transformer_blocks.33.attn.to_k.input, single_transformer_blocks.33.attn.to_v.input, single_transformer_blocks.33.proj_mlp.input
25-12-30 13:26:56 | D |     - Calibrating single_transformer_blocks.33.proj_out.linears.0.input
25-12-30 13:26:56 | D |     - Calibrating single_transformer_blocks.33.proj_out.linears.1.input
25-12-30 13:26:57 | D |   - Quantizing layer single_transformer_blocks.34
25-12-30 13:26:57 | D |     - Calibrating single_transformer_blocks.34.attn.to_q.input, single_transformer_blocks.34.attn.to_k.input, single_transformer_blocks.34.attn.to_v.input, single_transformer_blocks.34.proj_mlp.input
25-12-30 13:26:57 | D |     - Calibrating single_transformer_blocks.34.proj_out.linears.0.input
25-12-30 13:26:57 | D |     - Calibrating single_transformer_blocks.34.proj_out.linears.1.input
25-12-30 13:26:58 | D |   - Quantizing layer single_transformer_blocks.35
25-12-30 13:26:58 | D |     - Calibrating single_transformer_blocks.35.attn.to_q.input, single_transformer_blocks.35.attn.to_k.input, single_transformer_blocks.35.attn.to_v.input, single_transformer_blocks.35.proj_mlp.input
25-12-30 13:26:58 | D |     - Calibrating single_transformer_blocks.35.proj_out.linears.0.input
25-12-30 13:26:58 | D |     - Calibrating single_transformer_blocks.35.proj_out.linears.1.input
25-12-30 13:26:59 | D |   - Quantizing layer single_transformer_blocks.36
25-12-30 13:26:59 | D |     - Calibrating single_transformer_blocks.36.attn.to_q.input, single_transformer_blocks.36.attn.to_k.input, single_transformer_blocks.36.attn.to_v.input, single_transformer_blocks.36.proj_mlp.input
25-12-30 13:26:59 | D |     - Calibrating single_transformer_blocks.36.proj_out.linears.0.input
25-12-30 13:26:59 | D |     - Calibrating single_transformer_blocks.36.proj_out.linears.1.input
25-12-30 13:27:00 | D |   - Quantizing layer single_transformer_blocks.37
25-12-30 13:27:00 | D |     - Calibrating single_transformer_blocks.37.attn.to_q.input, single_transformer_blocks.37.attn.to_k.input, single_transformer_blocks.37.attn.to_v.input, single_transformer_blocks.37.proj_mlp.input
25-12-30 13:27:00 | D |     - Calibrating single_transformer_blocks.37.proj_out.linears.0.input
25-12-30 13:27:00 | D |     - Calibrating single_transformer_blocks.37.proj_out.linears.1.input
25-12-30 13:27:01 | D |   - Quantizing transformer_blocks.0.attn.to_q (inputs)
25-12-30 13:27:01 | D |   - Quantizing transformer_blocks.0.attn.to_k (inputs)
25-12-30 13:27:01 | D |   - Quantizing transformer_blocks.0.attn.to_v (inputs)
25-12-30 13:27:01 | D |   - Quantizing transformer_blocks.0.attn.add_q_proj (inputs)
25-12-30 13:27:01 | D |   - Quantizing transformer_blocks.0.attn.add_k_proj (inputs)
25-12-30 13:27:01 | D |   - Quantizing transformer_blocks.0.attn.add_v_proj (inputs)
25-12-30 13:27:01 | D |   - Quantizing transformer_blocks.0.attn.to_out.0 (inputs)
25-12-30 13:27:01 | D |   - Quantizing transformer_blocks.0.attn.to_add_out (inputs)
25-12-30 13:27:01 | D |   - Quantizing transformer_blocks.0.ff.net.0.proj (inputs)
25-12-30 13:27:01 | D |   - Quantizing transformer_blocks.0.ff.net.2 (inputs)
25-12-30 13:27:01 | D |   - Quantizing transformer_blocks.0.ff_context.net.0.proj (inputs)
25-12-30 13:27:01 | D |   - Quantizing transformer_blocks.0.ff_context.net.2 (inputs)
25-12-30 13:27:01 | D |   - Quantizing transformer_blocks.1.attn.to_q (inputs)
25-12-30 13:27:01 | D |   - Quantizing transformer_blocks.1.attn.to_k (inputs)
25-12-30 13:27:01 | D |   - Quantizing transformer_blocks.1.attn.to_v (inputs)
25-12-30 13:27:01 | D |   - Quantizing transformer_blocks.1.attn.add_q_proj (inputs)
25-12-30 13:27:01 | D |   - Quantizing transformer_blocks.1.attn.add_k_proj (inputs)
25-12-30 13:27:01 | D |   - Quantizing transformer_blocks.1.attn.add_v_proj (inputs)
25-12-30 13:27:01 | D |   - Quantizing transformer_blocks.1.attn.to_out.0 (inputs)
25-12-30 13:27:01 | D |   - Quantizing transformer_blocks.1.attn.to_add_out (inputs)
25-12-30 13:27:01 | D |   - Quantizing transformer_blocks.1.ff.net.0.proj (inputs)
25-12-30 13:27:01 | D |   - Quantizing transformer_blocks.1.ff.net.2 (inputs)
25-12-30 13:27:01 | D |   - Quantizing transformer_blocks.1.ff_context.net.0.proj (inputs)
25-12-30 13:27:01 | D |   - Quantizing transformer_blocks.1.ff_context.net.2 (inputs)
25-12-30 13:27:01 | D |   - Quantizing transformer_blocks.2.attn.to_q (inputs)
25-12-30 13:27:01 | D |   - Quantizing transformer_blocks.2.attn.to_k (inputs)
25-12-30 13:27:01 | D |   - Quantizing transformer_blocks.2.attn.to_v (inputs)
25-12-30 13:27:01 | D |   - Quantizing transformer_blocks.2.attn.add_q_proj (inputs)
25-12-30 13:27:01 | D |   - Quantizing transformer_blocks.2.attn.add_k_proj (inputs)
25-12-30 13:27:01 | D |   - Quantizing transformer_blocks.2.attn.add_v_proj (inputs)
25-12-30 13:27:01 | D |   - Quantizing transformer_blocks.2.attn.to_out.0 (inputs)
25-12-30 13:27:01 | D |   - Quantizing transformer_blocks.2.attn.to_add_out (inputs)
25-12-30 13:27:01 | D |   - Quantizing transformer_blocks.2.ff.net.0.proj (inputs)
25-12-30 13:27:01 | D |   - Quantizing transformer_blocks.2.ff.net.2 (inputs)
25-12-30 13:27:01 | D |   - Quantizing transformer_blocks.2.ff_context.net.0.proj (inputs)
25-12-30 13:27:01 | D |   - Quantizing transformer_blocks.2.ff_context.net.2 (inputs)
25-12-30 13:27:01 | D |   - Quantizing transformer_blocks.3.attn.to_q (inputs)
25-12-30 13:27:01 | D |   - Quantizing transformer_blocks.3.attn.to_k (inputs)
25-12-30 13:27:01 | D |   - Quantizing transformer_blocks.3.attn.to_v (inputs)
25-12-30 13:27:01 | D |   - Quantizing transformer_blocks.3.attn.add_q_proj (inputs)
25-12-30 13:27:01 | D |   - Quantizing transformer_blocks.3.attn.add_k_proj (inputs)
25-12-30 13:27:01 | D |   - Quantizing transformer_blocks.3.attn.add_v_proj (inputs)
25-12-30 13:27:01 | D |   - Quantizing transformer_blocks.3.attn.to_out.0 (inputs)
25-12-30 13:27:01 | D |   - Quantizing transformer_blocks.3.attn.to_add_out (inputs)
25-12-30 13:27:01 | D |   - Quantizing transformer_blocks.3.ff.net.0.proj (inputs)
25-12-30 13:27:01 | D |   - Quantizing transformer_blocks.3.ff.net.2 (inputs)
25-12-30 13:27:01 | D |   - Quantizing transformer_blocks.3.ff_context.net.0.proj (inputs)
25-12-30 13:27:01 | D |   - Quantizing transformer_blocks.3.ff_context.net.2 (inputs)
25-12-30 13:27:01 | D |   - Quantizing transformer_blocks.4.attn.to_q (inputs)
25-12-30 13:27:01 | D |   - Quantizing transformer_blocks.4.attn.to_k (inputs)
25-12-30 13:27:01 | D |   - Quantizing transformer_blocks.4.attn.to_v (inputs)
25-12-30 13:27:01 | D |   - Quantizing transformer_blocks.4.attn.add_q_proj (inputs)
25-12-30 13:27:01 | D |   - Quantizing transformer_blocks.4.attn.add_k_proj (inputs)
25-12-30 13:27:01 | D |   - Quantizing transformer_blocks.4.attn.add_v_proj (inputs)
25-12-30 13:27:01 | D |   - Quantizing transformer_blocks.4.attn.to_out.0 (inputs)
25-12-30 13:27:01 | D |   - Quantizing transformer_blocks.4.attn.to_add_out (inputs)
25-12-30 13:27:01 | D |   - Quantizing transformer_blocks.4.ff.net.0.proj (inputs)
25-12-30 13:27:01 | D |   - Quantizing transformer_blocks.4.ff.net.2 (inputs)
25-12-30 13:27:01 | D |   - Quantizing transformer_blocks.4.ff_context.net.0.proj (inputs)
25-12-30 13:27:01 | D |   - Quantizing transformer_blocks.4.ff_context.net.2 (inputs)
25-12-30 13:27:01 | D |   - Quantizing transformer_blocks.5.attn.to_q (inputs)
25-12-30 13:27:01 | D |   - Quantizing transformer_blocks.5.attn.to_k (inputs)
25-12-30 13:27:01 | D |   - Quantizing transformer_blocks.5.attn.to_v (inputs)
25-12-30 13:27:01 | D |   - Quantizing transformer_blocks.5.attn.add_q_proj (inputs)
25-12-30 13:27:01 | D |   - Quantizing transformer_blocks.5.attn.add_k_proj (inputs)
25-12-30 13:27:01 | D |   - Quantizing transformer_blocks.5.attn.add_v_proj (inputs)
25-12-30 13:27:01 | D |   - Quantizing transformer_blocks.5.attn.to_out.0 (inputs)
25-12-30 13:27:01 | D |   - Quantizing transformer_blocks.5.attn.to_add_out (inputs)
25-12-30 13:27:01 | D |   - Quantizing transformer_blocks.5.ff.net.0.proj (inputs)
25-12-30 13:27:01 | D |   - Quantizing transformer_blocks.5.ff.net.2 (inputs)
25-12-30 13:27:01 | D |   - Quantizing transformer_blocks.5.ff_context.net.0.proj (inputs)
25-12-30 13:27:01 | D |   - Quantizing transformer_blocks.5.ff_context.net.2 (inputs)
25-12-30 13:27:01 | D |   - Quantizing transformer_blocks.6.attn.to_q (inputs)
25-12-30 13:27:01 | D |   - Quantizing transformer_blocks.6.attn.to_k (inputs)
25-12-30 13:27:01 | D |   - Quantizing transformer_blocks.6.attn.to_v (inputs)
25-12-30 13:27:01 | D |   - Quantizing transformer_blocks.6.attn.add_q_proj (inputs)
25-12-30 13:27:01 | D |   - Quantizing transformer_blocks.6.attn.add_k_proj (inputs)
25-12-30 13:27:01 | D |   - Quantizing transformer_blocks.6.attn.add_v_proj (inputs)
25-12-30 13:27:01 | D |   - Quantizing transformer_blocks.6.attn.to_out.0 (inputs)
25-12-30 13:27:01 | D |   - Quantizing transformer_blocks.6.attn.to_add_out (inputs)
25-12-30 13:27:01 | D |   - Quantizing transformer_blocks.6.ff.net.0.proj (inputs)
25-12-30 13:27:01 | D |   - Quantizing transformer_blocks.6.ff.net.2 (inputs)
25-12-30 13:27:01 | D |   - Quantizing transformer_blocks.6.ff_context.net.0.proj (inputs)
25-12-30 13:27:01 | D |   - Quantizing transformer_blocks.6.ff_context.net.2 (inputs)
25-12-30 13:27:01 | D |   - Quantizing transformer_blocks.7.attn.to_q (inputs)
25-12-30 13:27:01 | D |   - Quantizing transformer_blocks.7.attn.to_k (inputs)
25-12-30 13:27:01 | D |   - Quantizing transformer_blocks.7.attn.to_v (inputs)
25-12-30 13:27:01 | D |   - Quantizing transformer_blocks.7.attn.add_q_proj (inputs)
25-12-30 13:27:01 | D |   - Quantizing transformer_blocks.7.attn.add_k_proj (inputs)
25-12-30 13:27:01 | D |   - Quantizing transformer_blocks.7.attn.add_v_proj (inputs)
25-12-30 13:27:01 | D |   - Quantizing transformer_blocks.7.attn.to_out.0 (inputs)
25-12-30 13:27:01 | D |   - Quantizing transformer_blocks.7.attn.to_add_out (inputs)
25-12-30 13:27:01 | D |   - Quantizing transformer_blocks.7.ff.net.0.proj (inputs)
25-12-30 13:27:01 | D |   - Quantizing transformer_blocks.7.ff.net.2 (inputs)
25-12-30 13:27:01 | D |   - Quantizing transformer_blocks.7.ff_context.net.0.proj (inputs)
25-12-30 13:27:01 | D |   - Quantizing transformer_blocks.7.ff_context.net.2 (inputs)
25-12-30 13:27:01 | D |   - Quantizing transformer_blocks.8.attn.to_q (inputs)
25-12-30 13:27:01 | D |   - Quantizing transformer_blocks.8.attn.to_k (inputs)
25-12-30 13:27:01 | D |   - Quantizing transformer_blocks.8.attn.to_v (inputs)
25-12-30 13:27:01 | D |   - Quantizing transformer_blocks.8.attn.add_q_proj (inputs)
25-12-30 13:27:01 | D |   - Quantizing transformer_blocks.8.attn.add_k_proj (inputs)
25-12-30 13:27:01 | D |   - Quantizing transformer_blocks.8.attn.add_v_proj (inputs)
25-12-30 13:27:01 | D |   - Quantizing transformer_blocks.8.attn.to_out.0 (inputs)
25-12-30 13:27:01 | D |   - Quantizing transformer_blocks.8.attn.to_add_out (inputs)
25-12-30 13:27:01 | D |   - Quantizing transformer_blocks.8.ff.net.0.proj (inputs)
25-12-30 13:27:01 | D |   - Quantizing transformer_blocks.8.ff.net.2 (inputs)
25-12-30 13:27:01 | D |   - Quantizing transformer_blocks.8.ff_context.net.0.proj (inputs)
25-12-30 13:27:01 | D |   - Quantizing transformer_blocks.8.ff_context.net.2 (inputs)
25-12-30 13:27:01 | D |   - Quantizing transformer_blocks.9.attn.to_q (inputs)
25-12-30 13:27:01 | D |   - Quantizing transformer_blocks.9.attn.to_k (inputs)
25-12-30 13:27:01 | D |   - Quantizing transformer_blocks.9.attn.to_v (inputs)
25-12-30 13:27:01 | D |   - Quantizing transformer_blocks.9.attn.add_q_proj (inputs)
25-12-30 13:27:01 | D |   - Quantizing transformer_blocks.9.attn.add_k_proj (inputs)
25-12-30 13:27:01 | D |   - Quantizing transformer_blocks.9.attn.add_v_proj (inputs)
25-12-30 13:27:01 | D |   - Quantizing transformer_blocks.9.attn.to_out.0 (inputs)
25-12-30 13:27:01 | D |   - Quantizing transformer_blocks.9.attn.to_add_out (inputs)
25-12-30 13:27:01 | D |   - Quantizing transformer_blocks.9.ff.net.0.proj (inputs)
25-12-30 13:27:01 | D |   - Quantizing transformer_blocks.9.ff.net.2 (inputs)
25-12-30 13:27:01 | D |   - Quantizing transformer_blocks.9.ff_context.net.0.proj (inputs)
25-12-30 13:27:01 | D |   - Quantizing transformer_blocks.9.ff_context.net.2 (inputs)
25-12-30 13:27:01 | D |   - Quantizing transformer_blocks.10.attn.to_q (inputs)
25-12-30 13:27:01 | D |   - Quantizing transformer_blocks.10.attn.to_k (inputs)
25-12-30 13:27:01 | D |   - Quantizing transformer_blocks.10.attn.to_v (inputs)
25-12-30 13:27:01 | D |   - Quantizing transformer_blocks.10.attn.add_q_proj (inputs)
25-12-30 13:27:01 | D |   - Quantizing transformer_blocks.10.attn.add_k_proj (inputs)
25-12-30 13:27:01 | D |   - Quantizing transformer_blocks.10.attn.add_v_proj (inputs)
25-12-30 13:27:01 | D |   - Quantizing transformer_blocks.10.attn.to_out.0 (inputs)
25-12-30 13:27:01 | D |   - Quantizing transformer_blocks.10.attn.to_add_out (inputs)
25-12-30 13:27:01 | D |   - Quantizing transformer_blocks.10.ff.net.0.proj (inputs)
25-12-30 13:27:01 | D |   - Quantizing transformer_blocks.10.ff.net.2 (inputs)
25-12-30 13:27:01 | D |   - Quantizing transformer_blocks.10.ff_context.net.0.proj (inputs)
25-12-30 13:27:01 | D |   - Quantizing transformer_blocks.10.ff_context.net.2 (inputs)
25-12-30 13:27:01 | D |   - Quantizing transformer_blocks.11.attn.to_q (inputs)
25-12-30 13:27:01 | D |   - Quantizing transformer_blocks.11.attn.to_k (inputs)
25-12-30 13:27:01 | D |   - Quantizing transformer_blocks.11.attn.to_v (inputs)
25-12-30 13:27:01 | D |   - Quantizing transformer_blocks.11.attn.add_q_proj (inputs)
25-12-30 13:27:01 | D |   - Quantizing transformer_blocks.11.attn.add_k_proj (inputs)
25-12-30 13:27:01 | D |   - Quantizing transformer_blocks.11.attn.add_v_proj (inputs)
25-12-30 13:27:01 | D |   - Quantizing transformer_blocks.11.attn.to_out.0 (inputs)
25-12-30 13:27:01 | D |   - Quantizing transformer_blocks.11.attn.to_add_out (inputs)
25-12-30 13:27:01 | D |   - Quantizing transformer_blocks.11.ff.net.0.proj (inputs)
25-12-30 13:27:01 | D |   - Quantizing transformer_blocks.11.ff.net.2 (inputs)
25-12-30 13:27:01 | D |   - Quantizing transformer_blocks.11.ff_context.net.0.proj (inputs)
25-12-30 13:27:01 | D |   - Quantizing transformer_blocks.11.ff_context.net.2 (inputs)
25-12-30 13:27:01 | D |   - Quantizing transformer_blocks.12.attn.to_q (inputs)
25-12-30 13:27:01 | D |   - Quantizing transformer_blocks.12.attn.to_k (inputs)
25-12-30 13:27:01 | D |   - Quantizing transformer_blocks.12.attn.to_v (inputs)
25-12-30 13:27:01 | D |   - Quantizing transformer_blocks.12.attn.add_q_proj (inputs)
25-12-30 13:27:01 | D |   - Quantizing transformer_blocks.12.attn.add_k_proj (inputs)
25-12-30 13:27:01 | D |   - Quantizing transformer_blocks.12.attn.add_v_proj (inputs)
25-12-30 13:27:01 | D |   - Quantizing transformer_blocks.12.attn.to_out.0 (inputs)
25-12-30 13:27:01 | D |   - Quantizing transformer_blocks.12.attn.to_add_out (inputs)
25-12-30 13:27:01 | D |   - Quantizing transformer_blocks.12.ff.net.0.proj (inputs)
25-12-30 13:27:01 | D |   - Quantizing transformer_blocks.12.ff.net.2 (inputs)
25-12-30 13:27:01 | D |   - Quantizing transformer_blocks.12.ff_context.net.0.proj (inputs)
25-12-30 13:27:01 | D |   - Quantizing transformer_blocks.12.ff_context.net.2 (inputs)
25-12-30 13:27:01 | D |   - Quantizing transformer_blocks.13.attn.to_q (inputs)
25-12-30 13:27:01 | D |   - Quantizing transformer_blocks.13.attn.to_k (inputs)
25-12-30 13:27:01 | D |   - Quantizing transformer_blocks.13.attn.to_v (inputs)
25-12-30 13:27:01 | D |   - Quantizing transformer_blocks.13.attn.add_q_proj (inputs)
25-12-30 13:27:01 | D |   - Quantizing transformer_blocks.13.attn.add_k_proj (inputs)
25-12-30 13:27:01 | D |   - Quantizing transformer_blocks.13.attn.add_v_proj (inputs)
25-12-30 13:27:01 | D |   - Quantizing transformer_blocks.13.attn.to_out.0 (inputs)
25-12-30 13:27:01 | D |   - Quantizing transformer_blocks.13.attn.to_add_out (inputs)
25-12-30 13:27:01 | D |   - Quantizing transformer_blocks.13.ff.net.0.proj (inputs)
25-12-30 13:27:01 | D |   - Quantizing transformer_blocks.13.ff.net.2 (inputs)
25-12-30 13:27:01 | D |   - Quantizing transformer_blocks.13.ff_context.net.0.proj (inputs)
25-12-30 13:27:01 | D |   - Quantizing transformer_blocks.13.ff_context.net.2 (inputs)
25-12-30 13:27:01 | D |   - Quantizing transformer_blocks.14.attn.to_q (inputs)
25-12-30 13:27:01 | D |   - Quantizing transformer_blocks.14.attn.to_k (inputs)
25-12-30 13:27:01 | D |   - Quantizing transformer_blocks.14.attn.to_v (inputs)
25-12-30 13:27:01 | D |   - Quantizing transformer_blocks.14.attn.add_q_proj (inputs)
25-12-30 13:27:01 | D |   - Quantizing transformer_blocks.14.attn.add_k_proj (inputs)
25-12-30 13:27:01 | D |   - Quantizing transformer_blocks.14.attn.add_v_proj (inputs)
25-12-30 13:27:01 | D |   - Quantizing transformer_blocks.14.attn.to_out.0 (inputs)
25-12-30 13:27:01 | D |   - Quantizing transformer_blocks.14.attn.to_add_out (inputs)
25-12-30 13:27:01 | D |   - Quantizing transformer_blocks.14.ff.net.0.proj (inputs)
25-12-30 13:27:01 | D |   - Quantizing transformer_blocks.14.ff.net.2 (inputs)
25-12-30 13:27:01 | D |   - Quantizing transformer_blocks.14.ff_context.net.0.proj (inputs)
25-12-30 13:27:01 | D |   - Quantizing transformer_blocks.14.ff_context.net.2 (inputs)
25-12-30 13:27:01 | D |   - Quantizing transformer_blocks.15.attn.to_q (inputs)
25-12-30 13:27:01 | D |   - Quantizing transformer_blocks.15.attn.to_k (inputs)
25-12-30 13:27:01 | D |   - Quantizing transformer_blocks.15.attn.to_v (inputs)
25-12-30 13:27:01 | D |   - Quantizing transformer_blocks.15.attn.add_q_proj (inputs)
25-12-30 13:27:01 | D |   - Quantizing transformer_blocks.15.attn.add_k_proj (inputs)
25-12-30 13:27:01 | D |   - Quantizing transformer_blocks.15.attn.add_v_proj (inputs)
25-12-30 13:27:01 | D |   - Quantizing transformer_blocks.15.attn.to_out.0 (inputs)
25-12-30 13:27:01 | D |   - Quantizing transformer_blocks.15.attn.to_add_out (inputs)
25-12-30 13:27:01 | D |   - Quantizing transformer_blocks.15.ff.net.0.proj (inputs)
25-12-30 13:27:01 | D |   - Quantizing transformer_blocks.15.ff.net.2 (inputs)
25-12-30 13:27:01 | D |   - Quantizing transformer_blocks.15.ff_context.net.0.proj (inputs)
25-12-30 13:27:01 | D |   - Quantizing transformer_blocks.15.ff_context.net.2 (inputs)
25-12-30 13:27:01 | D |   - Quantizing transformer_blocks.16.attn.to_q (inputs)
25-12-30 13:27:01 | D |   - Quantizing transformer_blocks.16.attn.to_k (inputs)
25-12-30 13:27:01 | D |   - Quantizing transformer_blocks.16.attn.to_v (inputs)
25-12-30 13:27:01 | D |   - Quantizing transformer_blocks.16.attn.add_q_proj (inputs)
25-12-30 13:27:01 | D |   - Quantizing transformer_blocks.16.attn.add_k_proj (inputs)
25-12-30 13:27:01 | D |   - Quantizing transformer_blocks.16.attn.add_v_proj (inputs)
25-12-30 13:27:01 | D |   - Quantizing transformer_blocks.16.attn.to_out.0 (inputs)
25-12-30 13:27:01 | D |   - Quantizing transformer_blocks.16.attn.to_add_out (inputs)
25-12-30 13:27:01 | D |   - Quantizing transformer_blocks.16.ff.net.0.proj (inputs)
25-12-30 13:27:01 | D |   - Quantizing transformer_blocks.16.ff.net.2 (inputs)
25-12-30 13:27:01 | D |   - Quantizing transformer_blocks.16.ff_context.net.0.proj (inputs)
25-12-30 13:27:01 | D |   - Quantizing transformer_blocks.16.ff_context.net.2 (inputs)
25-12-30 13:27:01 | D |   - Quantizing transformer_blocks.17.attn.to_q (inputs)
25-12-30 13:27:01 | D |   - Quantizing transformer_blocks.17.attn.to_k (inputs)
25-12-30 13:27:01 | D |   - Quantizing transformer_blocks.17.attn.to_v (inputs)
25-12-30 13:27:01 | D |   - Quantizing transformer_blocks.17.attn.add_q_proj (inputs)
25-12-30 13:27:01 | D |   - Quantizing transformer_blocks.17.attn.add_k_proj (inputs)
25-12-30 13:27:01 | D |   - Quantizing transformer_blocks.17.attn.add_v_proj (inputs)
25-12-30 13:27:01 | D |   - Quantizing transformer_blocks.17.attn.to_out.0 (inputs)
25-12-30 13:27:01 | D |   - Quantizing transformer_blocks.17.attn.to_add_out (inputs)
25-12-30 13:27:01 | D |   - Quantizing transformer_blocks.17.ff.net.0.proj (inputs)
25-12-30 13:27:01 | D |   - Quantizing transformer_blocks.17.ff.net.2 (inputs)
25-12-30 13:27:01 | D |   - Quantizing transformer_blocks.17.ff_context.net.0.proj (inputs)
25-12-30 13:27:01 | D |   - Quantizing transformer_blocks.17.ff_context.net.2 (inputs)
25-12-30 13:27:01 | D |   - Quantizing transformer_blocks.18.attn.to_q (inputs)
25-12-30 13:27:01 | D |   - Quantizing transformer_blocks.18.attn.to_k (inputs)
25-12-30 13:27:01 | D |   - Quantizing transformer_blocks.18.attn.to_v (inputs)
25-12-30 13:27:01 | D |   - Quantizing transformer_blocks.18.attn.add_q_proj (inputs)
25-12-30 13:27:01 | D |   - Quantizing transformer_blocks.18.attn.add_k_proj (inputs)
25-12-30 13:27:01 | D |   - Quantizing transformer_blocks.18.attn.add_v_proj (inputs)
25-12-30 13:27:01 | D |   - Quantizing transformer_blocks.18.attn.to_out.0 (inputs)
25-12-30 13:27:01 | D |   - Quantizing transformer_blocks.18.attn.to_add_out (inputs)
25-12-30 13:27:01 | D |   - Quantizing transformer_blocks.18.ff.net.0.proj (inputs)
25-12-30 13:27:01 | D |   - Quantizing transformer_blocks.18.ff.net.2 (inputs)
25-12-30 13:27:01 | D |   - Quantizing transformer_blocks.18.ff_context.net.0.proj (inputs)
25-12-30 13:27:01 | D |   - Quantizing transformer_blocks.18.ff_context.net.2 (inputs)
25-12-30 13:27:01 | D |   - Quantizing single_transformer_blocks.0.attn.to_q (inputs)
25-12-30 13:27:01 | D |   - Quantizing single_transformer_blocks.0.attn.to_k (inputs)
25-12-30 13:27:01 | D |   - Quantizing single_transformer_blocks.0.attn.to_v (inputs)
25-12-30 13:27:01 | D |   - Quantizing single_transformer_blocks.0.proj_out.linears.0 (inputs)
25-12-30 13:27:01 | D |   - Quantizing single_transformer_blocks.0.proj_mlp (inputs)
25-12-30 13:27:01 | D |   - Quantizing single_transformer_blocks.0.proj_out.linears.1 (inputs)
25-12-30 13:27:01 | D |   - Quantizing single_transformer_blocks.1.attn.to_q (inputs)
25-12-30 13:27:01 | D |   - Quantizing single_transformer_blocks.1.attn.to_k (inputs)
25-12-30 13:27:01 | D |   - Quantizing single_transformer_blocks.1.attn.to_v (inputs)
25-12-30 13:27:01 | D |   - Quantizing single_transformer_blocks.1.proj_out.linears.0 (inputs)
25-12-30 13:27:01 | D |   - Quantizing single_transformer_blocks.1.proj_mlp (inputs)
25-12-30 13:27:01 | D |   - Quantizing single_transformer_blocks.1.proj_out.linears.1 (inputs)
25-12-30 13:27:01 | D |   - Quantizing single_transformer_blocks.2.attn.to_q (inputs)
25-12-30 13:27:01 | D |   - Quantizing single_transformer_blocks.2.attn.to_k (inputs)
25-12-30 13:27:01 | D |   - Quantizing single_transformer_blocks.2.attn.to_v (inputs)
25-12-30 13:27:01 | D |   - Quantizing single_transformer_blocks.2.proj_out.linears.0 (inputs)
25-12-30 13:27:01 | D |   - Quantizing single_transformer_blocks.2.proj_mlp (inputs)
25-12-30 13:27:01 | D |   - Quantizing single_transformer_blocks.2.proj_out.linears.1 (inputs)
25-12-30 13:27:01 | D |   - Quantizing single_transformer_blocks.3.attn.to_q (inputs)
25-12-30 13:27:01 | D |   - Quantizing single_transformer_blocks.3.attn.to_k (inputs)
25-12-30 13:27:01 | D |   - Quantizing single_transformer_blocks.3.attn.to_v (inputs)
25-12-30 13:27:01 | D |   - Quantizing single_transformer_blocks.3.proj_out.linears.0 (inputs)
25-12-30 13:27:01 | D |   - Quantizing single_transformer_blocks.3.proj_mlp (inputs)
25-12-30 13:27:01 | D |   - Quantizing single_transformer_blocks.3.proj_out.linears.1 (inputs)
25-12-30 13:27:01 | D |   - Quantizing single_transformer_blocks.4.attn.to_q (inputs)
25-12-30 13:27:01 | D |   - Quantizing single_transformer_blocks.4.attn.to_k (inputs)
25-12-30 13:27:01 | D |   - Quantizing single_transformer_blocks.4.attn.to_v (inputs)
25-12-30 13:27:01 | D |   - Quantizing single_transformer_blocks.4.proj_out.linears.0 (inputs)
25-12-30 13:27:01 | D |   - Quantizing single_transformer_blocks.4.proj_mlp (inputs)
25-12-30 13:27:01 | D |   - Quantizing single_transformer_blocks.4.proj_out.linears.1 (inputs)
25-12-30 13:27:01 | D |   - Quantizing single_transformer_blocks.5.attn.to_q (inputs)
25-12-30 13:27:01 | D |   - Quantizing single_transformer_blocks.5.attn.to_k (inputs)
25-12-30 13:27:01 | D |   - Quantizing single_transformer_blocks.5.attn.to_v (inputs)
25-12-30 13:27:01 | D |   - Quantizing single_transformer_blocks.5.proj_out.linears.0 (inputs)
25-12-30 13:27:01 | D |   - Quantizing single_transformer_blocks.5.proj_mlp (inputs)
25-12-30 13:27:01 | D |   - Quantizing single_transformer_blocks.5.proj_out.linears.1 (inputs)
25-12-30 13:27:01 | D |   - Quantizing single_transformer_blocks.6.attn.to_q (inputs)
25-12-30 13:27:01 | D |   - Quantizing single_transformer_blocks.6.attn.to_k (inputs)
25-12-30 13:27:01 | D |   - Quantizing single_transformer_blocks.6.attn.to_v (inputs)
25-12-30 13:27:01 | D |   - Quantizing single_transformer_blocks.6.proj_out.linears.0 (inputs)
25-12-30 13:27:01 | D |   - Quantizing single_transformer_blocks.6.proj_mlp (inputs)
25-12-30 13:27:01 | D |   - Quantizing single_transformer_blocks.6.proj_out.linears.1 (inputs)
25-12-30 13:27:01 | D |   - Quantizing single_transformer_blocks.7.attn.to_q (inputs)
25-12-30 13:27:01 | D |   - Quantizing single_transformer_blocks.7.attn.to_k (inputs)
25-12-30 13:27:01 | D |   - Quantizing single_transformer_blocks.7.attn.to_v (inputs)
25-12-30 13:27:01 | D |   - Quantizing single_transformer_blocks.7.proj_out.linears.0 (inputs)
25-12-30 13:27:01 | D |   - Quantizing single_transformer_blocks.7.proj_mlp (inputs)
25-12-30 13:27:01 | D |   - Quantizing single_transformer_blocks.7.proj_out.linears.1 (inputs)
25-12-30 13:27:01 | D |   - Quantizing single_transformer_blocks.8.attn.to_q (inputs)
25-12-30 13:27:01 | D |   - Quantizing single_transformer_blocks.8.attn.to_k (inputs)
25-12-30 13:27:01 | D |   - Quantizing single_transformer_blocks.8.attn.to_v (inputs)
25-12-30 13:27:01 | D |   - Quantizing single_transformer_blocks.8.proj_out.linears.0 (inputs)
25-12-30 13:27:01 | D |   - Quantizing single_transformer_blocks.8.proj_mlp (inputs)
25-12-30 13:27:01 | D |   - Quantizing single_transformer_blocks.8.proj_out.linears.1 (inputs)
25-12-30 13:27:01 | D |   - Quantizing single_transformer_blocks.9.attn.to_q (inputs)
25-12-30 13:27:01 | D |   - Quantizing single_transformer_blocks.9.attn.to_k (inputs)
25-12-30 13:27:01 | D |   - Quantizing single_transformer_blocks.9.attn.to_v (inputs)
25-12-30 13:27:01 | D |   - Quantizing single_transformer_blocks.9.proj_out.linears.0 (inputs)
25-12-30 13:27:01 | D |   - Quantizing single_transformer_blocks.9.proj_mlp (inputs)
25-12-30 13:27:01 | D |   - Quantizing single_transformer_blocks.9.proj_out.linears.1 (inputs)
25-12-30 13:27:01 | D |   - Quantizing single_transformer_blocks.10.attn.to_q (inputs)
25-12-30 13:27:01 | D |   - Quantizing single_transformer_blocks.10.attn.to_k (inputs)
25-12-30 13:27:01 | D |   - Quantizing single_transformer_blocks.10.attn.to_v (inputs)
25-12-30 13:27:01 | D |   - Quantizing single_transformer_blocks.10.proj_out.linears.0 (inputs)
25-12-30 13:27:01 | D |   - Quantizing single_transformer_blocks.10.proj_mlp (inputs)
25-12-30 13:27:01 | D |   - Quantizing single_transformer_blocks.10.proj_out.linears.1 (inputs)
25-12-30 13:27:01 | D |   - Quantizing single_transformer_blocks.11.attn.to_q (inputs)
25-12-30 13:27:01 | D |   - Quantizing single_transformer_blocks.11.attn.to_k (inputs)
25-12-30 13:27:01 | D |   - Quantizing single_transformer_blocks.11.attn.to_v (inputs)
25-12-30 13:27:01 | D |   - Quantizing single_transformer_blocks.11.proj_out.linears.0 (inputs)
25-12-30 13:27:01 | D |   - Quantizing single_transformer_blocks.11.proj_mlp (inputs)
25-12-30 13:27:01 | D |   - Quantizing single_transformer_blocks.11.proj_out.linears.1 (inputs)
25-12-30 13:27:01 | D |   - Quantizing single_transformer_blocks.12.attn.to_q (inputs)
25-12-30 13:27:01 | D |   - Quantizing single_transformer_blocks.12.attn.to_k (inputs)
25-12-30 13:27:01 | D |   - Quantizing single_transformer_blocks.12.attn.to_v (inputs)
25-12-30 13:27:01 | D |   - Quantizing single_transformer_blocks.12.proj_out.linears.0 (inputs)
25-12-30 13:27:01 | D |   - Quantizing single_transformer_blocks.12.proj_mlp (inputs)
25-12-30 13:27:01 | D |   - Quantizing single_transformer_blocks.12.proj_out.linears.1 (inputs)
25-12-30 13:27:01 | D |   - Quantizing single_transformer_blocks.13.attn.to_q (inputs)
25-12-30 13:27:01 | D |   - Quantizing single_transformer_blocks.13.attn.to_k (inputs)
25-12-30 13:27:01 | D |   - Quantizing single_transformer_blocks.13.attn.to_v (inputs)
25-12-30 13:27:01 | D |   - Quantizing single_transformer_blocks.13.proj_out.linears.0 (inputs)
25-12-30 13:27:01 | D |   - Quantizing single_transformer_blocks.13.proj_mlp (inputs)
25-12-30 13:27:01 | D |   - Quantizing single_transformer_blocks.13.proj_out.linears.1 (inputs)
25-12-30 13:27:01 | D |   - Quantizing single_transformer_blocks.14.attn.to_q (inputs)
25-12-30 13:27:01 | D |   - Quantizing single_transformer_blocks.14.attn.to_k (inputs)
25-12-30 13:27:01 | D |   - Quantizing single_transformer_blocks.14.attn.to_v (inputs)
25-12-30 13:27:01 | D |   - Quantizing single_transformer_blocks.14.proj_out.linears.0 (inputs)
25-12-30 13:27:01 | D |   - Quantizing single_transformer_blocks.14.proj_mlp (inputs)
25-12-30 13:27:01 | D |   - Quantizing single_transformer_blocks.14.proj_out.linears.1 (inputs)
25-12-30 13:27:01 | D |   - Quantizing single_transformer_blocks.15.attn.to_q (inputs)
25-12-30 13:27:01 | D |   - Quantizing single_transformer_blocks.15.attn.to_k (inputs)
25-12-30 13:27:01 | D |   - Quantizing single_transformer_blocks.15.attn.to_v (inputs)
25-12-30 13:27:01 | D |   - Quantizing single_transformer_blocks.15.proj_out.linears.0 (inputs)
25-12-30 13:27:01 | D |   - Quantizing single_transformer_blocks.15.proj_mlp (inputs)
25-12-30 13:27:01 | D |   - Quantizing single_transformer_blocks.15.proj_out.linears.1 (inputs)
25-12-30 13:27:01 | D |   - Quantizing single_transformer_blocks.16.attn.to_q (inputs)
25-12-30 13:27:01 | D |   - Quantizing single_transformer_blocks.16.attn.to_k (inputs)
25-12-30 13:27:01 | D |   - Quantizing single_transformer_blocks.16.attn.to_v (inputs)
25-12-30 13:27:01 | D |   - Quantizing single_transformer_blocks.16.proj_out.linears.0 (inputs)
25-12-30 13:27:01 | D |   - Quantizing single_transformer_blocks.16.proj_mlp (inputs)
25-12-30 13:27:01 | D |   - Quantizing single_transformer_blocks.16.proj_out.linears.1 (inputs)
25-12-30 13:27:01 | D |   - Quantizing single_transformer_blocks.17.attn.to_q (inputs)
25-12-30 13:27:01 | D |   - Quantizing single_transformer_blocks.17.attn.to_k (inputs)
25-12-30 13:27:01 | D |   - Quantizing single_transformer_blocks.17.attn.to_v (inputs)
25-12-30 13:27:01 | D |   - Quantizing single_transformer_blocks.17.proj_out.linears.0 (inputs)
25-12-30 13:27:01 | D |   - Quantizing single_transformer_blocks.17.proj_mlp (inputs)
25-12-30 13:27:01 | D |   - Quantizing single_transformer_blocks.17.proj_out.linears.1 (inputs)
25-12-30 13:27:01 | D |   - Quantizing single_transformer_blocks.18.attn.to_q (inputs)
25-12-30 13:27:01 | D |   - Quantizing single_transformer_blocks.18.attn.to_k (inputs)
25-12-30 13:27:01 | D |   - Quantizing single_transformer_blocks.18.attn.to_v (inputs)
25-12-30 13:27:01 | D |   - Quantizing single_transformer_blocks.18.proj_out.linears.0 (inputs)
25-12-30 13:27:01 | D |   - Quantizing single_transformer_blocks.18.proj_mlp (inputs)
25-12-30 13:27:01 | D |   - Quantizing single_transformer_blocks.18.proj_out.linears.1 (inputs)
25-12-30 13:27:01 | D |   - Quantizing single_transformer_blocks.19.attn.to_q (inputs)
25-12-30 13:27:01 | D |   - Quantizing single_transformer_blocks.19.attn.to_k (inputs)
25-12-30 13:27:01 | D |   - Quantizing single_transformer_blocks.19.attn.to_v (inputs)
25-12-30 13:27:01 | D |   - Quantizing single_transformer_blocks.19.proj_out.linears.0 (inputs)
25-12-30 13:27:01 | D |   - Quantizing single_transformer_blocks.19.proj_mlp (inputs)
25-12-30 13:27:01 | D |   - Quantizing single_transformer_blocks.19.proj_out.linears.1 (inputs)
25-12-30 13:27:01 | D |   - Quantizing single_transformer_blocks.20.attn.to_q (inputs)
25-12-30 13:27:01 | D |   - Quantizing single_transformer_blocks.20.attn.to_k (inputs)
25-12-30 13:27:01 | D |   - Quantizing single_transformer_blocks.20.attn.to_v (inputs)
25-12-30 13:27:01 | D |   - Quantizing single_transformer_blocks.20.proj_out.linears.0 (inputs)
25-12-30 13:27:01 | D |   - Quantizing single_transformer_blocks.20.proj_mlp (inputs)
25-12-30 13:27:01 | D |   - Quantizing single_transformer_blocks.20.proj_out.linears.1 (inputs)
25-12-30 13:27:01 | D |   - Quantizing single_transformer_blocks.21.attn.to_q (inputs)
25-12-30 13:27:01 | D |   - Quantizing single_transformer_blocks.21.attn.to_k (inputs)
25-12-30 13:27:01 | D |   - Quantizing single_transformer_blocks.21.attn.to_v (inputs)
25-12-30 13:27:01 | D |   - Quantizing single_transformer_blocks.21.proj_out.linears.0 (inputs)
25-12-30 13:27:01 | D |   - Quantizing single_transformer_blocks.21.proj_mlp (inputs)
25-12-30 13:27:01 | D |   - Quantizing single_transformer_blocks.21.proj_out.linears.1 (inputs)
25-12-30 13:27:01 | D |   - Quantizing single_transformer_blocks.22.attn.to_q (inputs)
25-12-30 13:27:01 | D |   - Quantizing single_transformer_blocks.22.attn.to_k (inputs)
25-12-30 13:27:01 | D |   - Quantizing single_transformer_blocks.22.attn.to_v (inputs)
25-12-30 13:27:01 | D |   - Quantizing single_transformer_blocks.22.proj_out.linears.0 (inputs)
25-12-30 13:27:01 | D |   - Quantizing single_transformer_blocks.22.proj_mlp (inputs)
25-12-30 13:27:01 | D |   - Quantizing single_transformer_blocks.22.proj_out.linears.1 (inputs)
25-12-30 13:27:01 | D |   - Quantizing single_transformer_blocks.23.attn.to_q (inputs)
25-12-30 13:27:01 | D |   - Quantizing single_transformer_blocks.23.attn.to_k (inputs)
25-12-30 13:27:01 | D |   - Quantizing single_transformer_blocks.23.attn.to_v (inputs)
25-12-30 13:27:01 | D |   - Quantizing single_transformer_blocks.23.proj_out.linears.0 (inputs)
25-12-30 13:27:01 | D |   - Quantizing single_transformer_blocks.23.proj_mlp (inputs)
25-12-30 13:27:01 | D |   - Quantizing single_transformer_blocks.23.proj_out.linears.1 (inputs)
25-12-30 13:27:01 | D |   - Quantizing single_transformer_blocks.24.attn.to_q (inputs)
25-12-30 13:27:01 | D |   - Quantizing single_transformer_blocks.24.attn.to_k (inputs)
25-12-30 13:27:01 | D |   - Quantizing single_transformer_blocks.24.attn.to_v (inputs)
25-12-30 13:27:01 | D |   - Quantizing single_transformer_blocks.24.proj_out.linears.0 (inputs)
25-12-30 13:27:01 | D |   - Quantizing single_transformer_blocks.24.proj_mlp (inputs)
25-12-30 13:27:01 | D |   - Quantizing single_transformer_blocks.24.proj_out.linears.1 (inputs)
25-12-30 13:27:01 | D |   - Quantizing single_transformer_blocks.25.attn.to_q (inputs)
25-12-30 13:27:01 | D |   - Quantizing single_transformer_blocks.25.attn.to_k (inputs)
25-12-30 13:27:01 | D |   - Quantizing single_transformer_blocks.25.attn.to_v (inputs)
25-12-30 13:27:01 | D |   - Quantizing single_transformer_blocks.25.proj_out.linears.0 (inputs)
25-12-30 13:27:01 | D |   - Quantizing single_transformer_blocks.25.proj_mlp (inputs)
25-12-30 13:27:01 | D |   - Quantizing single_transformer_blocks.25.proj_out.linears.1 (inputs)
25-12-30 13:27:01 | D |   - Quantizing single_transformer_blocks.26.attn.to_q (inputs)
25-12-30 13:27:01 | D |   - Quantizing single_transformer_blocks.26.attn.to_k (inputs)
25-12-30 13:27:01 | D |   - Quantizing single_transformer_blocks.26.attn.to_v (inputs)
25-12-30 13:27:01 | D |   - Quantizing single_transformer_blocks.26.proj_out.linears.0 (inputs)
25-12-30 13:27:01 | D |   - Quantizing single_transformer_blocks.26.proj_mlp (inputs)
25-12-30 13:27:01 | D |   - Quantizing single_transformer_blocks.26.proj_out.linears.1 (inputs)
25-12-30 13:27:01 | D |   - Quantizing single_transformer_blocks.27.attn.to_q (inputs)
25-12-30 13:27:01 | D |   - Quantizing single_transformer_blocks.27.attn.to_k (inputs)
25-12-30 13:27:01 | D |   - Quantizing single_transformer_blocks.27.attn.to_v (inputs)
25-12-30 13:27:01 | D |   - Quantizing single_transformer_blocks.27.proj_out.linears.0 (inputs)
25-12-30 13:27:01 | D |   - Quantizing single_transformer_blocks.27.proj_mlp (inputs)
25-12-30 13:27:01 | D |   - Quantizing single_transformer_blocks.27.proj_out.linears.1 (inputs)
25-12-30 13:27:01 | D |   - Quantizing single_transformer_blocks.28.attn.to_q (inputs)
25-12-30 13:27:01 | D |   - Quantizing single_transformer_blocks.28.attn.to_k (inputs)
25-12-30 13:27:01 | D |   - Quantizing single_transformer_blocks.28.attn.to_v (inputs)
25-12-30 13:27:01 | D |   - Quantizing single_transformer_blocks.28.proj_out.linears.0 (inputs)
25-12-30 13:27:01 | D |   - Quantizing single_transformer_blocks.28.proj_mlp (inputs)
25-12-30 13:27:01 | D |   - Quantizing single_transformer_blocks.28.proj_out.linears.1 (inputs)
25-12-30 13:27:01 | D |   - Quantizing single_transformer_blocks.29.attn.to_q (inputs)
25-12-30 13:27:01 | D |   - Quantizing single_transformer_blocks.29.attn.to_k (inputs)
25-12-30 13:27:01 | D |   - Quantizing single_transformer_blocks.29.attn.to_v (inputs)
25-12-30 13:27:01 | D |   - Quantizing single_transformer_blocks.29.proj_out.linears.0 (inputs)
25-12-30 13:27:01 | D |   - Quantizing single_transformer_blocks.29.proj_mlp (inputs)
25-12-30 13:27:01 | D |   - Quantizing single_transformer_blocks.29.proj_out.linears.1 (inputs)
25-12-30 13:27:01 | D |   - Quantizing single_transformer_blocks.30.attn.to_q (inputs)
25-12-30 13:27:01 | D |   - Quantizing single_transformer_blocks.30.attn.to_k (inputs)
25-12-30 13:27:01 | D |   - Quantizing single_transformer_blocks.30.attn.to_v (inputs)
25-12-30 13:27:01 | D |   - Quantizing single_transformer_blocks.30.proj_out.linears.0 (inputs)
25-12-30 13:27:01 | D |   - Quantizing single_transformer_blocks.30.proj_mlp (inputs)
25-12-30 13:27:01 | D |   - Quantizing single_transformer_blocks.30.proj_out.linears.1 (inputs)
25-12-30 13:27:01 | D |   - Quantizing single_transformer_blocks.31.attn.to_q (inputs)
25-12-30 13:27:01 | D |   - Quantizing single_transformer_blocks.31.attn.to_k (inputs)
25-12-30 13:27:01 | D |   - Quantizing single_transformer_blocks.31.attn.to_v (inputs)
25-12-30 13:27:01 | D |   - Quantizing single_transformer_blocks.31.proj_out.linears.0 (inputs)
25-12-30 13:27:01 | D |   - Quantizing single_transformer_blocks.31.proj_mlp (inputs)
25-12-30 13:27:01 | D |   - Quantizing single_transformer_blocks.31.proj_out.linears.1 (inputs)
25-12-30 13:27:01 | D |   - Quantizing single_transformer_blocks.32.attn.to_q (inputs)
25-12-30 13:27:01 | D |   - Quantizing single_transformer_blocks.32.attn.to_k (inputs)
25-12-30 13:27:01 | D |   - Quantizing single_transformer_blocks.32.attn.to_v (inputs)
25-12-30 13:27:01 | D |   - Quantizing single_transformer_blocks.32.proj_out.linears.0 (inputs)
25-12-30 13:27:01 | D |   - Quantizing single_transformer_blocks.32.proj_mlp (inputs)
25-12-30 13:27:01 | D |   - Quantizing single_transformer_blocks.32.proj_out.linears.1 (inputs)
25-12-30 13:27:01 | D |   - Quantizing single_transformer_blocks.33.attn.to_q (inputs)
25-12-30 13:27:01 | D |   - Quantizing single_transformer_blocks.33.attn.to_k (inputs)
25-12-30 13:27:01 | D |   - Quantizing single_transformer_blocks.33.attn.to_v (inputs)
25-12-30 13:27:01 | D |   - Quantizing single_transformer_blocks.33.proj_out.linears.0 (inputs)
25-12-30 13:27:01 | D |   - Quantizing single_transformer_blocks.33.proj_mlp (inputs)
25-12-30 13:27:01 | D |   - Quantizing single_transformer_blocks.33.proj_out.linears.1 (inputs)
25-12-30 13:27:01 | D |   - Quantizing single_transformer_blocks.34.attn.to_q (inputs)
25-12-30 13:27:01 | D |   - Quantizing single_transformer_blocks.34.attn.to_k (inputs)
25-12-30 13:27:01 | D |   - Quantizing single_transformer_blocks.34.attn.to_v (inputs)
25-12-30 13:27:01 | D |   - Quantizing single_transformer_blocks.34.proj_out.linears.0 (inputs)
25-12-30 13:27:01 | D |   - Quantizing single_transformer_blocks.34.proj_mlp (inputs)
25-12-30 13:27:01 | D |   - Quantizing single_transformer_blocks.34.proj_out.linears.1 (inputs)
25-12-30 13:27:01 | D |   - Quantizing single_transformer_blocks.35.attn.to_q (inputs)
25-12-30 13:27:01 | D |   - Quantizing single_transformer_blocks.35.attn.to_k (inputs)
25-12-30 13:27:01 | D |   - Quantizing single_transformer_blocks.35.attn.to_v (inputs)
25-12-30 13:27:01 | D |   - Quantizing single_transformer_blocks.35.proj_out.linears.0 (inputs)
25-12-30 13:27:01 | D |   - Quantizing single_transformer_blocks.35.proj_mlp (inputs)
25-12-30 13:27:01 | D |   - Quantizing single_transformer_blocks.35.proj_out.linears.1 (inputs)
25-12-30 13:27:01 | D |   - Quantizing single_transformer_blocks.36.attn.to_q (inputs)
25-12-30 13:27:01 | D |   - Quantizing single_transformer_blocks.36.attn.to_k (inputs)
25-12-30 13:27:01 | D |   - Quantizing single_transformer_blocks.36.attn.to_v (inputs)
25-12-30 13:27:01 | D |   - Quantizing single_transformer_blocks.36.proj_out.linears.0 (inputs)
25-12-30 13:27:01 | D |   - Quantizing single_transformer_blocks.36.proj_mlp (inputs)
25-12-30 13:27:01 | D |   - Quantizing single_transformer_blocks.36.proj_out.linears.1 (inputs)
25-12-30 13:27:01 | D |   - Quantizing single_transformer_blocks.37.attn.to_q (inputs)
25-12-30 13:27:01 | D |   - Quantizing single_transformer_blocks.37.attn.to_k (inputs)
25-12-30 13:27:01 | D |   - Quantizing single_transformer_blocks.37.attn.to_v (inputs)
25-12-30 13:27:01 | D |   - Quantizing single_transformer_blocks.37.proj_out.linears.0 (inputs)
25-12-30 13:27:01 | D |   - Quantizing single_transformer_blocks.37.proj_mlp (inputs)
25-12-30 13:27:01 | D |   - Quantizing single_transformer_blocks.37.proj_out.linears.1 (inputs)
25-12-30 13:27:01 | I | * Evaluating model 
25-12-30 13:27:01 | D |   Attempting to acquire lock 140656500935280 on /home/jby_25113050052/.cache/huggingface/modules/datasets_modules/datasets/DCI.lock
25-12-30 13:27:01 | D |   Lock 140656500935280 acquired on /home/jby_25113050052/.cache/huggingface/modules/datasets_modules/datasets/DCI.lock
25-12-30 13:27:01 | D |   Attempting to release lock 140656500935280 on /home/jby_25113050052/.cache/huggingface/modules/datasets_modules/datasets/DCI.lock
25-12-30 13:27:01 | D |   Lock 140656500935280 released on /home/jby_25113050052/.cache/huggingface/modules/datasets_modules/datasets/DCI.lock
25-12-30 13:27:01 | D |   Attempting to acquire lock 140656532199072 on /home/jby_25113050052/.cache/huggingface/datasets/_home_jby_25113050052_.cache_huggingface_datasets_dci_sDCI-7d12c30b2f72690f_0.0.0_9e04349f13893c20340ed6645814659e88e9e857e3f3b59059e920b452f253af.lock
25-12-30 13:27:01 | D |   Lock 140656532199072 acquired on /home/jby_25113050052/.cache/huggingface/datasets/_home_jby_25113050052_.cache_huggingface_datasets_dci_sDCI-7d12c30b2f72690f_0.0.0_9e04349f13893c20340ed6645814659e88e9e857e3f3b59059e920b452f253af.lock
25-12-30 13:27:01 | D |   open file: /home/jby_25113050052/.cache/huggingface/datasets/dci/sDCI-7d12c30b2f72690f/0.0.0/9e04349f13893c20340ed6645814659e88e9e857e3f3b59059e920b452f253af/dataset_info.json
25-12-30 13:27:01 | D |   Attempting to release lock 140656532199072 on /home/jby_25113050052/.cache/huggingface/datasets/_home_jby_25113050052_.cache_huggingface_datasets_dci_sDCI-7d12c30b2f72690f_0.0.0_9e04349f13893c20340ed6645814659e88e9e857e3f3b59059e920b452f253af.lock
25-12-30 13:27:01 | D |   Lock 140656532199072 released on /home/jby_25113050052/.cache/huggingface/datasets/_home_jby_25113050052_.cache_huggingface_datasets_dci_sDCI-7d12c30b2f72690f_0.0.0_9e04349f13893c20340ed6645814659e88e9e857e3f3b59059e920b452f253af.lock
25-12-30 13:27:01 | D |   Attempting to acquire lock 140656532532320 on /home/jby_25113050052/.cache/huggingface/modules/datasets_modules/datasets/DCI.lock
25-12-30 13:27:01 | D |   Lock 140656532532320 acquired on /home/jby_25113050052/.cache/huggingface/modules/datasets_modules/datasets/DCI.lock
25-12-30 13:27:01 | D |   Attempting to release lock 140656532532320 on /home/jby_25113050052/.cache/huggingface/modules/datasets_modules/datasets/DCI.lock
25-12-30 13:27:01 | D |   Lock 140656532532320 released on /home/jby_25113050052/.cache/huggingface/modules/datasets_modules/datasets/DCI.lock
25-12-30 13:27:01 | D |   Attempting to acquire lock 140669189389488 on /home/jby_25113050052/.cache/huggingface/datasets/dci/sDCI-7d12c30b2f72690f/0.0.0/9e04349f13893c20340ed6645814659e88e9e857e3f3b59059e920b452f253af_builder.lock
25-12-30 13:27:01 | D |   Lock 140669189389488 acquired on /home/jby_25113050052/.cache/huggingface/datasets/dci/sDCI-7d12c30b2f72690f/0.0.0/9e04349f13893c20340ed6645814659e88e9e857e3f3b59059e920b452f253af_builder.lock
25-12-30 13:27:01 | D |   open file: /home/jby_25113050052/.cache/huggingface/datasets/dci/sDCI-7d12c30b2f72690f/0.0.0/9e04349f13893c20340ed6645814659e88e9e857e3f3b59059e920b452f253af/dataset_info.json
25-12-30 13:27:01 | D |   Attempting to release lock 140669189389488 on /home/jby_25113050052/.cache/huggingface/datasets/dci/sDCI-7d12c30b2f72690f/0.0.0/9e04349f13893c20340ed6645814659e88e9e857e3f3b59059e920b452f253af_builder.lock
25-12-30 13:27:01 | D |   Lock 140669189389488 released on /home/jby_25113050052/.cache/huggingface/datasets/dci/sDCI-7d12c30b2f72690f/0.0.0/9e04349f13893c20340ed6645814659e88e9e857e3f3b59059e920b452f253af_builder.lock
25-12-30 13:27:01 | I |     sDCI has 1024 samples (chunk_start=0, chunk_step=1, unchunk_size=1024)
25-12-30 15:10:22 | D |   Attempting to acquire lock 140656532532416 on /home/jby_25113050052/.cache/huggingface/modules/datasets_modules/datasets/DCI.lock
25-12-30 15:10:22 | D |   Lock 140656532532416 acquired on /home/jby_25113050052/.cache/huggingface/modules/datasets_modules/datasets/DCI.lock
25-12-30 15:10:22 | D |   Attempting to release lock 140656532532416 on /home/jby_25113050052/.cache/huggingface/modules/datasets_modules/datasets/DCI.lock
25-12-30 15:10:22 | D |   Lock 140656532532416 released on /home/jby_25113050052/.cache/huggingface/modules/datasets_modules/datasets/DCI.lock
25-12-30 15:10:22 | D |   Attempting to acquire lock 140656532529488 on /home/jby_25113050052/.cache/huggingface/datasets/_home_jby_25113050052_.cache_huggingface_datasets_dci_sDCI-68d8c979dbde77b1_0.0.0_9e04349f13893c20340ed6645814659e88e9e857e3f3b59059e920b452f253af.lock
25-12-30 15:10:22 | D |   Lock 140656532529488 acquired on /home/jby_25113050052/.cache/huggingface/datasets/_home_jby_25113050052_.cache_huggingface_datasets_dci_sDCI-68d8c979dbde77b1_0.0.0_9e04349f13893c20340ed6645814659e88e9e857e3f3b59059e920b452f253af.lock
25-12-30 15:10:22 | D |   open file: /home/jby_25113050052/.cache/huggingface/datasets/dci/sDCI-68d8c979dbde77b1/0.0.0/9e04349f13893c20340ed6645814659e88e9e857e3f3b59059e920b452f253af/dataset_info.json
25-12-30 15:10:22 | D |   Attempting to release lock 140656532529488 on /home/jby_25113050052/.cache/huggingface/datasets/_home_jby_25113050052_.cache_huggingface_datasets_dci_sDCI-68d8c979dbde77b1_0.0.0_9e04349f13893c20340ed6645814659e88e9e857e3f3b59059e920b452f253af.lock
25-12-30 15:10:22 | D |   Lock 140656532529488 released on /home/jby_25113050052/.cache/huggingface/datasets/_home_jby_25113050052_.cache_huggingface_datasets_dci_sDCI-68d8c979dbde77b1_0.0.0_9e04349f13893c20340ed6645814659e88e9e857e3f3b59059e920b452f253af.lock
25-12-30 15:10:22 | D |   Attempting to acquire lock 140655960501104 on /home/jby_25113050052/.cache/huggingface/modules/datasets_modules/datasets/DCI.lock
25-12-30 15:10:22 | D |   Lock 140655960501104 acquired on /home/jby_25113050052/.cache/huggingface/modules/datasets_modules/datasets/DCI.lock
25-12-30 15:10:22 | D |   Attempting to release lock 140655960501104 on /home/jby_25113050052/.cache/huggingface/modules/datasets_modules/datasets/DCI.lock
25-12-30 15:10:22 | D |   Lock 140655960501104 released on /home/jby_25113050052/.cache/huggingface/modules/datasets_modules/datasets/DCI.lock
25-12-30 15:10:22 | D |   Attempting to acquire lock 140656500935280 on /home/jby_25113050052/.cache/huggingface/datasets/dci/sDCI-68d8c979dbde77b1/0.0.0/9e04349f13893c20340ed6645814659e88e9e857e3f3b59059e920b452f253af_builder.lock
25-12-30 15:10:22 | D |   Lock 140656500935280 acquired on /home/jby_25113050052/.cache/huggingface/datasets/dci/sDCI-68d8c979dbde77b1/0.0.0/9e04349f13893c20340ed6645814659e88e9e857e3f3b59059e920b452f253af_builder.lock
25-12-30 15:10:22 | D |   open file: /home/jby_25113050052/.cache/huggingface/datasets/dci/sDCI-68d8c979dbde77b1/0.0.0/9e04349f13893c20340ed6645814659e88e9e857e3f3b59059e920b452f253af/dataset_info.json
25-12-30 15:10:22 | D |   Attempting to release lock 140656500935280 on /home/jby_25113050052/.cache/huggingface/datasets/dci/sDCI-68d8c979dbde77b1/0.0.0/9e04349f13893c20340ed6645814659e88e9e857e3f3b59059e920b452f253af_builder.lock
25-12-30 15:10:22 | D |   Lock 140656500935280 released on /home/jby_25113050052/.cache/huggingface/datasets/dci/sDCI-68d8c979dbde77b1/0.0.0/9e04349f13893c20340ed6645814659e88e9e857e3f3b59059e920b452f253af_builder.lock
25-12-30 15:10:22 | D |   Resetting dropped connection: hf-mirror.com
25-12-30 15:10:22 | D |   https://hf-mirror.com:443 "HEAD /openai/clip-vit-large-patch14/resolve/main/config.json HTTP/1.1" 307 0
25-12-30 15:10:22 | D |   https://hf-mirror.com:443 "HEAD /api/resolve-cache/models/openai/clip-vit-large-patch14/32bd64288804d66eefd0ccbe215aa642df71cc41/config.json HTTP/1.1" 200 0
25-12-30 15:10:23 | D |   https://hf-mirror.com:443 "HEAD /openai/clip-vit-large-patch14/resolve/main/config.json HTTP/1.1" 307 0
25-12-30 15:10:23 | D |   https://hf-mirror.com:443 "HEAD /api/resolve-cache/models/openai/clip-vit-large-patch14/32bd64288804d66eefd0ccbe215aa642df71cc41/config.json HTTP/1.1" 200 0
25-12-30 15:10:24 | D |   https://hf-mirror.com:443 "HEAD /openai/clip-vit-large-patch14/resolve/main/preprocessor_config.json HTTP/1.1" 307 0
25-12-30 15:10:24 | D |   https://hf-mirror.com:443 "HEAD /api/resolve-cache/models/openai/clip-vit-large-patch14/32bd64288804d66eefd0ccbe215aa642df71cc41/preprocessor_config.json HTTP/1.1" 200 0
25-12-30 15:10:24 | D |   https://hf-mirror.com:443 "HEAD /openai/clip-vit-large-patch14/resolve/main/tokenizer_config.json HTTP/1.1" 307 0
25-12-30 15:10:25 | D |   https://hf-mirror.com:443 "HEAD /api/resolve-cache/models/openai/clip-vit-large-patch14/32bd64288804d66eefd0ccbe215aa642df71cc41/tokenizer_config.json HTTP/1.1" 200 0
25-12-30 15:10:25 | D |   https://hf-mirror.com:443 "GET /api/models/openai/clip-vit-large-patch14/tree/main/additional_chat_templates?recursive=False&expand=False HTTP/1.1" 404 64
25-12-30 15:10:26 | D |   https://hf-mirror.com:443 "GET /api/models/openai/clip-vit-large-patch14/tree/main/additional_chat_templates?recursive=False&expand=False HTTP/1.1" 404 64
25-12-30 15:10:26 | D |   https://hf-mirror.com:443 "HEAD /openai/clip-vit-large-patch14/resolve/main/processor_config.json HTTP/1.1" 404 0
25-12-30 15:10:26 | D |   https://hf-mirror.com:443 "HEAD /openai/clip-vit-large-patch14/resolve/main/chat_template.json HTTP/1.1" 404 0
25-12-30 15:10:27 | D |   https://hf-mirror.com:443 "HEAD /openai/clip-vit-large-patch14/resolve/main/chat_template.jinja HTTP/1.1" 404 0
25-12-30 15:10:28 | D |   https://hf-mirror.com:443 "HEAD /openai/clip-vit-large-patch14/resolve/main/audio_tokenizer_config.json HTTP/1.1" 404 0
25-12-30 15:10:30 | D |   https://hf-mirror.com:443 "HEAD /openai/clip-vit-large-patch14/resolve/main/config.json HTTP/1.1" 307 0
25-12-30 15:10:30 | D |   https://hf-mirror.com:443 "HEAD /api/resolve-cache/models/openai/clip-vit-large-patch14/32bd64288804d66eefd0ccbe215aa642df71cc41/config.json HTTP/1.1" 200 0
25-12-30 15:10:31 | D |   https://hf-mirror.com:443 "HEAD /openai/clip-vit-large-patch14/resolve/main/config.json HTTP/1.1" 307 0
25-12-30 15:10:32 | D |   https://hf-mirror.com:443 "HEAD /api/resolve-cache/models/openai/clip-vit-large-patch14/32bd64288804d66eefd0ccbe215aa642df71cc41/config.json HTTP/1.1" 200 0
25-12-30 15:10:32 | D |   https://hf-mirror.com:443 "HEAD /openai/clip-vit-large-patch14/resolve/main/preprocessor_config.json HTTP/1.1" 307 0
25-12-30 15:10:33 | D |   https://hf-mirror.com:443 "HEAD /api/resolve-cache/models/openai/clip-vit-large-patch14/32bd64288804d66eefd0ccbe215aa642df71cc41/preprocessor_config.json HTTP/1.1" 200 0
25-12-30 15:10:34 | D |   https://hf-mirror.com:443 "HEAD /openai/clip-vit-large-patch14/resolve/main/tokenizer_config.json HTTP/1.1" 307 0
25-12-30 15:10:34 | D |   https://hf-mirror.com:443 "HEAD /api/resolve-cache/models/openai/clip-vit-large-patch14/32bd64288804d66eefd0ccbe215aa642df71cc41/tokenizer_config.json HTTP/1.1" 200 0
25-12-30 15:10:36 | D |   https://hf-mirror.com:443 "GET /api/models/openai/clip-vit-large-patch14/tree/main/additional_chat_templates?recursive=False&expand=False HTTP/1.1" 404 64
25-12-30 15:10:36 | D |   https://hf-mirror.com:443 "GET /api/models/openai/clip-vit-large-patch14/tree/main/additional_chat_templates?recursive=False&expand=False HTTP/1.1" 404 64
25-12-30 15:10:37 | D |   https://hf-mirror.com:443 "HEAD /openai/clip-vit-large-patch14/resolve/main/processor_config.json HTTP/1.1" 404 0
25-12-30 15:10:37 | D |   https://hf-mirror.com:443 "HEAD /openai/clip-vit-large-patch14/resolve/main/chat_template.json HTTP/1.1" 404 0
25-12-30 15:10:37 | D |   https://hf-mirror.com:443 "HEAD /openai/clip-vit-large-patch14/resolve/main/chat_template.jinja HTTP/1.1" 404 0
25-12-30 15:10:38 | D |   https://hf-mirror.com:443 "HEAD /openai/clip-vit-large-patch14/resolve/main/audio_tokenizer_config.json HTTP/1.1" 404 0
25-12-30 15:18:22 | I | * Saving results to runs/diffusion/flux.1/flux.1-schnell/w.4-x.4-y.16-w.4/w.sfp4_e2m1_all-x.sfp4_e2m1_all-y.bf16-w.sint4/w.v16.sfp8_e4m3_nan.tsnr.bf16-x.v16.sfp8_e4m3_nan-y.tnsr.bf16-w.v64.bf16/smooth.proj-w.static.lowrank/skip.x.[[w]+tan+tn].w.[e+rs+rtp+s+tpi+tpo]-extra.[tan+tn]-low.r32.i100.e.skip.[rc+tan+tn]-smth.proj.GridSearch.bn2.[AbsMax].lr.skip.[rc+tan+tn]-qdiff.128-t4.g0-s1024/run-251230.131622
