25-12-26 16:38:06 | I | === Configurations ===
25-12-26 16:38:06 | I | DiffusionPtqRunConfig(
25-12-26 16:38:06 | I |   cache=DiffusionPtqCacheConfig(
25-12-26 16:38:06 | I |     root=runs,
25-12-26 16:38:06 | I |     dirpath=DiffusionQuantCacheConfig(smooth='runs/diffusion/cache/quant/qdiff.128/smooth/w.4-x.4-y.16/w.sint4-x.sint4.u-y.bf16/w.v64.bf16-x.v64.bf16-y.tnsr.bf16/w.skip.[e+rs+rtp+s+tpi+tpo]-x.skip.[e+rs+rtp+s+tan+tn+tpi+tpo]-y.skip.[]/shift/lowrank.r32/smooth.proj.OutputsError.GridSearch.Layer.d2.en1.sn1/smooth.proj.[a.AbsMax.b.AbsMax]/smooth.proj.g20.bn2.lr.nf/smooth.proj.skip.[rc+tan+tn]', branch='runs/diffusion/cache/quant/qdiff.128/branch/w.4-x.4-y.16/w.sint4-x.sint4.u-y.bf16/w.v64.bf16-x.v64.bf16-y.tnsr.bf16/w.skip.[e+rs+rtp+s+tpi+tpo]-x.skip.[e+rs+rtp+s+tan+tn+tpi+tpo]-y.skip.[]/shift/lowrank.r32/smooth.proj.OutputsError.GridSearch.Layer.d2.en1.sn1/smooth.proj.[a.AbsMax.b.AbsMax]/smooth.proj.g20.bn2.lr.nf/smooth.proj.skip.[rc+tan+tn]/lowrank.OutputsError.Manual.Layer.d2.en1.sn1/lowrank.i100.r32.earlystop/lowrank.skip.[rc+tan+tn]', wgts='', acts=''),
25-12-26 16:38:06 | I |     path=DiffusionQuantCacheConfig(smooth='runs/diffusion/cache/quant/qdiff.128/smooth/w.4-x.4-y.16/w.sint4-x.sint4.u-y.bf16/w.v64.bf16-x.v64.bf16-y.tnsr.bf16/w.skip.[e+rs+rtp+s+tpi+tpo]-x.skip.[e+rs+rtp+s+tan+tn+tpi+tpo]-y.skip.[]/shift/lowrank.r32/smooth.proj.OutputsError.GridSearch.Layer.d2.en1.sn1/smooth.proj.[a.AbsMax.b.AbsMax]/smooth.proj.g20.bn2.lr.nf/smooth.proj.skip.[rc+tan+tn]/flux.1-schnell.pt', branch='runs/diffusion/cache/quant/qdiff.128/branch/w.4-x.4-y.16/w.sint4-x.sint4.u-y.bf16/w.v64.bf16-x.v64.bf16-y.tnsr.bf16/w.skip.[e+rs+rtp+s+tpi+tpo]-x.skip.[e+rs+rtp+s+tan+tn+tpi+tpo]-y.skip.[]/shift/lowrank.r32/smooth.proj.OutputsError.GridSearch.Layer.d2.en1.sn1/smooth.proj.[a.AbsMax.b.AbsMax]/smooth.proj.g20.bn2.lr.nf/smooth.proj.skip.[rc+tan+tn]/lowrank.OutputsError.Manual.Layer.d2.en1.sn1/lowrank.i100.r32.earlystop/lowrank.skip.[rc+tan+tn]/flux.1-schnell.pt', wgts='', acts='')),
25-12-26 16:38:06 | I |   output=OutputConfig(
25-12-26 16:38:06 | I |     root=runs,
25-12-26 16:38:06 | I |     dirname=shift-skip.x.[[w]+tan+tn].w.[e+rs+rtp+s+tpi+tpo]-low.r32.i100.e.skip.[rc+tan+tn]-smth.proj.GridSearch.bn2.[AbsMax].lr.skip.[rc+tan+tn]-qdiff.128-t4.g0-s1024,
25-12-26 16:38:06 | I |     job=run,
25-12-26 16:38:06 | I |     dirpath=runs/diffusion/flux.1/flux.1-schnell/w.4-x.4-y.16/w.sint4-x.sint4.u-y.bf16/w.v64.bf16-x.v64.bf16-y.tnsr.bf16/smooth.proj-w.static.lowrank/shift-skip.x.[[w]+tan+tn].w.[e+rs+rtp+s+tpi+tpo]-low.r32.i100.e.skip.[rc+tan+tn]-smth.proj.GridSearch.bn2.[AbsMax].lr.skip.[rc+tan+tn]-qdiff.128-t4.g0-s1024,
25-12-26 16:38:06 | I |     timestamp=251226.163806),
25-12-26 16:38:06 | I |   pipeline=DiffusionPipelineConfig(
25-12-26 16:38:06 | I |     name=flux.1-schnell,
25-12-26 16:38:06 | I |     path=,
25-12-26 16:38:06 | I |     dtype=torch.bfloat16,
25-12-26 16:38:06 | I |     device=cuda,
25-12-26 16:38:06 | I |     shift_activations=True,
25-12-26 16:38:06 | I |     lora=None,
25-12-26 16:38:06 | I |     family=flux.1,
25-12-26 16:38:06 | I |     task=text-to-image),
25-12-26 16:38:06 | I |   eval=DiffusionEvalConfig(
25-12-26 16:38:06 | I |     protocol=fmeuler4-g0,
25-12-26 16:38:06 | I |     num_gpus=1,
25-12-26 16:38:06 | I |     batch_size=1,
25-12-26 16:38:06 | I |     batch_size_per_gpu=1,
25-12-26 16:38:06 | I |     height=None,
25-12-26 16:38:06 | I |     width=None,
25-12-26 16:38:06 | I |     clean_caption=None,
25-12-26 16:38:06 | I |     num_steps=4,
25-12-26 16:38:06 | I |     guidance_scale=0,
25-12-26 16:38:06 | I |     num_samples=1024,
25-12-26 16:38:06 | I |     benchmarks=['MJHQ'],
25-12-26 16:38:06 | I |     gt_metrics=['clip_iqa', 'clip_score', 'image_reward', 'fid'],
25-12-26 16:38:06 | I |     ref_metrics=['psnr', 'lpips', 'ssim', 'fid'],
25-12-26 16:38:06 | I |     gen_root={output}/{job},
25-12-26 16:38:06 | I |     ref_root=/cpfs01/projects-HDD/cfff-4da39d3c1e4e_HDD/jby_25113050052/projects/deepcompressor/examples/diffusion/baselines/torch.bfloat16/flux.1-schnell/fmeuler4-g0,
25-12-26 16:38:06 | I |     gt_stats_root=benchmarks/stats,
25-12-26 16:38:06 | I |     control_root=benchmarks,
25-12-26 16:38:06 | I |     chunk_start=0,
25-12-26 16:38:06 | I |     chunk_step=1,
25-12-26 16:38:06 | I |     chunk_only=False),
25-12-26 16:38:06 | I |   quant=DiffusionQuantConfig(
25-12-26 16:38:06 | I |     wgts=DiffusionWeightQuantizerConfig(
25-12-26 16:38:06 | I |       dtype=sint4,
25-12-26 16:38:06 | I |       zero_point=None,
25-12-26 16:38:06 | I |       group_shapes=((1, 64, 1),),
25-12-26 16:38:06 | I |       scale_dtypes=(None,),
25-12-26 16:38:06 | I |       static=True,
25-12-26 16:38:06 | I |       kernel_gptq=None,
25-12-26 16:38:06 | I |       low_rank=SkipBasedQuantLowRankCalibConfig(
25-12-26 16:38:06 | I |         rank=32,
25-12-26 16:38:06 | I |         exclusive=False,
25-12-26 16:38:06 | I |         compensate=False,
25-12-26 16:38:06 | I |         degree=2,
25-12-26 16:38:06 | I |         objective=SearchBasedCalibObjective.OutputsError,
25-12-26 16:38:06 | I |         strategy=SearchBasedCalibStrategy.Manual,
25-12-26 16:38:06 | I |         granularity=SearchBasedCalibGranularity.Layer,
25-12-26 16:38:06 | I |         element_batch_size=-1,
25-12-26 16:38:06 | I |         sample_batch_size=32,
25-12-26 16:38:06 | I |         element_size=-1,
25-12-26 16:38:06 | I |         sample_size=-1,
25-12-26 16:38:06 | I |         pre_reshape=True,
25-12-26 16:38:06 | I |         outputs_device=cpu,
25-12-26 16:38:06 | I |         num_iters=100,
25-12-26 16:38:06 | I |         early_stop=True,
25-12-26 16:38:06 | I |         skips=['down_resblock_conv', 'down_transformer_add_norm', 'down_transformer_norm', 'mid_resblock_conv', 'mid_transformer_add_norm', 'mid_transformer_norm', 'transformer_add_norm', 'transformer_norm', 'up_resblock_conv', 'up_transformer_add_norm', 'up_transformer_norm']),
25-12-26 16:38:06 | I |       calib_range=SkipBasedDynamicRangeCalibConfig(
25-12-26 16:38:06 | I |         degree=2,
25-12-26 16:38:06 | I |         objective=SearchBasedCalibObjective.OutputsError,
25-12-26 16:38:06 | I |         strategy=SearchBasedCalibStrategy.Manual,
25-12-26 16:38:06 | I |         granularity=SearchBasedCalibGranularity.Layer,
25-12-26 16:38:06 | I |         element_batch_size=-1,
25-12-26 16:38:06 | I |         sample_batch_size=32,
25-12-26 16:38:06 | I |         element_size=-1,
25-12-26 16:38:06 | I |         sample_size=-1,
25-12-26 16:38:06 | I |         pre_reshape=True,
25-12-26 16:38:06 | I |         outputs_device=cpu,
25-12-26 16:38:06 | I |         ratio=1.0,
25-12-26 16:38:06 | I |         max_shrink=0.2,
25-12-26 16:38:06 | I |         max_expand=1.0,
25-12-26 16:38:06 | I |         num_grids=80,
25-12-26 16:38:06 | I |         allow_scale=False,
25-12-26 16:38:06 | I |         skips=[]),
25-12-26 16:38:06 | I |       skips=['down_resblock_shortcut', 'down_resblock_time_proj', 'down_sample', 'down_transformer_proj_in', 'down_transformer_proj_out', 'input_embed', 'mid_resblock_shortcut', 'mid_resblock_time_proj', 'mid_transformer_proj_in', 'mid_transformer_proj_out', 'output_embed', 'text_embed', 'time_embed', 'up_resblock_shortcut', 'up_resblock_time_proj', 'up_sample', 'up_transformer_proj_in', 'up_transformer_proj_out']),
25-12-26 16:38:06 | I |     ipts=DiffusionActivationQuantizerConfig(
25-12-26 16:38:06 | I |       dtype=sint4,
25-12-26 16:38:06 | I |       zero_point=None,
25-12-26 16:38:06 | I |       group_shapes=((1, 64, 1),),
25-12-26 16:38:06 | I |       scale_dtypes=(None,),
25-12-26 16:38:06 | I |       static=False,
25-12-26 16:38:06 | I |       kernel_gptq=None,
25-12-26 16:38:06 | I |       low_rank=None,
25-12-26 16:38:06 | I |       calib_range=None,
25-12-26 16:38:06 | I |       skips=['down_resblock_shortcut', 'down_resblock_time_proj', 'down_sample', 'down_transformer_add_norm', 'down_transformer_norm', 'down_transformer_proj_in', 'down_transformer_proj_out', 'input_embed', 'mid_resblock_shortcut', 'mid_resblock_time_proj', 'mid_transformer_add_norm', 'mid_transformer_norm', 'mid_transformer_proj_in', 'mid_transformer_proj_out', 'output_embed', 'text_embed', 'time_embed', 'transformer_add_norm', 'transformer_norm', 'up_resblock_shortcut', 'up_resblock_time_proj', 'up_sample', 'up_transformer_add_norm', 'up_transformer_norm', 'up_transformer_proj_in', 'up_transformer_proj_out'],
25-12-26 16:38:06 | I |       allow_unsigned=True),
25-12-26 16:38:06 | I |     opts=DiffusionActivationQuantizerConfig(
25-12-26 16:38:06 | I |       dtype=None,
25-12-26 16:38:06 | I |       zero_point=None,
25-12-26 16:38:06 | I |       group_shapes=((-1, -1, -1),),
25-12-26 16:38:06 | I |       scale_dtypes=(None,),
25-12-26 16:38:06 | I |       static=False,
25-12-26 16:38:06 | I |       kernel_gptq=None,
25-12-26 16:38:06 | I |       low_rank=None,
25-12-26 16:38:06 | I |       calib_range=None,
25-12-26 16:38:06 | I |       skips=[],
25-12-26 16:38:06 | I |       allow_unsigned=False),
25-12-26 16:38:06 | I |     extra_wgts=None,
25-12-26 16:38:06 | I |     unsigned_ipts=DiffusionActivationQuantizerConfig(
25-12-26 16:38:06 | I |       dtype=uint4,
25-12-26 16:38:06 | I |       zero_point=None,
25-12-26 16:38:06 | I |       group_shapes=((1, 64, 1),),
25-12-26 16:38:06 | I |       scale_dtypes=(None,),
25-12-26 16:38:06 | I |       static=False,
25-12-26 16:38:06 | I |       kernel_gptq=None,
25-12-26 16:38:06 | I |       low_rank=None,
25-12-26 16:38:06 | I |       calib_range=None,
25-12-26 16:38:06 | I |       skips=['down_resblock_shortcut', 'down_resblock_time_proj', 'down_sample', 'down_transformer_add_norm', 'down_transformer_norm', 'down_transformer_proj_in', 'down_transformer_proj_out', 'input_embed', 'mid_resblock_shortcut', 'mid_resblock_time_proj', 'mid_transformer_add_norm', 'mid_transformer_norm', 'mid_transformer_proj_in', 'mid_transformer_proj_out', 'output_embed', 'text_embed', 'time_embed', 'transformer_add_norm', 'transformer_norm', 'up_resblock_shortcut', 'up_resblock_time_proj', 'up_sample', 'up_transformer_add_norm', 'up_transformer_norm', 'up_transformer_proj_in', 'up_transformer_proj_out'],
25-12-26 16:38:06 | I |       allow_unsigned=True),
25-12-26 16:38:06 | I |     calib=DiffusionCalibCacheLoaderConfig(
25-12-26 16:38:06 | I |       data=qdiff,
25-12-26 16:38:06 | I |       num_samples=128,
25-12-26 16:38:06 | I |       batch_size=16,
25-12-26 16:38:06 | I |       path=/cpfs01/projects-HDD/cfff-4da39d3c1e4e_HDD/jby_25113050052/projects/deepcompressor/examples/diffusion/datasets/torch.bfloat16/flux.1-schnell/fmeuler4-g0/qdiff/s128,
25-12-26 16:38:06 | I |       num_workers=8),
25-12-26 16:38:06 | I |     rotation=None,
25-12-26 16:38:06 | I |     smooth=SmoothTransfomerConfig(
25-12-26 16:38:06 | I |       proj=SkipBasedSmoothCalibConfig(
25-12-26 16:38:06 | I |         degree=2,
25-12-26 16:38:06 | I |         objective=SearchBasedCalibObjective.OutputsError,
25-12-26 16:38:06 | I |         strategy=SearchBasedCalibStrategy.GridSearch,
25-12-26 16:38:06 | I |         granularity=SearchBasedCalibGranularity.Layer,
25-12-26 16:38:06 | I |         element_batch_size=-1,
25-12-26 16:38:06 | I |         sample_batch_size=32,
25-12-26 16:38:06 | I |         element_size=-1,
25-12-26 16:38:06 | I |         sample_size=-1,
25-12-26 16:38:06 | I |         pre_reshape=True,
25-12-26 16:38:06 | I |         outputs_device=cpu,
25-12-26 16:38:06 | I |         fuse_when_possible=False,
25-12-26 16:38:06 | I |         allow_a_quant=True,
25-12-26 16:38:06 | I |         allow_b_quant=True,
25-12-26 16:38:06 | I |         spans=[(<SmoothSpanMode.AbsMax: 1>, <SmoothSpanMode.AbsMax: 1>)],
25-12-26 16:38:06 | I |         a_spans=[<SmoothSpanMode.AbsMax: 1>],
25-12-26 16:38:06 | I |         b_spans=[<SmoothSpanMode.AbsMax: 1>],
25-12-26 16:38:06 | I |         alpha=0.5,
25-12-26 16:38:06 | I |         beta=-2,
25-12-26 16:38:06 | I |         num_grids=20,
25-12-26 16:38:06 | I |         allow_low_rank=True,
25-12-26 16:38:06 | I |         skips=['down_resblock_conv', 'down_transformer_add_norm', 'down_transformer_norm', 'mid_resblock_conv', 'mid_transformer_add_norm', 'mid_transformer_norm', 'transformer_add_norm', 'transformer_norm', 'up_resblock_conv', 'up_transformer_add_norm', 'up_transformer_norm']),
25-12-26 16:38:06 | I |       attn=None),
25-12-26 16:38:06 | I |     develop_dtype=torch.float32),
25-12-26 16:38:06 | I |   text=None,
25-12-26 16:38:06 | I |   text_cache=LlmCacheConfig(
25-12-26 16:38:06 | I |     root=,
25-12-26 16:38:06 | I |     dirpath=LlmQuantCacheConfig(
25-12-26 16:38:06 | I |       rotation=,
25-12-26 16:38:06 | I |       reorder=,
25-12-26 16:38:06 | I |       smooth=,
25-12-26 16:38:06 | I |       wgts=,
25-12-26 16:38:06 | I |       acts=),
25-12-26 16:38:06 | I |     path=LlmQuantCacheConfig(
25-12-26 16:38:06 | I |       rotation=,
25-12-26 16:38:06 | I |       reorder=,
25-12-26 16:38:06 | I |       smooth=,
25-12-26 16:38:06 | I |       wgts=,
25-12-26 16:38:06 | I |       acts=)),
25-12-26 16:38:06 | I |   seed=12345,
25-12-26 16:38:06 | I |   skip_gen=False,
25-12-26 16:38:06 | I |   skip_eval=False,
25-12-26 16:38:06 | I |   load_from=/cpfs01/projects-HDD/cfff-4da39d3c1e4e_HDD/jby_25113050052/projects/deepcompressor/examples/diffusion/runs/diffusion/flux.1/flux.1-schnell/w.4-x.4-y.16/w.sint4-x.sint4.u-y.bf16/w.v64.bf16-x.v64.bf16-y.tnsr.bf16/smooth.proj-w.static.lowrank/shift-skip.x.[[w]+tan+tn].w.[e+rs+rtp+s+tpi+tpo]-low.r32.i100.e.skip.[rc+tan+tn]-smth.proj.GridSearch.bn2.[AbsMax].lr.skip.[rc+tan+tn]-qdiff.128-t4.g0-s1024.ERROR/run-251225.024503.ERROR/cache,
25-12-26 16:38:06 | I |   save_model=true,
25-12-26 16:38:06 | I |   copy_on_save=False)
25-12-26 16:38:06 | I | === Dumped Configurations ===
25-12-26 16:38:06 | I | { 'cache': {'root': 'runs'},
25-12-26 16:38:06 | I |   'copy_on_save': False,
25-12-26 16:38:06 | I |   'enable_cache': True,
25-12-26 16:38:06 | I |   'enable_text': False,
25-12-26 16:38:06 | I |   'eval': { 'batch_size': 1,
25-12-26 16:38:06 | I |             'batch_size_per_gpu': 1,
25-12-26 16:38:06 | I |             'benchmarks': ['MJHQ'],
25-12-26 16:38:06 | I |             'chunk_only': False,
25-12-26 16:38:06 | I |             'chunk_start': 0,
25-12-26 16:38:06 | I |             'chunk_step': 1,
25-12-26 16:38:06 | I |             'clean_caption': None,
25-12-26 16:38:06 | I |             'control_root': 'benchmarks',
25-12-26 16:38:06 | I |             'gen_root': '{output}/{job}',
25-12-26 16:38:06 | I |             'gt_metrics': ['clip_iqa', 'clip_score', 'image_reward', 'fid'],
25-12-26 16:38:06 | I |             'gt_stats_root': 'benchmarks/stats',
25-12-26 16:38:06 | I |             'guidance_scale': 0,
25-12-26 16:38:06 | I |             'height': None,
25-12-26 16:38:06 | I |             'num_gpus': 1,
25-12-26 16:38:06 | I |             'num_samples': 1024,
25-12-26 16:38:06 | I |             'num_steps': 4,
25-12-26 16:38:06 | I |             'protocol': 'fmeuler4-g0',
25-12-26 16:38:06 | I |             'ref_metrics': ['psnr', 'lpips', 'ssim', 'fid'],
25-12-26 16:38:06 | I |             'ref_root': '/cpfs01/projects-HDD/cfff-4da39d3c1e4e_HDD/jby_25113050052/projects/deepcompressor/examples/diffusion/baselines/torch.bfloat16/flux.1-schnell/fmeuler4-g0',
25-12-26 16:38:06 | I |             'width': None},
25-12-26 16:38:06 | I |   'load_from': '/cpfs01/projects-HDD/cfff-4da39d3c1e4e_HDD/jby_25113050052/projects/deepcompressor/examples/diffusion/runs/diffusion/flux.1/flux.1-schnell/w.4-x.4-y.16/w.sint4-x.sint4.u-y.bf16/w.v64.bf16-x.v64.bf16-y.tnsr.bf16/smooth.proj-w.static.lowrank/shift-skip.x.[[w]+tan+tn].w.[e+rs+rtp+s+tpi+tpo]-low.r32.i100.e.skip.[rc+tan+tn]-smth.proj.GridSearch.bn2.[AbsMax].lr.skip.[rc+tan+tn]-qdiff.128-t4.g0-s1024.ERROR/run-251225.024503.ERROR/cache',
25-12-26 16:38:06 | I |   'output': { 'dirname': 'shift-skip.x.[[w]+tan+tn].w.[e+rs+rtp+s+tpi+tpo]-low.r32.i100.e.skip.[rc+tan+tn]-smth.proj.GridSearch.bn2.[AbsMax].lr.skip.[rc+tan+tn]-qdiff.128-t4.g0-s1024',
25-12-26 16:38:06 | I |               'job': 'run',
25-12-26 16:38:06 | I |               'root': 'runs'},
25-12-26 16:38:06 | I |   'pipeline': { 'device': 'cuda',
25-12-26 16:38:06 | I |                 'dtype': 'torch.bfloat16',
25-12-26 16:38:06 | I |                 'enable_lora': False,
25-12-26 16:38:06 | I |                 'name': 'flux.1-schnell',
25-12-26 16:38:06 | I |                 'path': '',
25-12-26 16:38:06 | I |                 'shift_activations': True,
25-12-26 16:38:06 | I |                 'task': 'text-to-image'},
25-12-26 16:38:06 | I |   'quant': { 'calib': { 'batch_size': 16,
25-12-26 16:38:06 | I |                         'data': 'qdiff',
25-12-26 16:38:06 | I |                         'num_samples': 128,
25-12-26 16:38:06 | I |                         'num_workers': 8,
25-12-26 16:38:06 | I |                         'path': '/cpfs01/projects-HDD/cfff-4da39d3c1e4e_HDD/jby_25113050052/projects/deepcompressor/examples/diffusion/datasets/torch.bfloat16/flux.1-schnell/fmeuler4-g0/qdiff/s128'},
25-12-26 16:38:06 | I |              'develop_dtype': 'torch.float32',
25-12-26 16:38:06 | I |              'enable_extra_wgts': False,
25-12-26 16:38:06 | I |              'enable_rotation': False,
25-12-26 16:38:06 | I |              'enable_smooth': True,
25-12-26 16:38:06 | I |              'ipts': { 'allow_unsigned': True,
25-12-26 16:38:06 | I |                        'dtype': 'sint4',
25-12-26 16:38:06 | I |                        'enable_calib_range': False,
25-12-26 16:38:06 | I |                        'group_shapes': [[1, 64, 1]],
25-12-26 16:38:06 | I |                        'scale_dtypes': [None],
25-12-26 16:38:06 | I |                        'skips': [ 'down_resblock_shortcut',
25-12-26 16:38:06 | I |                                   'down_resblock_time_proj',
25-12-26 16:38:06 | I |                                   'down_sample',
25-12-26 16:38:06 | I |                                   'down_transformer_add_norm',
25-12-26 16:38:06 | I |                                   'down_transformer_norm',
25-12-26 16:38:06 | I |                                   'down_transformer_proj_in',
25-12-26 16:38:06 | I |                                   'down_transformer_proj_out',
25-12-26 16:38:06 | I |                                   'input_embed',
25-12-26 16:38:06 | I |                                   'mid_resblock_shortcut',
25-12-26 16:38:06 | I |                                   'mid_resblock_time_proj',
25-12-26 16:38:06 | I |                                   'mid_transformer_add_norm',
25-12-26 16:38:06 | I |                                   'mid_transformer_norm',
25-12-26 16:38:06 | I |                                   'mid_transformer_proj_in',
25-12-26 16:38:06 | I |                                   'mid_transformer_proj_out',
25-12-26 16:38:06 | I |                                   'output_embed',
25-12-26 16:38:06 | I |                                   'text_embed',
25-12-26 16:38:06 | I |                                   'time_embed',
25-12-26 16:38:06 | I |                                   'transformer_add_norm',
25-12-26 16:38:06 | I |                                   'transformer_norm',
25-12-26 16:38:06 | I |                                   'up_resblock_shortcut',
25-12-26 16:38:06 | I |                                   'up_resblock_time_proj',
25-12-26 16:38:06 | I |                                   'up_sample',
25-12-26 16:38:06 | I |                                   'up_transformer_add_norm',
25-12-26 16:38:06 | I |                                   'up_transformer_norm',
25-12-26 16:38:06 | I |                                   'up_transformer_proj_in',
25-12-26 16:38:06 | I |                                   'up_transformer_proj_out'],
25-12-26 16:38:06 | I |                        'static': False,
25-12-26 16:38:06 | I |                        'zero_point': None},
25-12-26 16:38:06 | I |              'opts': { 'allow_unsigned': False,
25-12-26 16:38:06 | I |                        'dtype': None,
25-12-26 16:38:06 | I |                        'enable_calib_range': False,
25-12-26 16:38:06 | I |                        'group_shapes': [[-1, -1, -1]],
25-12-26 16:38:06 | I |                        'scale_dtypes': [None],
25-12-26 16:38:06 | I |                        'skips': [],
25-12-26 16:38:06 | I |                        'static': False,
25-12-26 16:38:06 | I |                        'zero_point': None},
25-12-26 16:38:06 | I |              'smooth': { 'enable_attn': False,
25-12-26 16:38:06 | I |                          'enable_proj': True,
25-12-26 16:38:06 | I |                          'proj': { 'allow_a_quant': True,
25-12-26 16:38:06 | I |                                    'allow_b_quant': True,
25-12-26 16:38:06 | I |                                    'allow_low_rank': True,
25-12-26 16:38:06 | I |                                    'alpha': 0.5,
25-12-26 16:38:06 | I |                                    'beta': -2,
25-12-26 16:38:06 | I |                                    'degree': 2,
25-12-26 16:38:06 | I |                                    'element_batch_size': -1,
25-12-26 16:38:06 | I |                                    'element_size': -1,
25-12-26 16:38:06 | I |                                    'fuse_when_possible': False,
25-12-26 16:38:06 | I |                                    'granularity': 'Layer',
25-12-26 16:38:06 | I |                                    'num_grids': 20,
25-12-26 16:38:06 | I |                                    'objective': 'OutputsError',
25-12-26 16:38:06 | I |                                    'outputs_device': 'cpu',
25-12-26 16:38:06 | I |                                    'pre_reshape': True,
25-12-26 16:38:06 | I |                                    'sample_batch_size': 32,
25-12-26 16:38:06 | I |                                    'sample_size': -1,
25-12-26 16:38:06 | I |                                    'skips': [ 'down_resblock_conv',
25-12-26 16:38:06 | I |                                               'down_transformer_add_norm',
25-12-26 16:38:06 | I |                                               'down_transformer_norm',
25-12-26 16:38:06 | I |                                               'mid_resblock_conv',
25-12-26 16:38:06 | I |                                               'mid_transformer_add_norm',
25-12-26 16:38:06 | I |                                               'mid_transformer_norm',
25-12-26 16:38:06 | I |                                               'transformer_add_norm',
25-12-26 16:38:06 | I |                                               'transformer_norm',
25-12-26 16:38:06 | I |                                               'up_resblock_conv',
25-12-26 16:38:06 | I |                                               'up_transformer_add_norm',
25-12-26 16:38:06 | I |                                               'up_transformer_norm'],
25-12-26 16:38:06 | I |                                    'spans': [['AbsMax', 'AbsMax']],
25-12-26 16:38:06 | I |                                    'strategy': 'GridSearch'}},
25-12-26 16:38:06 | I |              'wgts': { 'calib_range': { 'allow_scale': False,
25-12-26 16:38:06 | I |                                         'degree': 2,
25-12-26 16:38:06 | I |                                         'element_batch_size': -1,
25-12-26 16:38:06 | I |                                         'element_size': -1,
25-12-26 16:38:06 | I |                                         'granularity': 'Layer',
25-12-26 16:38:06 | I |                                         'max_expand': 1.0,
25-12-26 16:38:06 | I |                                         'max_shrink': 0.2,
25-12-26 16:38:06 | I |                                         'num_grids': 80,
25-12-26 16:38:06 | I |                                         'objective': 'OutputsError',
25-12-26 16:38:06 | I |                                         'outputs_device': 'cpu',
25-12-26 16:38:06 | I |                                         'pre_reshape': True,
25-12-26 16:38:06 | I |                                         'ratio': 1.0,
25-12-26 16:38:06 | I |                                         'sample_batch_size': 32,
25-12-26 16:38:06 | I |                                         'sample_size': -1,
25-12-26 16:38:06 | I |                                         'skips': [],
25-12-26 16:38:06 | I |                                         'strategy': 'Manual'},
25-12-26 16:38:06 | I |                        'dtype': 'sint4',
25-12-26 16:38:06 | I |                        'enable_calib_range': True,
25-12-26 16:38:06 | I |                        'enable_kernel_gptq': False,
25-12-26 16:38:06 | I |                        'enable_low_rank': True,
25-12-26 16:38:06 | I |                        'group_shapes': [[1, 64, 1]],
25-12-26 16:38:06 | I |                        'low_rank': { 'compensate': False,
25-12-26 16:38:06 | I |                                      'degree': 2,
25-12-26 16:38:06 | I |                                      'early_stop': True,
25-12-26 16:38:06 | I |                                      'exclusive': False,
25-12-26 16:38:06 | I |                                      'num_iters': 100,
25-12-26 16:38:06 | I |                                      'objective': 'OutputsError',
25-12-26 16:38:06 | I |                                      'outputs_device': 'cpu',
25-12-26 16:38:06 | I |                                      'rank': 32,
25-12-26 16:38:06 | I |                                      'sample_batch_size': 32,
25-12-26 16:38:06 | I |                                      'sample_size': -1,
25-12-26 16:38:06 | I |                                      'skips': [ 'down_resblock_conv',
25-12-26 16:38:06 | I |                                                 'down_transformer_add_norm',
25-12-26 16:38:06 | I |                                                 'down_transformer_norm',
25-12-26 16:38:06 | I |                                                 'mid_resblock_conv',
25-12-26 16:38:06 | I |                                                 'mid_transformer_add_norm',
25-12-26 16:38:06 | I |                                                 'mid_transformer_norm',
25-12-26 16:38:06 | I |                                                 'transformer_add_norm',
25-12-26 16:38:06 | I |                                                 'transformer_norm',
25-12-26 16:38:06 | I |                                                 'up_resblock_conv',
25-12-26 16:38:06 | I |                                                 'up_transformer_add_norm',
25-12-26 16:38:06 | I |                                                 'up_transformer_norm'],
25-12-26 16:38:06 | I |                                      'strategy': 'Manual'},
25-12-26 16:38:06 | I |                        'scale_dtypes': [None],
25-12-26 16:38:06 | I |                        'skips': [ 'down_resblock_shortcut',
25-12-26 16:38:06 | I |                                   'down_resblock_time_proj',
25-12-26 16:38:06 | I |                                   'down_sample',
25-12-26 16:38:06 | I |                                   'down_transformer_proj_in',
25-12-26 16:38:06 | I |                                   'down_transformer_proj_out',
25-12-26 16:38:06 | I |                                   'input_embed',
25-12-26 16:38:06 | I |                                   'mid_resblock_shortcut',
25-12-26 16:38:06 | I |                                   'mid_resblock_time_proj',
25-12-26 16:38:06 | I |                                   'mid_transformer_proj_in',
25-12-26 16:38:06 | I |                                   'mid_transformer_proj_out',
25-12-26 16:38:06 | I |                                   'output_embed',
25-12-26 16:38:06 | I |                                   'text_embed',
25-12-26 16:38:06 | I |                                   'time_embed',
25-12-26 16:38:06 | I |                                   'up_resblock_shortcut',
25-12-26 16:38:06 | I |                                   'up_resblock_time_proj',
25-12-26 16:38:06 | I |                                   'up_sample',
25-12-26 16:38:06 | I |                                   'up_transformer_proj_in',
25-12-26 16:38:06 | I |                                   'up_transformer_proj_out'],
25-12-26 16:38:06 | I |                        'zero_point': None}},
25-12-26 16:38:06 | I |   'save_model': 'true',
25-12-26 16:38:06 | I |   'seed': 12345,
25-12-26 16:38:06 | I |   'skip_eval': False,
25-12-26 16:38:06 | I |   'skip_gen': False,
25-12-26 16:38:06 | I |   'text_cache': {'path': {'acts': '', 'reorder': '', 'rotation': '', 'smooth': '', 'wgts': ''}, 'root': ''}}
25-12-26 16:38:06 | I | === Output Directory ===
25-12-26 16:38:06 | I | runs/diffusion/flux.1/flux.1-schnell/w.4-x.4-y.16/w.sint4-x.sint4.u-y.bf16/w.v64.bf16-x.v64.bf16-y.tnsr.bf16/smooth.proj-w.static.lowrank/shift-skip.x.[[w]+tan+tn].w.[e+rs+rtp+s+tpi+tpo]-low.r32.i100.e.skip.[rc+tan+tn]-smth.proj.GridSearch.bn2.[AbsMax].lr.skip.[rc+tan+tn]-qdiff.128-t4.g0-s1024/run-251226.163806
25-12-26 16:38:06 | I | === Start Evaluating ===
25-12-26 16:38:06 | I | * Building diffusion model pipeline
25-12-26 16:38:06 | D |   Starting new HTTPS connection (1): hf-mirror.com:443
25-12-26 16:38:08 | D |   https://hf-mirror.com:443 "HEAD /black-forest-labs/FLUX.1-schnell/resolve/main/model_index.json HTTP/1.1" 403 0
25-12-26 16:38:09 | D |   https://hf-mirror.com:443 "GET /api/models/black-forest-labs/FLUX.1-schnell HTTP/1.1" 200 2160
25-12-26 16:38:09 | D |   https://hf-mirror.com:443 "HEAD /black-forest-labs/FLUX.1-schnell/resolve/main/model_index.json HTTP/1.1" 403 0
25-12-26 16:38:26 | I |   Replacing fused Linear with ConcatLinear.
25-12-26 16:38:26 | I |     + Replacing fused Linear in single_transformer_blocks.0 with ConcatLinear.
25-12-26 16:38:26 | I |       - in_features = 3072/15360
25-12-26 16:38:26 | I |       - out_features = 3072
25-12-26 16:38:26 | I |     + Replacing fused Linear in single_transformer_blocks.1 with ConcatLinear.
25-12-26 16:38:26 | I |       - in_features = 3072/15360
25-12-26 16:38:26 | I |       - out_features = 3072
25-12-26 16:38:26 | I |     + Replacing fused Linear in single_transformer_blocks.2 with ConcatLinear.
25-12-26 16:38:26 | I |       - in_features = 3072/15360
25-12-26 16:38:26 | I |       - out_features = 3072
25-12-26 16:38:26 | I |     + Replacing fused Linear in single_transformer_blocks.3 with ConcatLinear.
25-12-26 16:38:26 | I |       - in_features = 3072/15360
25-12-26 16:38:26 | I |       - out_features = 3072
25-12-26 16:38:26 | I |     + Replacing fused Linear in single_transformer_blocks.4 with ConcatLinear.
25-12-26 16:38:26 | I |       - in_features = 3072/15360
25-12-26 16:38:26 | I |       - out_features = 3072
25-12-26 16:38:26 | I |     + Replacing fused Linear in single_transformer_blocks.5 with ConcatLinear.
25-12-26 16:38:26 | I |       - in_features = 3072/15360
25-12-26 16:38:26 | I |       - out_features = 3072
25-12-26 16:38:26 | I |     + Replacing fused Linear in single_transformer_blocks.6 with ConcatLinear.
25-12-26 16:38:26 | I |       - in_features = 3072/15360
25-12-26 16:38:26 | I |       - out_features = 3072
25-12-26 16:38:26 | I |     + Replacing fused Linear in single_transformer_blocks.7 with ConcatLinear.
25-12-26 16:38:26 | I |       - in_features = 3072/15360
25-12-26 16:38:26 | I |       - out_features = 3072
25-12-26 16:38:26 | I |     + Replacing fused Linear in single_transformer_blocks.8 with ConcatLinear.
25-12-26 16:38:26 | I |       - in_features = 3072/15360
25-12-26 16:38:26 | I |       - out_features = 3072
25-12-26 16:38:26 | I |     + Replacing fused Linear in single_transformer_blocks.9 with ConcatLinear.
25-12-26 16:38:26 | I |       - in_features = 3072/15360
25-12-26 16:38:26 | I |       - out_features = 3072
25-12-26 16:38:26 | I |     + Replacing fused Linear in single_transformer_blocks.10 with ConcatLinear.
25-12-26 16:38:26 | I |       - in_features = 3072/15360
25-12-26 16:38:26 | I |       - out_features = 3072
25-12-26 16:38:26 | I |     + Replacing fused Linear in single_transformer_blocks.11 with ConcatLinear.
25-12-26 16:38:26 | I |       - in_features = 3072/15360
25-12-26 16:38:26 | I |       - out_features = 3072
25-12-26 16:38:26 | I |     + Replacing fused Linear in single_transformer_blocks.12 with ConcatLinear.
25-12-26 16:38:26 | I |       - in_features = 3072/15360
25-12-26 16:38:26 | I |       - out_features = 3072
25-12-26 16:38:26 | I |     + Replacing fused Linear in single_transformer_blocks.13 with ConcatLinear.
25-12-26 16:38:26 | I |       - in_features = 3072/15360
25-12-26 16:38:26 | I |       - out_features = 3072
25-12-26 16:38:26 | I |     + Replacing fused Linear in single_transformer_blocks.14 with ConcatLinear.
25-12-26 16:38:26 | I |       - in_features = 3072/15360
25-12-26 16:38:26 | I |       - out_features = 3072
25-12-26 16:38:26 | I |     + Replacing fused Linear in single_transformer_blocks.15 with ConcatLinear.
25-12-26 16:38:26 | I |       - in_features = 3072/15360
25-12-26 16:38:26 | I |       - out_features = 3072
25-12-26 16:38:26 | I |     + Replacing fused Linear in single_transformer_blocks.16 with ConcatLinear.
25-12-26 16:38:26 | I |       - in_features = 3072/15360
25-12-26 16:38:26 | I |       - out_features = 3072
25-12-26 16:38:26 | I |     + Replacing fused Linear in single_transformer_blocks.17 with ConcatLinear.
25-12-26 16:38:26 | I |       - in_features = 3072/15360
25-12-26 16:38:26 | I |       - out_features = 3072
25-12-26 16:38:26 | I |     + Replacing fused Linear in single_transformer_blocks.18 with ConcatLinear.
25-12-26 16:38:26 | I |       - in_features = 3072/15360
25-12-26 16:38:26 | I |       - out_features = 3072
25-12-26 16:38:26 | I |     + Replacing fused Linear in single_transformer_blocks.19 with ConcatLinear.
25-12-26 16:38:26 | I |       - in_features = 3072/15360
25-12-26 16:38:26 | I |       - out_features = 3072
25-12-26 16:38:26 | I |     + Replacing fused Linear in single_transformer_blocks.20 with ConcatLinear.
25-12-26 16:38:26 | I |       - in_features = 3072/15360
25-12-26 16:38:26 | I |       - out_features = 3072
25-12-26 16:38:26 | I |     + Replacing fused Linear in single_transformer_blocks.21 with ConcatLinear.
25-12-26 16:38:26 | I |       - in_features = 3072/15360
25-12-26 16:38:26 | I |       - out_features = 3072
25-12-26 16:38:26 | I |     + Replacing fused Linear in single_transformer_blocks.22 with ConcatLinear.
25-12-26 16:38:26 | I |       - in_features = 3072/15360
25-12-26 16:38:26 | I |       - out_features = 3072
25-12-26 16:38:26 | I |     + Replacing fused Linear in single_transformer_blocks.23 with ConcatLinear.
25-12-26 16:38:26 | I |       - in_features = 3072/15360
25-12-26 16:38:26 | I |       - out_features = 3072
25-12-26 16:38:26 | I |     + Replacing fused Linear in single_transformer_blocks.24 with ConcatLinear.
25-12-26 16:38:26 | I |       - in_features = 3072/15360
25-12-26 16:38:26 | I |       - out_features = 3072
25-12-26 16:38:26 | I |     + Replacing fused Linear in single_transformer_blocks.25 with ConcatLinear.
25-12-26 16:38:26 | I |       - in_features = 3072/15360
25-12-26 16:38:26 | I |       - out_features = 3072
25-12-26 16:38:26 | I |     + Replacing fused Linear in single_transformer_blocks.26 with ConcatLinear.
25-12-26 16:38:26 | I |       - in_features = 3072/15360
25-12-26 16:38:26 | I |       - out_features = 3072
25-12-26 16:38:26 | I |     + Replacing fused Linear in single_transformer_blocks.27 with ConcatLinear.
25-12-26 16:38:26 | I |       - in_features = 3072/15360
25-12-26 16:38:26 | I |       - out_features = 3072
25-12-26 16:38:26 | I |     + Replacing fused Linear in single_transformer_blocks.28 with ConcatLinear.
25-12-26 16:38:26 | I |       - in_features = 3072/15360
25-12-26 16:38:26 | I |       - out_features = 3072
25-12-26 16:38:26 | I |     + Replacing fused Linear in single_transformer_blocks.29 with ConcatLinear.
25-12-26 16:38:26 | I |       - in_features = 3072/15360
25-12-26 16:38:26 | I |       - out_features = 3072
25-12-26 16:38:26 | I |     + Replacing fused Linear in single_transformer_blocks.30 with ConcatLinear.
25-12-26 16:38:26 | I |       - in_features = 3072/15360
25-12-26 16:38:26 | I |       - out_features = 3072
25-12-26 16:38:26 | I |     + Replacing fused Linear in single_transformer_blocks.31 with ConcatLinear.
25-12-26 16:38:26 | I |       - in_features = 3072/15360
25-12-26 16:38:26 | I |       - out_features = 3072
25-12-26 16:38:26 | I |     + Replacing fused Linear in single_transformer_blocks.32 with ConcatLinear.
25-12-26 16:38:26 | I |       - in_features = 3072/15360
25-12-26 16:38:26 | I |       - out_features = 3072
25-12-26 16:38:26 | I |     + Replacing fused Linear in single_transformer_blocks.33 with ConcatLinear.
25-12-26 16:38:26 | I |       - in_features = 3072/15360
25-12-26 16:38:26 | I |       - out_features = 3072
25-12-26 16:38:26 | I |     + Replacing fused Linear in single_transformer_blocks.34 with ConcatLinear.
25-12-26 16:38:26 | I |       - in_features = 3072/15360
25-12-26 16:38:26 | I |       - out_features = 3072
25-12-26 16:38:26 | I |     + Replacing fused Linear in single_transformer_blocks.35 with ConcatLinear.
25-12-26 16:38:26 | I |       - in_features = 3072/15360
25-12-26 16:38:26 | I |       - out_features = 3072
25-12-26 16:38:26 | I |     + Replacing fused Linear in single_transformer_blocks.36 with ConcatLinear.
25-12-26 16:38:26 | I |       - in_features = 3072/15360
25-12-26 16:38:26 | I |       - out_features = 3072
25-12-26 16:38:26 | I |     + Replacing fused Linear in single_transformer_blocks.37 with ConcatLinear.
25-12-26 16:38:26 | I |       - in_features = 3072/15360
25-12-26 16:38:26 | I |       - out_features = 3072
25-12-26 16:38:26 | I |   - Shifting input activations.
25-12-26 16:38:26 | I |     + Shifting input activations of transformer_blocks.0.ff.net.2 by 0.171875
25-12-26 16:38:26 | I |       + Replacing 2 in transformer_blocks.0.ff.net
25-12-26 16:38:26 | I |     + Shifting input activations of transformer_blocks.0.ff_context.net.2 by 0.171875
25-12-26 16:38:26 | I |       + Replacing 2 in transformer_blocks.0.ff_context.net
25-12-26 16:38:26 | I |     + Shifting input activations of transformer_blocks.1.ff.net.2 by 0.171875
25-12-26 16:38:26 | I |       + Replacing 2 in transformer_blocks.1.ff.net
25-12-26 16:38:26 | I |     + Shifting input activations of transformer_blocks.1.ff_context.net.2 by 0.171875
25-12-26 16:38:26 | I |       + Replacing 2 in transformer_blocks.1.ff_context.net
25-12-26 16:38:26 | I |     + Shifting input activations of transformer_blocks.2.ff.net.2 by 0.171875
25-12-26 16:38:26 | I |       + Replacing 2 in transformer_blocks.2.ff.net
25-12-26 16:38:26 | I |     + Shifting input activations of transformer_blocks.2.ff_context.net.2 by 0.171875
25-12-26 16:38:26 | I |       + Replacing 2 in transformer_blocks.2.ff_context.net
25-12-26 16:38:26 | I |     + Shifting input activations of transformer_blocks.3.ff.net.2 by 0.171875
25-12-26 16:38:26 | I |       + Replacing 2 in transformer_blocks.3.ff.net
25-12-26 16:38:26 | I |     + Shifting input activations of transformer_blocks.3.ff_context.net.2 by 0.171875
25-12-26 16:38:26 | I |       + Replacing 2 in transformer_blocks.3.ff_context.net
25-12-26 16:38:26 | I |     + Shifting input activations of transformer_blocks.4.ff.net.2 by 0.171875
25-12-26 16:38:26 | I |       + Replacing 2 in transformer_blocks.4.ff.net
25-12-26 16:38:26 | I |     + Shifting input activations of transformer_blocks.4.ff_context.net.2 by 0.171875
25-12-26 16:38:26 | I |       + Replacing 2 in transformer_blocks.4.ff_context.net
25-12-26 16:38:26 | I |     + Shifting input activations of transformer_blocks.5.ff.net.2 by 0.171875
25-12-26 16:38:26 | I |       + Replacing 2 in transformer_blocks.5.ff.net
25-12-26 16:38:26 | I |     + Shifting input activations of transformer_blocks.5.ff_context.net.2 by 0.171875
25-12-26 16:38:26 | I |       + Replacing 2 in transformer_blocks.5.ff_context.net
25-12-26 16:38:26 | I |     + Shifting input activations of transformer_blocks.6.ff.net.2 by 0.171875
25-12-26 16:38:26 | I |       + Replacing 2 in transformer_blocks.6.ff.net
25-12-26 16:38:26 | I |     + Shifting input activations of transformer_blocks.6.ff_context.net.2 by 0.171875
25-12-26 16:38:26 | I |       + Replacing 2 in transformer_blocks.6.ff_context.net
25-12-26 16:38:26 | I |     + Shifting input activations of transformer_blocks.7.ff.net.2 by 0.171875
25-12-26 16:38:26 | I |       + Replacing 2 in transformer_blocks.7.ff.net
25-12-26 16:38:26 | I |     + Shifting input activations of transformer_blocks.7.ff_context.net.2 by 0.171875
25-12-26 16:38:26 | I |       + Replacing 2 in transformer_blocks.7.ff_context.net
25-12-26 16:38:26 | I |     + Shifting input activations of transformer_blocks.8.ff.net.2 by 0.171875
25-12-26 16:38:26 | I |       + Replacing 2 in transformer_blocks.8.ff.net
25-12-26 16:38:26 | I |     + Shifting input activations of transformer_blocks.8.ff_context.net.2 by 0.171875
25-12-26 16:38:26 | I |       + Replacing 2 in transformer_blocks.8.ff_context.net
25-12-26 16:38:26 | I |     + Shifting input activations of transformer_blocks.9.ff.net.2 by 0.171875
25-12-26 16:38:26 | I |       + Replacing 2 in transformer_blocks.9.ff.net
25-12-26 16:38:26 | I |     + Shifting input activations of transformer_blocks.9.ff_context.net.2 by 0.171875
25-12-26 16:38:26 | I |       + Replacing 2 in transformer_blocks.9.ff_context.net
25-12-26 16:38:26 | I |     + Shifting input activations of transformer_blocks.10.ff.net.2 by 0.171875
25-12-26 16:38:26 | I |       + Replacing 2 in transformer_blocks.10.ff.net
25-12-26 16:38:26 | I |     + Shifting input activations of transformer_blocks.10.ff_context.net.2 by 0.171875
25-12-26 16:38:26 | I |       + Replacing 2 in transformer_blocks.10.ff_context.net
25-12-26 16:38:26 | I |     + Shifting input activations of transformer_blocks.11.ff.net.2 by 0.171875
25-12-26 16:38:26 | I |       + Replacing 2 in transformer_blocks.11.ff.net
25-12-26 16:38:26 | I |     + Shifting input activations of transformer_blocks.11.ff_context.net.2 by 0.171875
25-12-26 16:38:26 | I |       + Replacing 2 in transformer_blocks.11.ff_context.net
25-12-26 16:38:26 | I |     + Shifting input activations of transformer_blocks.12.ff.net.2 by 0.171875
25-12-26 16:38:26 | I |       + Replacing 2 in transformer_blocks.12.ff.net
25-12-26 16:38:26 | I |     + Shifting input activations of transformer_blocks.12.ff_context.net.2 by 0.171875
25-12-26 16:38:26 | I |       + Replacing 2 in transformer_blocks.12.ff_context.net
25-12-26 16:38:26 | I |     + Shifting input activations of transformer_blocks.13.ff.net.2 by 0.171875
25-12-26 16:38:26 | I |       + Replacing 2 in transformer_blocks.13.ff.net
25-12-26 16:38:26 | I |     + Shifting input activations of transformer_blocks.13.ff_context.net.2 by 0.171875
25-12-26 16:38:26 | I |       + Replacing 2 in transformer_blocks.13.ff_context.net
25-12-26 16:38:26 | I |     + Shifting input activations of transformer_blocks.14.ff.net.2 by 0.171875
25-12-26 16:38:26 | I |       + Replacing 2 in transformer_blocks.14.ff.net
25-12-26 16:38:26 | I |     + Shifting input activations of transformer_blocks.14.ff_context.net.2 by 0.171875
25-12-26 16:38:26 | I |       + Replacing 2 in transformer_blocks.14.ff_context.net
25-12-26 16:38:26 | I |     + Shifting input activations of transformer_blocks.15.ff.net.2 by 0.171875
25-12-26 16:38:26 | I |       + Replacing 2 in transformer_blocks.15.ff.net
25-12-26 16:38:26 | I |     + Shifting input activations of transformer_blocks.15.ff_context.net.2 by 0.171875
25-12-26 16:38:26 | I |       + Replacing 2 in transformer_blocks.15.ff_context.net
25-12-26 16:38:26 | I |     + Shifting input activations of transformer_blocks.16.ff.net.2 by 0.171875
25-12-26 16:38:26 | I |       + Replacing 2 in transformer_blocks.16.ff.net
25-12-26 16:38:26 | I |     + Shifting input activations of transformer_blocks.16.ff_context.net.2 by 0.171875
25-12-26 16:38:26 | I |       + Replacing 2 in transformer_blocks.16.ff_context.net
25-12-26 16:38:26 | I |     + Shifting input activations of transformer_blocks.17.ff.net.2 by 0.171875
25-12-26 16:38:26 | I |       + Replacing 2 in transformer_blocks.17.ff.net
25-12-26 16:38:26 | I |     + Shifting input activations of transformer_blocks.17.ff_context.net.2 by 0.171875
25-12-26 16:38:26 | I |       + Replacing 2 in transformer_blocks.17.ff_context.net
25-12-26 16:38:26 | I |     + Shifting input activations of transformer_blocks.18.ff.net.2 by 0.171875
25-12-26 16:38:26 | I |       + Replacing 2 in transformer_blocks.18.ff.net
25-12-26 16:38:26 | I |     + Shifting input activations of transformer_blocks.18.ff_context.net.2 by 0.171875
25-12-26 16:38:26 | I |       + Replacing 2 in transformer_blocks.18.ff_context.net
25-12-26 16:38:26 | I |     + Shifting input activations of single_transformer_blocks.0.proj_out.linears.1 by 0.171875
25-12-26 16:38:26 | I |       + Replacing 1 in single_transformer_blocks.0.proj_out.linears
25-12-26 16:38:26 | I |     + Shifting input activations of single_transformer_blocks.1.proj_out.linears.1 by 0.171875
25-12-26 16:38:26 | I |       + Replacing 1 in single_transformer_blocks.1.proj_out.linears
25-12-26 16:38:26 | I |     + Shifting input activations of single_transformer_blocks.2.proj_out.linears.1 by 0.171875
25-12-26 16:38:26 | I |       + Replacing 1 in single_transformer_blocks.2.proj_out.linears
25-12-26 16:38:26 | I |     + Shifting input activations of single_transformer_blocks.3.proj_out.linears.1 by 0.171875
25-12-26 16:38:26 | I |       + Replacing 1 in single_transformer_blocks.3.proj_out.linears
25-12-26 16:38:26 | I |     + Shifting input activations of single_transformer_blocks.4.proj_out.linears.1 by 0.171875
25-12-26 16:38:26 | I |       + Replacing 1 in single_transformer_blocks.4.proj_out.linears
25-12-26 16:38:26 | I |     + Shifting input activations of single_transformer_blocks.5.proj_out.linears.1 by 0.171875
25-12-26 16:38:26 | I |       + Replacing 1 in single_transformer_blocks.5.proj_out.linears
25-12-26 16:38:26 | I |     + Shifting input activations of single_transformer_blocks.6.proj_out.linears.1 by 0.171875
25-12-26 16:38:26 | I |       + Replacing 1 in single_transformer_blocks.6.proj_out.linears
25-12-26 16:38:26 | I |     + Shifting input activations of single_transformer_blocks.7.proj_out.linears.1 by 0.171875
25-12-26 16:38:26 | I |       + Replacing 1 in single_transformer_blocks.7.proj_out.linears
25-12-26 16:38:26 | I |     + Shifting input activations of single_transformer_blocks.8.proj_out.linears.1 by 0.171875
25-12-26 16:38:26 | I |       + Replacing 1 in single_transformer_blocks.8.proj_out.linears
25-12-26 16:38:26 | I |     + Shifting input activations of single_transformer_blocks.9.proj_out.linears.1 by 0.171875
25-12-26 16:38:26 | I |       + Replacing 1 in single_transformer_blocks.9.proj_out.linears
25-12-26 16:38:26 | I |     + Shifting input activations of single_transformer_blocks.10.proj_out.linears.1 by 0.171875
25-12-26 16:38:26 | I |       + Replacing 1 in single_transformer_blocks.10.proj_out.linears
25-12-26 16:38:26 | I |     + Shifting input activations of single_transformer_blocks.11.proj_out.linears.1 by 0.171875
25-12-26 16:38:26 | I |       + Replacing 1 in single_transformer_blocks.11.proj_out.linears
25-12-26 16:38:26 | I |     + Shifting input activations of single_transformer_blocks.12.proj_out.linears.1 by 0.171875
25-12-26 16:38:26 | I |       + Replacing 1 in single_transformer_blocks.12.proj_out.linears
25-12-26 16:38:26 | I |     + Shifting input activations of single_transformer_blocks.13.proj_out.linears.1 by 0.171875
25-12-26 16:38:26 | I |       + Replacing 1 in single_transformer_blocks.13.proj_out.linears
25-12-26 16:38:26 | I |     + Shifting input activations of single_transformer_blocks.14.proj_out.linears.1 by 0.171875
25-12-26 16:38:26 | I |       + Replacing 1 in single_transformer_blocks.14.proj_out.linears
25-12-26 16:38:26 | I |     + Shifting input activations of single_transformer_blocks.15.proj_out.linears.1 by 0.171875
25-12-26 16:38:26 | I |       + Replacing 1 in single_transformer_blocks.15.proj_out.linears
25-12-26 16:38:26 | I |     + Shifting input activations of single_transformer_blocks.16.proj_out.linears.1 by 0.171875
25-12-26 16:38:26 | I |       + Replacing 1 in single_transformer_blocks.16.proj_out.linears
25-12-26 16:38:26 | I |     + Shifting input activations of single_transformer_blocks.17.proj_out.linears.1 by 0.171875
25-12-26 16:38:26 | I |       + Replacing 1 in single_transformer_blocks.17.proj_out.linears
25-12-26 16:38:26 | I |     + Shifting input activations of single_transformer_blocks.18.proj_out.linears.1 by 0.171875
25-12-26 16:38:26 | I |       + Replacing 1 in single_transformer_blocks.18.proj_out.linears
25-12-26 16:38:26 | I |     + Shifting input activations of single_transformer_blocks.19.proj_out.linears.1 by 0.171875
25-12-26 16:38:26 | I |       + Replacing 1 in single_transformer_blocks.19.proj_out.linears
25-12-26 16:38:26 | I |     + Shifting input activations of single_transformer_blocks.20.proj_out.linears.1 by 0.171875
25-12-26 16:38:26 | I |       + Replacing 1 in single_transformer_blocks.20.proj_out.linears
25-12-26 16:38:26 | I |     + Shifting input activations of single_transformer_blocks.21.proj_out.linears.1 by 0.171875
25-12-26 16:38:26 | I |       + Replacing 1 in single_transformer_blocks.21.proj_out.linears
25-12-26 16:38:26 | I |     + Shifting input activations of single_transformer_blocks.22.proj_out.linears.1 by 0.171875
25-12-26 16:38:26 | I |       + Replacing 1 in single_transformer_blocks.22.proj_out.linears
25-12-26 16:38:26 | I |     + Shifting input activations of single_transformer_blocks.23.proj_out.linears.1 by 0.171875
25-12-26 16:38:26 | I |       + Replacing 1 in single_transformer_blocks.23.proj_out.linears
25-12-26 16:38:26 | I |     + Shifting input activations of single_transformer_blocks.24.proj_out.linears.1 by 0.171875
25-12-26 16:38:26 | I |       + Replacing 1 in single_transformer_blocks.24.proj_out.linears
25-12-26 16:38:26 | I |     + Shifting input activations of single_transformer_blocks.25.proj_out.linears.1 by 0.171875
25-12-26 16:38:26 | I |       + Replacing 1 in single_transformer_blocks.25.proj_out.linears
25-12-26 16:38:26 | I |     + Shifting input activations of single_transformer_blocks.26.proj_out.linears.1 by 0.171875
25-12-26 16:38:26 | I |       + Replacing 1 in single_transformer_blocks.26.proj_out.linears
25-12-26 16:38:26 | I |     + Shifting input activations of single_transformer_blocks.27.proj_out.linears.1 by 0.171875
25-12-26 16:38:26 | I |       + Replacing 1 in single_transformer_blocks.27.proj_out.linears
25-12-26 16:38:26 | I |     + Shifting input activations of single_transformer_blocks.28.proj_out.linears.1 by 0.171875
25-12-26 16:38:26 | I |       + Replacing 1 in single_transformer_blocks.28.proj_out.linears
25-12-26 16:38:26 | I |     + Shifting input activations of single_transformer_blocks.29.proj_out.linears.1 by 0.171875
25-12-26 16:38:26 | I |       + Replacing 1 in single_transformer_blocks.29.proj_out.linears
25-12-26 16:38:26 | I |     + Shifting input activations of single_transformer_blocks.30.proj_out.linears.1 by 0.171875
25-12-26 16:38:26 | I |       + Replacing 1 in single_transformer_blocks.30.proj_out.linears
25-12-26 16:38:26 | I |     + Shifting input activations of single_transformer_blocks.31.proj_out.linears.1 by 0.171875
25-12-26 16:38:26 | I |       + Replacing 1 in single_transformer_blocks.31.proj_out.linears
25-12-26 16:38:26 | I |     + Shifting input activations of single_transformer_blocks.32.proj_out.linears.1 by 0.171875
25-12-26 16:38:26 | I |       + Replacing 1 in single_transformer_blocks.32.proj_out.linears
25-12-26 16:38:26 | I |     + Shifting input activations of single_transformer_blocks.33.proj_out.linears.1 by 0.171875
25-12-26 16:38:26 | I |       + Replacing 1 in single_transformer_blocks.33.proj_out.linears
25-12-26 16:38:26 | I |     + Shifting input activations of single_transformer_blocks.34.proj_out.linears.1 by 0.171875
25-12-26 16:38:26 | I |       + Replacing 1 in single_transformer_blocks.34.proj_out.linears
25-12-26 16:38:26 | I |     + Shifting input activations of single_transformer_blocks.35.proj_out.linears.1 by 0.171875
25-12-26 16:38:26 | I |       + Replacing 1 in single_transformer_blocks.35.proj_out.linears
25-12-26 16:38:26 | I |     + Shifting input activations of single_transformer_blocks.36.proj_out.linears.1 by 0.171875
25-12-26 16:38:26 | I |       + Replacing 1 in single_transformer_blocks.36.proj_out.linears
25-12-26 16:38:26 | I |     + Shifting input activations of single_transformer_blocks.37.proj_out.linears.1 by 0.171875
25-12-26 16:38:26 | I |       + Replacing 1 in single_transformer_blocks.37.proj_out.linears
25-12-26 16:38:26 | W | Model checkpoint /cpfs01/projects-HDD/cfff-4da39d3c1e4e_HDD/jby_25113050052/projects/deepcompressor/examples/diffusion/runs/diffusion/flux.1/flux.1-schnell/w.4-x.4-y.16/w.sint4-x.sint4.u-y.bf16/w.v64.bf16-x.v64.bf16-y.tnsr.bf16/smooth.proj-w.static.lowrank/shift-skip.x.[[w]+tan+tn].w.[e+rs+rtp+s+tpi+tpo]-low.r32.i100.e.skip.[rc+tan+tn]-smth.proj.GridSearch.bn2.[AbsMax].lr.skip.[rc+tan+tn]-qdiff.128-t4.g0-s1024.ERROR/run-251225.024503.ERROR/cache/model.pt does not exist
25-12-26 16:38:26 | I | * Smoothing model for quantization
25-12-26 16:38:26 | I |   - Loading smooth scales from runs/diffusion/cache/quant/qdiff.128/smooth/w.4-x.4-y.16/w.sint4-x.sint4.u-y.bf16/w.v64.bf16-x.v64.bf16-y.tnsr.bf16/w.skip.[e+rs+rtp+s+tpi+tpo]-x.skip.[e+rs+rtp+s+tan+tn+tpi+tpo]-y.skip.[]/shift/lowrank.r32/smooth.proj.OutputsError.GridSearch.Layer.d2.en1.sn1/smooth.proj.[a.AbsMax.b.AbsMax]/smooth.proj.g20.bn2.lr.nf/smooth.proj.skip.[rc+tan+tn]/flux.1-schnell.pt
25-12-26 16:38:26 | D |   - Smoothing Diffusion Block transformer_blocks.0
25-12-26 16:38:26 | D |     - Skipping Module transformer_blocks.0.norm1.linear
25-12-26 16:38:26 | D |     - Skipping Module transformer_blocks.0.norm1_context.linear
25-12-26 16:38:26 | D |     - Smoothing Transformer Block transformer_blocks.0
25-12-26 16:38:26 | D |       - transformer_blocks.0.attn.qkv_proj
25-12-26 16:38:26 | D |       - transformer_blocks.0.attn add_qkv_proj
25-12-26 16:38:26 | D |       - transformer_blocks.0.attn.out_proj + transformer_blocks.0.attn.add_out_proj
25-12-26 16:38:26 | D |       - transformer_blocks.0.ff.up_proj
25-12-26 16:38:26 | D |       - transformer_blocks.0.ff.down_proj
25-12-26 16:38:26 | D |       - transformer_blocks.0.ff_context.up_proj
25-12-26 16:38:26 | D |       - transformer_blocks.0.ff_context.down_proj
25-12-26 16:38:26 | D |   - Smoothing Diffusion Block transformer_blocks.1
25-12-26 16:38:26 | D |     - Skipping Module transformer_blocks.1.norm1.linear
25-12-26 16:38:26 | D |     - Skipping Module transformer_blocks.1.norm1_context.linear
25-12-26 16:38:26 | D |     - Smoothing Transformer Block transformer_blocks.1
25-12-26 16:38:26 | D |       - transformer_blocks.1.attn.qkv_proj
25-12-26 16:38:26 | D |       - transformer_blocks.1.attn add_qkv_proj
25-12-26 16:38:26 | D |       - transformer_blocks.1.attn.out_proj + transformer_blocks.1.attn.add_out_proj
25-12-26 16:38:26 | D |       - transformer_blocks.1.ff.up_proj
25-12-26 16:38:26 | D |       - transformer_blocks.1.ff.down_proj
25-12-26 16:38:26 | D |       - transformer_blocks.1.ff_context.up_proj
25-12-26 16:38:26 | D |       - transformer_blocks.1.ff_context.down_proj
25-12-26 16:38:26 | D |   - Smoothing Diffusion Block transformer_blocks.2
25-12-26 16:38:26 | D |     - Skipping Module transformer_blocks.2.norm1.linear
25-12-26 16:38:26 | D |     - Skipping Module transformer_blocks.2.norm1_context.linear
25-12-26 16:38:26 | D |     - Smoothing Transformer Block transformer_blocks.2
25-12-26 16:38:26 | D |       - transformer_blocks.2.attn.qkv_proj
25-12-26 16:38:26 | D |       - transformer_blocks.2.attn add_qkv_proj
25-12-26 16:38:26 | D |       - transformer_blocks.2.attn.out_proj + transformer_blocks.2.attn.add_out_proj
25-12-26 16:38:26 | D |       - transformer_blocks.2.ff.up_proj
25-12-26 16:38:26 | D |       - transformer_blocks.2.ff.down_proj
25-12-26 16:38:26 | D |       - transformer_blocks.2.ff_context.up_proj
25-12-26 16:38:26 | D |       - transformer_blocks.2.ff_context.down_proj
25-12-26 16:38:26 | D |   - Smoothing Diffusion Block transformer_blocks.3
25-12-26 16:38:26 | D |     - Skipping Module transformer_blocks.3.norm1.linear
25-12-26 16:38:26 | D |     - Skipping Module transformer_blocks.3.norm1_context.linear
25-12-26 16:38:26 | D |     - Smoothing Transformer Block transformer_blocks.3
25-12-26 16:38:26 | D |       - transformer_blocks.3.attn.qkv_proj
25-12-26 16:38:26 | D |       - transformer_blocks.3.attn add_qkv_proj
25-12-26 16:38:26 | D |       - transformer_blocks.3.attn.out_proj + transformer_blocks.3.attn.add_out_proj
25-12-26 16:38:26 | D |       - transformer_blocks.3.ff.up_proj
25-12-26 16:38:26 | D |       - transformer_blocks.3.ff.down_proj
25-12-26 16:38:26 | D |       - transformer_blocks.3.ff_context.up_proj
25-12-26 16:38:26 | D |       - transformer_blocks.3.ff_context.down_proj
25-12-26 16:38:26 | D |   - Smoothing Diffusion Block transformer_blocks.4
25-12-26 16:38:26 | D |     - Skipping Module transformer_blocks.4.norm1.linear
25-12-26 16:38:26 | D |     - Skipping Module transformer_blocks.4.norm1_context.linear
25-12-26 16:38:26 | D |     - Smoothing Transformer Block transformer_blocks.4
25-12-26 16:38:26 | D |       - transformer_blocks.4.attn.qkv_proj
25-12-26 16:38:26 | D |       - transformer_blocks.4.attn add_qkv_proj
25-12-26 16:38:26 | D |       - transformer_blocks.4.attn.out_proj + transformer_blocks.4.attn.add_out_proj
25-12-26 16:38:26 | D |       - transformer_blocks.4.ff.up_proj
25-12-26 16:38:26 | D |       - transformer_blocks.4.ff.down_proj
25-12-26 16:38:26 | D |       - transformer_blocks.4.ff_context.up_proj
25-12-26 16:38:26 | D |       - transformer_blocks.4.ff_context.down_proj
25-12-26 16:38:26 | D |   - Smoothing Diffusion Block transformer_blocks.5
25-12-26 16:38:26 | D |     - Skipping Module transformer_blocks.5.norm1.linear
25-12-26 16:38:26 | D |     - Skipping Module transformer_blocks.5.norm1_context.linear
25-12-26 16:38:26 | D |     - Smoothing Transformer Block transformer_blocks.5
25-12-26 16:38:26 | D |       - transformer_blocks.5.attn.qkv_proj
25-12-26 16:38:26 | D |       - transformer_blocks.5.attn add_qkv_proj
25-12-26 16:38:26 | D |       - transformer_blocks.5.attn.out_proj + transformer_blocks.5.attn.add_out_proj
25-12-26 16:38:26 | D |       - transformer_blocks.5.ff.up_proj
25-12-26 16:38:26 | D |       - transformer_blocks.5.ff.down_proj
25-12-26 16:38:26 | D |       - transformer_blocks.5.ff_context.up_proj
25-12-26 16:38:26 | D |       - transformer_blocks.5.ff_context.down_proj
25-12-26 16:38:26 | D |   - Smoothing Diffusion Block transformer_blocks.6
25-12-26 16:38:26 | D |     - Skipping Module transformer_blocks.6.norm1.linear
25-12-26 16:38:26 | D |     - Skipping Module transformer_blocks.6.norm1_context.linear
25-12-26 16:38:26 | D |     - Smoothing Transformer Block transformer_blocks.6
25-12-26 16:38:26 | D |       - transformer_blocks.6.attn.qkv_proj
25-12-26 16:38:26 | D |       - transformer_blocks.6.attn add_qkv_proj
25-12-26 16:38:26 | D |       - transformer_blocks.6.attn.out_proj + transformer_blocks.6.attn.add_out_proj
25-12-26 16:38:26 | D |       - transformer_blocks.6.ff.up_proj
25-12-26 16:38:26 | D |       - transformer_blocks.6.ff.down_proj
25-12-26 16:38:26 | D |       - transformer_blocks.6.ff_context.up_proj
25-12-26 16:38:26 | D |       - transformer_blocks.6.ff_context.down_proj
25-12-26 16:38:26 | D |   - Smoothing Diffusion Block transformer_blocks.7
25-12-26 16:38:26 | D |     - Skipping Module transformer_blocks.7.norm1.linear
25-12-26 16:38:26 | D |     - Skipping Module transformer_blocks.7.norm1_context.linear
25-12-26 16:38:26 | D |     - Smoothing Transformer Block transformer_blocks.7
25-12-26 16:38:26 | D |       - transformer_blocks.7.attn.qkv_proj
25-12-26 16:38:26 | D |       - transformer_blocks.7.attn add_qkv_proj
25-12-26 16:38:26 | D |       - transformer_blocks.7.attn.out_proj + transformer_blocks.7.attn.add_out_proj
25-12-26 16:38:26 | D |       - transformer_blocks.7.ff.up_proj
25-12-26 16:38:26 | D |       - transformer_blocks.7.ff.down_proj
25-12-26 16:38:26 | D |       - transformer_blocks.7.ff_context.up_proj
25-12-26 16:38:26 | D |       - transformer_blocks.7.ff_context.down_proj
25-12-26 16:38:26 | D |   - Smoothing Diffusion Block transformer_blocks.8
25-12-26 16:38:26 | D |     - Skipping Module transformer_blocks.8.norm1.linear
25-12-26 16:38:26 | D |     - Skipping Module transformer_blocks.8.norm1_context.linear
25-12-26 16:38:26 | D |     - Smoothing Transformer Block transformer_blocks.8
25-12-26 16:38:26 | D |       - transformer_blocks.8.attn.qkv_proj
25-12-26 16:38:26 | D |       - transformer_blocks.8.attn add_qkv_proj
25-12-26 16:38:26 | D |       - transformer_blocks.8.attn.out_proj + transformer_blocks.8.attn.add_out_proj
25-12-26 16:38:26 | D |       - transformer_blocks.8.ff.up_proj
25-12-26 16:38:26 | D |       - transformer_blocks.8.ff.down_proj
25-12-26 16:38:26 | D |       - transformer_blocks.8.ff_context.up_proj
25-12-26 16:38:26 | D |       - transformer_blocks.8.ff_context.down_proj
25-12-26 16:38:26 | D |   - Smoothing Diffusion Block transformer_blocks.9
25-12-26 16:38:26 | D |     - Skipping Module transformer_blocks.9.norm1.linear
25-12-26 16:38:26 | D |     - Skipping Module transformer_blocks.9.norm1_context.linear
25-12-26 16:38:26 | D |     - Smoothing Transformer Block transformer_blocks.9
25-12-26 16:38:26 | D |       - transformer_blocks.9.attn.qkv_proj
25-12-26 16:38:26 | D |       - transformer_blocks.9.attn add_qkv_proj
25-12-26 16:38:26 | D |       - transformer_blocks.9.attn.out_proj + transformer_blocks.9.attn.add_out_proj
25-12-26 16:38:26 | D |       - transformer_blocks.9.ff.up_proj
25-12-26 16:38:26 | D |       - transformer_blocks.9.ff.down_proj
25-12-26 16:38:26 | D |       - transformer_blocks.9.ff_context.up_proj
25-12-26 16:38:26 | D |       - transformer_blocks.9.ff_context.down_proj
25-12-26 16:38:26 | D |   - Smoothing Diffusion Block transformer_blocks.10
25-12-26 16:38:26 | D |     - Skipping Module transformer_blocks.10.norm1.linear
25-12-26 16:38:26 | D |     - Skipping Module transformer_blocks.10.norm1_context.linear
25-12-26 16:38:26 | D |     - Smoothing Transformer Block transformer_blocks.10
25-12-26 16:38:26 | D |       - transformer_blocks.10.attn.qkv_proj
25-12-26 16:38:26 | D |       - transformer_blocks.10.attn add_qkv_proj
25-12-26 16:38:26 | D |       - transformer_blocks.10.attn.out_proj + transformer_blocks.10.attn.add_out_proj
25-12-26 16:38:26 | D |       - transformer_blocks.10.ff.up_proj
25-12-26 16:38:26 | D |       - transformer_blocks.10.ff.down_proj
25-12-26 16:38:26 | D |       - transformer_blocks.10.ff_context.up_proj
25-12-26 16:38:26 | D |       - transformer_blocks.10.ff_context.down_proj
25-12-26 16:38:26 | D |   - Smoothing Diffusion Block transformer_blocks.11
25-12-26 16:38:26 | D |     - Skipping Module transformer_blocks.11.norm1.linear
25-12-26 16:38:26 | D |     - Skipping Module transformer_blocks.11.norm1_context.linear
25-12-26 16:38:26 | D |     - Smoothing Transformer Block transformer_blocks.11
25-12-26 16:38:26 | D |       - transformer_blocks.11.attn.qkv_proj
25-12-26 16:38:26 | D |       - transformer_blocks.11.attn add_qkv_proj
25-12-26 16:38:26 | D |       - transformer_blocks.11.attn.out_proj + transformer_blocks.11.attn.add_out_proj
25-12-26 16:38:26 | D |       - transformer_blocks.11.ff.up_proj
25-12-26 16:38:26 | D |       - transformer_blocks.11.ff.down_proj
25-12-26 16:38:26 | D |       - transformer_blocks.11.ff_context.up_proj
25-12-26 16:38:26 | D |       - transformer_blocks.11.ff_context.down_proj
25-12-26 16:38:26 | D |   - Smoothing Diffusion Block transformer_blocks.12
25-12-26 16:38:26 | D |     - Skipping Module transformer_blocks.12.norm1.linear
25-12-26 16:38:26 | D |     - Skipping Module transformer_blocks.12.norm1_context.linear
25-12-26 16:38:26 | D |     - Smoothing Transformer Block transformer_blocks.12
25-12-26 16:38:26 | D |       - transformer_blocks.12.attn.qkv_proj
25-12-26 16:38:26 | D |       - transformer_blocks.12.attn add_qkv_proj
25-12-26 16:38:26 | D |       - transformer_blocks.12.attn.out_proj + transformer_blocks.12.attn.add_out_proj
25-12-26 16:38:26 | D |       - transformer_blocks.12.ff.up_proj
25-12-26 16:38:26 | D |       - transformer_blocks.12.ff.down_proj
25-12-26 16:38:26 | D |       - transformer_blocks.12.ff_context.up_proj
25-12-26 16:38:26 | D |       - transformer_blocks.12.ff_context.down_proj
25-12-26 16:38:26 | D |   - Smoothing Diffusion Block transformer_blocks.13
25-12-26 16:38:26 | D |     - Skipping Module transformer_blocks.13.norm1.linear
25-12-26 16:38:26 | D |     - Skipping Module transformer_blocks.13.norm1_context.linear
25-12-26 16:38:26 | D |     - Smoothing Transformer Block transformer_blocks.13
25-12-26 16:38:26 | D |       - transformer_blocks.13.attn.qkv_proj
25-12-26 16:38:26 | D |       - transformer_blocks.13.attn add_qkv_proj
25-12-26 16:38:26 | D |       - transformer_blocks.13.attn.out_proj + transformer_blocks.13.attn.add_out_proj
25-12-26 16:38:26 | D |       - transformer_blocks.13.ff.up_proj
25-12-26 16:38:26 | D |       - transformer_blocks.13.ff.down_proj
25-12-26 16:38:26 | D |       - transformer_blocks.13.ff_context.up_proj
25-12-26 16:38:26 | D |       - transformer_blocks.13.ff_context.down_proj
25-12-26 16:38:26 | D |   - Smoothing Diffusion Block transformer_blocks.14
25-12-26 16:38:26 | D |     - Skipping Module transformer_blocks.14.norm1.linear
25-12-26 16:38:26 | D |     - Skipping Module transformer_blocks.14.norm1_context.linear
25-12-26 16:38:26 | D |     - Smoothing Transformer Block transformer_blocks.14
25-12-26 16:38:26 | D |       - transformer_blocks.14.attn.qkv_proj
25-12-26 16:38:26 | D |       - transformer_blocks.14.attn add_qkv_proj
25-12-26 16:38:26 | D |       - transformer_blocks.14.attn.out_proj + transformer_blocks.14.attn.add_out_proj
25-12-26 16:38:26 | D |       - transformer_blocks.14.ff.up_proj
25-12-26 16:38:26 | D |       - transformer_blocks.14.ff.down_proj
25-12-26 16:38:26 | D |       - transformer_blocks.14.ff_context.up_proj
25-12-26 16:38:26 | D |       - transformer_blocks.14.ff_context.down_proj
25-12-26 16:38:26 | D |   - Smoothing Diffusion Block transformer_blocks.15
25-12-26 16:38:26 | D |     - Skipping Module transformer_blocks.15.norm1.linear
25-12-26 16:38:26 | D |     - Skipping Module transformer_blocks.15.norm1_context.linear
25-12-26 16:38:26 | D |     - Smoothing Transformer Block transformer_blocks.15
25-12-26 16:38:26 | D |       - transformer_blocks.15.attn.qkv_proj
25-12-26 16:38:26 | D |       - transformer_blocks.15.attn add_qkv_proj
25-12-26 16:38:26 | D |       - transformer_blocks.15.attn.out_proj + transformer_blocks.15.attn.add_out_proj
25-12-26 16:38:26 | D |       - transformer_blocks.15.ff.up_proj
25-12-26 16:38:26 | D |       - transformer_blocks.15.ff.down_proj
25-12-26 16:38:26 | D |       - transformer_blocks.15.ff_context.up_proj
25-12-26 16:38:26 | D |       - transformer_blocks.15.ff_context.down_proj
25-12-26 16:38:26 | D |   - Smoothing Diffusion Block transformer_blocks.16
25-12-26 16:38:26 | D |     - Skipping Module transformer_blocks.16.norm1.linear
25-12-26 16:38:26 | D |     - Skipping Module transformer_blocks.16.norm1_context.linear
25-12-26 16:38:26 | D |     - Smoothing Transformer Block transformer_blocks.16
25-12-26 16:38:26 | D |       - transformer_blocks.16.attn.qkv_proj
25-12-26 16:38:26 | D |       - transformer_blocks.16.attn add_qkv_proj
25-12-26 16:38:26 | D |       - transformer_blocks.16.attn.out_proj + transformer_blocks.16.attn.add_out_proj
25-12-26 16:38:26 | D |       - transformer_blocks.16.ff.up_proj
25-12-26 16:38:26 | D |       - transformer_blocks.16.ff.down_proj
25-12-26 16:38:26 | D |       - transformer_blocks.16.ff_context.up_proj
25-12-26 16:38:26 | D |       - transformer_blocks.16.ff_context.down_proj
25-12-26 16:38:26 | D |   - Smoothing Diffusion Block transformer_blocks.17
25-12-26 16:38:26 | D |     - Skipping Module transformer_blocks.17.norm1.linear
25-12-26 16:38:26 | D |     - Skipping Module transformer_blocks.17.norm1_context.linear
25-12-26 16:38:26 | D |     - Smoothing Transformer Block transformer_blocks.17
25-12-26 16:38:26 | D |       - transformer_blocks.17.attn.qkv_proj
25-12-26 16:38:26 | D |       - transformer_blocks.17.attn add_qkv_proj
25-12-26 16:38:26 | D |       - transformer_blocks.17.attn.out_proj + transformer_blocks.17.attn.add_out_proj
25-12-26 16:38:26 | D |       - transformer_blocks.17.ff.up_proj
25-12-26 16:38:26 | D |       - transformer_blocks.17.ff.down_proj
25-12-26 16:38:26 | D |       - transformer_blocks.17.ff_context.up_proj
25-12-26 16:38:26 | D |       - transformer_blocks.17.ff_context.down_proj
25-12-26 16:38:26 | D |   - Smoothing Diffusion Block transformer_blocks.18
25-12-26 16:38:26 | D |     - Skipping Module transformer_blocks.18.norm1.linear
25-12-26 16:38:26 | D |     - Skipping Module transformer_blocks.18.norm1_context.linear
25-12-26 16:38:26 | D |     - Smoothing Transformer Block transformer_blocks.18
25-12-26 16:38:26 | D |       - transformer_blocks.18.attn.qkv_proj
25-12-26 16:38:26 | D |       - transformer_blocks.18.attn add_qkv_proj
25-12-26 16:38:26 | D |       - transformer_blocks.18.attn.out_proj + transformer_blocks.18.attn.add_out_proj
25-12-26 16:38:26 | D |       - transformer_blocks.18.ff.up_proj
25-12-26 16:38:26 | D |       - transformer_blocks.18.ff.down_proj
25-12-26 16:38:26 | D |       - transformer_blocks.18.ff_context.up_proj
25-12-26 16:38:26 | D |       - transformer_blocks.18.ff_context.down_proj
25-12-26 16:38:26 | D |   - Smoothing Diffusion Block single_transformer_blocks.0
25-12-26 16:38:26 | D |     - Skipping Module single_transformer_blocks.0.norm.linear
25-12-26 16:38:26 | D |     - Smoothing Transformer Block single_transformer_blocks.0
25-12-26 16:38:26 | D |       - single_transformer_blocks.0.attn.qkv_proj + single_transformer_blocks.0.up_proj
25-12-26 16:38:26 | D |       - single_transformer_blocks.0.attn.out_proj
25-12-26 16:38:26 | D |       - single_transformer_blocks.0.down_proj
25-12-26 16:38:26 | D |   - Smoothing Diffusion Block single_transformer_blocks.1
25-12-26 16:38:26 | D |     - Skipping Module single_transformer_blocks.1.norm.linear
25-12-26 16:38:26 | D |     - Smoothing Transformer Block single_transformer_blocks.1
25-12-26 16:38:26 | D |       - single_transformer_blocks.1.attn.qkv_proj + single_transformer_blocks.1.up_proj
25-12-26 16:38:26 | D |       - single_transformer_blocks.1.attn.out_proj
25-12-26 16:38:26 | D |       - single_transformer_blocks.1.down_proj
25-12-26 16:38:26 | D |   - Smoothing Diffusion Block single_transformer_blocks.2
25-12-26 16:38:26 | D |     - Skipping Module single_transformer_blocks.2.norm.linear
25-12-26 16:38:26 | D |     - Smoothing Transformer Block single_transformer_blocks.2
25-12-26 16:38:26 | D |       - single_transformer_blocks.2.attn.qkv_proj + single_transformer_blocks.2.up_proj
25-12-26 16:38:26 | D |       - single_transformer_blocks.2.attn.out_proj
25-12-26 16:38:26 | D |       - single_transformer_blocks.2.down_proj
25-12-26 16:38:26 | D |   - Smoothing Diffusion Block single_transformer_blocks.3
25-12-26 16:38:26 | D |     - Skipping Module single_transformer_blocks.3.norm.linear
25-12-26 16:38:26 | D |     - Smoothing Transformer Block single_transformer_blocks.3
25-12-26 16:38:26 | D |       - single_transformer_blocks.3.attn.qkv_proj + single_transformer_blocks.3.up_proj
25-12-26 16:38:26 | D |       - single_transformer_blocks.3.attn.out_proj
25-12-26 16:38:26 | D |       - single_transformer_blocks.3.down_proj
25-12-26 16:38:26 | D |   - Smoothing Diffusion Block single_transformer_blocks.4
25-12-26 16:38:26 | D |     - Skipping Module single_transformer_blocks.4.norm.linear
25-12-26 16:38:26 | D |     - Smoothing Transformer Block single_transformer_blocks.4
25-12-26 16:38:26 | D |       - single_transformer_blocks.4.attn.qkv_proj + single_transformer_blocks.4.up_proj
25-12-26 16:38:26 | D |       - single_transformer_blocks.4.attn.out_proj
25-12-26 16:38:26 | D |       - single_transformer_blocks.4.down_proj
25-12-26 16:38:26 | D |   - Smoothing Diffusion Block single_transformer_blocks.5
25-12-26 16:38:26 | D |     - Skipping Module single_transformer_blocks.5.norm.linear
25-12-26 16:38:26 | D |     - Smoothing Transformer Block single_transformer_blocks.5
25-12-26 16:38:26 | D |       - single_transformer_blocks.5.attn.qkv_proj + single_transformer_blocks.5.up_proj
25-12-26 16:38:26 | D |       - single_transformer_blocks.5.attn.out_proj
25-12-26 16:38:26 | D |       - single_transformer_blocks.5.down_proj
25-12-26 16:38:26 | D |   - Smoothing Diffusion Block single_transformer_blocks.6
25-12-26 16:38:26 | D |     - Skipping Module single_transformer_blocks.6.norm.linear
25-12-26 16:38:26 | D |     - Smoothing Transformer Block single_transformer_blocks.6
25-12-26 16:38:26 | D |       - single_transformer_blocks.6.attn.qkv_proj + single_transformer_blocks.6.up_proj
25-12-26 16:38:26 | D |       - single_transformer_blocks.6.attn.out_proj
25-12-26 16:38:26 | D |       - single_transformer_blocks.6.down_proj
25-12-26 16:38:26 | D |   - Smoothing Diffusion Block single_transformer_blocks.7
25-12-26 16:38:26 | D |     - Skipping Module single_transformer_blocks.7.norm.linear
25-12-26 16:38:26 | D |     - Smoothing Transformer Block single_transformer_blocks.7
25-12-26 16:38:26 | D |       - single_transformer_blocks.7.attn.qkv_proj + single_transformer_blocks.7.up_proj
25-12-26 16:38:26 | D |       - single_transformer_blocks.7.attn.out_proj
25-12-26 16:38:26 | D |       - single_transformer_blocks.7.down_proj
25-12-26 16:38:26 | D |   - Smoothing Diffusion Block single_transformer_blocks.8
25-12-26 16:38:26 | D |     - Skipping Module single_transformer_blocks.8.norm.linear
25-12-26 16:38:26 | D |     - Smoothing Transformer Block single_transformer_blocks.8
25-12-26 16:38:26 | D |       - single_transformer_blocks.8.attn.qkv_proj + single_transformer_blocks.8.up_proj
25-12-26 16:38:26 | D |       - single_transformer_blocks.8.attn.out_proj
25-12-26 16:38:26 | D |       - single_transformer_blocks.8.down_proj
25-12-26 16:38:26 | D |   - Smoothing Diffusion Block single_transformer_blocks.9
25-12-26 16:38:26 | D |     - Skipping Module single_transformer_blocks.9.norm.linear
25-12-26 16:38:26 | D |     - Smoothing Transformer Block single_transformer_blocks.9
25-12-26 16:38:26 | D |       - single_transformer_blocks.9.attn.qkv_proj + single_transformer_blocks.9.up_proj
25-12-26 16:38:26 | D |       - single_transformer_blocks.9.attn.out_proj
25-12-26 16:38:26 | D |       - single_transformer_blocks.9.down_proj
25-12-26 16:38:26 | D |   - Smoothing Diffusion Block single_transformer_blocks.10
25-12-26 16:38:26 | D |     - Skipping Module single_transformer_blocks.10.norm.linear
25-12-26 16:38:26 | D |     - Smoothing Transformer Block single_transformer_blocks.10
25-12-26 16:38:26 | D |       - single_transformer_blocks.10.attn.qkv_proj + single_transformer_blocks.10.up_proj
25-12-26 16:38:26 | D |       - single_transformer_blocks.10.attn.out_proj
25-12-26 16:38:26 | D |       - single_transformer_blocks.10.down_proj
25-12-26 16:38:26 | D |   - Smoothing Diffusion Block single_transformer_blocks.11
25-12-26 16:38:26 | D |     - Skipping Module single_transformer_blocks.11.norm.linear
25-12-26 16:38:26 | D |     - Smoothing Transformer Block single_transformer_blocks.11
25-12-26 16:38:26 | D |       - single_transformer_blocks.11.attn.qkv_proj + single_transformer_blocks.11.up_proj
25-12-26 16:38:26 | D |       - single_transformer_blocks.11.attn.out_proj
25-12-26 16:38:26 | D |       - single_transformer_blocks.11.down_proj
25-12-26 16:38:26 | D |   - Smoothing Diffusion Block single_transformer_blocks.12
25-12-26 16:38:26 | D |     - Skipping Module single_transformer_blocks.12.norm.linear
25-12-26 16:38:26 | D |     - Smoothing Transformer Block single_transformer_blocks.12
25-12-26 16:38:26 | D |       - single_transformer_blocks.12.attn.qkv_proj + single_transformer_blocks.12.up_proj
25-12-26 16:38:26 | D |       - single_transformer_blocks.12.attn.out_proj
25-12-26 16:38:26 | D |       - single_transformer_blocks.12.down_proj
25-12-26 16:38:26 | D |   - Smoothing Diffusion Block single_transformer_blocks.13
25-12-26 16:38:26 | D |     - Skipping Module single_transformer_blocks.13.norm.linear
25-12-26 16:38:26 | D |     - Smoothing Transformer Block single_transformer_blocks.13
25-12-26 16:38:26 | D |       - single_transformer_blocks.13.attn.qkv_proj + single_transformer_blocks.13.up_proj
25-12-26 16:38:26 | D |       - single_transformer_blocks.13.attn.out_proj
25-12-26 16:38:26 | D |       - single_transformer_blocks.13.down_proj
25-12-26 16:38:26 | D |   - Smoothing Diffusion Block single_transformer_blocks.14
25-12-26 16:38:26 | D |     - Skipping Module single_transformer_blocks.14.norm.linear
25-12-26 16:38:26 | D |     - Smoothing Transformer Block single_transformer_blocks.14
25-12-26 16:38:26 | D |       - single_transformer_blocks.14.attn.qkv_proj + single_transformer_blocks.14.up_proj
25-12-26 16:38:26 | D |       - single_transformer_blocks.14.attn.out_proj
25-12-26 16:38:26 | D |       - single_transformer_blocks.14.down_proj
25-12-26 16:38:26 | D |   - Smoothing Diffusion Block single_transformer_blocks.15
25-12-26 16:38:26 | D |     - Skipping Module single_transformer_blocks.15.norm.linear
25-12-26 16:38:26 | D |     - Smoothing Transformer Block single_transformer_blocks.15
25-12-26 16:38:26 | D |       - single_transformer_blocks.15.attn.qkv_proj + single_transformer_blocks.15.up_proj
25-12-26 16:38:26 | D |       - single_transformer_blocks.15.attn.out_proj
25-12-26 16:38:26 | D |       - single_transformer_blocks.15.down_proj
25-12-26 16:38:26 | D |   - Smoothing Diffusion Block single_transformer_blocks.16
25-12-26 16:38:26 | D |     - Skipping Module single_transformer_blocks.16.norm.linear
25-12-26 16:38:26 | D |     - Smoothing Transformer Block single_transformer_blocks.16
25-12-26 16:38:26 | D |       - single_transformer_blocks.16.attn.qkv_proj + single_transformer_blocks.16.up_proj
25-12-26 16:38:26 | D |       - single_transformer_blocks.16.attn.out_proj
25-12-26 16:38:26 | D |       - single_transformer_blocks.16.down_proj
25-12-26 16:38:26 | D |   - Smoothing Diffusion Block single_transformer_blocks.17
25-12-26 16:38:26 | D |     - Skipping Module single_transformer_blocks.17.norm.linear
25-12-26 16:38:26 | D |     - Smoothing Transformer Block single_transformer_blocks.17
25-12-26 16:38:26 | D |       - single_transformer_blocks.17.attn.qkv_proj + single_transformer_blocks.17.up_proj
25-12-26 16:38:26 | D |       - single_transformer_blocks.17.attn.out_proj
25-12-26 16:38:26 | D |       - single_transformer_blocks.17.down_proj
25-12-26 16:38:26 | D |   - Smoothing Diffusion Block single_transformer_blocks.18
25-12-26 16:38:26 | D |     - Skipping Module single_transformer_blocks.18.norm.linear
25-12-26 16:38:26 | D |     - Smoothing Transformer Block single_transformer_blocks.18
25-12-26 16:38:26 | D |       - single_transformer_blocks.18.attn.qkv_proj + single_transformer_blocks.18.up_proj
25-12-26 16:38:26 | D |       - single_transformer_blocks.18.attn.out_proj
25-12-26 16:38:26 | D |       - single_transformer_blocks.18.down_proj
25-12-26 16:38:26 | D |   - Smoothing Diffusion Block single_transformer_blocks.19
25-12-26 16:38:26 | D |     - Skipping Module single_transformer_blocks.19.norm.linear
25-12-26 16:38:26 | D |     - Smoothing Transformer Block single_transformer_blocks.19
25-12-26 16:38:26 | D |       - single_transformer_blocks.19.attn.qkv_proj + single_transformer_blocks.19.up_proj
25-12-26 16:38:26 | D |       - single_transformer_blocks.19.attn.out_proj
25-12-26 16:38:26 | D |       - single_transformer_blocks.19.down_proj
25-12-26 16:38:26 | D |   - Smoothing Diffusion Block single_transformer_blocks.20
25-12-26 16:38:26 | D |     - Skipping Module single_transformer_blocks.20.norm.linear
25-12-26 16:38:26 | D |     - Smoothing Transformer Block single_transformer_blocks.20
25-12-26 16:38:26 | D |       - single_transformer_blocks.20.attn.qkv_proj + single_transformer_blocks.20.up_proj
25-12-26 16:38:26 | D |       - single_transformer_blocks.20.attn.out_proj
25-12-26 16:38:26 | D |       - single_transformer_blocks.20.down_proj
25-12-26 16:38:26 | D |   - Smoothing Diffusion Block single_transformer_blocks.21
25-12-26 16:38:26 | D |     - Skipping Module single_transformer_blocks.21.norm.linear
25-12-26 16:38:26 | D |     - Smoothing Transformer Block single_transformer_blocks.21
25-12-26 16:38:26 | D |       - single_transformer_blocks.21.attn.qkv_proj + single_transformer_blocks.21.up_proj
25-12-26 16:38:26 | D |       - single_transformer_blocks.21.attn.out_proj
25-12-26 16:38:26 | D |       - single_transformer_blocks.21.down_proj
25-12-26 16:38:26 | D |   - Smoothing Diffusion Block single_transformer_blocks.22
25-12-26 16:38:26 | D |     - Skipping Module single_transformer_blocks.22.norm.linear
25-12-26 16:38:26 | D |     - Smoothing Transformer Block single_transformer_blocks.22
25-12-26 16:38:26 | D |       - single_transformer_blocks.22.attn.qkv_proj + single_transformer_blocks.22.up_proj
25-12-26 16:38:26 | D |       - single_transformer_blocks.22.attn.out_proj
25-12-26 16:38:26 | D |       - single_transformer_blocks.22.down_proj
25-12-26 16:38:26 | D |   - Smoothing Diffusion Block single_transformer_blocks.23
25-12-26 16:38:26 | D |     - Skipping Module single_transformer_blocks.23.norm.linear
25-12-26 16:38:26 | D |     - Smoothing Transformer Block single_transformer_blocks.23
25-12-26 16:38:26 | D |       - single_transformer_blocks.23.attn.qkv_proj + single_transformer_blocks.23.up_proj
25-12-26 16:38:26 | D |       - single_transformer_blocks.23.attn.out_proj
25-12-26 16:38:26 | D |       - single_transformer_blocks.23.down_proj
25-12-26 16:38:26 | D |   - Smoothing Diffusion Block single_transformer_blocks.24
25-12-26 16:38:26 | D |     - Skipping Module single_transformer_blocks.24.norm.linear
25-12-26 16:38:26 | D |     - Smoothing Transformer Block single_transformer_blocks.24
25-12-26 16:38:26 | D |       - single_transformer_blocks.24.attn.qkv_proj + single_transformer_blocks.24.up_proj
25-12-26 16:38:26 | D |       - single_transformer_blocks.24.attn.out_proj
25-12-26 16:38:26 | D |       - single_transformer_blocks.24.down_proj
25-12-26 16:38:26 | D |   - Smoothing Diffusion Block single_transformer_blocks.25
25-12-26 16:38:26 | D |     - Skipping Module single_transformer_blocks.25.norm.linear
25-12-26 16:38:26 | D |     - Smoothing Transformer Block single_transformer_blocks.25
25-12-26 16:38:26 | D |       - single_transformer_blocks.25.attn.qkv_proj + single_transformer_blocks.25.up_proj
25-12-26 16:38:26 | D |       - single_transformer_blocks.25.attn.out_proj
25-12-26 16:38:26 | D |       - single_transformer_blocks.25.down_proj
25-12-26 16:38:26 | D |   - Smoothing Diffusion Block single_transformer_blocks.26
25-12-26 16:38:26 | D |     - Skipping Module single_transformer_blocks.26.norm.linear
25-12-26 16:38:26 | D |     - Smoothing Transformer Block single_transformer_blocks.26
25-12-26 16:38:26 | D |       - single_transformer_blocks.26.attn.qkv_proj + single_transformer_blocks.26.up_proj
25-12-26 16:38:26 | D |       - single_transformer_blocks.26.attn.out_proj
25-12-26 16:38:26 | D |       - single_transformer_blocks.26.down_proj
25-12-26 16:38:26 | D |   - Smoothing Diffusion Block single_transformer_blocks.27
25-12-26 16:38:26 | D |     - Skipping Module single_transformer_blocks.27.norm.linear
25-12-26 16:38:26 | D |     - Smoothing Transformer Block single_transformer_blocks.27
25-12-26 16:38:26 | D |       - single_transformer_blocks.27.attn.qkv_proj + single_transformer_blocks.27.up_proj
25-12-26 16:38:26 | D |       - single_transformer_blocks.27.attn.out_proj
25-12-26 16:38:26 | D |       - single_transformer_blocks.27.down_proj
25-12-26 16:38:26 | D |   - Smoothing Diffusion Block single_transformer_blocks.28
25-12-26 16:38:26 | D |     - Skipping Module single_transformer_blocks.28.norm.linear
25-12-26 16:38:26 | D |     - Smoothing Transformer Block single_transformer_blocks.28
25-12-26 16:38:26 | D |       - single_transformer_blocks.28.attn.qkv_proj + single_transformer_blocks.28.up_proj
25-12-26 16:38:26 | D |       - single_transformer_blocks.28.attn.out_proj
25-12-26 16:38:26 | D |       - single_transformer_blocks.28.down_proj
25-12-26 16:38:26 | D |   - Smoothing Diffusion Block single_transformer_blocks.29
25-12-26 16:38:26 | D |     - Skipping Module single_transformer_blocks.29.norm.linear
25-12-26 16:38:26 | D |     - Smoothing Transformer Block single_transformer_blocks.29
25-12-26 16:38:26 | D |       - single_transformer_blocks.29.attn.qkv_proj + single_transformer_blocks.29.up_proj
25-12-26 16:38:26 | D |       - single_transformer_blocks.29.attn.out_proj
25-12-26 16:38:26 | D |       - single_transformer_blocks.29.down_proj
25-12-26 16:38:26 | D |   - Smoothing Diffusion Block single_transformer_blocks.30
25-12-26 16:38:26 | D |     - Skipping Module single_transformer_blocks.30.norm.linear
25-12-26 16:38:26 | D |     - Smoothing Transformer Block single_transformer_blocks.30
25-12-26 16:38:26 | D |       - single_transformer_blocks.30.attn.qkv_proj + single_transformer_blocks.30.up_proj
25-12-26 16:38:26 | D |       - single_transformer_blocks.30.attn.out_proj
25-12-26 16:38:26 | D |       - single_transformer_blocks.30.down_proj
25-12-26 16:38:26 | D |   - Smoothing Diffusion Block single_transformer_blocks.31
25-12-26 16:38:26 | D |     - Skipping Module single_transformer_blocks.31.norm.linear
25-12-26 16:38:26 | D |     - Smoothing Transformer Block single_transformer_blocks.31
25-12-26 16:38:26 | D |       - single_transformer_blocks.31.attn.qkv_proj + single_transformer_blocks.31.up_proj
25-12-26 16:38:26 | D |       - single_transformer_blocks.31.attn.out_proj
25-12-26 16:38:26 | D |       - single_transformer_blocks.31.down_proj
25-12-26 16:38:26 | D |   - Smoothing Diffusion Block single_transformer_blocks.32
25-12-26 16:38:26 | D |     - Skipping Module single_transformer_blocks.32.norm.linear
25-12-26 16:38:26 | D |     - Smoothing Transformer Block single_transformer_blocks.32
25-12-26 16:38:26 | D |       - single_transformer_blocks.32.attn.qkv_proj + single_transformer_blocks.32.up_proj
25-12-26 16:38:26 | D |       - single_transformer_blocks.32.attn.out_proj
25-12-26 16:38:26 | D |       - single_transformer_blocks.32.down_proj
25-12-26 16:38:26 | D |   - Smoothing Diffusion Block single_transformer_blocks.33
25-12-26 16:38:26 | D |     - Skipping Module single_transformer_blocks.33.norm.linear
25-12-26 16:38:26 | D |     - Smoothing Transformer Block single_transformer_blocks.33
25-12-26 16:38:26 | D |       - single_transformer_blocks.33.attn.qkv_proj + single_transformer_blocks.33.up_proj
25-12-26 16:38:26 | D |       - single_transformer_blocks.33.attn.out_proj
25-12-26 16:38:26 | D |       - single_transformer_blocks.33.down_proj
25-12-26 16:38:26 | D |   - Smoothing Diffusion Block single_transformer_blocks.34
25-12-26 16:38:26 | D |     - Skipping Module single_transformer_blocks.34.norm.linear
25-12-26 16:38:26 | D |     - Smoothing Transformer Block single_transformer_blocks.34
25-12-26 16:38:26 | D |       - single_transformer_blocks.34.attn.qkv_proj + single_transformer_blocks.34.up_proj
25-12-26 16:38:26 | D |       - single_transformer_blocks.34.attn.out_proj
25-12-26 16:38:26 | D |       - single_transformer_blocks.34.down_proj
25-12-26 16:38:26 | D |   - Smoothing Diffusion Block single_transformer_blocks.35
25-12-26 16:38:26 | D |     - Skipping Module single_transformer_blocks.35.norm.linear
25-12-26 16:38:26 | D |     - Smoothing Transformer Block single_transformer_blocks.35
25-12-26 16:38:26 | D |       - single_transformer_blocks.35.attn.qkv_proj + single_transformer_blocks.35.up_proj
25-12-26 16:38:26 | D |       - single_transformer_blocks.35.attn.out_proj
25-12-26 16:38:26 | D |       - single_transformer_blocks.35.down_proj
25-12-26 16:38:26 | D |   - Smoothing Diffusion Block single_transformer_blocks.36
25-12-26 16:38:26 | D |     - Skipping Module single_transformer_blocks.36.norm.linear
25-12-26 16:38:26 | D |     - Smoothing Transformer Block single_transformer_blocks.36
25-12-26 16:38:26 | D |       - single_transformer_blocks.36.attn.qkv_proj + single_transformer_blocks.36.up_proj
25-12-26 16:38:26 | D |       - single_transformer_blocks.36.attn.out_proj
25-12-26 16:38:26 | D |       - single_transformer_blocks.36.down_proj
25-12-26 16:38:26 | D |   - Smoothing Diffusion Block single_transformer_blocks.37
25-12-26 16:38:26 | D |     - Skipping Module single_transformer_blocks.37.norm.linear
25-12-26 16:38:26 | D |     - Smoothing Transformer Block single_transformer_blocks.37
25-12-26 16:38:26 | D |       - single_transformer_blocks.37.attn.qkv_proj + single_transformer_blocks.37.up_proj
25-12-26 16:38:26 | D |       - single_transformer_blocks.37.attn.out_proj
25-12-26 16:38:26 | D |       - single_transformer_blocks.37.down_proj
25-12-26 16:38:26 | I |   - Linking smooth scales to runs/diffusion/flux.1/flux.1-schnell/w.4-x.4-y.16/w.sint4-x.sint4.u-y.bf16/w.v64.bf16-x.v64.bf16-y.tnsr.bf16/smooth.proj-w.static.lowrank/shift-skip.x.[[w]+tan+tn].w.[e+rs+rtp+s+tpi+tpo]-low.r32.i100.e.skip.[rc+tan+tn]-smth.proj.GridSearch.bn2.[AbsMax].lr.skip.[rc+tan+tn]-qdiff.128-t4.g0-s1024.RUNNING/run-251226.163806.RUNNING/model/smooth.pt
25-12-26 16:38:26 | I | * Quantizing weights
25-12-26 16:38:26 | I |   - Loading branch settings from runs/diffusion/cache/quant/qdiff.128/branch/w.4-x.4-y.16/w.sint4-x.sint4.u-y.bf16/w.v64.bf16-x.v64.bf16-y.tnsr.bf16/w.skip.[e+rs+rtp+s+tpi+tpo]-x.skip.[e+rs+rtp+s+tan+tn+tpi+tpo]-y.skip.[]/shift/lowrank.r32/smooth.proj.OutputsError.GridSearch.Layer.d2.en1.sn1/smooth.proj.[a.AbsMax.b.AbsMax]/smooth.proj.g20.bn2.lr.nf/smooth.proj.skip.[rc+tan+tn]/lowrank.OutputsError.Manual.Layer.d2.en1.sn1/lowrank.i100.r32.earlystop/lowrank.skip.[rc+tan+tn]/flux.1-schnell.pt
25-12-26 16:38:27 | I |   - Generating weight settings
25-12-26 16:38:27 | I |   * Adding low-rank branches to weights
25-12-26 16:38:27 | D |     - Calibrating low-rank branches of block transformer_blocks.0
25-12-26 16:38:27 | D |       + Adding low-rank branches to transformer_blocks.0.attn.to_q, transformer_blocks.0.attn.to_k, transformer_blocks.0.attn.to_v
25-12-26 16:38:28 | D |       + Adding low-rank branches to transformer_blocks.0.attn.add_q_proj, transformer_blocks.0.attn.add_k_proj, transformer_blocks.0.attn.add_v_proj
25-12-26 16:38:29 | D |       + Adding low-rank branches to transformer_blocks.0.attn.to_out.0
25-12-26 16:38:29 | D |       + Adding low-rank branches to transformer_blocks.0.attn.to_add_out
25-12-26 16:38:29 | D |       + Adding low-rank branches to transformer_blocks.0.ff.net.0.proj
25-12-26 16:38:29 | D |       + Adding low-rank branches to transformer_blocks.0.ff.net.2.linear
25-12-26 16:38:30 | D |       + Adding low-rank branches to transformer_blocks.0.ff_context.net.0.proj
25-12-26 16:38:30 | D |       + Adding low-rank branches to transformer_blocks.0.ff_context.net.2.linear
25-12-26 16:38:30 | D |     - Calibrating low-rank branches of block transformer_blocks.1
25-12-26 16:38:30 | D |       + Adding low-rank branches to transformer_blocks.1.attn.to_q, transformer_blocks.1.attn.to_k, transformer_blocks.1.attn.to_v
25-12-26 16:38:30 | D |       + Adding low-rank branches to transformer_blocks.1.attn.add_q_proj, transformer_blocks.1.attn.add_k_proj, transformer_blocks.1.attn.add_v_proj
25-12-26 16:38:31 | D |       + Adding low-rank branches to transformer_blocks.1.attn.to_out.0
25-12-26 16:38:31 | D |       + Adding low-rank branches to transformer_blocks.1.attn.to_add_out
25-12-26 16:38:31 | D |       + Adding low-rank branches to transformer_blocks.1.ff.net.0.proj
25-12-26 16:38:31 | D |       + Adding low-rank branches to transformer_blocks.1.ff.net.2.linear
25-12-26 16:38:31 | D |       + Adding low-rank branches to transformer_blocks.1.ff_context.net.0.proj
25-12-26 16:38:32 | D |       + Adding low-rank branches to transformer_blocks.1.ff_context.net.2.linear
25-12-26 16:38:32 | D |     - Calibrating low-rank branches of block transformer_blocks.2
25-12-26 16:38:32 | D |       + Adding low-rank branches to transformer_blocks.2.attn.to_q, transformer_blocks.2.attn.to_k, transformer_blocks.2.attn.to_v
25-12-26 16:38:32 | D |       + Adding low-rank branches to transformer_blocks.2.attn.add_q_proj, transformer_blocks.2.attn.add_k_proj, transformer_blocks.2.attn.add_v_proj
25-12-26 16:38:32 | D |       + Adding low-rank branches to transformer_blocks.2.attn.to_out.0
25-12-26 16:38:33 | D |       + Adding low-rank branches to transformer_blocks.2.attn.to_add_out
25-12-26 16:38:33 | D |       + Adding low-rank branches to transformer_blocks.2.ff.net.0.proj
25-12-26 16:38:33 | D |       + Adding low-rank branches to transformer_blocks.2.ff.net.2.linear
25-12-26 16:38:33 | D |       + Adding low-rank branches to transformer_blocks.2.ff_context.net.0.proj
25-12-26 16:38:34 | D |       + Adding low-rank branches to transformer_blocks.2.ff_context.net.2.linear
25-12-26 16:38:34 | D |     - Calibrating low-rank branches of block transformer_blocks.3
25-12-26 16:38:34 | D |       + Adding low-rank branches to transformer_blocks.3.attn.to_q, transformer_blocks.3.attn.to_k, transformer_blocks.3.attn.to_v
25-12-26 16:38:34 | D |       + Adding low-rank branches to transformer_blocks.3.attn.add_q_proj, transformer_blocks.3.attn.add_k_proj, transformer_blocks.3.attn.add_v_proj
25-12-26 16:38:35 | D |       + Adding low-rank branches to transformer_blocks.3.attn.to_out.0
25-12-26 16:38:35 | D |       + Adding low-rank branches to transformer_blocks.3.attn.to_add_out
25-12-26 16:38:35 | D |       + Adding low-rank branches to transformer_blocks.3.ff.net.0.proj
25-12-26 16:38:35 | D |       + Adding low-rank branches to transformer_blocks.3.ff.net.2.linear
25-12-26 16:38:36 | D |       + Adding low-rank branches to transformer_blocks.3.ff_context.net.0.proj
25-12-26 16:38:36 | D |       + Adding low-rank branches to transformer_blocks.3.ff_context.net.2.linear
25-12-26 16:38:36 | D |     - Calibrating low-rank branches of block transformer_blocks.4
25-12-26 16:38:36 | D |       + Adding low-rank branches to transformer_blocks.4.attn.to_q, transformer_blocks.4.attn.to_k, transformer_blocks.4.attn.to_v
25-12-26 16:38:36 | D |       + Adding low-rank branches to transformer_blocks.4.attn.add_q_proj, transformer_blocks.4.attn.add_k_proj, transformer_blocks.4.attn.add_v_proj
25-12-26 16:38:37 | D |       + Adding low-rank branches to transformer_blocks.4.attn.to_out.0
25-12-26 16:38:37 | D |       + Adding low-rank branches to transformer_blocks.4.attn.to_add_out
25-12-26 16:38:37 | D |       + Adding low-rank branches to transformer_blocks.4.ff.net.0.proj
25-12-26 16:38:38 | D |       + Adding low-rank branches to transformer_blocks.4.ff.net.2.linear
25-12-26 16:38:38 | D |       + Adding low-rank branches to transformer_blocks.4.ff_context.net.0.proj
25-12-26 16:38:38 | D |       + Adding low-rank branches to transformer_blocks.4.ff_context.net.2.linear
25-12-26 16:38:38 | D |     - Calibrating low-rank branches of block transformer_blocks.5
25-12-26 16:38:38 | D |       + Adding low-rank branches to transformer_blocks.5.attn.to_q, transformer_blocks.5.attn.to_k, transformer_blocks.5.attn.to_v
25-12-26 16:38:39 | D |       + Adding low-rank branches to transformer_blocks.5.attn.add_q_proj, transformer_blocks.5.attn.add_k_proj, transformer_blocks.5.attn.add_v_proj
25-12-26 16:38:39 | D |       + Adding low-rank branches to transformer_blocks.5.attn.to_out.0
25-12-26 16:38:39 | D |       + Adding low-rank branches to transformer_blocks.5.attn.to_add_out
25-12-26 16:38:39 | D |       + Adding low-rank branches to transformer_blocks.5.ff.net.0.proj
25-12-26 16:38:40 | D |       + Adding low-rank branches to transformer_blocks.5.ff.net.2.linear
25-12-26 16:38:40 | D |       + Adding low-rank branches to transformer_blocks.5.ff_context.net.0.proj
25-12-26 16:38:40 | D |       + Adding low-rank branches to transformer_blocks.5.ff_context.net.2.linear
25-12-26 16:38:40 | D |     - Calibrating low-rank branches of block transformer_blocks.6
25-12-26 16:38:40 | D |       + Adding low-rank branches to transformer_blocks.6.attn.to_q, transformer_blocks.6.attn.to_k, transformer_blocks.6.attn.to_v
25-12-26 16:38:41 | D |       + Adding low-rank branches to transformer_blocks.6.attn.add_q_proj, transformer_blocks.6.attn.add_k_proj, transformer_blocks.6.attn.add_v_proj
25-12-26 16:38:41 | D |       + Adding low-rank branches to transformer_blocks.6.attn.to_out.0
25-12-26 16:38:41 | D |       + Adding low-rank branches to transformer_blocks.6.attn.to_add_out
25-12-26 16:38:41 | D |       + Adding low-rank branches to transformer_blocks.6.ff.net.0.proj
25-12-26 16:38:41 | D |       + Adding low-rank branches to transformer_blocks.6.ff.net.2.linear
25-12-26 16:38:42 | D |       + Adding low-rank branches to transformer_blocks.6.ff_context.net.0.proj
25-12-26 16:38:42 | D |       + Adding low-rank branches to transformer_blocks.6.ff_context.net.2.linear
25-12-26 16:38:42 | D |     - Calibrating low-rank branches of block transformer_blocks.7
25-12-26 16:38:42 | D |       + Adding low-rank branches to transformer_blocks.7.attn.to_q, transformer_blocks.7.attn.to_k, transformer_blocks.7.attn.to_v
25-12-26 16:38:43 | D |       + Adding low-rank branches to transformer_blocks.7.attn.add_q_proj, transformer_blocks.7.attn.add_k_proj, transformer_blocks.7.attn.add_v_proj
25-12-26 16:38:43 | D |       + Adding low-rank branches to transformer_blocks.7.attn.to_out.0
25-12-26 16:38:43 | D |       + Adding low-rank branches to transformer_blocks.7.attn.to_add_out
25-12-26 16:38:43 | D |       + Adding low-rank branches to transformer_blocks.7.ff.net.0.proj
25-12-26 16:38:44 | D |       + Adding low-rank branches to transformer_blocks.7.ff.net.2.linear
25-12-26 16:38:44 | D |       + Adding low-rank branches to transformer_blocks.7.ff_context.net.0.proj
25-12-26 16:38:44 | D |       + Adding low-rank branches to transformer_blocks.7.ff_context.net.2.linear
25-12-26 16:38:44 | D |     - Calibrating low-rank branches of block transformer_blocks.8
25-12-26 16:38:44 | D |       + Adding low-rank branches to transformer_blocks.8.attn.to_q, transformer_blocks.8.attn.to_k, transformer_blocks.8.attn.to_v
25-12-26 16:38:45 | D |       + Adding low-rank branches to transformer_blocks.8.attn.add_q_proj, transformer_blocks.8.attn.add_k_proj, transformer_blocks.8.attn.add_v_proj
25-12-26 16:38:45 | D |       + Adding low-rank branches to transformer_blocks.8.attn.to_out.0
25-12-26 16:38:45 | D |       + Adding low-rank branches to transformer_blocks.8.attn.to_add_out
25-12-26 16:38:45 | D |       + Adding low-rank branches to transformer_blocks.8.ff.net.0.proj
25-12-26 16:38:45 | D |       + Adding low-rank branches to transformer_blocks.8.ff.net.2.linear
25-12-26 16:38:46 | D |       + Adding low-rank branches to transformer_blocks.8.ff_context.net.0.proj
25-12-26 16:38:46 | D |       + Adding low-rank branches to transformer_blocks.8.ff_context.net.2.linear
25-12-26 16:38:46 | D |     - Calibrating low-rank branches of block transformer_blocks.9
25-12-26 16:38:46 | D |       + Adding low-rank branches to transformer_blocks.9.attn.to_q, transformer_blocks.9.attn.to_k, transformer_blocks.9.attn.to_v
25-12-26 16:38:46 | D |       + Adding low-rank branches to transformer_blocks.9.attn.add_q_proj, transformer_blocks.9.attn.add_k_proj, transformer_blocks.9.attn.add_v_proj
25-12-26 16:38:47 | D |       + Adding low-rank branches to transformer_blocks.9.attn.to_out.0
25-12-26 16:38:47 | D |       + Adding low-rank branches to transformer_blocks.9.attn.to_add_out
25-12-26 16:38:47 | D |       + Adding low-rank branches to transformer_blocks.9.ff.net.0.proj
25-12-26 16:38:48 | D |       + Adding low-rank branches to transformer_blocks.9.ff.net.2.linear
25-12-26 16:38:48 | D |       + Adding low-rank branches to transformer_blocks.9.ff_context.net.0.proj
25-12-26 16:38:48 | D |       + Adding low-rank branches to transformer_blocks.9.ff_context.net.2.linear
25-12-26 16:38:48 | D |     - Calibrating low-rank branches of block transformer_blocks.10
25-12-26 16:38:48 | D |       + Adding low-rank branches to transformer_blocks.10.attn.to_q, transformer_blocks.10.attn.to_k, transformer_blocks.10.attn.to_v
25-12-26 16:38:48 | D |       + Adding low-rank branches to transformer_blocks.10.attn.add_q_proj, transformer_blocks.10.attn.add_k_proj, transformer_blocks.10.attn.add_v_proj
25-12-26 16:38:49 | D |       + Adding low-rank branches to transformer_blocks.10.attn.to_out.0
25-12-26 16:38:49 | D |       + Adding low-rank branches to transformer_blocks.10.attn.to_add_out
25-12-26 16:38:49 | D |       + Adding low-rank branches to transformer_blocks.10.ff.net.0.proj
25-12-26 16:38:49 | D |       + Adding low-rank branches to transformer_blocks.10.ff.net.2.linear
25-12-26 16:38:50 | D |       + Adding low-rank branches to transformer_blocks.10.ff_context.net.0.proj
25-12-26 16:38:50 | D |       + Adding low-rank branches to transformer_blocks.10.ff_context.net.2.linear
25-12-26 16:38:50 | D |     - Calibrating low-rank branches of block transformer_blocks.11
25-12-26 16:38:50 | D |       + Adding low-rank branches to transformer_blocks.11.attn.to_q, transformer_blocks.11.attn.to_k, transformer_blocks.11.attn.to_v
25-12-26 16:38:50 | D |       + Adding low-rank branches to transformer_blocks.11.attn.add_q_proj, transformer_blocks.11.attn.add_k_proj, transformer_blocks.11.attn.add_v_proj
25-12-26 16:38:50 | D |       + Adding low-rank branches to transformer_blocks.11.attn.to_out.0
25-12-26 16:38:51 | D |       + Adding low-rank branches to transformer_blocks.11.attn.to_add_out
25-12-26 16:38:51 | D |       + Adding low-rank branches to transformer_blocks.11.ff.net.0.proj
25-12-26 16:38:51 | D |       + Adding low-rank branches to transformer_blocks.11.ff.net.2.linear
25-12-26 16:38:51 | D |       + Adding low-rank branches to transformer_blocks.11.ff_context.net.0.proj
25-12-26 16:38:51 | D |       + Adding low-rank branches to transformer_blocks.11.ff_context.net.2.linear
25-12-26 16:38:52 | D |     - Calibrating low-rank branches of block transformer_blocks.12
25-12-26 16:38:52 | D |       + Adding low-rank branches to transformer_blocks.12.attn.to_q, transformer_blocks.12.attn.to_k, transformer_blocks.12.attn.to_v
25-12-26 16:38:52 | D |       + Adding low-rank branches to transformer_blocks.12.attn.add_q_proj, transformer_blocks.12.attn.add_k_proj, transformer_blocks.12.attn.add_v_proj
25-12-26 16:38:52 | D |       + Adding low-rank branches to transformer_blocks.12.attn.to_out.0
25-12-26 16:38:52 | D |       + Adding low-rank branches to transformer_blocks.12.attn.to_add_out
25-12-26 16:38:53 | D |       + Adding low-rank branches to transformer_blocks.12.ff.net.0.proj
25-12-26 16:38:53 | D |       + Adding low-rank branches to transformer_blocks.12.ff.net.2.linear
25-12-26 16:38:53 | D |       + Adding low-rank branches to transformer_blocks.12.ff_context.net.0.proj
25-12-26 16:38:53 | D |       + Adding low-rank branches to transformer_blocks.12.ff_context.net.2.linear
25-12-26 16:38:53 | D |     - Calibrating low-rank branches of block transformer_blocks.13
25-12-26 16:38:53 | D |       + Adding low-rank branches to transformer_blocks.13.attn.to_q, transformer_blocks.13.attn.to_k, transformer_blocks.13.attn.to_v
25-12-26 16:38:54 | D |       + Adding low-rank branches to transformer_blocks.13.attn.add_q_proj, transformer_blocks.13.attn.add_k_proj, transformer_blocks.13.attn.add_v_proj
25-12-26 16:38:54 | D |       + Adding low-rank branches to transformer_blocks.13.attn.to_out.0
25-12-26 16:38:54 | D |       + Adding low-rank branches to transformer_blocks.13.attn.to_add_out
25-12-26 16:38:54 | D |       + Adding low-rank branches to transformer_blocks.13.ff.net.0.proj
25-12-26 16:38:54 | D |       + Adding low-rank branches to transformer_blocks.13.ff.net.2.linear
25-12-26 16:38:55 | D |       + Adding low-rank branches to transformer_blocks.13.ff_context.net.0.proj
25-12-26 16:38:55 | D |       + Adding low-rank branches to transformer_blocks.13.ff_context.net.2.linear
25-12-26 16:38:55 | D |     - Calibrating low-rank branches of block transformer_blocks.14
25-12-26 16:38:55 | D |       + Adding low-rank branches to transformer_blocks.14.attn.to_q, transformer_blocks.14.attn.to_k, transformer_blocks.14.attn.to_v
25-12-26 16:38:56 | D |       + Adding low-rank branches to transformer_blocks.14.attn.add_q_proj, transformer_blocks.14.attn.add_k_proj, transformer_blocks.14.attn.add_v_proj
25-12-26 16:38:56 | D |       + Adding low-rank branches to transformer_blocks.14.attn.to_out.0
25-12-26 16:38:56 | D |       + Adding low-rank branches to transformer_blocks.14.attn.to_add_out
25-12-26 16:38:56 | D |       + Adding low-rank branches to transformer_blocks.14.ff.net.0.proj
25-12-26 16:38:56 | D |       + Adding low-rank branches to transformer_blocks.14.ff.net.2.linear
25-12-26 16:38:57 | D |       + Adding low-rank branches to transformer_blocks.14.ff_context.net.0.proj
25-12-26 16:38:57 | D |       + Adding low-rank branches to transformer_blocks.14.ff_context.net.2.linear
25-12-26 16:38:57 | D |     - Calibrating low-rank branches of block transformer_blocks.15
25-12-26 16:38:57 | D |       + Adding low-rank branches to transformer_blocks.15.attn.to_q, transformer_blocks.15.attn.to_k, transformer_blocks.15.attn.to_v
25-12-26 16:38:57 | D |       + Adding low-rank branches to transformer_blocks.15.attn.add_q_proj, transformer_blocks.15.attn.add_k_proj, transformer_blocks.15.attn.add_v_proj
25-12-26 16:38:58 | D |       + Adding low-rank branches to transformer_blocks.15.attn.to_out.0
25-12-26 16:38:58 | D |       + Adding low-rank branches to transformer_blocks.15.attn.to_add_out
25-12-26 16:38:58 | D |       + Adding low-rank branches to transformer_blocks.15.ff.net.0.proj
25-12-26 16:38:59 | D |       + Adding low-rank branches to transformer_blocks.15.ff.net.2.linear
25-12-26 16:38:59 | D |       + Adding low-rank branches to transformer_blocks.15.ff_context.net.0.proj
25-12-26 16:38:59 | D |       + Adding low-rank branches to transformer_blocks.15.ff_context.net.2.linear
25-12-26 16:38:59 | D |     - Calibrating low-rank branches of block transformer_blocks.16
25-12-26 16:38:59 | D |       + Adding low-rank branches to transformer_blocks.16.attn.to_q, transformer_blocks.16.attn.to_k, transformer_blocks.16.attn.to_v
25-12-26 16:38:59 | D |       + Adding low-rank branches to transformer_blocks.16.attn.add_q_proj, transformer_blocks.16.attn.add_k_proj, transformer_blocks.16.attn.add_v_proj
25-12-26 16:39:00 | D |       + Adding low-rank branches to transformer_blocks.16.attn.to_out.0
25-12-26 16:39:00 | D |       + Adding low-rank branches to transformer_blocks.16.attn.to_add_out
25-12-26 16:39:00 | D |       + Adding low-rank branches to transformer_blocks.16.ff.net.0.proj
25-12-26 16:39:00 | D |       + Adding low-rank branches to transformer_blocks.16.ff.net.2.linear
25-12-26 16:39:00 | D |       + Adding low-rank branches to transformer_blocks.16.ff_context.net.0.proj
25-12-26 16:39:01 | D |       + Adding low-rank branches to transformer_blocks.16.ff_context.net.2.linear
25-12-26 16:39:01 | D |     - Calibrating low-rank branches of block transformer_blocks.17
25-12-26 16:39:01 | D |       + Adding low-rank branches to transformer_blocks.17.attn.to_q, transformer_blocks.17.attn.to_k, transformer_blocks.17.attn.to_v
25-12-26 16:39:01 | D |       + Adding low-rank branches to transformer_blocks.17.attn.add_q_proj, transformer_blocks.17.attn.add_k_proj, transformer_blocks.17.attn.add_v_proj
25-12-26 16:39:01 | D |       + Adding low-rank branches to transformer_blocks.17.attn.to_out.0
25-12-26 16:39:01 | D |       + Adding low-rank branches to transformer_blocks.17.attn.to_add_out
25-12-26 16:39:02 | D |       + Adding low-rank branches to transformer_blocks.17.ff.net.0.proj
25-12-26 16:39:02 | D |       + Adding low-rank branches to transformer_blocks.17.ff.net.2.linear
25-12-26 16:39:02 | D |       + Adding low-rank branches to transformer_blocks.17.ff_context.net.0.proj
25-12-26 16:39:02 | D |       + Adding low-rank branches to transformer_blocks.17.ff_context.net.2.linear
25-12-26 16:39:02 | D |     - Calibrating low-rank branches of block transformer_blocks.18
25-12-26 16:39:03 | D |       + Adding low-rank branches to transformer_blocks.18.attn.to_q, transformer_blocks.18.attn.to_k, transformer_blocks.18.attn.to_v
25-12-26 16:39:03 | D |       + Adding low-rank branches to transformer_blocks.18.attn.add_q_proj, transformer_blocks.18.attn.add_k_proj, transformer_blocks.18.attn.add_v_proj
25-12-26 16:39:03 | D |       + Adding low-rank branches to transformer_blocks.18.attn.to_out.0
25-12-26 16:39:03 | D |       + Adding low-rank branches to transformer_blocks.18.attn.to_add_out
25-12-26 16:39:03 | D |       + Adding low-rank branches to transformer_blocks.18.ff.net.0.proj
25-12-26 16:39:04 | D |       + Adding low-rank branches to transformer_blocks.18.ff.net.2.linear
25-12-26 16:39:04 | D |       + Adding low-rank branches to transformer_blocks.18.ff_context.net.0.proj
25-12-26 16:39:04 | D |       + Adding low-rank branches to transformer_blocks.18.ff_context.net.2.linear
25-12-26 16:39:04 | D |     - Calibrating low-rank branches of block single_transformer_blocks.0
25-12-26 16:39:04 | D |       + Adding low-rank branches to single_transformer_blocks.0.attn.to_q, single_transformer_blocks.0.attn.to_k, single_transformer_blocks.0.attn.to_v
25-12-26 16:39:05 | D |       + Adding low-rank branches to single_transformer_blocks.0.proj_out.linears.0
25-12-26 16:39:05 | D |       + Adding low-rank branches to single_transformer_blocks.0.proj_mlp
25-12-26 16:39:05 | D |       + Adding low-rank branches to single_transformer_blocks.0.proj_out.linears.1.linear
25-12-26 16:39:05 | D |     - Calibrating low-rank branches of block single_transformer_blocks.1
25-12-26 16:39:05 | D |       + Adding low-rank branches to single_transformer_blocks.1.attn.to_q, single_transformer_blocks.1.attn.to_k, single_transformer_blocks.1.attn.to_v
25-12-26 16:39:06 | D |       + Adding low-rank branches to single_transformer_blocks.1.proj_out.linears.0
25-12-26 16:39:06 | D |       + Adding low-rank branches to single_transformer_blocks.1.proj_mlp
25-12-26 16:39:06 | D |       + Adding low-rank branches to single_transformer_blocks.1.proj_out.linears.1.linear
25-12-26 16:39:06 | D |     - Calibrating low-rank branches of block single_transformer_blocks.2
25-12-26 16:39:06 | D |       + Adding low-rank branches to single_transformer_blocks.2.attn.to_q, single_transformer_blocks.2.attn.to_k, single_transformer_blocks.2.attn.to_v
25-12-26 16:39:07 | D |       + Adding low-rank branches to single_transformer_blocks.2.proj_out.linears.0
25-12-26 16:39:07 | D |       + Adding low-rank branches to single_transformer_blocks.2.proj_mlp
25-12-26 16:39:07 | D |       + Adding low-rank branches to single_transformer_blocks.2.proj_out.linears.1.linear
25-12-26 16:39:07 | D |     - Calibrating low-rank branches of block single_transformer_blocks.3
25-12-26 16:39:07 | D |       + Adding low-rank branches to single_transformer_blocks.3.attn.to_q, single_transformer_blocks.3.attn.to_k, single_transformer_blocks.3.attn.to_v
25-12-26 16:39:08 | D |       + Adding low-rank branches to single_transformer_blocks.3.proj_out.linears.0
25-12-26 16:39:08 | D |       + Adding low-rank branches to single_transformer_blocks.3.proj_mlp
25-12-26 16:39:08 | D |       + Adding low-rank branches to single_transformer_blocks.3.proj_out.linears.1.linear
25-12-26 16:39:08 | D |     - Calibrating low-rank branches of block single_transformer_blocks.4
25-12-26 16:39:08 | D |       + Adding low-rank branches to single_transformer_blocks.4.attn.to_q, single_transformer_blocks.4.attn.to_k, single_transformer_blocks.4.attn.to_v
25-12-26 16:39:08 | D |       + Adding low-rank branches to single_transformer_blocks.4.proj_out.linears.0
25-12-26 16:39:09 | D |       + Adding low-rank branches to single_transformer_blocks.4.proj_mlp
25-12-26 16:39:09 | D |       + Adding low-rank branches to single_transformer_blocks.4.proj_out.linears.1.linear
25-12-26 16:39:09 | D |     - Calibrating low-rank branches of block single_transformer_blocks.5
25-12-26 16:39:09 | D |       + Adding low-rank branches to single_transformer_blocks.5.attn.to_q, single_transformer_blocks.5.attn.to_k, single_transformer_blocks.5.attn.to_v
25-12-26 16:39:09 | D |       + Adding low-rank branches to single_transformer_blocks.5.proj_out.linears.0
25-12-26 16:39:09 | D |       + Adding low-rank branches to single_transformer_blocks.5.proj_mlp
25-12-26 16:39:10 | D |       + Adding low-rank branches to single_transformer_blocks.5.proj_out.linears.1.linear
25-12-26 16:39:10 | D |     - Calibrating low-rank branches of block single_transformer_blocks.6
25-12-26 16:39:10 | D |       + Adding low-rank branches to single_transformer_blocks.6.attn.to_q, single_transformer_blocks.6.attn.to_k, single_transformer_blocks.6.attn.to_v
25-12-26 16:39:10 | D |       + Adding low-rank branches to single_transformer_blocks.6.proj_out.linears.0
25-12-26 16:39:10 | D |       + Adding low-rank branches to single_transformer_blocks.6.proj_mlp
25-12-26 16:39:10 | D |       + Adding low-rank branches to single_transformer_blocks.6.proj_out.linears.1.linear
25-12-26 16:39:11 | D |     - Calibrating low-rank branches of block single_transformer_blocks.7
25-12-26 16:39:11 | D |       + Adding low-rank branches to single_transformer_blocks.7.attn.to_q, single_transformer_blocks.7.attn.to_k, single_transformer_blocks.7.attn.to_v
25-12-26 16:39:11 | D |       + Adding low-rank branches to single_transformer_blocks.7.proj_out.linears.0
25-12-26 16:39:11 | D |       + Adding low-rank branches to single_transformer_blocks.7.proj_mlp
25-12-26 16:39:11 | D |       + Adding low-rank branches to single_transformer_blocks.7.proj_out.linears.1.linear
25-12-26 16:39:11 | D |     - Calibrating low-rank branches of block single_transformer_blocks.8
25-12-26 16:39:11 | D |       + Adding low-rank branches to single_transformer_blocks.8.attn.to_q, single_transformer_blocks.8.attn.to_k, single_transformer_blocks.8.attn.to_v
25-12-26 16:39:12 | D |       + Adding low-rank branches to single_transformer_blocks.8.proj_out.linears.0
25-12-26 16:39:12 | D |       + Adding low-rank branches to single_transformer_blocks.8.proj_mlp
25-12-26 16:39:12 | D |       + Adding low-rank branches to single_transformer_blocks.8.proj_out.linears.1.linear
25-12-26 16:39:12 | D |     - Calibrating low-rank branches of block single_transformer_blocks.9
25-12-26 16:39:12 | D |       + Adding low-rank branches to single_transformer_blocks.9.attn.to_q, single_transformer_blocks.9.attn.to_k, single_transformer_blocks.9.attn.to_v
25-12-26 16:39:12 | D |       + Adding low-rank branches to single_transformer_blocks.9.proj_out.linears.0
25-12-26 16:39:13 | D |       + Adding low-rank branches to single_transformer_blocks.9.proj_mlp
25-12-26 16:39:13 | D |       + Adding low-rank branches to single_transformer_blocks.9.proj_out.linears.1.linear
25-12-26 16:39:13 | D |     - Calibrating low-rank branches of block single_transformer_blocks.10
25-12-26 16:39:13 | D |       + Adding low-rank branches to single_transformer_blocks.10.attn.to_q, single_transformer_blocks.10.attn.to_k, single_transformer_blocks.10.attn.to_v
25-12-26 16:39:13 | D |       + Adding low-rank branches to single_transformer_blocks.10.proj_out.linears.0
25-12-26 16:39:13 | D |       + Adding low-rank branches to single_transformer_blocks.10.proj_mlp
25-12-26 16:39:14 | D |       + Adding low-rank branches to single_transformer_blocks.10.proj_out.linears.1.linear
25-12-26 16:39:14 | D |     - Calibrating low-rank branches of block single_transformer_blocks.11
25-12-26 16:39:14 | D |       + Adding low-rank branches to single_transformer_blocks.11.attn.to_q, single_transformer_blocks.11.attn.to_k, single_transformer_blocks.11.attn.to_v
25-12-26 16:39:14 | D |       + Adding low-rank branches to single_transformer_blocks.11.proj_out.linears.0
25-12-26 16:39:14 | D |       + Adding low-rank branches to single_transformer_blocks.11.proj_mlp
25-12-26 16:39:14 | D |       + Adding low-rank branches to single_transformer_blocks.11.proj_out.linears.1.linear
25-12-26 16:39:15 | D |     - Calibrating low-rank branches of block single_transformer_blocks.12
25-12-26 16:39:15 | D |       + Adding low-rank branches to single_transformer_blocks.12.attn.to_q, single_transformer_blocks.12.attn.to_k, single_transformer_blocks.12.attn.to_v
25-12-26 16:39:15 | D |       + Adding low-rank branches to single_transformer_blocks.12.proj_out.linears.0
25-12-26 16:39:15 | D |       + Adding low-rank branches to single_transformer_blocks.12.proj_mlp
25-12-26 16:39:15 | D |       + Adding low-rank branches to single_transformer_blocks.12.proj_out.linears.1.linear
25-12-26 16:39:15 | D |     - Calibrating low-rank branches of block single_transformer_blocks.13
25-12-26 16:39:15 | D |       + Adding low-rank branches to single_transformer_blocks.13.attn.to_q, single_transformer_blocks.13.attn.to_k, single_transformer_blocks.13.attn.to_v
25-12-26 16:39:16 | D |       + Adding low-rank branches to single_transformer_blocks.13.proj_out.linears.0
25-12-26 16:39:16 | D |       + Adding low-rank branches to single_transformer_blocks.13.proj_mlp
25-12-26 16:39:16 | D |       + Adding low-rank branches to single_transformer_blocks.13.proj_out.linears.1.linear
25-12-26 16:39:16 | D |     - Calibrating low-rank branches of block single_transformer_blocks.14
25-12-26 16:39:16 | D |       + Adding low-rank branches to single_transformer_blocks.14.attn.to_q, single_transformer_blocks.14.attn.to_k, single_transformer_blocks.14.attn.to_v
25-12-26 16:39:17 | D |       + Adding low-rank branches to single_transformer_blocks.14.proj_out.linears.0
25-12-26 16:39:17 | D |       + Adding low-rank branches to single_transformer_blocks.14.proj_mlp
25-12-26 16:39:17 | D |       + Adding low-rank branches to single_transformer_blocks.14.proj_out.linears.1.linear
25-12-26 16:39:17 | D |     - Calibrating low-rank branches of block single_transformer_blocks.15
25-12-26 16:39:17 | D |       + Adding low-rank branches to single_transformer_blocks.15.attn.to_q, single_transformer_blocks.15.attn.to_k, single_transformer_blocks.15.attn.to_v
25-12-26 16:39:18 | D |       + Adding low-rank branches to single_transformer_blocks.15.proj_out.linears.0
25-12-26 16:39:18 | D |       + Adding low-rank branches to single_transformer_blocks.15.proj_mlp
25-12-26 16:39:18 | D |       + Adding low-rank branches to single_transformer_blocks.15.proj_out.linears.1.linear
25-12-26 16:39:18 | D |     - Calibrating low-rank branches of block single_transformer_blocks.16
25-12-26 16:39:18 | D |       + Adding low-rank branches to single_transformer_blocks.16.attn.to_q, single_transformer_blocks.16.attn.to_k, single_transformer_blocks.16.attn.to_v
25-12-26 16:39:18 | D |       + Adding low-rank branches to single_transformer_blocks.16.proj_out.linears.0
25-12-26 16:39:19 | D |       + Adding low-rank branches to single_transformer_blocks.16.proj_mlp
25-12-26 16:39:19 | D |       + Adding low-rank branches to single_transformer_blocks.16.proj_out.linears.1.linear
25-12-26 16:39:19 | D |     - Calibrating low-rank branches of block single_transformer_blocks.17
25-12-26 16:39:19 | D |       + Adding low-rank branches to single_transformer_blocks.17.attn.to_q, single_transformer_blocks.17.attn.to_k, single_transformer_blocks.17.attn.to_v
25-12-26 16:39:19 | D |       + Adding low-rank branches to single_transformer_blocks.17.proj_out.linears.0
25-12-26 16:39:19 | D |       + Adding low-rank branches to single_transformer_blocks.17.proj_mlp
25-12-26 16:39:20 | D |       + Adding low-rank branches to single_transformer_blocks.17.proj_out.linears.1.linear
25-12-26 16:39:20 | D |     - Calibrating low-rank branches of block single_transformer_blocks.18
25-12-26 16:39:20 | D |       + Adding low-rank branches to single_transformer_blocks.18.attn.to_q, single_transformer_blocks.18.attn.to_k, single_transformer_blocks.18.attn.to_v
25-12-26 16:39:20 | D |       + Adding low-rank branches to single_transformer_blocks.18.proj_out.linears.0
25-12-26 16:39:20 | D |       + Adding low-rank branches to single_transformer_blocks.18.proj_mlp
25-12-26 16:39:21 | D |       + Adding low-rank branches to single_transformer_blocks.18.proj_out.linears.1.linear
25-12-26 16:39:21 | D |     - Calibrating low-rank branches of block single_transformer_blocks.19
25-12-26 16:39:21 | D |       + Adding low-rank branches to single_transformer_blocks.19.attn.to_q, single_transformer_blocks.19.attn.to_k, single_transformer_blocks.19.attn.to_v
25-12-26 16:39:21 | D |       + Adding low-rank branches to single_transformer_blocks.19.proj_out.linears.0
25-12-26 16:39:21 | D |       + Adding low-rank branches to single_transformer_blocks.19.proj_mlp
25-12-26 16:39:21 | D |       + Adding low-rank branches to single_transformer_blocks.19.proj_out.linears.1.linear
25-12-26 16:39:22 | D |     - Calibrating low-rank branches of block single_transformer_blocks.20
25-12-26 16:39:22 | D |       + Adding low-rank branches to single_transformer_blocks.20.attn.to_q, single_transformer_blocks.20.attn.to_k, single_transformer_blocks.20.attn.to_v
25-12-26 16:39:22 | D |       + Adding low-rank branches to single_transformer_blocks.20.proj_out.linears.0
25-12-26 16:39:22 | D |       + Adding low-rank branches to single_transformer_blocks.20.proj_mlp
25-12-26 16:39:22 | D |       + Adding low-rank branches to single_transformer_blocks.20.proj_out.linears.1.linear
25-12-26 16:39:22 | D |     - Calibrating low-rank branches of block single_transformer_blocks.21
25-12-26 16:39:22 | D |       + Adding low-rank branches to single_transformer_blocks.21.attn.to_q, single_transformer_blocks.21.attn.to_k, single_transformer_blocks.21.attn.to_v
25-12-26 16:39:23 | D |       + Adding low-rank branches to single_transformer_blocks.21.proj_out.linears.0
25-12-26 16:39:23 | D |       + Adding low-rank branches to single_transformer_blocks.21.proj_mlp
25-12-26 16:39:23 | D |       + Adding low-rank branches to single_transformer_blocks.21.proj_out.linears.1.linear
25-12-26 16:39:23 | D |     - Calibrating low-rank branches of block single_transformer_blocks.22
25-12-26 16:39:23 | D |       + Adding low-rank branches to single_transformer_blocks.22.attn.to_q, single_transformer_blocks.22.attn.to_k, single_transformer_blocks.22.attn.to_v
25-12-26 16:39:23 | D |       + Adding low-rank branches to single_transformer_blocks.22.proj_out.linears.0
25-12-26 16:39:24 | D |       + Adding low-rank branches to single_transformer_blocks.22.proj_mlp
25-12-26 16:39:24 | D |       + Adding low-rank branches to single_transformer_blocks.22.proj_out.linears.1.linear
25-12-26 16:39:24 | D |     - Calibrating low-rank branches of block single_transformer_blocks.23
25-12-26 16:39:24 | D |       + Adding low-rank branches to single_transformer_blocks.23.attn.to_q, single_transformer_blocks.23.attn.to_k, single_transformer_blocks.23.attn.to_v
25-12-26 16:39:24 | D |       + Adding low-rank branches to single_transformer_blocks.23.proj_out.linears.0
25-12-26 16:39:24 | D |       + Adding low-rank branches to single_transformer_blocks.23.proj_mlp
25-12-26 16:39:25 | D |       + Adding low-rank branches to single_transformer_blocks.23.proj_out.linears.1.linear
25-12-26 16:39:25 | D |     - Calibrating low-rank branches of block single_transformer_blocks.24
25-12-26 16:39:25 | D |       + Adding low-rank branches to single_transformer_blocks.24.attn.to_q, single_transformer_blocks.24.attn.to_k, single_transformer_blocks.24.attn.to_v
25-12-26 16:39:25 | D |       + Adding low-rank branches to single_transformer_blocks.24.proj_out.linears.0
25-12-26 16:39:25 | D |       + Adding low-rank branches to single_transformer_blocks.24.proj_mlp
25-12-26 16:39:25 | D |       + Adding low-rank branches to single_transformer_blocks.24.proj_out.linears.1.linear
25-12-26 16:39:25 | D |     - Calibrating low-rank branches of block single_transformer_blocks.25
25-12-26 16:39:25 | D |       + Adding low-rank branches to single_transformer_blocks.25.attn.to_q, single_transformer_blocks.25.attn.to_k, single_transformer_blocks.25.attn.to_v
25-12-26 16:39:26 | D |       + Adding low-rank branches to single_transformer_blocks.25.proj_out.linears.0
25-12-26 16:39:26 | D |       + Adding low-rank branches to single_transformer_blocks.25.proj_mlp
25-12-26 16:39:26 | D |       + Adding low-rank branches to single_transformer_blocks.25.proj_out.linears.1.linear
25-12-26 16:39:26 | D |     - Calibrating low-rank branches of block single_transformer_blocks.26
25-12-26 16:39:26 | D |       + Adding low-rank branches to single_transformer_blocks.26.attn.to_q, single_transformer_blocks.26.attn.to_k, single_transformer_blocks.26.attn.to_v
25-12-26 16:39:27 | D |       + Adding low-rank branches to single_transformer_blocks.26.proj_out.linears.0
25-12-26 16:39:27 | D |       + Adding low-rank branches to single_transformer_blocks.26.proj_mlp
25-12-26 16:39:27 | D |       + Adding low-rank branches to single_transformer_blocks.26.proj_out.linears.1.linear
25-12-26 16:39:27 | D |     - Calibrating low-rank branches of block single_transformer_blocks.27
25-12-26 16:39:27 | D |       + Adding low-rank branches to single_transformer_blocks.27.attn.to_q, single_transformer_blocks.27.attn.to_k, single_transformer_blocks.27.attn.to_v
25-12-26 16:39:27 | D |       + Adding low-rank branches to single_transformer_blocks.27.proj_out.linears.0
25-12-26 16:39:28 | D |       + Adding low-rank branches to single_transformer_blocks.27.proj_mlp
25-12-26 16:39:28 | D |       + Adding low-rank branches to single_transformer_blocks.27.proj_out.linears.1.linear
25-12-26 16:39:28 | D |     - Calibrating low-rank branches of block single_transformer_blocks.28
25-12-26 16:39:28 | D |       + Adding low-rank branches to single_transformer_blocks.28.attn.to_q, single_transformer_blocks.28.attn.to_k, single_transformer_blocks.28.attn.to_v
25-12-26 16:39:29 | D |       + Adding low-rank branches to single_transformer_blocks.28.proj_out.linears.0
25-12-26 16:39:29 | D |       + Adding low-rank branches to single_transformer_blocks.28.proj_mlp
25-12-26 16:39:29 | D |       + Adding low-rank branches to single_transformer_blocks.28.proj_out.linears.1.linear
25-12-26 16:39:29 | D |     - Calibrating low-rank branches of block single_transformer_blocks.29
25-12-26 16:39:29 | D |       + Adding low-rank branches to single_transformer_blocks.29.attn.to_q, single_transformer_blocks.29.attn.to_k, single_transformer_blocks.29.attn.to_v
25-12-26 16:39:29 | D |       + Adding low-rank branches to single_transformer_blocks.29.proj_out.linears.0
25-12-26 16:39:30 | D |       + Adding low-rank branches to single_transformer_blocks.29.proj_mlp
25-12-26 16:39:30 | D |       + Adding low-rank branches to single_transformer_blocks.29.proj_out.linears.1.linear
25-12-26 16:39:30 | D |     - Calibrating low-rank branches of block single_transformer_blocks.30
25-12-26 16:39:30 | D |       + Adding low-rank branches to single_transformer_blocks.30.attn.to_q, single_transformer_blocks.30.attn.to_k, single_transformer_blocks.30.attn.to_v
25-12-26 16:39:30 | D |       + Adding low-rank branches to single_transformer_blocks.30.proj_out.linears.0
25-12-26 16:39:30 | D |       + Adding low-rank branches to single_transformer_blocks.30.proj_mlp
25-12-26 16:39:30 | D |       + Adding low-rank branches to single_transformer_blocks.30.proj_out.linears.1.linear
25-12-26 16:39:31 | D |     - Calibrating low-rank branches of block single_transformer_blocks.31
25-12-26 16:39:31 | D |       + Adding low-rank branches to single_transformer_blocks.31.attn.to_q, single_transformer_blocks.31.attn.to_k, single_transformer_blocks.31.attn.to_v
25-12-26 16:39:31 | D |       + Adding low-rank branches to single_transformer_blocks.31.proj_out.linears.0
25-12-26 16:39:31 | D |       + Adding low-rank branches to single_transformer_blocks.31.proj_mlp
25-12-26 16:39:31 | D |       + Adding low-rank branches to single_transformer_blocks.31.proj_out.linears.1.linear
25-12-26 16:39:31 | D |     - Calibrating low-rank branches of block single_transformer_blocks.32
25-12-26 16:39:31 | D |       + Adding low-rank branches to single_transformer_blocks.32.attn.to_q, single_transformer_blocks.32.attn.to_k, single_transformer_blocks.32.attn.to_v
25-12-26 16:39:32 | D |       + Adding low-rank branches to single_transformer_blocks.32.proj_out.linears.0
25-12-26 16:39:32 | D |       + Adding low-rank branches to single_transformer_blocks.32.proj_mlp
25-12-26 16:39:32 | D |       + Adding low-rank branches to single_transformer_blocks.32.proj_out.linears.1.linear
25-12-26 16:39:32 | D |     - Calibrating low-rank branches of block single_transformer_blocks.33
25-12-26 16:39:32 | D |       + Adding low-rank branches to single_transformer_blocks.33.attn.to_q, single_transformer_blocks.33.attn.to_k, single_transformer_blocks.33.attn.to_v
25-12-26 16:39:32 | D |       + Adding low-rank branches to single_transformer_blocks.33.proj_out.linears.0
25-12-26 16:39:33 | D |       + Adding low-rank branches to single_transformer_blocks.33.proj_mlp
25-12-26 16:39:33 | D |       + Adding low-rank branches to single_transformer_blocks.33.proj_out.linears.1.linear
25-12-26 16:39:33 | D |     - Calibrating low-rank branches of block single_transformer_blocks.34
25-12-26 16:39:33 | D |       + Adding low-rank branches to single_transformer_blocks.34.attn.to_q, single_transformer_blocks.34.attn.to_k, single_transformer_blocks.34.attn.to_v
25-12-26 16:39:33 | D |       + Adding low-rank branches to single_transformer_blocks.34.proj_out.linears.0
25-12-26 16:39:33 | D |       + Adding low-rank branches to single_transformer_blocks.34.proj_mlp
25-12-26 16:39:34 | D |       + Adding low-rank branches to single_transformer_blocks.34.proj_out.linears.1.linear
25-12-26 16:39:34 | D |     - Calibrating low-rank branches of block single_transformer_blocks.35
25-12-26 16:39:34 | D |       + Adding low-rank branches to single_transformer_blocks.35.attn.to_q, single_transformer_blocks.35.attn.to_k, single_transformer_blocks.35.attn.to_v
25-12-26 16:39:34 | D |       + Adding low-rank branches to single_transformer_blocks.35.proj_out.linears.0
25-12-26 16:39:34 | D |       + Adding low-rank branches to single_transformer_blocks.35.proj_mlp
25-12-26 16:39:34 | D |       + Adding low-rank branches to single_transformer_blocks.35.proj_out.linears.1.linear
25-12-26 16:39:35 | D |     - Calibrating low-rank branches of block single_transformer_blocks.36
25-12-26 16:39:35 | D |       + Adding low-rank branches to single_transformer_blocks.36.attn.to_q, single_transformer_blocks.36.attn.to_k, single_transformer_blocks.36.attn.to_v
25-12-26 16:39:35 | D |       + Adding low-rank branches to single_transformer_blocks.36.proj_out.linears.0
25-12-26 16:39:35 | D |       + Adding low-rank branches to single_transformer_blocks.36.proj_mlp
25-12-26 16:39:35 | D |       + Adding low-rank branches to single_transformer_blocks.36.proj_out.linears.1.linear
25-12-26 16:39:35 | D |     - Calibrating low-rank branches of block single_transformer_blocks.37
25-12-26 16:39:35 | D |       + Adding low-rank branches to single_transformer_blocks.37.attn.to_q, single_transformer_blocks.37.attn.to_k, single_transformer_blocks.37.attn.to_v
25-12-26 16:39:36 | D |       + Adding low-rank branches to single_transformer_blocks.37.proj_out.linears.0
25-12-26 16:39:36 | D |       + Adding low-rank branches to single_transformer_blocks.37.proj_mlp
25-12-26 16:39:36 | D |       + Adding low-rank branches to single_transformer_blocks.37.proj_out.linears.1.linear
25-12-26 16:39:36 | D |   - Calibrating weights: block transformer_blocks.0
25-12-26 16:39:36 | D |     - Calibrating transformer_blocks.0.norm1.linear.weight quantizer
25-12-26 16:39:36 | D |     - Calibrating transformer_blocks.0.norm1_context.linear.weight quantizer
25-12-26 16:39:36 | D |     - Calibrating transformer_blocks.0.attn.to_q.weight quantizer
25-12-26 16:39:37 | D |     - Calibrating transformer_blocks.0.attn.to_k.weight quantizer
25-12-26 16:39:37 | D |     - Calibrating transformer_blocks.0.attn.to_v.weight quantizer
25-12-26 16:39:37 | D |     - Calibrating transformer_blocks.0.attn.add_q_proj.weight quantizer
25-12-26 16:39:38 | D |     - Calibrating transformer_blocks.0.attn.add_k_proj.weight quantizer
25-12-26 16:39:38 | D |     - Calibrating transformer_blocks.0.attn.add_v_proj.weight quantizer
25-12-26 16:39:38 | D |     - Calibrating transformer_blocks.0.attn.to_out.0.weight quantizer
25-12-26 16:39:38 | D |     - Calibrating transformer_blocks.0.attn.to_add_out.weight quantizer
25-12-26 16:39:38 | D |     - Calibrating transformer_blocks.0.ff.net.0.proj.weight quantizer
25-12-26 16:39:39 | D |     - Calibrating transformer_blocks.0.ff.net.2.linear.weight quantizer
25-12-26 16:39:39 | D |     - Calibrating transformer_blocks.0.ff_context.net.0.proj.weight quantizer
25-12-26 16:39:39 | D |     - Calibrating transformer_blocks.0.ff_context.net.2.linear.weight quantizer
25-12-26 16:39:39 | D |   - Calibrating weights: block transformer_blocks.1
25-12-26 16:39:39 | D |     - Calibrating transformer_blocks.1.norm1.linear.weight quantizer
25-12-26 16:39:39 | D |     - Calibrating transformer_blocks.1.norm1_context.linear.weight quantizer
25-12-26 16:39:39 | D |     - Calibrating transformer_blocks.1.attn.to_q.weight quantizer
25-12-26 16:39:40 | D |     - Calibrating transformer_blocks.1.attn.to_k.weight quantizer
25-12-26 16:39:40 | D |     - Calibrating transformer_blocks.1.attn.to_v.weight quantizer
25-12-26 16:39:40 | D |     - Calibrating transformer_blocks.1.attn.add_q_proj.weight quantizer
25-12-26 16:39:40 | D |     - Calibrating transformer_blocks.1.attn.add_k_proj.weight quantizer
25-12-26 16:39:41 | D |     - Calibrating transformer_blocks.1.attn.add_v_proj.weight quantizer
25-12-26 16:39:41 | D |     - Calibrating transformer_blocks.1.attn.to_out.0.weight quantizer
25-12-26 16:39:41 | D |     - Calibrating transformer_blocks.1.attn.to_add_out.weight quantizer
25-12-26 16:39:41 | D |     - Calibrating transformer_blocks.1.ff.net.0.proj.weight quantizer
25-12-26 16:39:42 | D |     - Calibrating transformer_blocks.1.ff.net.2.linear.weight quantizer
25-12-26 16:39:42 | D |     - Calibrating transformer_blocks.1.ff_context.net.0.proj.weight quantizer
25-12-26 16:39:42 | D |     - Calibrating transformer_blocks.1.ff_context.net.2.linear.weight quantizer
25-12-26 16:39:42 | D |   - Calibrating weights: block transformer_blocks.2
25-12-26 16:39:42 | D |     - Calibrating transformer_blocks.2.norm1.linear.weight quantizer
25-12-26 16:39:43 | D |     - Calibrating transformer_blocks.2.norm1_context.linear.weight quantizer
25-12-26 16:39:43 | D |     - Calibrating transformer_blocks.2.attn.to_q.weight quantizer
25-12-26 16:39:43 | D |     - Calibrating transformer_blocks.2.attn.to_k.weight quantizer
25-12-26 16:39:43 | D |     - Calibrating transformer_blocks.2.attn.to_v.weight quantizer
25-12-26 16:39:43 | D |     - Calibrating transformer_blocks.2.attn.add_q_proj.weight quantizer
25-12-26 16:39:44 | D |     - Calibrating transformer_blocks.2.attn.add_k_proj.weight quantizer
25-12-26 16:39:44 | D |     - Calibrating transformer_blocks.2.attn.add_v_proj.weight quantizer
25-12-26 16:39:44 | D |     - Calibrating transformer_blocks.2.attn.to_out.0.weight quantizer
25-12-26 16:39:44 | D |     - Calibrating transformer_blocks.2.attn.to_add_out.weight quantizer
25-12-26 16:39:44 | D |     - Calibrating transformer_blocks.2.ff.net.0.proj.weight quantizer
25-12-26 16:39:45 | D |     - Calibrating transformer_blocks.2.ff.net.2.linear.weight quantizer
25-12-26 16:39:45 | D |     - Calibrating transformer_blocks.2.ff_context.net.0.proj.weight quantizer
25-12-26 16:39:45 | D |     - Calibrating transformer_blocks.2.ff_context.net.2.linear.weight quantizer
25-12-26 16:39:45 | D |   - Calibrating weights: block transformer_blocks.3
25-12-26 16:39:45 | D |     - Calibrating transformer_blocks.3.norm1.linear.weight quantizer
25-12-26 16:39:46 | D |     - Calibrating transformer_blocks.3.norm1_context.linear.weight quantizer
25-12-26 16:39:46 | D |     - Calibrating transformer_blocks.3.attn.to_q.weight quantizer
25-12-26 16:39:46 | D |     - Calibrating transformer_blocks.3.attn.to_k.weight quantizer
25-12-26 16:39:46 | D |     - Calibrating transformer_blocks.3.attn.to_v.weight quantizer
25-12-26 16:39:47 | D |     - Calibrating transformer_blocks.3.attn.add_q_proj.weight quantizer
25-12-26 16:39:47 | D |     - Calibrating transformer_blocks.3.attn.add_k_proj.weight quantizer
25-12-26 16:39:47 | D |     - Calibrating transformer_blocks.3.attn.add_v_proj.weight quantizer
25-12-26 16:39:47 | D |     - Calibrating transformer_blocks.3.attn.to_out.0.weight quantizer
25-12-26 16:39:47 | D |     - Calibrating transformer_blocks.3.attn.to_add_out.weight quantizer
25-12-26 16:39:48 | D |     - Calibrating transformer_blocks.3.ff.net.0.proj.weight quantizer
25-12-26 16:39:48 | D |     - Calibrating transformer_blocks.3.ff.net.2.linear.weight quantizer
25-12-26 16:39:48 | D |     - Calibrating transformer_blocks.3.ff_context.net.0.proj.weight quantizer
25-12-26 16:39:48 | D |     - Calibrating transformer_blocks.3.ff_context.net.2.linear.weight quantizer
25-12-26 16:39:48 | D |   - Calibrating weights: block transformer_blocks.4
25-12-26 16:39:48 | D |     - Calibrating transformer_blocks.4.norm1.linear.weight quantizer
25-12-26 16:39:49 | D |     - Calibrating transformer_blocks.4.norm1_context.linear.weight quantizer
25-12-26 16:39:49 | D |     - Calibrating transformer_blocks.4.attn.to_q.weight quantizer
25-12-26 16:39:49 | D |     - Calibrating transformer_blocks.4.attn.to_k.weight quantizer
25-12-26 16:39:49 | D |     - Calibrating transformer_blocks.4.attn.to_v.weight quantizer
25-12-26 16:39:50 | D |     - Calibrating transformer_blocks.4.attn.add_q_proj.weight quantizer
25-12-26 16:39:50 | D |     - Calibrating transformer_blocks.4.attn.add_k_proj.weight quantizer
25-12-26 16:39:50 | D |     - Calibrating transformer_blocks.4.attn.add_v_proj.weight quantizer
25-12-26 16:39:50 | D |     - Calibrating transformer_blocks.4.attn.to_out.0.weight quantizer
25-12-26 16:39:50 | D |     - Calibrating transformer_blocks.4.attn.to_add_out.weight quantizer
25-12-26 16:39:51 | D |     - Calibrating transformer_blocks.4.ff.net.0.proj.weight quantizer
25-12-26 16:39:51 | D |     - Calibrating transformer_blocks.4.ff.net.2.linear.weight quantizer
25-12-26 16:39:51 | D |     - Calibrating transformer_blocks.4.ff_context.net.0.proj.weight quantizer
25-12-26 16:39:51 | D |     - Calibrating transformer_blocks.4.ff_context.net.2.linear.weight quantizer
25-12-26 16:39:51 | D |   - Calibrating weights: block transformer_blocks.5
25-12-26 16:39:51 | D |     - Calibrating transformer_blocks.5.norm1.linear.weight quantizer
25-12-26 16:39:52 | D |     - Calibrating transformer_blocks.5.norm1_context.linear.weight quantizer
25-12-26 16:39:52 | D |     - Calibrating transformer_blocks.5.attn.to_q.weight quantizer
25-12-26 16:39:52 | D |     - Calibrating transformer_blocks.5.attn.to_k.weight quantizer
25-12-26 16:39:52 | D |     - Calibrating transformer_blocks.5.attn.to_v.weight quantizer
25-12-26 16:39:52 | D |     - Calibrating transformer_blocks.5.attn.add_q_proj.weight quantizer
25-12-26 16:39:53 | D |     - Calibrating transformer_blocks.5.attn.add_k_proj.weight quantizer
25-12-26 16:39:53 | D |     - Calibrating transformer_blocks.5.attn.add_v_proj.weight quantizer
25-12-26 16:39:53 | D |     - Calibrating transformer_blocks.5.attn.to_out.0.weight quantizer
25-12-26 16:39:53 | D |     - Calibrating transformer_blocks.5.attn.to_add_out.weight quantizer
25-12-26 16:39:54 | D |     - Calibrating transformer_blocks.5.ff.net.0.proj.weight quantizer
25-12-26 16:39:54 | D |     - Calibrating transformer_blocks.5.ff.net.2.linear.weight quantizer
25-12-26 16:39:54 | D |     - Calibrating transformer_blocks.5.ff_context.net.0.proj.weight quantizer
25-12-26 16:39:54 | D |     - Calibrating transformer_blocks.5.ff_context.net.2.linear.weight quantizer
25-12-26 16:39:55 | D |   - Calibrating weights: block transformer_blocks.6
25-12-26 16:39:55 | D |     - Calibrating transformer_blocks.6.norm1.linear.weight quantizer
25-12-26 16:39:55 | D |     - Calibrating transformer_blocks.6.norm1_context.linear.weight quantizer
25-12-26 16:39:55 | D |     - Calibrating transformer_blocks.6.attn.to_q.weight quantizer
25-12-26 16:39:55 | D |     - Calibrating transformer_blocks.6.attn.to_k.weight quantizer
25-12-26 16:39:55 | D |     - Calibrating transformer_blocks.6.attn.to_v.weight quantizer
25-12-26 16:39:56 | D |     - Calibrating transformer_blocks.6.attn.add_q_proj.weight quantizer
25-12-26 16:39:56 | D |     - Calibrating transformer_blocks.6.attn.add_k_proj.weight quantizer
25-12-26 16:39:56 | D |     - Calibrating transformer_blocks.6.attn.add_v_proj.weight quantizer
25-12-26 16:39:56 | D |     - Calibrating transformer_blocks.6.attn.to_out.0.weight quantizer
25-12-26 16:39:56 | D |     - Calibrating transformer_blocks.6.attn.to_add_out.weight quantizer
25-12-26 16:39:56 | D |     - Calibrating transformer_blocks.6.ff.net.0.proj.weight quantizer
25-12-26 16:39:57 | D |     - Calibrating transformer_blocks.6.ff.net.2.linear.weight quantizer
25-12-26 16:39:57 | D |     - Calibrating transformer_blocks.6.ff_context.net.0.proj.weight quantizer
25-12-26 16:39:57 | D |     - Calibrating transformer_blocks.6.ff_context.net.2.linear.weight quantizer
25-12-26 16:39:57 | D |   - Calibrating weights: block transformer_blocks.7
25-12-26 16:39:57 | D |     - Calibrating transformer_blocks.7.norm1.linear.weight quantizer
25-12-26 16:39:57 | D |     - Calibrating transformer_blocks.7.norm1_context.linear.weight quantizer
25-12-26 16:39:58 | D |     - Calibrating transformer_blocks.7.attn.to_q.weight quantizer
25-12-26 16:39:58 | D |     - Calibrating transformer_blocks.7.attn.to_k.weight quantizer
25-12-26 16:39:58 | D |     - Calibrating transformer_blocks.7.attn.to_v.weight quantizer
25-12-26 16:39:58 | D |     - Calibrating transformer_blocks.7.attn.add_q_proj.weight quantizer
25-12-26 16:39:58 | D |     - Calibrating transformer_blocks.7.attn.add_k_proj.weight quantizer
25-12-26 16:39:59 | D |     - Calibrating transformer_blocks.7.attn.add_v_proj.weight quantizer
25-12-26 16:39:59 | D |     - Calibrating transformer_blocks.7.attn.to_out.0.weight quantizer
25-12-26 16:39:59 | D |     - Calibrating transformer_blocks.7.attn.to_add_out.weight quantizer
25-12-26 16:39:59 | D |     - Calibrating transformer_blocks.7.ff.net.0.proj.weight quantizer
25-12-26 16:39:59 | D |     - Calibrating transformer_blocks.7.ff.net.2.linear.weight quantizer
25-12-26 16:40:00 | D |     - Calibrating transformer_blocks.7.ff_context.net.0.proj.weight quantizer
25-12-26 16:40:00 | D |     - Calibrating transformer_blocks.7.ff_context.net.2.linear.weight quantizer
25-12-26 16:40:00 | D |   - Calibrating weights: block transformer_blocks.8
25-12-26 16:40:00 | D |     - Calibrating transformer_blocks.8.norm1.linear.weight quantizer
25-12-26 16:40:00 | D |     - Calibrating transformer_blocks.8.norm1_context.linear.weight quantizer
25-12-26 16:40:00 | D |     - Calibrating transformer_blocks.8.attn.to_q.weight quantizer
25-12-26 16:40:00 | D |     - Calibrating transformer_blocks.8.attn.to_k.weight quantizer
25-12-26 16:40:01 | D |     - Calibrating transformer_blocks.8.attn.to_v.weight quantizer
25-12-26 16:40:01 | D |     - Calibrating transformer_blocks.8.attn.add_q_proj.weight quantizer
25-12-26 16:40:01 | D |     - Calibrating transformer_blocks.8.attn.add_k_proj.weight quantizer
25-12-26 16:40:01 | D |     - Calibrating transformer_blocks.8.attn.add_v_proj.weight quantizer
25-12-26 16:40:01 | D |     - Calibrating transformer_blocks.8.attn.to_out.0.weight quantizer
25-12-26 16:40:02 | D |     - Calibrating transformer_blocks.8.attn.to_add_out.weight quantizer
25-12-26 16:40:02 | D |     - Calibrating transformer_blocks.8.ff.net.0.proj.weight quantizer
25-12-26 16:40:02 | D |     - Calibrating transformer_blocks.8.ff.net.2.linear.weight quantizer
25-12-26 16:40:02 | D |     - Calibrating transformer_blocks.8.ff_context.net.0.proj.weight quantizer
25-12-26 16:40:02 | D |     - Calibrating transformer_blocks.8.ff_context.net.2.linear.weight quantizer
25-12-26 16:40:03 | D |   - Calibrating weights: block transformer_blocks.9
25-12-26 16:40:03 | D |     - Calibrating transformer_blocks.9.norm1.linear.weight quantizer
25-12-26 16:40:03 | D |     - Calibrating transformer_blocks.9.norm1_context.linear.weight quantizer
25-12-26 16:40:03 | D |     - Calibrating transformer_blocks.9.attn.to_q.weight quantizer
25-12-26 16:40:03 | D |     - Calibrating transformer_blocks.9.attn.to_k.weight quantizer
25-12-26 16:40:03 | D |     - Calibrating transformer_blocks.9.attn.to_v.weight quantizer
25-12-26 16:40:04 | D |     - Calibrating transformer_blocks.9.attn.add_q_proj.weight quantizer
25-12-26 16:40:04 | D |     - Calibrating transformer_blocks.9.attn.add_k_proj.weight quantizer
25-12-26 16:40:04 | D |     - Calibrating transformer_blocks.9.attn.add_v_proj.weight quantizer
25-12-26 16:40:04 | D |     - Calibrating transformer_blocks.9.attn.to_out.0.weight quantizer
25-12-26 16:40:04 | D |     - Calibrating transformer_blocks.9.attn.to_add_out.weight quantizer
25-12-26 16:40:05 | D |     - Calibrating transformer_blocks.9.ff.net.0.proj.weight quantizer
25-12-26 16:40:05 | D |     - Calibrating transformer_blocks.9.ff.net.2.linear.weight quantizer
25-12-26 16:40:05 | D |     - Calibrating transformer_blocks.9.ff_context.net.0.proj.weight quantizer
25-12-26 16:40:05 | D |     - Calibrating transformer_blocks.9.ff_context.net.2.linear.weight quantizer
25-12-26 16:40:05 | D |   - Calibrating weights: block transformer_blocks.10
25-12-26 16:40:05 | D |     - Calibrating transformer_blocks.10.norm1.linear.weight quantizer
25-12-26 16:40:06 | D |     - Calibrating transformer_blocks.10.norm1_context.linear.weight quantizer
25-12-26 16:40:06 | D |     - Calibrating transformer_blocks.10.attn.to_q.weight quantizer
25-12-26 16:40:06 | D |     - Calibrating transformer_blocks.10.attn.to_k.weight quantizer
25-12-26 16:40:06 | D |     - Calibrating transformer_blocks.10.attn.to_v.weight quantizer
25-12-26 16:40:06 | D |     - Calibrating transformer_blocks.10.attn.add_q_proj.weight quantizer
25-12-26 16:40:07 | D |     - Calibrating transformer_blocks.10.attn.add_k_proj.weight quantizer
25-12-26 16:40:07 | D |     - Calibrating transformer_blocks.10.attn.add_v_proj.weight quantizer
25-12-26 16:40:07 | D |     - Calibrating transformer_blocks.10.attn.to_out.0.weight quantizer
25-12-26 16:40:07 | D |     - Calibrating transformer_blocks.10.attn.to_add_out.weight quantizer
25-12-26 16:40:07 | D |     - Calibrating transformer_blocks.10.ff.net.0.proj.weight quantizer
25-12-26 16:40:08 | D |     - Calibrating transformer_blocks.10.ff.net.2.linear.weight quantizer
25-12-26 16:40:08 | D |     - Calibrating transformer_blocks.10.ff_context.net.0.proj.weight quantizer
25-12-26 16:40:08 | D |     - Calibrating transformer_blocks.10.ff_context.net.2.linear.weight quantizer
25-12-26 16:40:08 | D |   - Calibrating weights: block transformer_blocks.11
25-12-26 16:40:08 | D |     - Calibrating transformer_blocks.11.norm1.linear.weight quantizer
25-12-26 16:40:08 | D |     - Calibrating transformer_blocks.11.norm1_context.linear.weight quantizer
25-12-26 16:40:08 | D |     - Calibrating transformer_blocks.11.attn.to_q.weight quantizer
25-12-26 16:40:09 | D |     - Calibrating transformer_blocks.11.attn.to_k.weight quantizer
25-12-26 16:40:09 | D |     - Calibrating transformer_blocks.11.attn.to_v.weight quantizer
25-12-26 16:40:09 | D |     - Calibrating transformer_blocks.11.attn.add_q_proj.weight quantizer
25-12-26 16:40:09 | D |     - Calibrating transformer_blocks.11.attn.add_k_proj.weight quantizer
25-12-26 16:40:10 | D |     - Calibrating transformer_blocks.11.attn.add_v_proj.weight quantizer
25-12-26 16:40:10 | D |     - Calibrating transformer_blocks.11.attn.to_out.0.weight quantizer
25-12-26 16:40:10 | D |     - Calibrating transformer_blocks.11.attn.to_add_out.weight quantizer
25-12-26 16:40:10 | D |     - Calibrating transformer_blocks.11.ff.net.0.proj.weight quantizer
25-12-26 16:40:11 | D |     - Calibrating transformer_blocks.11.ff.net.2.linear.weight quantizer
25-12-26 16:40:11 | D |     - Calibrating transformer_blocks.11.ff_context.net.0.proj.weight quantizer
25-12-26 16:40:11 | D |     - Calibrating transformer_blocks.11.ff_context.net.2.linear.weight quantizer
25-12-26 16:40:11 | D |   - Calibrating weights: block transformer_blocks.12
25-12-26 16:40:11 | D |     - Calibrating transformer_blocks.12.norm1.linear.weight quantizer
25-12-26 16:40:11 | D |     - Calibrating transformer_blocks.12.norm1_context.linear.weight quantizer
25-12-26 16:40:12 | D |     - Calibrating transformer_blocks.12.attn.to_q.weight quantizer
25-12-26 16:40:12 | D |     - Calibrating transformer_blocks.12.attn.to_k.weight quantizer
25-12-26 16:40:12 | D |     - Calibrating transformer_blocks.12.attn.to_v.weight quantizer
25-12-26 16:40:12 | D |     - Calibrating transformer_blocks.12.attn.add_q_proj.weight quantizer
25-12-26 16:40:12 | D |     - Calibrating transformer_blocks.12.attn.add_k_proj.weight quantizer
25-12-26 16:40:12 | D |     - Calibrating transformer_blocks.12.attn.add_v_proj.weight quantizer
25-12-26 16:40:13 | D |     - Calibrating transformer_blocks.12.attn.to_out.0.weight quantizer
25-12-26 16:40:13 | D |     - Calibrating transformer_blocks.12.attn.to_add_out.weight quantizer
25-12-26 16:40:13 | D |     - Calibrating transformer_blocks.12.ff.net.0.proj.weight quantizer
25-12-26 16:40:13 | D |     - Calibrating transformer_blocks.12.ff.net.2.linear.weight quantizer
25-12-26 16:40:14 | D |     - Calibrating transformer_blocks.12.ff_context.net.0.proj.weight quantizer
25-12-26 16:40:14 | D |     - Calibrating transformer_blocks.12.ff_context.net.2.linear.weight quantizer
25-12-26 16:40:14 | D |   - Calibrating weights: block transformer_blocks.13
25-12-26 16:40:14 | D |     - Calibrating transformer_blocks.13.norm1.linear.weight quantizer
25-12-26 16:40:14 | D |     - Calibrating transformer_blocks.13.norm1_context.linear.weight quantizer
25-12-26 16:40:14 | D |     - Calibrating transformer_blocks.13.attn.to_q.weight quantizer
25-12-26 16:40:14 | D |     - Calibrating transformer_blocks.13.attn.to_k.weight quantizer
25-12-26 16:40:15 | D |     - Calibrating transformer_blocks.13.attn.to_v.weight quantizer
25-12-26 16:40:15 | D |     - Calibrating transformer_blocks.13.attn.add_q_proj.weight quantizer
25-12-26 16:40:15 | D |     - Calibrating transformer_blocks.13.attn.add_k_proj.weight quantizer
25-12-26 16:40:15 | D |     - Calibrating transformer_blocks.13.attn.add_v_proj.weight quantizer
25-12-26 16:40:15 | D |     - Calibrating transformer_blocks.13.attn.to_out.0.weight quantizer
25-12-26 16:40:16 | D |     - Calibrating transformer_blocks.13.attn.to_add_out.weight quantizer
25-12-26 16:40:16 | D |     - Calibrating transformer_blocks.13.ff.net.0.proj.weight quantizer
25-12-26 16:40:16 | D |     - Calibrating transformer_blocks.13.ff.net.2.linear.weight quantizer
25-12-26 16:40:16 | D |     - Calibrating transformer_blocks.13.ff_context.net.0.proj.weight quantizer
25-12-26 16:40:16 | D |     - Calibrating transformer_blocks.13.ff_context.net.2.linear.weight quantizer
25-12-26 16:40:17 | D |   - Calibrating weights: block transformer_blocks.14
25-12-26 16:40:17 | D |     - Calibrating transformer_blocks.14.norm1.linear.weight quantizer
25-12-26 16:40:17 | D |     - Calibrating transformer_blocks.14.norm1_context.linear.weight quantizer
25-12-26 16:40:17 | D |     - Calibrating transformer_blocks.14.attn.to_q.weight quantizer
25-12-26 16:40:17 | D |     - Calibrating transformer_blocks.14.attn.to_k.weight quantizer
25-12-26 16:40:17 | D |     - Calibrating transformer_blocks.14.attn.to_v.weight quantizer
25-12-26 16:40:18 | D |     - Calibrating transformer_blocks.14.attn.add_q_proj.weight quantizer
25-12-26 16:40:18 | D |     - Calibrating transformer_blocks.14.attn.add_k_proj.weight quantizer
25-12-26 16:40:18 | D |     - Calibrating transformer_blocks.14.attn.add_v_proj.weight quantizer
25-12-26 16:40:18 | D |     - Calibrating transformer_blocks.14.attn.to_out.0.weight quantizer
25-12-26 16:40:18 | D |     - Calibrating transformer_blocks.14.attn.to_add_out.weight quantizer
25-12-26 16:40:19 | D |     - Calibrating transformer_blocks.14.ff.net.0.proj.weight quantizer
25-12-26 16:40:19 | D |     - Calibrating transformer_blocks.14.ff.net.2.linear.weight quantizer
25-12-26 16:40:19 | D |     - Calibrating transformer_blocks.14.ff_context.net.0.proj.weight quantizer
25-12-26 16:40:19 | D |     - Calibrating transformer_blocks.14.ff_context.net.2.linear.weight quantizer
25-12-26 16:40:19 | D |   - Calibrating weights: block transformer_blocks.15
25-12-26 16:40:19 | D |     - Calibrating transformer_blocks.15.norm1.linear.weight quantizer
25-12-26 16:40:20 | D |     - Calibrating transformer_blocks.15.norm1_context.linear.weight quantizer
25-12-26 16:40:20 | D |     - Calibrating transformer_blocks.15.attn.to_q.weight quantizer
25-12-26 16:40:20 | D |     - Calibrating transformer_blocks.15.attn.to_k.weight quantizer
25-12-26 16:40:20 | D |     - Calibrating transformer_blocks.15.attn.to_v.weight quantizer
25-12-26 16:40:20 | D |     - Calibrating transformer_blocks.15.attn.add_q_proj.weight quantizer
25-12-26 16:40:21 | D |     - Calibrating transformer_blocks.15.attn.add_k_proj.weight quantizer
25-12-26 16:40:21 | D |     - Calibrating transformer_blocks.15.attn.add_v_proj.weight quantizer
25-12-26 16:40:21 | D |     - Calibrating transformer_blocks.15.attn.to_out.0.weight quantizer
25-12-26 16:40:21 | D |     - Calibrating transformer_blocks.15.attn.to_add_out.weight quantizer
25-12-26 16:40:21 | D |     - Calibrating transformer_blocks.15.ff.net.0.proj.weight quantizer
25-12-26 16:40:21 | D |     - Calibrating transformer_blocks.15.ff.net.2.linear.weight quantizer
25-12-26 16:40:22 | D |     - Calibrating transformer_blocks.15.ff_context.net.0.proj.weight quantizer
25-12-26 16:40:22 | D |     - Calibrating transformer_blocks.15.ff_context.net.2.linear.weight quantizer
25-12-26 16:40:22 | D |   - Calibrating weights: block transformer_blocks.16
25-12-26 16:40:22 | D |     - Calibrating transformer_blocks.16.norm1.linear.weight quantizer
25-12-26 16:40:22 | D |     - Calibrating transformer_blocks.16.norm1_context.linear.weight quantizer
25-12-26 16:40:22 | D |     - Calibrating transformer_blocks.16.attn.to_q.weight quantizer
25-12-26 16:40:23 | D |     - Calibrating transformer_blocks.16.attn.to_k.weight quantizer
25-12-26 16:40:23 | D |     - Calibrating transformer_blocks.16.attn.to_v.weight quantizer
25-12-26 16:40:23 | D |     - Calibrating transformer_blocks.16.attn.add_q_proj.weight quantizer
25-12-26 16:40:23 | D |     - Calibrating transformer_blocks.16.attn.add_k_proj.weight quantizer
25-12-26 16:40:24 | D |     - Calibrating transformer_blocks.16.attn.add_v_proj.weight quantizer
25-12-26 16:40:24 | D |     - Calibrating transformer_blocks.16.attn.to_out.0.weight quantizer
25-12-26 16:40:24 | D |     - Calibrating transformer_blocks.16.attn.to_add_out.weight quantizer
25-12-26 16:40:24 | D |     - Calibrating transformer_blocks.16.ff.net.0.proj.weight quantizer
25-12-26 16:40:24 | D |     - Calibrating transformer_blocks.16.ff.net.2.linear.weight quantizer
25-12-26 16:40:25 | D |     - Calibrating transformer_blocks.16.ff_context.net.0.proj.weight quantizer
25-12-26 16:40:25 | D |     - Calibrating transformer_blocks.16.ff_context.net.2.linear.weight quantizer
25-12-26 16:40:25 | D |   - Calibrating weights: block transformer_blocks.17
25-12-26 16:40:25 | D |     - Calibrating transformer_blocks.17.norm1.linear.weight quantizer
25-12-26 16:40:25 | D |     - Calibrating transformer_blocks.17.norm1_context.linear.weight quantizer
25-12-26 16:40:25 | D |     - Calibrating transformer_blocks.17.attn.to_q.weight quantizer
25-12-26 16:40:25 | D |     - Calibrating transformer_blocks.17.attn.to_k.weight quantizer
25-12-26 16:40:26 | D |     - Calibrating transformer_blocks.17.attn.to_v.weight quantizer
25-12-26 16:40:26 | D |     - Calibrating transformer_blocks.17.attn.add_q_proj.weight quantizer
25-12-26 16:40:26 | D |     - Calibrating transformer_blocks.17.attn.add_k_proj.weight quantizer
25-12-26 16:40:26 | D |     - Calibrating transformer_blocks.17.attn.add_v_proj.weight quantizer
25-12-26 16:40:26 | D |     - Calibrating transformer_blocks.17.attn.to_out.0.weight quantizer
25-12-26 16:40:27 | D |     - Calibrating transformer_blocks.17.attn.to_add_out.weight quantizer
25-12-26 16:40:27 | D |     - Calibrating transformer_blocks.17.ff.net.0.proj.weight quantizer
25-12-26 16:40:27 | D |     - Calibrating transformer_blocks.17.ff.net.2.linear.weight quantizer
25-12-26 16:40:27 | D |     - Calibrating transformer_blocks.17.ff_context.net.0.proj.weight quantizer
25-12-26 16:40:27 | D |     - Calibrating transformer_blocks.17.ff_context.net.2.linear.weight quantizer
25-12-26 16:40:28 | D |   - Calibrating weights: block transformer_blocks.18
25-12-26 16:40:28 | D |     - Calibrating transformer_blocks.18.norm1.linear.weight quantizer
25-12-26 16:40:28 | D |     - Calibrating transformer_blocks.18.norm1_context.linear.weight quantizer
25-12-26 16:40:28 | D |     - Calibrating transformer_blocks.18.attn.to_q.weight quantizer
25-12-26 16:40:28 | D |     - Calibrating transformer_blocks.18.attn.to_k.weight quantizer
25-12-26 16:40:28 | D |     - Calibrating transformer_blocks.18.attn.to_v.weight quantizer
25-12-26 16:40:29 | D |     - Calibrating transformer_blocks.18.attn.add_q_proj.weight quantizer
25-12-26 16:40:29 | D |     - Calibrating transformer_blocks.18.attn.add_k_proj.weight quantizer
25-12-26 16:40:29 | D |     - Calibrating transformer_blocks.18.attn.add_v_proj.weight quantizer
25-12-26 16:40:29 | D |     - Calibrating transformer_blocks.18.attn.to_out.0.weight quantizer
25-12-26 16:40:29 | D |     - Calibrating transformer_blocks.18.attn.to_add_out.weight quantizer
25-12-26 16:40:29 | D |     - Calibrating transformer_blocks.18.ff.net.0.proj.weight quantizer
25-12-26 16:40:30 | D |     - Calibrating transformer_blocks.18.ff.net.2.linear.weight quantizer
25-12-26 16:40:30 | D |     - Calibrating transformer_blocks.18.ff_context.net.0.proj.weight quantizer
25-12-26 16:40:30 | D |     - Calibrating transformer_blocks.18.ff_context.net.2.linear.weight quantizer
25-12-26 16:40:30 | D |   - Calibrating weights: block single_transformer_blocks.0
25-12-26 16:40:30 | D |     - Calibrating single_transformer_blocks.0.norm.linear.weight quantizer
25-12-26 16:40:30 | D |     - Calibrating single_transformer_blocks.0.attn.to_q.weight quantizer
25-12-26 16:40:31 | D |     - Calibrating single_transformer_blocks.0.attn.to_k.weight quantizer
25-12-26 16:40:31 | D |     - Calibrating single_transformer_blocks.0.attn.to_v.weight quantizer
25-12-26 16:40:31 | D |     - Calibrating single_transformer_blocks.0.proj_out.linears.0.weight quantizer
25-12-26 16:40:31 | D |     - Calibrating single_transformer_blocks.0.proj_mlp.weight quantizer
25-12-26 16:40:31 | D |     - Calibrating single_transformer_blocks.0.proj_out.linears.1.linear.weight quantizer
25-12-26 16:40:32 | D |   - Calibrating weights: block single_transformer_blocks.1
25-12-26 16:40:32 | D |     - Calibrating single_transformer_blocks.1.norm.linear.weight quantizer
25-12-26 16:40:32 | D |     - Calibrating single_transformer_blocks.1.attn.to_q.weight quantizer
25-12-26 16:40:32 | D |     - Calibrating single_transformer_blocks.1.attn.to_k.weight quantizer
25-12-26 16:40:32 | D |     - Calibrating single_transformer_blocks.1.attn.to_v.weight quantizer
25-12-26 16:40:32 | D |     - Calibrating single_transformer_blocks.1.proj_out.linears.0.weight quantizer
25-12-26 16:40:33 | D |     - Calibrating single_transformer_blocks.1.proj_mlp.weight quantizer
25-12-26 16:40:33 | D |     - Calibrating single_transformer_blocks.1.proj_out.linears.1.linear.weight quantizer
25-12-26 16:40:33 | D |   - Calibrating weights: block single_transformer_blocks.2
25-12-26 16:40:33 | D |     - Calibrating single_transformer_blocks.2.norm.linear.weight quantizer
25-12-26 16:40:33 | D |     - Calibrating single_transformer_blocks.2.attn.to_q.weight quantizer
25-12-26 16:40:33 | D |     - Calibrating single_transformer_blocks.2.attn.to_k.weight quantizer
25-12-26 16:40:33 | D |     - Calibrating single_transformer_blocks.2.attn.to_v.weight quantizer
25-12-26 16:40:34 | D |     - Calibrating single_transformer_blocks.2.proj_out.linears.0.weight quantizer
25-12-26 16:40:34 | D |     - Calibrating single_transformer_blocks.2.proj_mlp.weight quantizer
25-12-26 16:40:34 | D |     - Calibrating single_transformer_blocks.2.proj_out.linears.1.linear.weight quantizer
25-12-26 16:40:34 | D |   - Calibrating weights: block single_transformer_blocks.3
25-12-26 16:40:34 | D |     - Calibrating single_transformer_blocks.3.norm.linear.weight quantizer
25-12-26 16:40:34 | D |     - Calibrating single_transformer_blocks.3.attn.to_q.weight quantizer
25-12-26 16:40:35 | D |     - Calibrating single_transformer_blocks.3.attn.to_k.weight quantizer
25-12-26 16:40:35 | D |     - Calibrating single_transformer_blocks.3.attn.to_v.weight quantizer
25-12-26 16:40:35 | D |     - Calibrating single_transformer_blocks.3.proj_out.linears.0.weight quantizer
25-12-26 16:40:35 | D |     - Calibrating single_transformer_blocks.3.proj_mlp.weight quantizer
25-12-26 16:40:36 | D |     - Calibrating single_transformer_blocks.3.proj_out.linears.1.linear.weight quantizer
25-12-26 16:40:36 | D |   - Calibrating weights: block single_transformer_blocks.4
25-12-26 16:40:36 | D |     - Calibrating single_transformer_blocks.4.norm.linear.weight quantizer
25-12-26 16:40:36 | D |     - Calibrating single_transformer_blocks.4.attn.to_q.weight quantizer
25-12-26 16:40:36 | D |     - Calibrating single_transformer_blocks.4.attn.to_k.weight quantizer
25-12-26 16:40:36 | D |     - Calibrating single_transformer_blocks.4.attn.to_v.weight quantizer
25-12-26 16:40:36 | D |     - Calibrating single_transformer_blocks.4.proj_out.linears.0.weight quantizer
25-12-26 16:40:37 | D |     - Calibrating single_transformer_blocks.4.proj_mlp.weight quantizer
25-12-26 16:40:37 | D |     - Calibrating single_transformer_blocks.4.proj_out.linears.1.linear.weight quantizer
25-12-26 16:40:37 | D |   - Calibrating weights: block single_transformer_blocks.5
25-12-26 16:40:37 | D |     - Calibrating single_transformer_blocks.5.norm.linear.weight quantizer
25-12-26 16:40:37 | D |     - Calibrating single_transformer_blocks.5.attn.to_q.weight quantizer
25-12-26 16:40:38 | D |     - Calibrating single_transformer_blocks.5.attn.to_k.weight quantizer
25-12-26 16:40:38 | D |     - Calibrating single_transformer_blocks.5.attn.to_v.weight quantizer
25-12-26 16:40:38 | D |     - Calibrating single_transformer_blocks.5.proj_out.linears.0.weight quantizer
25-12-26 16:40:38 | D |     - Calibrating single_transformer_blocks.5.proj_mlp.weight quantizer
25-12-26 16:40:38 | D |     - Calibrating single_transformer_blocks.5.proj_out.linears.1.linear.weight quantizer
25-12-26 16:40:38 | D |   - Calibrating weights: block single_transformer_blocks.6
25-12-26 16:40:38 | D |     - Calibrating single_transformer_blocks.6.norm.linear.weight quantizer
25-12-26 16:40:39 | D |     - Calibrating single_transformer_blocks.6.attn.to_q.weight quantizer
25-12-26 16:40:39 | D |     - Calibrating single_transformer_blocks.6.attn.to_k.weight quantizer
25-12-26 16:40:39 | D |     - Calibrating single_transformer_blocks.6.attn.to_v.weight quantizer
25-12-26 16:40:39 | D |     - Calibrating single_transformer_blocks.6.proj_out.linears.0.weight quantizer
25-12-26 16:40:39 | D |     - Calibrating single_transformer_blocks.6.proj_mlp.weight quantizer
25-12-26 16:40:40 | D |     - Calibrating single_transformer_blocks.6.proj_out.linears.1.linear.weight quantizer
25-12-26 16:40:40 | D |   - Calibrating weights: block single_transformer_blocks.7
25-12-26 16:40:40 | D |     - Calibrating single_transformer_blocks.7.norm.linear.weight quantizer
25-12-26 16:40:40 | D |     - Calibrating single_transformer_blocks.7.attn.to_q.weight quantizer
25-12-26 16:40:40 | D |     - Calibrating single_transformer_blocks.7.attn.to_k.weight quantizer
25-12-26 16:40:40 | D |     - Calibrating single_transformer_blocks.7.attn.to_v.weight quantizer
25-12-26 16:40:41 | D |     - Calibrating single_transformer_blocks.7.proj_out.linears.0.weight quantizer
25-12-26 16:40:41 | D |     - Calibrating single_transformer_blocks.7.proj_mlp.weight quantizer
25-12-26 16:40:41 | D |     - Calibrating single_transformer_blocks.7.proj_out.linears.1.linear.weight quantizer
25-12-26 16:40:41 | D |   - Calibrating weights: block single_transformer_blocks.8
25-12-26 16:40:41 | D |     - Calibrating single_transformer_blocks.8.norm.linear.weight quantizer
25-12-26 16:40:41 | D |     - Calibrating single_transformer_blocks.8.attn.to_q.weight quantizer
25-12-26 16:40:42 | D |     - Calibrating single_transformer_blocks.8.attn.to_k.weight quantizer
25-12-26 16:40:42 | D |     - Calibrating single_transformer_blocks.8.attn.to_v.weight quantizer
25-12-26 16:40:42 | D |     - Calibrating single_transformer_blocks.8.proj_out.linears.0.weight quantizer
25-12-26 16:40:42 | D |     - Calibrating single_transformer_blocks.8.proj_mlp.weight quantizer
25-12-26 16:40:42 | D |     - Calibrating single_transformer_blocks.8.proj_out.linears.1.linear.weight quantizer
25-12-26 16:40:43 | D |   - Calibrating weights: block single_transformer_blocks.9
25-12-26 16:40:43 | D |     - Calibrating single_transformer_blocks.9.norm.linear.weight quantizer
25-12-26 16:40:43 | D |     - Calibrating single_transformer_blocks.9.attn.to_q.weight quantizer
25-12-26 16:40:43 | D |     - Calibrating single_transformer_blocks.9.attn.to_k.weight quantizer
25-12-26 16:40:43 | D |     - Calibrating single_transformer_blocks.9.attn.to_v.weight quantizer
25-12-26 16:40:43 | D |     - Calibrating single_transformer_blocks.9.proj_out.linears.0.weight quantizer
25-12-26 16:40:44 | D |     - Calibrating single_transformer_blocks.9.proj_mlp.weight quantizer
25-12-26 16:40:44 | D |     - Calibrating single_transformer_blocks.9.proj_out.linears.1.linear.weight quantizer
25-12-26 16:40:44 | D |   - Calibrating weights: block single_transformer_blocks.10
25-12-26 16:40:44 | D |     - Calibrating single_transformer_blocks.10.norm.linear.weight quantizer
25-12-26 16:40:44 | D |     - Calibrating single_transformer_blocks.10.attn.to_q.weight quantizer
25-12-26 16:40:44 | D |     - Calibrating single_transformer_blocks.10.attn.to_k.weight quantizer
25-12-26 16:40:45 | D |     - Calibrating single_transformer_blocks.10.attn.to_v.weight quantizer
25-12-26 16:40:45 | D |     - Calibrating single_transformer_blocks.10.proj_out.linears.0.weight quantizer
25-12-26 16:40:45 | D |     - Calibrating single_transformer_blocks.10.proj_mlp.weight quantizer
25-12-26 16:40:45 | D |     - Calibrating single_transformer_blocks.10.proj_out.linears.1.linear.weight quantizer
25-12-26 16:40:45 | D |   - Calibrating weights: block single_transformer_blocks.11
25-12-26 16:40:45 | D |     - Calibrating single_transformer_blocks.11.norm.linear.weight quantizer
25-12-26 16:40:46 | D |     - Calibrating single_transformer_blocks.11.attn.to_q.weight quantizer
25-12-26 16:40:46 | D |     - Calibrating single_transformer_blocks.11.attn.to_k.weight quantizer
25-12-26 16:40:46 | D |     - Calibrating single_transformer_blocks.11.attn.to_v.weight quantizer
25-12-26 16:40:46 | D |     - Calibrating single_transformer_blocks.11.proj_out.linears.0.weight quantizer
25-12-26 16:40:46 | D |     - Calibrating single_transformer_blocks.11.proj_mlp.weight quantizer
25-12-26 16:40:47 | D |     - Calibrating single_transformer_blocks.11.proj_out.linears.1.linear.weight quantizer
25-12-26 16:40:47 | D |   - Calibrating weights: block single_transformer_blocks.12
25-12-26 16:40:47 | D |     - Calibrating single_transformer_blocks.12.norm.linear.weight quantizer
25-12-26 16:40:47 | D |     - Calibrating single_transformer_blocks.12.attn.to_q.weight quantizer
25-12-26 16:40:47 | D |     - Calibrating single_transformer_blocks.12.attn.to_k.weight quantizer
25-12-26 16:40:47 | D |     - Calibrating single_transformer_blocks.12.attn.to_v.weight quantizer
25-12-26 16:40:47 | D |     - Calibrating single_transformer_blocks.12.proj_out.linears.0.weight quantizer
25-12-26 16:40:48 | D |     - Calibrating single_transformer_blocks.12.proj_mlp.weight quantizer
25-12-26 16:40:48 | D |     - Calibrating single_transformer_blocks.12.proj_out.linears.1.linear.weight quantizer
25-12-26 16:40:48 | D |   - Calibrating weights: block single_transformer_blocks.13
25-12-26 16:40:48 | D |     - Calibrating single_transformer_blocks.13.norm.linear.weight quantizer
25-12-26 16:40:48 | D |     - Calibrating single_transformer_blocks.13.attn.to_q.weight quantizer
25-12-26 16:40:49 | D |     - Calibrating single_transformer_blocks.13.attn.to_k.weight quantizer
25-12-26 16:40:49 | D |     - Calibrating single_transformer_blocks.13.attn.to_v.weight quantizer
25-12-26 16:40:49 | D |     - Calibrating single_transformer_blocks.13.proj_out.linears.0.weight quantizer
25-12-26 16:40:49 | D |     - Calibrating single_transformer_blocks.13.proj_mlp.weight quantizer
25-12-26 16:40:49 | D |     - Calibrating single_transformer_blocks.13.proj_out.linears.1.linear.weight quantizer
25-12-26 16:40:49 | D |   - Calibrating weights: block single_transformer_blocks.14
25-12-26 16:40:49 | D |     - Calibrating single_transformer_blocks.14.norm.linear.weight quantizer
25-12-26 16:40:50 | D |     - Calibrating single_transformer_blocks.14.attn.to_q.weight quantizer
25-12-26 16:40:50 | D |     - Calibrating single_transformer_blocks.14.attn.to_k.weight quantizer
25-12-26 16:40:50 | D |     - Calibrating single_transformer_blocks.14.attn.to_v.weight quantizer
25-12-26 16:40:50 | D |     - Calibrating single_transformer_blocks.14.proj_out.linears.0.weight quantizer
25-12-26 16:40:50 | D |     - Calibrating single_transformer_blocks.14.proj_mlp.weight quantizer
25-12-26 16:40:51 | D |     - Calibrating single_transformer_blocks.14.proj_out.linears.1.linear.weight quantizer
25-12-26 16:40:51 | D |   - Calibrating weights: block single_transformer_blocks.15
25-12-26 16:40:51 | D |     - Calibrating single_transformer_blocks.15.norm.linear.weight quantizer
25-12-26 16:40:51 | D |     - Calibrating single_transformer_blocks.15.attn.to_q.weight quantizer
25-12-26 16:40:51 | D |     - Calibrating single_transformer_blocks.15.attn.to_k.weight quantizer
25-12-26 16:40:51 | D |     - Calibrating single_transformer_blocks.15.attn.to_v.weight quantizer
25-12-26 16:40:51 | D |     - Calibrating single_transformer_blocks.15.proj_out.linears.0.weight quantizer
25-12-26 16:40:52 | D |     - Calibrating single_transformer_blocks.15.proj_mlp.weight quantizer
25-12-26 16:40:52 | D |     - Calibrating single_transformer_blocks.15.proj_out.linears.1.linear.weight quantizer
25-12-26 16:40:52 | D |   - Calibrating weights: block single_transformer_blocks.16
25-12-26 16:40:52 | D |     - Calibrating single_transformer_blocks.16.norm.linear.weight quantizer
25-12-26 16:40:52 | D |     - Calibrating single_transformer_blocks.16.attn.to_q.weight quantizer
25-12-26 16:40:52 | D |     - Calibrating single_transformer_blocks.16.attn.to_k.weight quantizer
25-12-26 16:40:53 | D |     - Calibrating single_transformer_blocks.16.attn.to_v.weight quantizer
25-12-26 16:40:53 | D |     - Calibrating single_transformer_blocks.16.proj_out.linears.0.weight quantizer
25-12-26 16:40:53 | D |     - Calibrating single_transformer_blocks.16.proj_mlp.weight quantizer
25-12-26 16:40:53 | D |     - Calibrating single_transformer_blocks.16.proj_out.linears.1.linear.weight quantizer
25-12-26 16:40:53 | D |   - Calibrating weights: block single_transformer_blocks.17
25-12-26 16:40:53 | D |     - Calibrating single_transformer_blocks.17.norm.linear.weight quantizer
25-12-26 16:40:54 | D |     - Calibrating single_transformer_blocks.17.attn.to_q.weight quantizer
25-12-26 16:40:54 | D |     - Calibrating single_transformer_blocks.17.attn.to_k.weight quantizer
25-12-26 16:40:54 | D |     - Calibrating single_transformer_blocks.17.attn.to_v.weight quantizer
25-12-26 16:40:54 | D |     - Calibrating single_transformer_blocks.17.proj_out.linears.0.weight quantizer
25-12-26 16:40:55 | D |     - Calibrating single_transformer_blocks.17.proj_mlp.weight quantizer
25-12-26 16:40:55 | D |     - Calibrating single_transformer_blocks.17.proj_out.linears.1.linear.weight quantizer
25-12-26 16:40:55 | D |   - Calibrating weights: block single_transformer_blocks.18
25-12-26 16:40:55 | D |     - Calibrating single_transformer_blocks.18.norm.linear.weight quantizer
25-12-26 16:40:55 | D |     - Calibrating single_transformer_blocks.18.attn.to_q.weight quantizer
25-12-26 16:40:56 | D |     - Calibrating single_transformer_blocks.18.attn.to_k.weight quantizer
25-12-26 16:40:56 | D |     - Calibrating single_transformer_blocks.18.attn.to_v.weight quantizer
25-12-26 16:40:56 | D |     - Calibrating single_transformer_blocks.18.proj_out.linears.0.weight quantizer
25-12-26 16:40:56 | D |     - Calibrating single_transformer_blocks.18.proj_mlp.weight quantizer
25-12-26 16:40:56 | D |     - Calibrating single_transformer_blocks.18.proj_out.linears.1.linear.weight quantizer
25-12-26 16:40:57 | D |   - Calibrating weights: block single_transformer_blocks.19
25-12-26 16:40:57 | D |     - Calibrating single_transformer_blocks.19.norm.linear.weight quantizer
25-12-26 16:40:57 | D |     - Calibrating single_transformer_blocks.19.attn.to_q.weight quantizer
25-12-26 16:40:57 | D |     - Calibrating single_transformer_blocks.19.attn.to_k.weight quantizer
25-12-26 16:40:57 | D |     - Calibrating single_transformer_blocks.19.attn.to_v.weight quantizer
25-12-26 16:40:57 | D |     - Calibrating single_transformer_blocks.19.proj_out.linears.0.weight quantizer
25-12-26 16:40:58 | D |     - Calibrating single_transformer_blocks.19.proj_mlp.weight quantizer
25-12-26 16:40:58 | D |     - Calibrating single_transformer_blocks.19.proj_out.linears.1.linear.weight quantizer
25-12-26 16:40:58 | D |   - Calibrating weights: block single_transformer_blocks.20
25-12-26 16:40:58 | D |     - Calibrating single_transformer_blocks.20.norm.linear.weight quantizer
25-12-26 16:40:58 | D |     - Calibrating single_transformer_blocks.20.attn.to_q.weight quantizer
25-12-26 16:40:58 | D |     - Calibrating single_transformer_blocks.20.attn.to_k.weight quantizer
25-12-26 16:40:59 | D |     - Calibrating single_transformer_blocks.20.attn.to_v.weight quantizer
25-12-26 16:40:59 | D |     - Calibrating single_transformer_blocks.20.proj_out.linears.0.weight quantizer
25-12-26 16:40:59 | D |     - Calibrating single_transformer_blocks.20.proj_mlp.weight quantizer
25-12-26 16:40:59 | D |     - Calibrating single_transformer_blocks.20.proj_out.linears.1.linear.weight quantizer
25-12-26 16:40:59 | D |   - Calibrating weights: block single_transformer_blocks.21
25-12-26 16:40:59 | D |     - Calibrating single_transformer_blocks.21.norm.linear.weight quantizer
25-12-26 16:41:00 | D |     - Calibrating single_transformer_blocks.21.attn.to_q.weight quantizer
25-12-26 16:41:00 | D |     - Calibrating single_transformer_blocks.21.attn.to_k.weight quantizer
25-12-26 16:41:00 | D |     - Calibrating single_transformer_blocks.21.attn.to_v.weight quantizer
25-12-26 16:41:00 | D |     - Calibrating single_transformer_blocks.21.proj_out.linears.0.weight quantizer
25-12-26 16:41:00 | D |     - Calibrating single_transformer_blocks.21.proj_mlp.weight quantizer
25-12-26 16:41:00 | D |     - Calibrating single_transformer_blocks.21.proj_out.linears.1.linear.weight quantizer
25-12-26 16:41:01 | D |   - Calibrating weights: block single_transformer_blocks.22
25-12-26 16:41:01 | D |     - Calibrating single_transformer_blocks.22.norm.linear.weight quantizer
25-12-26 16:41:01 | D |     - Calibrating single_transformer_blocks.22.attn.to_q.weight quantizer
25-12-26 16:41:01 | D |     - Calibrating single_transformer_blocks.22.attn.to_k.weight quantizer
25-12-26 16:41:01 | D |     - Calibrating single_transformer_blocks.22.attn.to_v.weight quantizer
25-12-26 16:41:01 | D |     - Calibrating single_transformer_blocks.22.proj_out.linears.0.weight quantizer
25-12-26 16:41:02 | D |     - Calibrating single_transformer_blocks.22.proj_mlp.weight quantizer
25-12-26 16:41:02 | D |     - Calibrating single_transformer_blocks.22.proj_out.linears.1.linear.weight quantizer
25-12-26 16:41:02 | D |   - Calibrating weights: block single_transformer_blocks.23
25-12-26 16:41:02 | D |     - Calibrating single_transformer_blocks.23.norm.linear.weight quantizer
25-12-26 16:41:02 | D |     - Calibrating single_transformer_blocks.23.attn.to_q.weight quantizer
25-12-26 16:41:03 | D |     - Calibrating single_transformer_blocks.23.attn.to_k.weight quantizer
25-12-26 16:41:03 | D |     - Calibrating single_transformer_blocks.23.attn.to_v.weight quantizer
25-12-26 16:41:03 | D |     - Calibrating single_transformer_blocks.23.proj_out.linears.0.weight quantizer
25-12-26 16:41:03 | D |     - Calibrating single_transformer_blocks.23.proj_mlp.weight quantizer
25-12-26 16:41:03 | D |     - Calibrating single_transformer_blocks.23.proj_out.linears.1.linear.weight quantizer
25-12-26 16:41:04 | D |   - Calibrating weights: block single_transformer_blocks.24
25-12-26 16:41:04 | D |     - Calibrating single_transformer_blocks.24.norm.linear.weight quantizer
25-12-26 16:41:04 | D |     - Calibrating single_transformer_blocks.24.attn.to_q.weight quantizer
25-12-26 16:41:04 | D |     - Calibrating single_transformer_blocks.24.attn.to_k.weight quantizer
25-12-26 16:41:04 | D |     - Calibrating single_transformer_blocks.24.attn.to_v.weight quantizer
25-12-26 16:41:05 | D |     - Calibrating single_transformer_blocks.24.proj_out.linears.0.weight quantizer
25-12-26 16:41:05 | D |     - Calibrating single_transformer_blocks.24.proj_mlp.weight quantizer
25-12-26 16:41:05 | D |     - Calibrating single_transformer_blocks.24.proj_out.linears.1.linear.weight quantizer
25-12-26 16:41:05 | D |   - Calibrating weights: block single_transformer_blocks.25
25-12-26 16:41:05 | D |     - Calibrating single_transformer_blocks.25.norm.linear.weight quantizer
25-12-26 16:41:05 | D |     - Calibrating single_transformer_blocks.25.attn.to_q.weight quantizer
25-12-26 16:41:05 | D |     - Calibrating single_transformer_blocks.25.attn.to_k.weight quantizer
25-12-26 16:41:06 | D |     - Calibrating single_transformer_blocks.25.attn.to_v.weight quantizer
25-12-26 16:41:06 | D |     - Calibrating single_transformer_blocks.25.proj_out.linears.0.weight quantizer
25-12-26 16:41:06 | D |     - Calibrating single_transformer_blocks.25.proj_mlp.weight quantizer
25-12-26 16:41:06 | D |     - Calibrating single_transformer_blocks.25.proj_out.linears.1.linear.weight quantizer
25-12-26 16:41:06 | D |   - Calibrating weights: block single_transformer_blocks.26
25-12-26 16:41:06 | D |     - Calibrating single_transformer_blocks.26.norm.linear.weight quantizer
25-12-26 16:41:07 | D |     - Calibrating single_transformer_blocks.26.attn.to_q.weight quantizer
25-12-26 16:41:07 | D |     - Calibrating single_transformer_blocks.26.attn.to_k.weight quantizer
25-12-26 16:41:07 | D |     - Calibrating single_transformer_blocks.26.attn.to_v.weight quantizer
25-12-26 16:41:07 | D |     - Calibrating single_transformer_blocks.26.proj_out.linears.0.weight quantizer
25-12-26 16:41:07 | D |     - Calibrating single_transformer_blocks.26.proj_mlp.weight quantizer
25-12-26 16:41:08 | D |     - Calibrating single_transformer_blocks.26.proj_out.linears.1.linear.weight quantizer
25-12-26 16:41:08 | D |   - Calibrating weights: block single_transformer_blocks.27
25-12-26 16:41:08 | D |     - Calibrating single_transformer_blocks.27.norm.linear.weight quantizer
25-12-26 16:41:08 | D |     - Calibrating single_transformer_blocks.27.attn.to_q.weight quantizer
25-12-26 16:41:08 | D |     - Calibrating single_transformer_blocks.27.attn.to_k.weight quantizer
25-12-26 16:41:08 | D |     - Calibrating single_transformer_blocks.27.attn.to_v.weight quantizer
25-12-26 16:41:09 | D |     - Calibrating single_transformer_blocks.27.proj_out.linears.0.weight quantizer
25-12-26 16:41:09 | D |     - Calibrating single_transformer_blocks.27.proj_mlp.weight quantizer
25-12-26 16:41:09 | D |     - Calibrating single_transformer_blocks.27.proj_out.linears.1.linear.weight quantizer
25-12-26 16:41:09 | D |   - Calibrating weights: block single_transformer_blocks.28
25-12-26 16:41:09 | D |     - Calibrating single_transformer_blocks.28.norm.linear.weight quantizer
25-12-26 16:41:09 | D |     - Calibrating single_transformer_blocks.28.attn.to_q.weight quantizer
25-12-26 16:41:09 | D |     - Calibrating single_transformer_blocks.28.attn.to_k.weight quantizer
25-12-26 16:41:10 | D |     - Calibrating single_transformer_blocks.28.attn.to_v.weight quantizer
25-12-26 16:41:10 | D |     - Calibrating single_transformer_blocks.28.proj_out.linears.0.weight quantizer
25-12-26 16:41:10 | D |     - Calibrating single_transformer_blocks.28.proj_mlp.weight quantizer
25-12-26 16:41:10 | D |     - Calibrating single_transformer_blocks.28.proj_out.linears.1.linear.weight quantizer
25-12-26 16:41:10 | D |   - Calibrating weights: block single_transformer_blocks.29
25-12-26 16:41:10 | D |     - Calibrating single_transformer_blocks.29.norm.linear.weight quantizer
25-12-26 16:41:11 | D |     - Calibrating single_transformer_blocks.29.attn.to_q.weight quantizer
25-12-26 16:41:11 | D |     - Calibrating single_transformer_blocks.29.attn.to_k.weight quantizer
25-12-26 16:41:11 | D |     - Calibrating single_transformer_blocks.29.attn.to_v.weight quantizer
25-12-26 16:41:11 | D |     - Calibrating single_transformer_blocks.29.proj_out.linears.0.weight quantizer
25-12-26 16:41:12 | D |     - Calibrating single_transformer_blocks.29.proj_mlp.weight quantizer
25-12-26 16:41:12 | D |     - Calibrating single_transformer_blocks.29.proj_out.linears.1.linear.weight quantizer
25-12-26 16:41:12 | D |   - Calibrating weights: block single_transformer_blocks.30
25-12-26 16:41:12 | D |     - Calibrating single_transformer_blocks.30.norm.linear.weight quantizer
25-12-26 16:41:12 | D |     - Calibrating single_transformer_blocks.30.attn.to_q.weight quantizer
25-12-26 16:41:12 | D |     - Calibrating single_transformer_blocks.30.attn.to_k.weight quantizer
25-12-26 16:41:13 | D |     - Calibrating single_transformer_blocks.30.attn.to_v.weight quantizer
25-12-26 16:41:13 | D |     - Calibrating single_transformer_blocks.30.proj_out.linears.0.weight quantizer
25-12-26 16:41:13 | D |     - Calibrating single_transformer_blocks.30.proj_mlp.weight quantizer
25-12-26 16:41:13 | D |     - Calibrating single_transformer_blocks.30.proj_out.linears.1.linear.weight quantizer
25-12-26 16:41:13 | D |   - Calibrating weights: block single_transformer_blocks.31
25-12-26 16:41:13 | D |     - Calibrating single_transformer_blocks.31.norm.linear.weight quantizer
25-12-26 16:41:14 | D |     - Calibrating single_transformer_blocks.31.attn.to_q.weight quantizer
25-12-26 16:41:14 | D |     - Calibrating single_transformer_blocks.31.attn.to_k.weight quantizer
25-12-26 16:41:14 | D |     - Calibrating single_transformer_blocks.31.attn.to_v.weight quantizer
25-12-26 16:41:14 | D |     - Calibrating single_transformer_blocks.31.proj_out.linears.0.weight quantizer
25-12-26 16:41:14 | D |     - Calibrating single_transformer_blocks.31.proj_mlp.weight quantizer
25-12-26 16:41:15 | D |     - Calibrating single_transformer_blocks.31.proj_out.linears.1.linear.weight quantizer
25-12-26 16:41:15 | D |   - Calibrating weights: block single_transformer_blocks.32
25-12-26 16:41:15 | D |     - Calibrating single_transformer_blocks.32.norm.linear.weight quantizer
25-12-26 16:41:15 | D |     - Calibrating single_transformer_blocks.32.attn.to_q.weight quantizer
25-12-26 16:41:15 | D |     - Calibrating single_transformer_blocks.32.attn.to_k.weight quantizer
25-12-26 16:41:15 | D |     - Calibrating single_transformer_blocks.32.attn.to_v.weight quantizer
25-12-26 16:41:15 | D |     - Calibrating single_transformer_blocks.32.proj_out.linears.0.weight quantizer
25-12-26 16:41:16 | D |     - Calibrating single_transformer_blocks.32.proj_mlp.weight quantizer
25-12-26 16:41:16 | D |     - Calibrating single_transformer_blocks.32.proj_out.linears.1.linear.weight quantizer
25-12-26 16:41:16 | D |   - Calibrating weights: block single_transformer_blocks.33
25-12-26 16:41:16 | D |     - Calibrating single_transformer_blocks.33.norm.linear.weight quantizer
25-12-26 16:41:16 | D |     - Calibrating single_transformer_blocks.33.attn.to_q.weight quantizer
25-12-26 16:41:17 | D |     - Calibrating single_transformer_blocks.33.attn.to_k.weight quantizer
25-12-26 16:41:17 | D |     - Calibrating single_transformer_blocks.33.attn.to_v.weight quantizer
25-12-26 16:41:17 | D |     - Calibrating single_transformer_blocks.33.proj_out.linears.0.weight quantizer
25-12-26 16:41:17 | D |     - Calibrating single_transformer_blocks.33.proj_mlp.weight quantizer
25-12-26 16:41:17 | D |     - Calibrating single_transformer_blocks.33.proj_out.linears.1.linear.weight quantizer
25-12-26 16:41:18 | D |   - Calibrating weights: block single_transformer_blocks.34
25-12-26 16:41:18 | D |     - Calibrating single_transformer_blocks.34.norm.linear.weight quantizer
25-12-26 16:41:18 | D |     - Calibrating single_transformer_blocks.34.attn.to_q.weight quantizer
25-12-26 16:41:18 | D |     - Calibrating single_transformer_blocks.34.attn.to_k.weight quantizer
25-12-26 16:41:18 | D |     - Calibrating single_transformer_blocks.34.attn.to_v.weight quantizer
25-12-26 16:41:19 | D |     - Calibrating single_transformer_blocks.34.proj_out.linears.0.weight quantizer
25-12-26 16:41:19 | D |     - Calibrating single_transformer_blocks.34.proj_mlp.weight quantizer
25-12-26 16:41:19 | D |     - Calibrating single_transformer_blocks.34.proj_out.linears.1.linear.weight quantizer
25-12-26 16:41:19 | D |   - Calibrating weights: block single_transformer_blocks.35
25-12-26 16:41:19 | D |     - Calibrating single_transformer_blocks.35.norm.linear.weight quantizer
25-12-26 16:41:20 | D |     - Calibrating single_transformer_blocks.35.attn.to_q.weight quantizer
25-12-26 16:41:20 | D |     - Calibrating single_transformer_blocks.35.attn.to_k.weight quantizer
25-12-26 16:41:20 | D |     - Calibrating single_transformer_blocks.35.attn.to_v.weight quantizer
25-12-26 16:41:20 | D |     - Calibrating single_transformer_blocks.35.proj_out.linears.0.weight quantizer
25-12-26 16:41:20 | D |     - Calibrating single_transformer_blocks.35.proj_mlp.weight quantizer
25-12-26 16:41:21 | D |     - Calibrating single_transformer_blocks.35.proj_out.linears.1.linear.weight quantizer
25-12-26 16:41:21 | D |   - Calibrating weights: block single_transformer_blocks.36
25-12-26 16:41:21 | D |     - Calibrating single_transformer_blocks.36.norm.linear.weight quantizer
25-12-26 16:41:21 | D |     - Calibrating single_transformer_blocks.36.attn.to_q.weight quantizer
25-12-26 16:41:21 | D |     - Calibrating single_transformer_blocks.36.attn.to_k.weight quantizer
25-12-26 16:41:21 | D |     - Calibrating single_transformer_blocks.36.attn.to_v.weight quantizer
25-12-26 16:41:22 | D |     - Calibrating single_transformer_blocks.36.proj_out.linears.0.weight quantizer
25-12-26 16:41:22 | D |     - Calibrating single_transformer_blocks.36.proj_mlp.weight quantizer
25-12-26 16:41:22 | D |     - Calibrating single_transformer_blocks.36.proj_out.linears.1.linear.weight quantizer
25-12-26 16:41:22 | D |   - Calibrating weights: block single_transformer_blocks.37
25-12-26 16:41:22 | D |     - Calibrating single_transformer_blocks.37.norm.linear.weight quantizer
25-12-26 16:41:22 | D |     - Calibrating single_transformer_blocks.37.attn.to_q.weight quantizer
25-12-26 16:41:22 | D |     - Calibrating single_transformer_blocks.37.attn.to_k.weight quantizer
25-12-26 16:41:23 | D |     - Calibrating single_transformer_blocks.37.attn.to_v.weight quantizer
25-12-26 16:41:23 | D |     - Calibrating single_transformer_blocks.37.proj_out.linears.0.weight quantizer
25-12-26 16:41:23 | D |     - Calibrating single_transformer_blocks.37.proj_mlp.weight quantizer
25-12-26 16:41:23 | D |     - Calibrating single_transformer_blocks.37.proj_out.linears.1.linear.weight quantizer
25-12-26 16:41:23 | D |   - Quantizing weights: block transformer_blocks.0
25-12-26 16:41:23 | D |     - Quantizing transformer_blocks.0.norm1.linear.weight
25-12-26 16:41:23 | D |       + quant_dtype: sint4
25-12-26 16:41:23 | D |       + group_shape: ((1, 64, 1),)
25-12-26 16:41:23 | D |       + scale_dtype: (None,)
25-12-26 16:41:24 | D |     - Quantizing transformer_blocks.0.norm1_context.linear.weight
25-12-26 16:41:24 | D |       + quant_dtype: sint4
25-12-26 16:41:24 | D |       + group_shape: ((1, 64, 1),)
25-12-26 16:41:24 | D |       + scale_dtype: (None,)
25-12-26 16:41:24 | D |     - Quantizing transformer_blocks.0.attn.to_q.weight
25-12-26 16:41:24 | D |       + quant_dtype: sint4
25-12-26 16:41:24 | D |       + group_shape: ((1, 64, 1),)
25-12-26 16:41:24 | D |       + scale_dtype: (None,)
25-12-26 16:41:24 | D |     - Quantizing transformer_blocks.0.attn.to_k.weight
25-12-26 16:41:24 | D |       + quant_dtype: sint4
25-12-26 16:41:24 | D |       + group_shape: ((1, 64, 1),)
25-12-26 16:41:24 | D |       + scale_dtype: (None,)
25-12-26 16:41:24 | D |     - Quantizing transformer_blocks.0.attn.to_v.weight
25-12-26 16:41:24 | D |       + quant_dtype: sint4
25-12-26 16:41:24 | D |       + group_shape: ((1, 64, 1),)
25-12-26 16:41:24 | D |       + scale_dtype: (None,)
25-12-26 16:41:24 | D |     - Quantizing transformer_blocks.0.attn.add_q_proj.weight
25-12-26 16:41:24 | D |       + quant_dtype: sint4
25-12-26 16:41:24 | D |       + group_shape: ((1, 64, 1),)
25-12-26 16:41:24 | D |       + scale_dtype: (None,)
25-12-26 16:41:25 | D |     - Quantizing transformer_blocks.0.attn.add_k_proj.weight
25-12-26 16:41:25 | D |       + quant_dtype: sint4
25-12-26 16:41:25 | D |       + group_shape: ((1, 64, 1),)
25-12-26 16:41:25 | D |       + scale_dtype: (None,)
25-12-26 16:41:25 | D |     - Quantizing transformer_blocks.0.attn.add_v_proj.weight
25-12-26 16:41:25 | D |       + quant_dtype: sint4
25-12-26 16:41:25 | D |       + group_shape: ((1, 64, 1),)
25-12-26 16:41:25 | D |       + scale_dtype: (None,)
25-12-26 16:41:25 | D |     - Quantizing transformer_blocks.0.attn.to_out.0.weight
25-12-26 16:41:25 | D |       + quant_dtype: sint4
25-12-26 16:41:25 | D |       + group_shape: ((1, 64, 1),)
25-12-26 16:41:25 | D |       + scale_dtype: (None,)
25-12-26 16:41:25 | D |     - Quantizing transformer_blocks.0.attn.to_add_out.weight
25-12-26 16:41:25 | D |       + quant_dtype: sint4
25-12-26 16:41:25 | D |       + group_shape: ((1, 64, 1),)
25-12-26 16:41:25 | D |       + scale_dtype: (None,)
25-12-26 16:41:25 | D |     - Quantizing transformer_blocks.0.ff.net.0.proj.weight
25-12-26 16:41:25 | D |       + quant_dtype: sint4
25-12-26 16:41:25 | D |       + group_shape: ((1, 64, 1),)
25-12-26 16:41:25 | D |       + scale_dtype: (None,)
25-12-26 16:41:26 | D |     - Quantizing transformer_blocks.0.ff.net.2.linear.weight
25-12-26 16:41:26 | D |       + quant_dtype: sint4
25-12-26 16:41:26 | D |       + group_shape: ((1, 64, 1),)
25-12-26 16:41:26 | D |       + scale_dtype: (None,)
25-12-26 16:41:26 | D |     - Quantizing transformer_blocks.0.ff_context.net.0.proj.weight
25-12-26 16:41:26 | D |       + quant_dtype: sint4
25-12-26 16:41:26 | D |       + group_shape: ((1, 64, 1),)
25-12-26 16:41:26 | D |       + scale_dtype: (None,)
25-12-26 16:41:26 | D |     - Quantizing transformer_blocks.0.ff_context.net.2.linear.weight
25-12-26 16:41:26 | D |       + quant_dtype: sint4
25-12-26 16:41:26 | D |       + group_shape: ((1, 64, 1),)
25-12-26 16:41:26 | D |       + scale_dtype: (None,)
25-12-26 16:41:26 | D |   - Quantizing weights: block transformer_blocks.1
25-12-26 16:41:26 | D |     - Quantizing transformer_blocks.1.norm1.linear.weight
25-12-26 16:41:26 | D |       + quant_dtype: sint4
25-12-26 16:41:26 | D |       + group_shape: ((1, 64, 1),)
25-12-26 16:41:26 | D |       + scale_dtype: (None,)
25-12-26 16:41:26 | D |     - Quantizing transformer_blocks.1.norm1_context.linear.weight
25-12-26 16:41:26 | D |       + quant_dtype: sint4
25-12-26 16:41:26 | D |       + group_shape: ((1, 64, 1),)
25-12-26 16:41:26 | D |       + scale_dtype: (None,)
25-12-26 16:41:27 | D |     - Quantizing transformer_blocks.1.attn.to_q.weight
25-12-26 16:41:27 | D |       + quant_dtype: sint4
25-12-26 16:41:27 | D |       + group_shape: ((1, 64, 1),)
25-12-26 16:41:27 | D |       + scale_dtype: (None,)
25-12-26 16:41:27 | D |     - Quantizing transformer_blocks.1.attn.to_k.weight
25-12-26 16:41:27 | D |       + quant_dtype: sint4
25-12-26 16:41:27 | D |       + group_shape: ((1, 64, 1),)
25-12-26 16:41:27 | D |       + scale_dtype: (None,)
25-12-26 16:41:27 | D |     - Quantizing transformer_blocks.1.attn.to_v.weight
25-12-26 16:41:27 | D |       + quant_dtype: sint4
25-12-26 16:41:27 | D |       + group_shape: ((1, 64, 1),)
25-12-26 16:41:27 | D |       + scale_dtype: (None,)
25-12-26 16:41:27 | D |     - Quantizing transformer_blocks.1.attn.add_q_proj.weight
25-12-26 16:41:27 | D |       + quant_dtype: sint4
25-12-26 16:41:27 | D |       + group_shape: ((1, 64, 1),)
25-12-26 16:41:27 | D |       + scale_dtype: (None,)
25-12-26 16:41:27 | D |     - Quantizing transformer_blocks.1.attn.add_k_proj.weight
25-12-26 16:41:27 | D |       + quant_dtype: sint4
25-12-26 16:41:27 | D |       + group_shape: ((1, 64, 1),)
25-12-26 16:41:27 | D |       + scale_dtype: (None,)
25-12-26 16:41:28 | D |     - Quantizing transformer_blocks.1.attn.add_v_proj.weight
25-12-26 16:41:28 | D |       + quant_dtype: sint4
25-12-26 16:41:28 | D |       + group_shape: ((1, 64, 1),)
25-12-26 16:41:28 | D |       + scale_dtype: (None,)
25-12-26 16:41:28 | D |     - Quantizing transformer_blocks.1.attn.to_out.0.weight
25-12-26 16:41:28 | D |       + quant_dtype: sint4
25-12-26 16:41:28 | D |       + group_shape: ((1, 64, 1),)
25-12-26 16:41:28 | D |       + scale_dtype: (None,)
25-12-26 16:41:28 | D |     - Quantizing transformer_blocks.1.attn.to_add_out.weight
25-12-26 16:41:28 | D |       + quant_dtype: sint4
25-12-26 16:41:28 | D |       + group_shape: ((1, 64, 1),)
25-12-26 16:41:28 | D |       + scale_dtype: (None,)
25-12-26 16:41:28 | D |     - Quantizing transformer_blocks.1.ff.net.0.proj.weight
25-12-26 16:41:28 | D |       + quant_dtype: sint4
25-12-26 16:41:28 | D |       + group_shape: ((1, 64, 1),)
25-12-26 16:41:28 | D |       + scale_dtype: (None,)
25-12-26 16:41:29 | D |     - Quantizing transformer_blocks.1.ff.net.2.linear.weight
25-12-26 16:41:29 | D |       + quant_dtype: sint4
25-12-26 16:41:29 | D |       + group_shape: ((1, 64, 1),)
25-12-26 16:41:29 | D |       + scale_dtype: (None,)
25-12-26 16:41:29 | D |     - Quantizing transformer_blocks.1.ff_context.net.0.proj.weight
25-12-26 16:41:29 | D |       + quant_dtype: sint4
25-12-26 16:41:29 | D |       + group_shape: ((1, 64, 1),)
25-12-26 16:41:29 | D |       + scale_dtype: (None,)
25-12-26 16:41:29 | D |     - Quantizing transformer_blocks.1.ff_context.net.2.linear.weight
25-12-26 16:41:29 | D |       + quant_dtype: sint4
25-12-26 16:41:29 | D |       + group_shape: ((1, 64, 1),)
25-12-26 16:41:29 | D |       + scale_dtype: (None,)
25-12-26 16:41:29 | D |   - Quantizing weights: block transformer_blocks.2
25-12-26 16:41:29 | D |     - Quantizing transformer_blocks.2.norm1.linear.weight
25-12-26 16:41:29 | D |       + quant_dtype: sint4
25-12-26 16:41:29 | D |       + group_shape: ((1, 64, 1),)
25-12-26 16:41:29 | D |       + scale_dtype: (None,)
25-12-26 16:41:29 | D |     - Quantizing transformer_blocks.2.norm1_context.linear.weight
25-12-26 16:41:29 | D |       + quant_dtype: sint4
25-12-26 16:41:29 | D |       + group_shape: ((1, 64, 1),)
25-12-26 16:41:29 | D |       + scale_dtype: (None,)
25-12-26 16:41:30 | D |     - Quantizing transformer_blocks.2.attn.to_q.weight
25-12-26 16:41:30 | D |       + quant_dtype: sint4
25-12-26 16:41:30 | D |       + group_shape: ((1, 64, 1),)
25-12-26 16:41:30 | D |       + scale_dtype: (None,)
25-12-26 16:41:30 | D |     - Quantizing transformer_blocks.2.attn.to_k.weight
25-12-26 16:41:30 | D |       + quant_dtype: sint4
25-12-26 16:41:30 | D |       + group_shape: ((1, 64, 1),)
25-12-26 16:41:30 | D |       + scale_dtype: (None,)
25-12-26 16:41:30 | D |     - Quantizing transformer_blocks.2.attn.to_v.weight
25-12-26 16:41:30 | D |       + quant_dtype: sint4
25-12-26 16:41:30 | D |       + group_shape: ((1, 64, 1),)
25-12-26 16:41:30 | D |       + scale_dtype: (None,)
25-12-26 16:41:30 | D |     - Quantizing transformer_blocks.2.attn.add_q_proj.weight
25-12-26 16:41:30 | D |       + quant_dtype: sint4
25-12-26 16:41:30 | D |       + group_shape: ((1, 64, 1),)
25-12-26 16:41:30 | D |       + scale_dtype: (None,)
25-12-26 16:41:30 | D |     - Quantizing transformer_blocks.2.attn.add_k_proj.weight
25-12-26 16:41:30 | D |       + quant_dtype: sint4
25-12-26 16:41:30 | D |       + group_shape: ((1, 64, 1),)
25-12-26 16:41:30 | D |       + scale_dtype: (None,)
25-12-26 16:41:31 | D |     - Quantizing transformer_blocks.2.attn.add_v_proj.weight
25-12-26 16:41:31 | D |       + quant_dtype: sint4
25-12-26 16:41:31 | D |       + group_shape: ((1, 64, 1),)
25-12-26 16:41:31 | D |       + scale_dtype: (None,)
25-12-26 16:41:31 | D |     - Quantizing transformer_blocks.2.attn.to_out.0.weight
25-12-26 16:41:31 | D |       + quant_dtype: sint4
25-12-26 16:41:31 | D |       + group_shape: ((1, 64, 1),)
25-12-26 16:41:31 | D |       + scale_dtype: (None,)
25-12-26 16:41:31 | D |     - Quantizing transformer_blocks.2.attn.to_add_out.weight
25-12-26 16:41:31 | D |       + quant_dtype: sint4
25-12-26 16:41:31 | D |       + group_shape: ((1, 64, 1),)
25-12-26 16:41:31 | D |       + scale_dtype: (None,)
25-12-26 16:41:31 | D |     - Quantizing transformer_blocks.2.ff.net.0.proj.weight
25-12-26 16:41:31 | D |       + quant_dtype: sint4
25-12-26 16:41:31 | D |       + group_shape: ((1, 64, 1),)
25-12-26 16:41:31 | D |       + scale_dtype: (None,)
25-12-26 16:41:31 | D |     - Quantizing transformer_blocks.2.ff.net.2.linear.weight
25-12-26 16:41:31 | D |       + quant_dtype: sint4
25-12-26 16:41:31 | D |       + group_shape: ((1, 64, 1),)
25-12-26 16:41:31 | D |       + scale_dtype: (None,)
25-12-26 16:41:32 | D |     - Quantizing transformer_blocks.2.ff_context.net.0.proj.weight
25-12-26 16:41:32 | D |       + quant_dtype: sint4
25-12-26 16:41:32 | D |       + group_shape: ((1, 64, 1),)
25-12-26 16:41:32 | D |       + scale_dtype: (None,)
25-12-26 16:41:32 | D |     - Quantizing transformer_blocks.2.ff_context.net.2.linear.weight
25-12-26 16:41:32 | D |       + quant_dtype: sint4
25-12-26 16:41:32 | D |       + group_shape: ((1, 64, 1),)
25-12-26 16:41:32 | D |       + scale_dtype: (None,)
25-12-26 16:41:32 | D |   - Quantizing weights: block transformer_blocks.3
25-12-26 16:41:32 | D |     - Quantizing transformer_blocks.3.norm1.linear.weight
25-12-26 16:41:32 | D |       + quant_dtype: sint4
25-12-26 16:41:32 | D |       + group_shape: ((1, 64, 1),)
25-12-26 16:41:32 | D |       + scale_dtype: (None,)
25-12-26 16:41:32 | D |     - Quantizing transformer_blocks.3.norm1_context.linear.weight
25-12-26 16:41:32 | D |       + quant_dtype: sint4
25-12-26 16:41:32 | D |       + group_shape: ((1, 64, 1),)
25-12-26 16:41:32 | D |       + scale_dtype: (None,)
25-12-26 16:41:32 | D |     - Quantizing transformer_blocks.3.attn.to_q.weight
25-12-26 16:41:32 | D |       + quant_dtype: sint4
25-12-26 16:41:32 | D |       + group_shape: ((1, 64, 1),)
25-12-26 16:41:32 | D |       + scale_dtype: (None,)
25-12-26 16:41:33 | D |     - Quantizing transformer_blocks.3.attn.to_k.weight
25-12-26 16:41:33 | D |       + quant_dtype: sint4
25-12-26 16:41:33 | D |       + group_shape: ((1, 64, 1),)
25-12-26 16:41:33 | D |       + scale_dtype: (None,)
25-12-26 16:41:33 | D |     - Quantizing transformer_blocks.3.attn.to_v.weight
25-12-26 16:41:33 | D |       + quant_dtype: sint4
25-12-26 16:41:33 | D |       + group_shape: ((1, 64, 1),)
25-12-26 16:41:33 | D |       + scale_dtype: (None,)
25-12-26 16:41:33 | D |     - Quantizing transformer_blocks.3.attn.add_q_proj.weight
25-12-26 16:41:33 | D |       + quant_dtype: sint4
25-12-26 16:41:33 | D |       + group_shape: ((1, 64, 1),)
25-12-26 16:41:33 | D |       + scale_dtype: (None,)
25-12-26 16:41:33 | D |     - Quantizing transformer_blocks.3.attn.add_k_proj.weight
25-12-26 16:41:33 | D |       + quant_dtype: sint4
25-12-26 16:41:33 | D |       + group_shape: ((1, 64, 1),)
25-12-26 16:41:33 | D |       + scale_dtype: (None,)
25-12-26 16:41:33 | D |     - Quantizing transformer_blocks.3.attn.add_v_proj.weight
25-12-26 16:41:33 | D |       + quant_dtype: sint4
25-12-26 16:41:33 | D |       + group_shape: ((1, 64, 1),)
25-12-26 16:41:33 | D |       + scale_dtype: (None,)
25-12-26 16:41:34 | D |     - Quantizing transformer_blocks.3.attn.to_out.0.weight
25-12-26 16:41:34 | D |       + quant_dtype: sint4
25-12-26 16:41:34 | D |       + group_shape: ((1, 64, 1),)
25-12-26 16:41:34 | D |       + scale_dtype: (None,)
25-12-26 16:41:34 | D |     - Quantizing transformer_blocks.3.attn.to_add_out.weight
25-12-26 16:41:34 | D |       + quant_dtype: sint4
25-12-26 16:41:34 | D |       + group_shape: ((1, 64, 1),)
25-12-26 16:41:34 | D |       + scale_dtype: (None,)
25-12-26 16:41:34 | D |     - Quantizing transformer_blocks.3.ff.net.0.proj.weight
25-12-26 16:41:34 | D |       + quant_dtype: sint4
25-12-26 16:41:34 | D |       + group_shape: ((1, 64, 1),)
25-12-26 16:41:34 | D |       + scale_dtype: (None,)
25-12-26 16:41:34 | D |     - Quantizing transformer_blocks.3.ff.net.2.linear.weight
25-12-26 16:41:34 | D |       + quant_dtype: sint4
25-12-26 16:41:34 | D |       + group_shape: ((1, 64, 1),)
25-12-26 16:41:34 | D |       + scale_dtype: (None,)
25-12-26 16:41:34 | D |     - Quantizing transformer_blocks.3.ff_context.net.0.proj.weight
25-12-26 16:41:34 | D |       + quant_dtype: sint4
25-12-26 16:41:34 | D |       + group_shape: ((1, 64, 1),)
25-12-26 16:41:34 | D |       + scale_dtype: (None,)
25-12-26 16:41:35 | D |     - Quantizing transformer_blocks.3.ff_context.net.2.linear.weight
25-12-26 16:41:35 | D |       + quant_dtype: sint4
25-12-26 16:41:35 | D |       + group_shape: ((1, 64, 1),)
25-12-26 16:41:35 | D |       + scale_dtype: (None,)
25-12-26 16:41:35 | D |   - Quantizing weights: block transformer_blocks.4
25-12-26 16:41:35 | D |     - Quantizing transformer_blocks.4.norm1.linear.weight
25-12-26 16:41:35 | D |       + quant_dtype: sint4
25-12-26 16:41:35 | D |       + group_shape: ((1, 64, 1),)
25-12-26 16:41:35 | D |       + scale_dtype: (None,)
25-12-26 16:41:35 | D |     - Quantizing transformer_blocks.4.norm1_context.linear.weight
25-12-26 16:41:35 | D |       + quant_dtype: sint4
25-12-26 16:41:35 | D |       + group_shape: ((1, 64, 1),)
25-12-26 16:41:35 | D |       + scale_dtype: (None,)
25-12-26 16:41:35 | D |     - Quantizing transformer_blocks.4.attn.to_q.weight
25-12-26 16:41:35 | D |       + quant_dtype: sint4
25-12-26 16:41:35 | D |       + group_shape: ((1, 64, 1),)
25-12-26 16:41:35 | D |       + scale_dtype: (None,)
25-12-26 16:41:35 | D |     - Quantizing transformer_blocks.4.attn.to_k.weight
25-12-26 16:41:35 | D |       + quant_dtype: sint4
25-12-26 16:41:35 | D |       + group_shape: ((1, 64, 1),)
25-12-26 16:41:35 | D |       + scale_dtype: (None,)
25-12-26 16:41:36 | D |     - Quantizing transformer_blocks.4.attn.to_v.weight
25-12-26 16:41:36 | D |       + quant_dtype: sint4
25-12-26 16:41:36 | D |       + group_shape: ((1, 64, 1),)
25-12-26 16:41:36 | D |       + scale_dtype: (None,)
25-12-26 16:41:36 | D |     - Quantizing transformer_blocks.4.attn.add_q_proj.weight
25-12-26 16:41:36 | D |       + quant_dtype: sint4
25-12-26 16:41:36 | D |       + group_shape: ((1, 64, 1),)
25-12-26 16:41:36 | D |       + scale_dtype: (None,)
25-12-26 16:41:36 | D |     - Quantizing transformer_blocks.4.attn.add_k_proj.weight
25-12-26 16:41:36 | D |       + quant_dtype: sint4
25-12-26 16:41:36 | D |       + group_shape: ((1, 64, 1),)
25-12-26 16:41:36 | D |       + scale_dtype: (None,)
25-12-26 16:41:36 | D |     - Quantizing transformer_blocks.4.attn.add_v_proj.weight
25-12-26 16:41:36 | D |       + quant_dtype: sint4
25-12-26 16:41:36 | D |       + group_shape: ((1, 64, 1),)
25-12-26 16:41:36 | D |       + scale_dtype: (None,)
25-12-26 16:41:37 | D |     - Quantizing transformer_blocks.4.attn.to_out.0.weight
25-12-26 16:41:37 | D |       + quant_dtype: sint4
25-12-26 16:41:37 | D |       + group_shape: ((1, 64, 1),)
25-12-26 16:41:37 | D |       + scale_dtype: (None,)
25-12-26 16:41:37 | D |     - Quantizing transformer_blocks.4.attn.to_add_out.weight
25-12-26 16:41:37 | D |       + quant_dtype: sint4
25-12-26 16:41:37 | D |       + group_shape: ((1, 64, 1),)
25-12-26 16:41:37 | D |       + scale_dtype: (None,)
25-12-26 16:41:37 | D |     - Quantizing transformer_blocks.4.ff.net.0.proj.weight
25-12-26 16:41:37 | D |       + quant_dtype: sint4
25-12-26 16:41:37 | D |       + group_shape: ((1, 64, 1),)
25-12-26 16:41:37 | D |       + scale_dtype: (None,)
25-12-26 16:41:37 | D |     - Quantizing transformer_blocks.4.ff.net.2.linear.weight
25-12-26 16:41:37 | D |       + quant_dtype: sint4
25-12-26 16:41:37 | D |       + group_shape: ((1, 64, 1),)
25-12-26 16:41:37 | D |       + scale_dtype: (None,)
25-12-26 16:41:37 | D |     - Quantizing transformer_blocks.4.ff_context.net.0.proj.weight
25-12-26 16:41:37 | D |       + quant_dtype: sint4
25-12-26 16:41:37 | D |       + group_shape: ((1, 64, 1),)
25-12-26 16:41:37 | D |       + scale_dtype: (None,)
25-12-26 16:41:38 | D |     - Quantizing transformer_blocks.4.ff_context.net.2.linear.weight
25-12-26 16:41:38 | D |       + quant_dtype: sint4
25-12-26 16:41:38 | D |       + group_shape: ((1, 64, 1),)
25-12-26 16:41:38 | D |       + scale_dtype: (None,)
25-12-26 16:41:38 | D |   - Quantizing weights: block transformer_blocks.5
25-12-26 16:41:38 | D |     - Quantizing transformer_blocks.5.norm1.linear.weight
25-12-26 16:41:38 | D |       + quant_dtype: sint4
25-12-26 16:41:38 | D |       + group_shape: ((1, 64, 1),)
25-12-26 16:41:38 | D |       + scale_dtype: (None,)
25-12-26 16:41:38 | D |     - Quantizing transformer_blocks.5.norm1_context.linear.weight
25-12-26 16:41:38 | D |       + quant_dtype: sint4
25-12-26 16:41:38 | D |       + group_shape: ((1, 64, 1),)
25-12-26 16:41:38 | D |       + scale_dtype: (None,)
25-12-26 16:41:38 | D |     - Quantizing transformer_blocks.5.attn.to_q.weight
25-12-26 16:41:38 | D |       + quant_dtype: sint4
25-12-26 16:41:38 | D |       + group_shape: ((1, 64, 1),)
25-12-26 16:41:38 | D |       + scale_dtype: (None,)
25-12-26 16:41:39 | D |     - Quantizing transformer_blocks.5.attn.to_k.weight
25-12-26 16:41:39 | D |       + quant_dtype: sint4
25-12-26 16:41:39 | D |       + group_shape: ((1, 64, 1),)
25-12-26 16:41:39 | D |       + scale_dtype: (None,)
25-12-26 16:41:39 | D |     - Quantizing transformer_blocks.5.attn.to_v.weight
25-12-26 16:41:39 | D |       + quant_dtype: sint4
25-12-26 16:41:39 | D |       + group_shape: ((1, 64, 1),)
25-12-26 16:41:39 | D |       + scale_dtype: (None,)
25-12-26 16:41:39 | D |     - Quantizing transformer_blocks.5.attn.add_q_proj.weight
25-12-26 16:41:39 | D |       + quant_dtype: sint4
25-12-26 16:41:39 | D |       + group_shape: ((1, 64, 1),)
25-12-26 16:41:39 | D |       + scale_dtype: (None,)
25-12-26 16:41:39 | D |     - Quantizing transformer_blocks.5.attn.add_k_proj.weight
25-12-26 16:41:39 | D |       + quant_dtype: sint4
25-12-26 16:41:39 | D |       + group_shape: ((1, 64, 1),)
25-12-26 16:41:39 | D |       + scale_dtype: (None,)
25-12-26 16:41:39 | D |     - Quantizing transformer_blocks.5.attn.add_v_proj.weight
25-12-26 16:41:39 | D |       + quant_dtype: sint4
25-12-26 16:41:39 | D |       + group_shape: ((1, 64, 1),)
25-12-26 16:41:39 | D |       + scale_dtype: (None,)
25-12-26 16:41:40 | D |     - Quantizing transformer_blocks.5.attn.to_out.0.weight
25-12-26 16:41:40 | D |       + quant_dtype: sint4
25-12-26 16:41:40 | D |       + group_shape: ((1, 64, 1),)
25-12-26 16:41:40 | D |       + scale_dtype: (None,)
25-12-26 16:41:40 | D |     - Quantizing transformer_blocks.5.attn.to_add_out.weight
25-12-26 16:41:40 | D |       + quant_dtype: sint4
25-12-26 16:41:40 | D |       + group_shape: ((1, 64, 1),)
25-12-26 16:41:40 | D |       + scale_dtype: (None,)
25-12-26 16:41:40 | D |     - Quantizing transformer_blocks.5.ff.net.0.proj.weight
25-12-26 16:41:40 | D |       + quant_dtype: sint4
25-12-26 16:41:40 | D |       + group_shape: ((1, 64, 1),)
25-12-26 16:41:40 | D |       + scale_dtype: (None,)
25-12-26 16:41:40 | D |     - Quantizing transformer_blocks.5.ff.net.2.linear.weight
25-12-26 16:41:40 | D |       + quant_dtype: sint4
25-12-26 16:41:40 | D |       + group_shape: ((1, 64, 1),)
25-12-26 16:41:40 | D |       + scale_dtype: (None,)
25-12-26 16:41:41 | D |     - Quantizing transformer_blocks.5.ff_context.net.0.proj.weight
25-12-26 16:41:41 | D |       + quant_dtype: sint4
25-12-26 16:41:41 | D |       + group_shape: ((1, 64, 1),)
25-12-26 16:41:41 | D |       + scale_dtype: (None,)
25-12-26 16:41:41 | D |     - Quantizing transformer_blocks.5.ff_context.net.2.linear.weight
25-12-26 16:41:41 | D |       + quant_dtype: sint4
25-12-26 16:41:41 | D |       + group_shape: ((1, 64, 1),)
25-12-26 16:41:41 | D |       + scale_dtype: (None,)
25-12-26 16:41:41 | D |   - Quantizing weights: block transformer_blocks.6
25-12-26 16:41:41 | D |     - Quantizing transformer_blocks.6.norm1.linear.weight
25-12-26 16:41:41 | D |       + quant_dtype: sint4
25-12-26 16:41:41 | D |       + group_shape: ((1, 64, 1),)
25-12-26 16:41:41 | D |       + scale_dtype: (None,)
25-12-26 16:41:41 | D |     - Quantizing transformer_blocks.6.norm1_context.linear.weight
25-12-26 16:41:41 | D |       + quant_dtype: sint4
25-12-26 16:41:41 | D |       + group_shape: ((1, 64, 1),)
25-12-26 16:41:41 | D |       + scale_dtype: (None,)
25-12-26 16:41:41 | D |     - Quantizing transformer_blocks.6.attn.to_q.weight
25-12-26 16:41:41 | D |       + quant_dtype: sint4
25-12-26 16:41:41 | D |       + group_shape: ((1, 64, 1),)
25-12-26 16:41:41 | D |       + scale_dtype: (None,)
25-12-26 16:41:42 | D |     - Quantizing transformer_blocks.6.attn.to_k.weight
25-12-26 16:41:42 | D |       + quant_dtype: sint4
25-12-26 16:41:42 | D |       + group_shape: ((1, 64, 1),)
25-12-26 16:41:42 | D |       + scale_dtype: (None,)
25-12-26 16:41:42 | D |     - Quantizing transformer_blocks.6.attn.to_v.weight
25-12-26 16:41:42 | D |       + quant_dtype: sint4
25-12-26 16:41:42 | D |       + group_shape: ((1, 64, 1),)
25-12-26 16:41:42 | D |       + scale_dtype: (None,)
25-12-26 16:41:42 | D |     - Quantizing transformer_blocks.6.attn.add_q_proj.weight
25-12-26 16:41:42 | D |       + quant_dtype: sint4
25-12-26 16:41:42 | D |       + group_shape: ((1, 64, 1),)
25-12-26 16:41:42 | D |       + scale_dtype: (None,)
25-12-26 16:41:42 | D |     - Quantizing transformer_blocks.6.attn.add_k_proj.weight
25-12-26 16:41:42 | D |       + quant_dtype: sint4
25-12-26 16:41:42 | D |       + group_shape: ((1, 64, 1),)
25-12-26 16:41:42 | D |       + scale_dtype: (None,)
25-12-26 16:41:42 | D |     - Quantizing transformer_blocks.6.attn.add_v_proj.weight
25-12-26 16:41:42 | D |       + quant_dtype: sint4
25-12-26 16:41:42 | D |       + group_shape: ((1, 64, 1),)
25-12-26 16:41:42 | D |       + scale_dtype: (None,)
25-12-26 16:41:43 | D |     - Quantizing transformer_blocks.6.attn.to_out.0.weight
25-12-26 16:41:43 | D |       + quant_dtype: sint4
25-12-26 16:41:43 | D |       + group_shape: ((1, 64, 1),)
25-12-26 16:41:43 | D |       + scale_dtype: (None,)
25-12-26 16:41:43 | D |     - Quantizing transformer_blocks.6.attn.to_add_out.weight
25-12-26 16:41:43 | D |       + quant_dtype: sint4
25-12-26 16:41:43 | D |       + group_shape: ((1, 64, 1),)
25-12-26 16:41:43 | D |       + scale_dtype: (None,)
25-12-26 16:41:43 | D |     - Quantizing transformer_blocks.6.ff.net.0.proj.weight
25-12-26 16:41:43 | D |       + quant_dtype: sint4
25-12-26 16:41:43 | D |       + group_shape: ((1, 64, 1),)
25-12-26 16:41:43 | D |       + scale_dtype: (None,)
25-12-26 16:41:44 | D |     - Quantizing transformer_blocks.6.ff.net.2.linear.weight
25-12-26 16:41:44 | D |       + quant_dtype: sint4
25-12-26 16:41:44 | D |       + group_shape: ((1, 64, 1),)
25-12-26 16:41:44 | D |       + scale_dtype: (None,)
25-12-26 16:41:44 | D |     - Quantizing transformer_blocks.6.ff_context.net.0.proj.weight
25-12-26 16:41:44 | D |       + quant_dtype: sint4
25-12-26 16:41:44 | D |       + group_shape: ((1, 64, 1),)
25-12-26 16:41:44 | D |       + scale_dtype: (None,)
25-12-26 16:41:44 | D |     - Quantizing transformer_blocks.6.ff_context.net.2.linear.weight
25-12-26 16:41:44 | D |       + quant_dtype: sint4
25-12-26 16:41:44 | D |       + group_shape: ((1, 64, 1),)
25-12-26 16:41:44 | D |       + scale_dtype: (None,)
25-12-26 16:41:44 | D |   - Quantizing weights: block transformer_blocks.7
25-12-26 16:41:44 | D |     - Quantizing transformer_blocks.7.norm1.linear.weight
25-12-26 16:41:44 | D |       + quant_dtype: sint4
25-12-26 16:41:44 | D |       + group_shape: ((1, 64, 1),)
25-12-26 16:41:44 | D |       + scale_dtype: (None,)
25-12-26 16:41:44 | D |     - Quantizing transformer_blocks.7.norm1_context.linear.weight
25-12-26 16:41:44 | D |       + quant_dtype: sint4
25-12-26 16:41:44 | D |       + group_shape: ((1, 64, 1),)
25-12-26 16:41:44 | D |       + scale_dtype: (None,)
25-12-26 16:41:45 | D |     - Quantizing transformer_blocks.7.attn.to_q.weight
25-12-26 16:41:45 | D |       + quant_dtype: sint4
25-12-26 16:41:45 | D |       + group_shape: ((1, 64, 1),)
25-12-26 16:41:45 | D |       + scale_dtype: (None,)
25-12-26 16:41:45 | D |     - Quantizing transformer_blocks.7.attn.to_k.weight
25-12-26 16:41:45 | D |       + quant_dtype: sint4
25-12-26 16:41:45 | D |       + group_shape: ((1, 64, 1),)
25-12-26 16:41:45 | D |       + scale_dtype: (None,)
25-12-26 16:41:45 | D |     - Quantizing transformer_blocks.7.attn.to_v.weight
25-12-26 16:41:45 | D |       + quant_dtype: sint4
25-12-26 16:41:45 | D |       + group_shape: ((1, 64, 1),)
25-12-26 16:41:45 | D |       + scale_dtype: (None,)
25-12-26 16:41:45 | D |     - Quantizing transformer_blocks.7.attn.add_q_proj.weight
25-12-26 16:41:45 | D |       + quant_dtype: sint4
25-12-26 16:41:45 | D |       + group_shape: ((1, 64, 1),)
25-12-26 16:41:45 | D |       + scale_dtype: (None,)
25-12-26 16:41:45 | D |     - Quantizing transformer_blocks.7.attn.add_k_proj.weight
25-12-26 16:41:45 | D |       + quant_dtype: sint4
25-12-26 16:41:45 | D |       + group_shape: ((1, 64, 1),)
25-12-26 16:41:45 | D |       + scale_dtype: (None,)
25-12-26 16:41:46 | D |     - Quantizing transformer_blocks.7.attn.add_v_proj.weight
25-12-26 16:41:46 | D |       + quant_dtype: sint4
25-12-26 16:41:46 | D |       + group_shape: ((1, 64, 1),)
25-12-26 16:41:46 | D |       + scale_dtype: (None,)
25-12-26 16:41:46 | D |     - Quantizing transformer_blocks.7.attn.to_out.0.weight
25-12-26 16:41:46 | D |       + quant_dtype: sint4
25-12-26 16:41:46 | D |       + group_shape: ((1, 64, 1),)
25-12-26 16:41:46 | D |       + scale_dtype: (None,)
25-12-26 16:41:46 | D |     - Quantizing transformer_blocks.7.attn.to_add_out.weight
25-12-26 16:41:46 | D |       + quant_dtype: sint4
25-12-26 16:41:46 | D |       + group_shape: ((1, 64, 1),)
25-12-26 16:41:46 | D |       + scale_dtype: (None,)
25-12-26 16:41:46 | D |     - Quantizing transformer_blocks.7.ff.net.0.proj.weight
25-12-26 16:41:46 | D |       + quant_dtype: sint4
25-12-26 16:41:46 | D |       + group_shape: ((1, 64, 1),)
25-12-26 16:41:46 | D |       + scale_dtype: (None,)
25-12-26 16:41:46 | D |     - Quantizing transformer_blocks.7.ff.net.2.linear.weight
25-12-26 16:41:46 | D |       + quant_dtype: sint4
25-12-26 16:41:46 | D |       + group_shape: ((1, 64, 1),)
25-12-26 16:41:46 | D |       + scale_dtype: (None,)
25-12-26 16:41:47 | D |     - Quantizing transformer_blocks.7.ff_context.net.0.proj.weight
25-12-26 16:41:47 | D |       + quant_dtype: sint4
25-12-26 16:41:47 | D |       + group_shape: ((1, 64, 1),)
25-12-26 16:41:47 | D |       + scale_dtype: (None,)
25-12-26 16:41:47 | D |     - Quantizing transformer_blocks.7.ff_context.net.2.linear.weight
25-12-26 16:41:47 | D |       + quant_dtype: sint4
25-12-26 16:41:47 | D |       + group_shape: ((1, 64, 1),)
25-12-26 16:41:47 | D |       + scale_dtype: (None,)
25-12-26 16:41:47 | D |   - Quantizing weights: block transformer_blocks.8
25-12-26 16:41:47 | D |     - Quantizing transformer_blocks.8.norm1.linear.weight
25-12-26 16:41:47 | D |       + quant_dtype: sint4
25-12-26 16:41:47 | D |       + group_shape: ((1, 64, 1),)
25-12-26 16:41:47 | D |       + scale_dtype: (None,)
25-12-26 16:41:47 | D |     - Quantizing transformer_blocks.8.norm1_context.linear.weight
25-12-26 16:41:47 | D |       + quant_dtype: sint4
25-12-26 16:41:47 | D |       + group_shape: ((1, 64, 1),)
25-12-26 16:41:47 | D |       + scale_dtype: (None,)
25-12-26 16:41:48 | D |     - Quantizing transformer_blocks.8.attn.to_q.weight
25-12-26 16:41:48 | D |       + quant_dtype: sint4
25-12-26 16:41:48 | D |       + group_shape: ((1, 64, 1),)
25-12-26 16:41:48 | D |       + scale_dtype: (None,)
25-12-26 16:41:48 | D |     - Quantizing transformer_blocks.8.attn.to_k.weight
25-12-26 16:41:48 | D |       + quant_dtype: sint4
25-12-26 16:41:48 | D |       + group_shape: ((1, 64, 1),)
25-12-26 16:41:48 | D |       + scale_dtype: (None,)
25-12-26 16:41:48 | D |     - Quantizing transformer_blocks.8.attn.to_v.weight
25-12-26 16:41:48 | D |       + quant_dtype: sint4
25-12-26 16:41:48 | D |       + group_shape: ((1, 64, 1),)
25-12-26 16:41:48 | D |       + scale_dtype: (None,)
25-12-26 16:41:48 | D |     - Quantizing transformer_blocks.8.attn.add_q_proj.weight
25-12-26 16:41:48 | D |       + quant_dtype: sint4
25-12-26 16:41:48 | D |       + group_shape: ((1, 64, 1),)
25-12-26 16:41:48 | D |       + scale_dtype: (None,)
25-12-26 16:41:48 | D |     - Quantizing transformer_blocks.8.attn.add_k_proj.weight
25-12-26 16:41:48 | D |       + quant_dtype: sint4
25-12-26 16:41:48 | D |       + group_shape: ((1, 64, 1),)
25-12-26 16:41:48 | D |       + scale_dtype: (None,)
25-12-26 16:41:48 | D |     - Quantizing transformer_blocks.8.attn.add_v_proj.weight
25-12-26 16:41:48 | D |       + quant_dtype: sint4
25-12-26 16:41:48 | D |       + group_shape: ((1, 64, 1),)
25-12-26 16:41:48 | D |       + scale_dtype: (None,)
25-12-26 16:41:49 | D |     - Quantizing transformer_blocks.8.attn.to_out.0.weight
25-12-26 16:41:49 | D |       + quant_dtype: sint4
25-12-26 16:41:49 | D |       + group_shape: ((1, 64, 1),)
25-12-26 16:41:49 | D |       + scale_dtype: (None,)
25-12-26 16:41:49 | D |     - Quantizing transformer_blocks.8.attn.to_add_out.weight
25-12-26 16:41:49 | D |       + quant_dtype: sint4
25-12-26 16:41:49 | D |       + group_shape: ((1, 64, 1),)
25-12-26 16:41:49 | D |       + scale_dtype: (None,)
25-12-26 16:41:49 | D |     - Quantizing transformer_blocks.8.ff.net.0.proj.weight
25-12-26 16:41:49 | D |       + quant_dtype: sint4
25-12-26 16:41:49 | D |       + group_shape: ((1, 64, 1),)
25-12-26 16:41:49 | D |       + scale_dtype: (None,)
25-12-26 16:41:49 | D |     - Quantizing transformer_blocks.8.ff.net.2.linear.weight
25-12-26 16:41:49 | D |       + quant_dtype: sint4
25-12-26 16:41:49 | D |       + group_shape: ((1, 64, 1),)
25-12-26 16:41:49 | D |       + scale_dtype: (None,)
25-12-26 16:41:49 | D |     - Quantizing transformer_blocks.8.ff_context.net.0.proj.weight
25-12-26 16:41:49 | D |       + quant_dtype: sint4
25-12-26 16:41:49 | D |       + group_shape: ((1, 64, 1),)
25-12-26 16:41:49 | D |       + scale_dtype: (None,)
25-12-26 16:41:50 | D |     - Quantizing transformer_blocks.8.ff_context.net.2.linear.weight
25-12-26 16:41:50 | D |       + quant_dtype: sint4
25-12-26 16:41:50 | D |       + group_shape: ((1, 64, 1),)
25-12-26 16:41:50 | D |       + scale_dtype: (None,)
25-12-26 16:41:50 | D |   - Quantizing weights: block transformer_blocks.9
25-12-26 16:41:50 | D |     - Quantizing transformer_blocks.9.norm1.linear.weight
25-12-26 16:41:50 | D |       + quant_dtype: sint4
25-12-26 16:41:50 | D |       + group_shape: ((1, 64, 1),)
25-12-26 16:41:50 | D |       + scale_dtype: (None,)
25-12-26 16:41:50 | D |     - Quantizing transformer_blocks.9.norm1_context.linear.weight
25-12-26 16:41:50 | D |       + quant_dtype: sint4
25-12-26 16:41:50 | D |       + group_shape: ((1, 64, 1),)
25-12-26 16:41:50 | D |       + scale_dtype: (None,)
25-12-26 16:41:50 | D |     - Quantizing transformer_blocks.9.attn.to_q.weight
25-12-26 16:41:50 | D |       + quant_dtype: sint4
25-12-26 16:41:50 | D |       + group_shape: ((1, 64, 1),)
25-12-26 16:41:50 | D |       + scale_dtype: (None,)
25-12-26 16:41:51 | D |     - Quantizing transformer_blocks.9.attn.to_k.weight
25-12-26 16:41:51 | D |       + quant_dtype: sint4
25-12-26 16:41:51 | D |       + group_shape: ((1, 64, 1),)
25-12-26 16:41:51 | D |       + scale_dtype: (None,)
25-12-26 16:41:51 | D |     - Quantizing transformer_blocks.9.attn.to_v.weight
25-12-26 16:41:51 | D |       + quant_dtype: sint4
25-12-26 16:41:51 | D |       + group_shape: ((1, 64, 1),)
25-12-26 16:41:51 | D |       + scale_dtype: (None,)
25-12-26 16:41:51 | D |     - Quantizing transformer_blocks.9.attn.add_q_proj.weight
25-12-26 16:41:51 | D |       + quant_dtype: sint4
25-12-26 16:41:51 | D |       + group_shape: ((1, 64, 1),)
25-12-26 16:41:51 | D |       + scale_dtype: (None,)
25-12-26 16:41:51 | D |     - Quantizing transformer_blocks.9.attn.add_k_proj.weight
25-12-26 16:41:51 | D |       + quant_dtype: sint4
25-12-26 16:41:51 | D |       + group_shape: ((1, 64, 1),)
25-12-26 16:41:51 | D |       + scale_dtype: (None,)
25-12-26 16:41:51 | D |     - Quantizing transformer_blocks.9.attn.add_v_proj.weight
25-12-26 16:41:51 | D |       + quant_dtype: sint4
25-12-26 16:41:51 | D |       + group_shape: ((1, 64, 1),)
25-12-26 16:41:51 | D |       + scale_dtype: (None,)
25-12-26 16:41:52 | D |     - Quantizing transformer_blocks.9.attn.to_out.0.weight
25-12-26 16:41:52 | D |       + quant_dtype: sint4
25-12-26 16:41:52 | D |       + group_shape: ((1, 64, 1),)
25-12-26 16:41:52 | D |       + scale_dtype: (None,)
25-12-26 16:41:52 | D |     - Quantizing transformer_blocks.9.attn.to_add_out.weight
25-12-26 16:41:52 | D |       + quant_dtype: sint4
25-12-26 16:41:52 | D |       + group_shape: ((1, 64, 1),)
25-12-26 16:41:52 | D |       + scale_dtype: (None,)
25-12-26 16:41:52 | D |     - Quantizing transformer_blocks.9.ff.net.0.proj.weight
25-12-26 16:41:52 | D |       + quant_dtype: sint4
25-12-26 16:41:52 | D |       + group_shape: ((1, 64, 1),)
25-12-26 16:41:52 | D |       + scale_dtype: (None,)
25-12-26 16:41:52 | D |     - Quantizing transformer_blocks.9.ff.net.2.linear.weight
25-12-26 16:41:52 | D |       + quant_dtype: sint4
25-12-26 16:41:52 | D |       + group_shape: ((1, 64, 1),)
25-12-26 16:41:52 | D |       + scale_dtype: (None,)
25-12-26 16:41:52 | D |     - Quantizing transformer_blocks.9.ff_context.net.0.proj.weight
25-12-26 16:41:52 | D |       + quant_dtype: sint4
25-12-26 16:41:52 | D |       + group_shape: ((1, 64, 1),)
25-12-26 16:41:52 | D |       + scale_dtype: (None,)
25-12-26 16:41:52 | D |     - Quantizing transformer_blocks.9.ff_context.net.2.linear.weight
25-12-26 16:41:52 | D |       + quant_dtype: sint4
25-12-26 16:41:52 | D |       + group_shape: ((1, 64, 1),)
25-12-26 16:41:52 | D |       + scale_dtype: (None,)
25-12-26 16:41:53 | D |   - Quantizing weights: block transformer_blocks.10
25-12-26 16:41:53 | D |     - Quantizing transformer_blocks.10.norm1.linear.weight
25-12-26 16:41:53 | D |       + quant_dtype: sint4
25-12-26 16:41:53 | D |       + group_shape: ((1, 64, 1),)
25-12-26 16:41:53 | D |       + scale_dtype: (None,)
25-12-26 16:41:53 | D |     - Quantizing transformer_blocks.10.norm1_context.linear.weight
25-12-26 16:41:53 | D |       + quant_dtype: sint4
25-12-26 16:41:53 | D |       + group_shape: ((1, 64, 1),)
25-12-26 16:41:53 | D |       + scale_dtype: (None,)
25-12-26 16:41:53 | D |     - Quantizing transformer_blocks.10.attn.to_q.weight
25-12-26 16:41:53 | D |       + quant_dtype: sint4
25-12-26 16:41:53 | D |       + group_shape: ((1, 64, 1),)
25-12-26 16:41:53 | D |       + scale_dtype: (None,)
25-12-26 16:41:53 | D |     - Quantizing transformer_blocks.10.attn.to_k.weight
25-12-26 16:41:53 | D |       + quant_dtype: sint4
25-12-26 16:41:53 | D |       + group_shape: ((1, 64, 1),)
25-12-26 16:41:53 | D |       + scale_dtype: (None,)
25-12-26 16:41:54 | D |     - Quantizing transformer_blocks.10.attn.to_v.weight
25-12-26 16:41:54 | D |       + quant_dtype: sint4
25-12-26 16:41:54 | D |       + group_shape: ((1, 64, 1),)
25-12-26 16:41:54 | D |       + scale_dtype: (None,)
25-12-26 16:41:54 | D |     - Quantizing transformer_blocks.10.attn.add_q_proj.weight
25-12-26 16:41:54 | D |       + quant_dtype: sint4
25-12-26 16:41:54 | D |       + group_shape: ((1, 64, 1),)
25-12-26 16:41:54 | D |       + scale_dtype: (None,)
25-12-26 16:41:54 | D |     - Quantizing transformer_blocks.10.attn.add_k_proj.weight
25-12-26 16:41:54 | D |       + quant_dtype: sint4
25-12-26 16:41:54 | D |       + group_shape: ((1, 64, 1),)
25-12-26 16:41:54 | D |       + scale_dtype: (None,)
25-12-26 16:41:54 | D |     - Quantizing transformer_blocks.10.attn.add_v_proj.weight
25-12-26 16:41:54 | D |       + quant_dtype: sint4
25-12-26 16:41:54 | D |       + group_shape: ((1, 64, 1),)
25-12-26 16:41:54 | D |       + scale_dtype: (None,)
25-12-26 16:41:54 | D |     - Quantizing transformer_blocks.10.attn.to_out.0.weight
25-12-26 16:41:54 | D |       + quant_dtype: sint4
25-12-26 16:41:54 | D |       + group_shape: ((1, 64, 1),)
25-12-26 16:41:54 | D |       + scale_dtype: (None,)
25-12-26 16:41:55 | D |     - Quantizing transformer_blocks.10.attn.to_add_out.weight
25-12-26 16:41:55 | D |       + quant_dtype: sint4
25-12-26 16:41:55 | D |       + group_shape: ((1, 64, 1),)
25-12-26 16:41:55 | D |       + scale_dtype: (None,)
25-12-26 16:41:55 | D |     - Quantizing transformer_blocks.10.ff.net.0.proj.weight
25-12-26 16:41:55 | D |       + quant_dtype: sint4
25-12-26 16:41:55 | D |       + group_shape: ((1, 64, 1),)
25-12-26 16:41:55 | D |       + scale_dtype: (None,)
25-12-26 16:41:55 | D |     - Quantizing transformer_blocks.10.ff.net.2.linear.weight
25-12-26 16:41:55 | D |       + quant_dtype: sint4
25-12-26 16:41:55 | D |       + group_shape: ((1, 64, 1),)
25-12-26 16:41:55 | D |       + scale_dtype: (None,)
25-12-26 16:41:55 | D |     - Quantizing transformer_blocks.10.ff_context.net.0.proj.weight
25-12-26 16:41:55 | D |       + quant_dtype: sint4
25-12-26 16:41:55 | D |       + group_shape: ((1, 64, 1),)
25-12-26 16:41:55 | D |       + scale_dtype: (None,)
25-12-26 16:41:55 | D |     - Quantizing transformer_blocks.10.ff_context.net.2.linear.weight
25-12-26 16:41:55 | D |       + quant_dtype: sint4
25-12-26 16:41:55 | D |       + group_shape: ((1, 64, 1),)
25-12-26 16:41:55 | D |       + scale_dtype: (None,)
25-12-26 16:41:56 | D |   - Quantizing weights: block transformer_blocks.11
25-12-26 16:41:56 | D |     - Quantizing transformer_blocks.11.norm1.linear.weight
25-12-26 16:41:56 | D |       + quant_dtype: sint4
25-12-26 16:41:56 | D |       + group_shape: ((1, 64, 1),)
25-12-26 16:41:56 | D |       + scale_dtype: (None,)
25-12-26 16:41:56 | D |     - Quantizing transformer_blocks.11.norm1_context.linear.weight
25-12-26 16:41:56 | D |       + quant_dtype: sint4
25-12-26 16:41:56 | D |       + group_shape: ((1, 64, 1),)
25-12-26 16:41:56 | D |       + scale_dtype: (None,)
25-12-26 16:41:56 | D |     - Quantizing transformer_blocks.11.attn.to_q.weight
25-12-26 16:41:56 | D |       + quant_dtype: sint4
25-12-26 16:41:56 | D |       + group_shape: ((1, 64, 1),)
25-12-26 16:41:56 | D |       + scale_dtype: (None,)
25-12-26 16:41:56 | D |     - Quantizing transformer_blocks.11.attn.to_k.weight
25-12-26 16:41:56 | D |       + quant_dtype: sint4
25-12-26 16:41:56 | D |       + group_shape: ((1, 64, 1),)
25-12-26 16:41:56 | D |       + scale_dtype: (None,)
25-12-26 16:41:56 | D |     - Quantizing transformer_blocks.11.attn.to_v.weight
25-12-26 16:41:56 | D |       + quant_dtype: sint4
25-12-26 16:41:56 | D |       + group_shape: ((1, 64, 1),)
25-12-26 16:41:56 | D |       + scale_dtype: (None,)
25-12-26 16:41:57 | D |     - Quantizing transformer_blocks.11.attn.add_q_proj.weight
25-12-26 16:41:57 | D |       + quant_dtype: sint4
25-12-26 16:41:57 | D |       + group_shape: ((1, 64, 1),)
25-12-26 16:41:57 | D |       + scale_dtype: (None,)
25-12-26 16:41:57 | D |     - Quantizing transformer_blocks.11.attn.add_k_proj.weight
25-12-26 16:41:57 | D |       + quant_dtype: sint4
25-12-26 16:41:57 | D |       + group_shape: ((1, 64, 1),)
25-12-26 16:41:57 | D |       + scale_dtype: (None,)
25-12-26 16:41:57 | D |     - Quantizing transformer_blocks.11.attn.add_v_proj.weight
25-12-26 16:41:57 | D |       + quant_dtype: sint4
25-12-26 16:41:57 | D |       + group_shape: ((1, 64, 1),)
25-12-26 16:41:57 | D |       + scale_dtype: (None,)
25-12-26 16:41:57 | D |     - Quantizing transformer_blocks.11.attn.to_out.0.weight
25-12-26 16:41:57 | D |       + quant_dtype: sint4
25-12-26 16:41:57 | D |       + group_shape: ((1, 64, 1),)
25-12-26 16:41:57 | D |       + scale_dtype: (None,)
25-12-26 16:41:57 | D |     - Quantizing transformer_blocks.11.attn.to_add_out.weight
25-12-26 16:41:57 | D |       + quant_dtype: sint4
25-12-26 16:41:57 | D |       + group_shape: ((1, 64, 1),)
25-12-26 16:41:57 | D |       + scale_dtype: (None,)
25-12-26 16:41:58 | D |     - Quantizing transformer_blocks.11.ff.net.0.proj.weight
25-12-26 16:41:58 | D |       + quant_dtype: sint4
25-12-26 16:41:58 | D |       + group_shape: ((1, 64, 1),)
25-12-26 16:41:58 | D |       + scale_dtype: (None,)
25-12-26 16:41:58 | D |     - Quantizing transformer_blocks.11.ff.net.2.linear.weight
25-12-26 16:41:58 | D |       + quant_dtype: sint4
25-12-26 16:41:58 | D |       + group_shape: ((1, 64, 1),)
25-12-26 16:41:58 | D |       + scale_dtype: (None,)
25-12-26 16:41:58 | D |     - Quantizing transformer_blocks.11.ff_context.net.0.proj.weight
25-12-26 16:41:58 | D |       + quant_dtype: sint4
25-12-26 16:41:58 | D |       + group_shape: ((1, 64, 1),)
25-12-26 16:41:58 | D |       + scale_dtype: (None,)
25-12-26 16:41:58 | D |     - Quantizing transformer_blocks.11.ff_context.net.2.linear.weight
25-12-26 16:41:58 | D |       + quant_dtype: sint4
25-12-26 16:41:58 | D |       + group_shape: ((1, 64, 1),)
25-12-26 16:41:58 | D |       + scale_dtype: (None,)
25-12-26 16:41:58 | D |   - Quantizing weights: block transformer_blocks.12
25-12-26 16:41:58 | D |     - Quantizing transformer_blocks.12.norm1.linear.weight
25-12-26 16:41:58 | D |       + quant_dtype: sint4
25-12-26 16:41:58 | D |       + group_shape: ((1, 64, 1),)
25-12-26 16:41:58 | D |       + scale_dtype: (None,)
25-12-26 16:41:59 | D |     - Quantizing transformer_blocks.12.norm1_context.linear.weight
25-12-26 16:41:59 | D |       + quant_dtype: sint4
25-12-26 16:41:59 | D |       + group_shape: ((1, 64, 1),)
25-12-26 16:41:59 | D |       + scale_dtype: (None,)
25-12-26 16:41:59 | D |     - Quantizing transformer_blocks.12.attn.to_q.weight
25-12-26 16:41:59 | D |       + quant_dtype: sint4
25-12-26 16:41:59 | D |       + group_shape: ((1, 64, 1),)
25-12-26 16:41:59 | D |       + scale_dtype: (None,)
25-12-26 16:41:59 | D |     - Quantizing transformer_blocks.12.attn.to_k.weight
25-12-26 16:41:59 | D |       + quant_dtype: sint4
25-12-26 16:41:59 | D |       + group_shape: ((1, 64, 1),)
25-12-26 16:41:59 | D |       + scale_dtype: (None,)
25-12-26 16:41:59 | D |     - Quantizing transformer_blocks.12.attn.to_v.weight
25-12-26 16:41:59 | D |       + quant_dtype: sint4
25-12-26 16:41:59 | D |       + group_shape: ((1, 64, 1),)
25-12-26 16:41:59 | D |       + scale_dtype: (None,)
25-12-26 16:42:00 | D |     - Quantizing transformer_blocks.12.attn.add_q_proj.weight
25-12-26 16:42:00 | D |       + quant_dtype: sint4
25-12-26 16:42:00 | D |       + group_shape: ((1, 64, 1),)
25-12-26 16:42:00 | D |       + scale_dtype: (None,)
25-12-26 16:42:00 | D |     - Quantizing transformer_blocks.12.attn.add_k_proj.weight
25-12-26 16:42:00 | D |       + quant_dtype: sint4
25-12-26 16:42:00 | D |       + group_shape: ((1, 64, 1),)
25-12-26 16:42:00 | D |       + scale_dtype: (None,)
25-12-26 16:42:00 | D |     - Quantizing transformer_blocks.12.attn.add_v_proj.weight
25-12-26 16:42:00 | D |       + quant_dtype: sint4
25-12-26 16:42:00 | D |       + group_shape: ((1, 64, 1),)
25-12-26 16:42:00 | D |       + scale_dtype: (None,)
25-12-26 16:42:00 | D |     - Quantizing transformer_blocks.12.attn.to_out.0.weight
25-12-26 16:42:00 | D |       + quant_dtype: sint4
25-12-26 16:42:00 | D |       + group_shape: ((1, 64, 1),)
25-12-26 16:42:00 | D |       + scale_dtype: (None,)
25-12-26 16:42:00 | D |     - Quantizing transformer_blocks.12.attn.to_add_out.weight
25-12-26 16:42:00 | D |       + quant_dtype: sint4
25-12-26 16:42:00 | D |       + group_shape: ((1, 64, 1),)
25-12-26 16:42:00 | D |       + scale_dtype: (None,)
25-12-26 16:42:01 | D |     - Quantizing transformer_blocks.12.ff.net.0.proj.weight
25-12-26 16:42:01 | D |       + quant_dtype: sint4
25-12-26 16:42:01 | D |       + group_shape: ((1, 64, 1),)
25-12-26 16:42:01 | D |       + scale_dtype: (None,)
25-12-26 16:42:01 | D |     - Quantizing transformer_blocks.12.ff.net.2.linear.weight
25-12-26 16:42:01 | D |       + quant_dtype: sint4
25-12-26 16:42:01 | D |       + group_shape: ((1, 64, 1),)
25-12-26 16:42:01 | D |       + scale_dtype: (None,)
25-12-26 16:42:01 | D |     - Quantizing transformer_blocks.12.ff_context.net.0.proj.weight
25-12-26 16:42:01 | D |       + quant_dtype: sint4
25-12-26 16:42:01 | D |       + group_shape: ((1, 64, 1),)
25-12-26 16:42:01 | D |       + scale_dtype: (None,)
25-12-26 16:42:01 | D |     - Quantizing transformer_blocks.12.ff_context.net.2.linear.weight
25-12-26 16:42:01 | D |       + quant_dtype: sint4
25-12-26 16:42:01 | D |       + group_shape: ((1, 64, 1),)
25-12-26 16:42:01 | D |       + scale_dtype: (None,)
25-12-26 16:42:01 | D |   - Quantizing weights: block transformer_blocks.13
25-12-26 16:42:01 | D |     - Quantizing transformer_blocks.13.norm1.linear.weight
25-12-26 16:42:01 | D |       + quant_dtype: sint4
25-12-26 16:42:01 | D |       + group_shape: ((1, 64, 1),)
25-12-26 16:42:01 | D |       + scale_dtype: (None,)
25-12-26 16:42:02 | D |     - Quantizing transformer_blocks.13.norm1_context.linear.weight
25-12-26 16:42:02 | D |       + quant_dtype: sint4
25-12-26 16:42:02 | D |       + group_shape: ((1, 64, 1),)
25-12-26 16:42:02 | D |       + scale_dtype: (None,)
25-12-26 16:42:02 | D |     - Quantizing transformer_blocks.13.attn.to_q.weight
25-12-26 16:42:02 | D |       + quant_dtype: sint4
25-12-26 16:42:02 | D |       + group_shape: ((1, 64, 1),)
25-12-26 16:42:02 | D |       + scale_dtype: (None,)
25-12-26 16:42:02 | D |     - Quantizing transformer_blocks.13.attn.to_k.weight
25-12-26 16:42:02 | D |       + quant_dtype: sint4
25-12-26 16:42:02 | D |       + group_shape: ((1, 64, 1),)
25-12-26 16:42:02 | D |       + scale_dtype: (None,)
25-12-26 16:42:02 | D |     - Quantizing transformer_blocks.13.attn.to_v.weight
25-12-26 16:42:02 | D |       + quant_dtype: sint4
25-12-26 16:42:02 | D |       + group_shape: ((1, 64, 1),)
25-12-26 16:42:02 | D |       + scale_dtype: (None,)
25-12-26 16:42:03 | D |     - Quantizing transformer_blocks.13.attn.add_q_proj.weight
25-12-26 16:42:03 | D |       + quant_dtype: sint4
25-12-26 16:42:03 | D |       + group_shape: ((1, 64, 1),)
25-12-26 16:42:03 | D |       + scale_dtype: (None,)
25-12-26 16:42:03 | D |     - Quantizing transformer_blocks.13.attn.add_k_proj.weight
25-12-26 16:42:03 | D |       + quant_dtype: sint4
25-12-26 16:42:03 | D |       + group_shape: ((1, 64, 1),)
25-12-26 16:42:03 | D |       + scale_dtype: (None,)
25-12-26 16:42:03 | D |     - Quantizing transformer_blocks.13.attn.add_v_proj.weight
25-12-26 16:42:03 | D |       + quant_dtype: sint4
25-12-26 16:42:03 | D |       + group_shape: ((1, 64, 1),)
25-12-26 16:42:03 | D |       + scale_dtype: (None,)
25-12-26 16:42:03 | D |     - Quantizing transformer_blocks.13.attn.to_out.0.weight
25-12-26 16:42:03 | D |       + quant_dtype: sint4
25-12-26 16:42:03 | D |       + group_shape: ((1, 64, 1),)
25-12-26 16:42:03 | D |       + scale_dtype: (None,)
25-12-26 16:42:03 | D |     - Quantizing transformer_blocks.13.attn.to_add_out.weight
25-12-26 16:42:03 | D |       + quant_dtype: sint4
25-12-26 16:42:03 | D |       + group_shape: ((1, 64, 1),)
25-12-26 16:42:03 | D |       + scale_dtype: (None,)
25-12-26 16:42:04 | D |     - Quantizing transformer_blocks.13.ff.net.0.proj.weight
25-12-26 16:42:04 | D |       + quant_dtype: sint4
25-12-26 16:42:04 | D |       + group_shape: ((1, 64, 1),)
25-12-26 16:42:04 | D |       + scale_dtype: (None,)
25-12-26 16:42:04 | D |     - Quantizing transformer_blocks.13.ff.net.2.linear.weight
25-12-26 16:42:04 | D |       + quant_dtype: sint4
25-12-26 16:42:04 | D |       + group_shape: ((1, 64, 1),)
25-12-26 16:42:04 | D |       + scale_dtype: (None,)
25-12-26 16:42:04 | D |     - Quantizing transformer_blocks.13.ff_context.net.0.proj.weight
25-12-26 16:42:04 | D |       + quant_dtype: sint4
25-12-26 16:42:04 | D |       + group_shape: ((1, 64, 1),)
25-12-26 16:42:04 | D |       + scale_dtype: (None,)
25-12-26 16:42:04 | D |     - Quantizing transformer_blocks.13.ff_context.net.2.linear.weight
25-12-26 16:42:04 | D |       + quant_dtype: sint4
25-12-26 16:42:04 | D |       + group_shape: ((1, 64, 1),)
25-12-26 16:42:04 | D |       + scale_dtype: (None,)
25-12-26 16:42:04 | D |   - Quantizing weights: block transformer_blocks.14
25-12-26 16:42:04 | D |     - Quantizing transformer_blocks.14.norm1.linear.weight
25-12-26 16:42:04 | D |       + quant_dtype: sint4
25-12-26 16:42:04 | D |       + group_shape: ((1, 64, 1),)
25-12-26 16:42:04 | D |       + scale_dtype: (None,)
25-12-26 16:42:05 | D |     - Quantizing transformer_blocks.14.norm1_context.linear.weight
25-12-26 16:42:05 | D |       + quant_dtype: sint4
25-12-26 16:42:05 | D |       + group_shape: ((1, 64, 1),)
25-12-26 16:42:05 | D |       + scale_dtype: (None,)
25-12-26 16:42:05 | D |     - Quantizing transformer_blocks.14.attn.to_q.weight
25-12-26 16:42:05 | D |       + quant_dtype: sint4
25-12-26 16:42:05 | D |       + group_shape: ((1, 64, 1),)
25-12-26 16:42:05 | D |       + scale_dtype: (None,)
25-12-26 16:42:05 | D |     - Quantizing transformer_blocks.14.attn.to_k.weight
25-12-26 16:42:05 | D |       + quant_dtype: sint4
25-12-26 16:42:05 | D |       + group_shape: ((1, 64, 1),)
25-12-26 16:42:05 | D |       + scale_dtype: (None,)
25-12-26 16:42:05 | D |     - Quantizing transformer_blocks.14.attn.to_v.weight
25-12-26 16:42:05 | D |       + quant_dtype: sint4
25-12-26 16:42:05 | D |       + group_shape: ((1, 64, 1),)
25-12-26 16:42:05 | D |       + scale_dtype: (None,)
25-12-26 16:42:05 | D |     - Quantizing transformer_blocks.14.attn.add_q_proj.weight
25-12-26 16:42:05 | D |       + quant_dtype: sint4
25-12-26 16:42:05 | D |       + group_shape: ((1, 64, 1),)
25-12-26 16:42:05 | D |       + scale_dtype: (None,)
25-12-26 16:42:06 | D |     - Quantizing transformer_blocks.14.attn.add_k_proj.weight
25-12-26 16:42:06 | D |       + quant_dtype: sint4
25-12-26 16:42:06 | D |       + group_shape: ((1, 64, 1),)
25-12-26 16:42:06 | D |       + scale_dtype: (None,)
25-12-26 16:42:06 | D |     - Quantizing transformer_blocks.14.attn.add_v_proj.weight
25-12-26 16:42:06 | D |       + quant_dtype: sint4
25-12-26 16:42:06 | D |       + group_shape: ((1, 64, 1),)
25-12-26 16:42:06 | D |       + scale_dtype: (None,)
25-12-26 16:42:06 | D |     - Quantizing transformer_blocks.14.attn.to_out.0.weight
25-12-26 16:42:06 | D |       + quant_dtype: sint4
25-12-26 16:42:06 | D |       + group_shape: ((1, 64, 1),)
25-12-26 16:42:06 | D |       + scale_dtype: (None,)
25-12-26 16:42:06 | D |     - Quantizing transformer_blocks.14.attn.to_add_out.weight
25-12-26 16:42:06 | D |       + quant_dtype: sint4
25-12-26 16:42:06 | D |       + group_shape: ((1, 64, 1),)
25-12-26 16:42:06 | D |       + scale_dtype: (None,)
25-12-26 16:42:06 | D |     - Quantizing transformer_blocks.14.ff.net.0.proj.weight
25-12-26 16:42:06 | D |       + quant_dtype: sint4
25-12-26 16:42:06 | D |       + group_shape: ((1, 64, 1),)
25-12-26 16:42:06 | D |       + scale_dtype: (None,)
25-12-26 16:42:07 | D |     - Quantizing transformer_blocks.14.ff.net.2.linear.weight
25-12-26 16:42:07 | D |       + quant_dtype: sint4
25-12-26 16:42:07 | D |       + group_shape: ((1, 64, 1),)
25-12-26 16:42:07 | D |       + scale_dtype: (None,)
25-12-26 16:42:07 | D |     - Quantizing transformer_blocks.14.ff_context.net.0.proj.weight
25-12-26 16:42:07 | D |       + quant_dtype: sint4
25-12-26 16:42:07 | D |       + group_shape: ((1, 64, 1),)
25-12-26 16:42:07 | D |       + scale_dtype: (None,)
25-12-26 16:42:07 | D |     - Quantizing transformer_blocks.14.ff_context.net.2.linear.weight
25-12-26 16:42:07 | D |       + quant_dtype: sint4
25-12-26 16:42:07 | D |       + group_shape: ((1, 64, 1),)
25-12-26 16:42:07 | D |       + scale_dtype: (None,)
25-12-26 16:42:07 | D |   - Quantizing weights: block transformer_blocks.15
25-12-26 16:42:07 | D |     - Quantizing transformer_blocks.15.norm1.linear.weight
25-12-26 16:42:07 | D |       + quant_dtype: sint4
25-12-26 16:42:07 | D |       + group_shape: ((1, 64, 1),)
25-12-26 16:42:07 | D |       + scale_dtype: (None,)
25-12-26 16:42:07 | D |     - Quantizing transformer_blocks.15.norm1_context.linear.weight
25-12-26 16:42:07 | D |       + quant_dtype: sint4
25-12-26 16:42:07 | D |       + group_shape: ((1, 64, 1),)
25-12-26 16:42:07 | D |       + scale_dtype: (None,)
25-12-26 16:42:08 | D |     - Quantizing transformer_blocks.15.attn.to_q.weight
25-12-26 16:42:08 | D |       + quant_dtype: sint4
25-12-26 16:42:08 | D |       + group_shape: ((1, 64, 1),)
25-12-26 16:42:08 | D |       + scale_dtype: (None,)
25-12-26 16:42:08 | D |     - Quantizing transformer_blocks.15.attn.to_k.weight
25-12-26 16:42:08 | D |       + quant_dtype: sint4
25-12-26 16:42:08 | D |       + group_shape: ((1, 64, 1),)
25-12-26 16:42:08 | D |       + scale_dtype: (None,)
25-12-26 16:42:08 | D |     - Quantizing transformer_blocks.15.attn.to_v.weight
25-12-26 16:42:08 | D |       + quant_dtype: sint4
25-12-26 16:42:08 | D |       + group_shape: ((1, 64, 1),)
25-12-26 16:42:08 | D |       + scale_dtype: (None,)
25-12-26 16:42:08 | D |     - Quantizing transformer_blocks.15.attn.add_q_proj.weight
25-12-26 16:42:08 | D |       + quant_dtype: sint4
25-12-26 16:42:08 | D |       + group_shape: ((1, 64, 1),)
25-12-26 16:42:08 | D |       + scale_dtype: (None,)
25-12-26 16:42:08 | D |     - Quantizing transformer_blocks.15.attn.add_k_proj.weight
25-12-26 16:42:08 | D |       + quant_dtype: sint4
25-12-26 16:42:08 | D |       + group_shape: ((1, 64, 1),)
25-12-26 16:42:08 | D |       + scale_dtype: (None,)
25-12-26 16:42:09 | D |     - Quantizing transformer_blocks.15.attn.add_v_proj.weight
25-12-26 16:42:09 | D |       + quant_dtype: sint4
25-12-26 16:42:09 | D |       + group_shape: ((1, 64, 1),)
25-12-26 16:42:09 | D |       + scale_dtype: (None,)
25-12-26 16:42:09 | D |     - Quantizing transformer_blocks.15.attn.to_out.0.weight
25-12-26 16:42:09 | D |       + quant_dtype: sint4
25-12-26 16:42:09 | D |       + group_shape: ((1, 64, 1),)
25-12-26 16:42:09 | D |       + scale_dtype: (None,)
25-12-26 16:42:09 | D |     - Quantizing transformer_blocks.15.attn.to_add_out.weight
25-12-26 16:42:09 | D |       + quant_dtype: sint4
25-12-26 16:42:09 | D |       + group_shape: ((1, 64, 1),)
25-12-26 16:42:09 | D |       + scale_dtype: (None,)
25-12-26 16:42:09 | D |     - Quantizing transformer_blocks.15.ff.net.0.proj.weight
25-12-26 16:42:09 | D |       + quant_dtype: sint4
25-12-26 16:42:09 | D |       + group_shape: ((1, 64, 1),)
25-12-26 16:42:09 | D |       + scale_dtype: (None,)
25-12-26 16:42:09 | D |     - Quantizing transformer_blocks.15.ff.net.2.linear.weight
25-12-26 16:42:09 | D |       + quant_dtype: sint4
25-12-26 16:42:09 | D |       + group_shape: ((1, 64, 1),)
25-12-26 16:42:09 | D |       + scale_dtype: (None,)
25-12-26 16:42:10 | D |     - Quantizing transformer_blocks.15.ff_context.net.0.proj.weight
25-12-26 16:42:10 | D |       + quant_dtype: sint4
25-12-26 16:42:10 | D |       + group_shape: ((1, 64, 1),)
25-12-26 16:42:10 | D |       + scale_dtype: (None,)
25-12-26 16:42:10 | D |     - Quantizing transformer_blocks.15.ff_context.net.2.linear.weight
25-12-26 16:42:10 | D |       + quant_dtype: sint4
25-12-26 16:42:10 | D |       + group_shape: ((1, 64, 1),)
25-12-26 16:42:10 | D |       + scale_dtype: (None,)
25-12-26 16:42:10 | D |   - Quantizing weights: block transformer_blocks.16
25-12-26 16:42:10 | D |     - Quantizing transformer_blocks.16.norm1.linear.weight
25-12-26 16:42:10 | D |       + quant_dtype: sint4
25-12-26 16:42:10 | D |       + group_shape: ((1, 64, 1),)
25-12-26 16:42:10 | D |       + scale_dtype: (None,)
25-12-26 16:42:10 | D |     - Quantizing transformer_blocks.16.norm1_context.linear.weight
25-12-26 16:42:10 | D |       + quant_dtype: sint4
25-12-26 16:42:10 | D |       + group_shape: ((1, 64, 1),)
25-12-26 16:42:10 | D |       + scale_dtype: (None,)
25-12-26 16:42:11 | D |     - Quantizing transformer_blocks.16.attn.to_q.weight
25-12-26 16:42:11 | D |       + quant_dtype: sint4
25-12-26 16:42:11 | D |       + group_shape: ((1, 64, 1),)
25-12-26 16:42:11 | D |       + scale_dtype: (None,)
25-12-26 16:42:11 | D |     - Quantizing transformer_blocks.16.attn.to_k.weight
25-12-26 16:42:11 | D |       + quant_dtype: sint4
25-12-26 16:42:11 | D |       + group_shape: ((1, 64, 1),)
25-12-26 16:42:11 | D |       + scale_dtype: (None,)
25-12-26 16:42:11 | D |     - Quantizing transformer_blocks.16.attn.to_v.weight
25-12-26 16:42:11 | D |       + quant_dtype: sint4
25-12-26 16:42:11 | D |       + group_shape: ((1, 64, 1),)
25-12-26 16:42:11 | D |       + scale_dtype: (None,)
25-12-26 16:42:11 | D |     - Quantizing transformer_blocks.16.attn.add_q_proj.weight
25-12-26 16:42:11 | D |       + quant_dtype: sint4
25-12-26 16:42:11 | D |       + group_shape: ((1, 64, 1),)
25-12-26 16:42:11 | D |       + scale_dtype: (None,)
25-12-26 16:42:11 | D |     - Quantizing transformer_blocks.16.attn.add_k_proj.weight
25-12-26 16:42:11 | D |       + quant_dtype: sint4
25-12-26 16:42:11 | D |       + group_shape: ((1, 64, 1),)
25-12-26 16:42:11 | D |       + scale_dtype: (None,)
25-12-26 16:42:12 | D |     - Quantizing transformer_blocks.16.attn.add_v_proj.weight
25-12-26 16:42:12 | D |       + quant_dtype: sint4
25-12-26 16:42:12 | D |       + group_shape: ((1, 64, 1),)
25-12-26 16:42:12 | D |       + scale_dtype: (None,)
25-12-26 16:42:12 | D |     - Quantizing transformer_blocks.16.attn.to_out.0.weight
25-12-26 16:42:12 | D |       + quant_dtype: sint4
25-12-26 16:42:12 | D |       + group_shape: ((1, 64, 1),)
25-12-26 16:42:12 | D |       + scale_dtype: (None,)
25-12-26 16:42:12 | D |     - Quantizing transformer_blocks.16.attn.to_add_out.weight
25-12-26 16:42:12 | D |       + quant_dtype: sint4
25-12-26 16:42:12 | D |       + group_shape: ((1, 64, 1),)
25-12-26 16:42:12 | D |       + scale_dtype: (None,)
25-12-26 16:42:12 | D |     - Quantizing transformer_blocks.16.ff.net.0.proj.weight
25-12-26 16:42:12 | D |       + quant_dtype: sint4
25-12-26 16:42:12 | D |       + group_shape: ((1, 64, 1),)
25-12-26 16:42:12 | D |       + scale_dtype: (None,)
25-12-26 16:42:13 | D |     - Quantizing transformer_blocks.16.ff.net.2.linear.weight
25-12-26 16:42:13 | D |       + quant_dtype: sint4
25-12-26 16:42:13 | D |       + group_shape: ((1, 64, 1),)
25-12-26 16:42:13 | D |       + scale_dtype: (None,)
25-12-26 16:42:13 | D |     - Quantizing transformer_blocks.16.ff_context.net.0.proj.weight
25-12-26 16:42:13 | D |       + quant_dtype: sint4
25-12-26 16:42:13 | D |       + group_shape: ((1, 64, 1),)
25-12-26 16:42:13 | D |       + scale_dtype: (None,)
25-12-26 16:42:13 | D |     - Quantizing transformer_blocks.16.ff_context.net.2.linear.weight
25-12-26 16:42:13 | D |       + quant_dtype: sint4
25-12-26 16:42:13 | D |       + group_shape: ((1, 64, 1),)
25-12-26 16:42:13 | D |       + scale_dtype: (None,)
25-12-26 16:42:13 | D |   - Quantizing weights: block transformer_blocks.17
25-12-26 16:42:13 | D |     - Quantizing transformer_blocks.17.norm1.linear.weight
25-12-26 16:42:13 | D |       + quant_dtype: sint4
25-12-26 16:42:13 | D |       + group_shape: ((1, 64, 1),)
25-12-26 16:42:13 | D |       + scale_dtype: (None,)
25-12-26 16:42:13 | D |     - Quantizing transformer_blocks.17.norm1_context.linear.weight
25-12-26 16:42:13 | D |       + quant_dtype: sint4
25-12-26 16:42:13 | D |       + group_shape: ((1, 64, 1),)
25-12-26 16:42:13 | D |       + scale_dtype: (None,)
25-12-26 16:42:14 | D |     - Quantizing transformer_blocks.17.attn.to_q.weight
25-12-26 16:42:14 | D |       + quant_dtype: sint4
25-12-26 16:42:14 | D |       + group_shape: ((1, 64, 1),)
25-12-26 16:42:14 | D |       + scale_dtype: (None,)
25-12-26 16:42:14 | D |     - Quantizing transformer_blocks.17.attn.to_k.weight
25-12-26 16:42:14 | D |       + quant_dtype: sint4
25-12-26 16:42:14 | D |       + group_shape: ((1, 64, 1),)
25-12-26 16:42:14 | D |       + scale_dtype: (None,)
25-12-26 16:42:14 | D |     - Quantizing transformer_blocks.17.attn.to_v.weight
25-12-26 16:42:14 | D |       + quant_dtype: sint4
25-12-26 16:42:14 | D |       + group_shape: ((1, 64, 1),)
25-12-26 16:42:14 | D |       + scale_dtype: (None,)
25-12-26 16:42:14 | D |     - Quantizing transformer_blocks.17.attn.add_q_proj.weight
25-12-26 16:42:14 | D |       + quant_dtype: sint4
25-12-26 16:42:14 | D |       + group_shape: ((1, 64, 1),)
25-12-26 16:42:14 | D |       + scale_dtype: (None,)
25-12-26 16:42:15 | D |     - Quantizing transformer_blocks.17.attn.add_k_proj.weight
25-12-26 16:42:15 | D |       + quant_dtype: sint4
25-12-26 16:42:15 | D |       + group_shape: ((1, 64, 1),)
25-12-26 16:42:15 | D |       + scale_dtype: (None,)
25-12-26 16:42:15 | D |     - Quantizing transformer_blocks.17.attn.add_v_proj.weight
25-12-26 16:42:15 | D |       + quant_dtype: sint4
25-12-26 16:42:15 | D |       + group_shape: ((1, 64, 1),)
25-12-26 16:42:15 | D |       + scale_dtype: (None,)
25-12-26 16:42:15 | D |     - Quantizing transformer_blocks.17.attn.to_out.0.weight
25-12-26 16:42:15 | D |       + quant_dtype: sint4
25-12-26 16:42:15 | D |       + group_shape: ((1, 64, 1),)
25-12-26 16:42:15 | D |       + scale_dtype: (None,)
25-12-26 16:42:15 | D |     - Quantizing transformer_blocks.17.attn.to_add_out.weight
25-12-26 16:42:15 | D |       + quant_dtype: sint4
25-12-26 16:42:15 | D |       + group_shape: ((1, 64, 1),)
25-12-26 16:42:15 | D |       + scale_dtype: (None,)
25-12-26 16:42:15 | D |     - Quantizing transformer_blocks.17.ff.net.0.proj.weight
25-12-26 16:42:15 | D |       + quant_dtype: sint4
25-12-26 16:42:15 | D |       + group_shape: ((1, 64, 1),)
25-12-26 16:42:15 | D |       + scale_dtype: (None,)
25-12-26 16:42:16 | D |     - Quantizing transformer_blocks.17.ff.net.2.linear.weight
25-12-26 16:42:16 | D |       + quant_dtype: sint4
25-12-26 16:42:16 | D |       + group_shape: ((1, 64, 1),)
25-12-26 16:42:16 | D |       + scale_dtype: (None,)
25-12-26 16:42:16 | D |     - Quantizing transformer_blocks.17.ff_context.net.0.proj.weight
25-12-26 16:42:16 | D |       + quant_dtype: sint4
25-12-26 16:42:16 | D |       + group_shape: ((1, 64, 1),)
25-12-26 16:42:16 | D |       + scale_dtype: (None,)
25-12-26 16:42:16 | D |     - Quantizing transformer_blocks.17.ff_context.net.2.linear.weight
25-12-26 16:42:16 | D |       + quant_dtype: sint4
25-12-26 16:42:16 | D |       + group_shape: ((1, 64, 1),)
25-12-26 16:42:16 | D |       + scale_dtype: (None,)
25-12-26 16:42:16 | D |   - Quantizing weights: block transformer_blocks.18
25-12-26 16:42:16 | D |     - Quantizing transformer_blocks.18.norm1.linear.weight
25-12-26 16:42:16 | D |       + quant_dtype: sint4
25-12-26 16:42:16 | D |       + group_shape: ((1, 64, 1),)
25-12-26 16:42:16 | D |       + scale_dtype: (None,)
25-12-26 16:42:16 | D |     - Quantizing transformer_blocks.18.norm1_context.linear.weight
25-12-26 16:42:16 | D |       + quant_dtype: sint4
25-12-26 16:42:16 | D |       + group_shape: ((1, 64, 1),)
25-12-26 16:42:16 | D |       + scale_dtype: (None,)
25-12-26 16:42:17 | D |     - Quantizing transformer_blocks.18.attn.to_q.weight
25-12-26 16:42:17 | D |       + quant_dtype: sint4
25-12-26 16:42:17 | D |       + group_shape: ((1, 64, 1),)
25-12-26 16:42:17 | D |       + scale_dtype: (None,)
25-12-26 16:42:17 | D |     - Quantizing transformer_blocks.18.attn.to_k.weight
25-12-26 16:42:17 | D |       + quant_dtype: sint4
25-12-26 16:42:17 | D |       + group_shape: ((1, 64, 1),)
25-12-26 16:42:17 | D |       + scale_dtype: (None,)
25-12-26 16:42:17 | D |     - Quantizing transformer_blocks.18.attn.to_v.weight
25-12-26 16:42:17 | D |       + quant_dtype: sint4
25-12-26 16:42:17 | D |       + group_shape: ((1, 64, 1),)
25-12-26 16:42:17 | D |       + scale_dtype: (None,)
25-12-26 16:42:17 | D |     - Quantizing transformer_blocks.18.attn.add_q_proj.weight
25-12-26 16:42:17 | D |       + quant_dtype: sint4
25-12-26 16:42:17 | D |       + group_shape: ((1, 64, 1),)
25-12-26 16:42:17 | D |       + scale_dtype: (None,)
25-12-26 16:42:18 | D |     - Quantizing transformer_blocks.18.attn.add_k_proj.weight
25-12-26 16:42:18 | D |       + quant_dtype: sint4
25-12-26 16:42:18 | D |       + group_shape: ((1, 64, 1),)
25-12-26 16:42:18 | D |       + scale_dtype: (None,)
25-12-26 16:42:18 | D |     - Quantizing transformer_blocks.18.attn.add_v_proj.weight
25-12-26 16:42:18 | D |       + quant_dtype: sint4
25-12-26 16:42:18 | D |       + group_shape: ((1, 64, 1),)
25-12-26 16:42:18 | D |       + scale_dtype: (None,)
25-12-26 16:42:18 | D |     - Quantizing transformer_blocks.18.attn.to_out.0.weight
25-12-26 16:42:18 | D |       + quant_dtype: sint4
25-12-26 16:42:18 | D |       + group_shape: ((1, 64, 1),)
25-12-26 16:42:18 | D |       + scale_dtype: (None,)
25-12-26 16:42:18 | D |     - Quantizing transformer_blocks.18.attn.to_add_out.weight
25-12-26 16:42:18 | D |       + quant_dtype: sint4
25-12-26 16:42:18 | D |       + group_shape: ((1, 64, 1),)
25-12-26 16:42:18 | D |       + scale_dtype: (None,)
25-12-26 16:42:18 | D |     - Quantizing transformer_blocks.18.ff.net.0.proj.weight
25-12-26 16:42:18 | D |       + quant_dtype: sint4
25-12-26 16:42:18 | D |       + group_shape: ((1, 64, 1),)
25-12-26 16:42:18 | D |       + scale_dtype: (None,)
25-12-26 16:42:19 | D |     - Quantizing transformer_blocks.18.ff.net.2.linear.weight
25-12-26 16:42:19 | D |       + quant_dtype: sint4
25-12-26 16:42:19 | D |       + group_shape: ((1, 64, 1),)
25-12-26 16:42:19 | D |       + scale_dtype: (None,)
25-12-26 16:42:19 | D |     - Quantizing transformer_blocks.18.ff_context.net.0.proj.weight
25-12-26 16:42:19 | D |       + quant_dtype: sint4
25-12-26 16:42:19 | D |       + group_shape: ((1, 64, 1),)
25-12-26 16:42:19 | D |       + scale_dtype: (None,)
25-12-26 16:42:19 | D |     - Quantizing transformer_blocks.18.ff_context.net.2.linear.weight
25-12-26 16:42:19 | D |       + quant_dtype: sint4
25-12-26 16:42:19 | D |       + group_shape: ((1, 64, 1),)
25-12-26 16:42:19 | D |       + scale_dtype: (None,)
25-12-26 16:42:19 | D |   - Quantizing weights: block single_transformer_blocks.0
25-12-26 16:42:19 | D |     - Quantizing single_transformer_blocks.0.norm.linear.weight
25-12-26 16:42:19 | D |       + quant_dtype: sint4
25-12-26 16:42:19 | D |       + group_shape: ((1, 64, 1),)
25-12-26 16:42:19 | D |       + scale_dtype: (None,)
25-12-26 16:42:19 | D |     - Quantizing single_transformer_blocks.0.attn.to_q.weight
25-12-26 16:42:19 | D |       + quant_dtype: sint4
25-12-26 16:42:19 | D |       + group_shape: ((1, 64, 1),)
25-12-26 16:42:19 | D |       + scale_dtype: (None,)
25-12-26 16:42:20 | D |     - Quantizing single_transformer_blocks.0.attn.to_k.weight
25-12-26 16:42:20 | D |       + quant_dtype: sint4
25-12-26 16:42:20 | D |       + group_shape: ((1, 64, 1),)
25-12-26 16:42:20 | D |       + scale_dtype: (None,)
25-12-26 16:42:20 | D |     - Quantizing single_transformer_blocks.0.attn.to_v.weight
25-12-26 16:42:20 | D |       + quant_dtype: sint4
25-12-26 16:42:20 | D |       + group_shape: ((1, 64, 1),)
25-12-26 16:42:20 | D |       + scale_dtype: (None,)
25-12-26 16:42:20 | D |     - Quantizing single_transformer_blocks.0.proj_out.linears.0.weight
25-12-26 16:42:20 | D |       + quant_dtype: sint4
25-12-26 16:42:20 | D |       + group_shape: ((1, 64, 1),)
25-12-26 16:42:20 | D |       + scale_dtype: (None,)
25-12-26 16:42:20 | D |     - Quantizing single_transformer_blocks.0.proj_mlp.weight
25-12-26 16:42:20 | D |       + quant_dtype: sint4
25-12-26 16:42:20 | D |       + group_shape: ((1, 64, 1),)
25-12-26 16:42:20 | D |       + scale_dtype: (None,)
25-12-26 16:42:20 | D |     - Quantizing single_transformer_blocks.0.proj_out.linears.1.linear.weight
25-12-26 16:42:20 | D |       + quant_dtype: sint4
25-12-26 16:42:20 | D |       + group_shape: ((1, 64, 1),)
25-12-26 16:42:20 | D |       + scale_dtype: (None,)
25-12-26 16:42:21 | D |   - Quantizing weights: block single_transformer_blocks.1
25-12-26 16:42:21 | D |     - Quantizing single_transformer_blocks.1.norm.linear.weight
25-12-26 16:42:21 | D |       + quant_dtype: sint4
25-12-26 16:42:21 | D |       + group_shape: ((1, 64, 1),)
25-12-26 16:42:21 | D |       + scale_dtype: (None,)
25-12-26 16:42:21 | D |     - Quantizing single_transformer_blocks.1.attn.to_q.weight
25-12-26 16:42:21 | D |       + quant_dtype: sint4
25-12-26 16:42:21 | D |       + group_shape: ((1, 64, 1),)
25-12-26 16:42:21 | D |       + scale_dtype: (None,)
25-12-26 16:42:21 | D |     - Quantizing single_transformer_blocks.1.attn.to_k.weight
25-12-26 16:42:21 | D |       + quant_dtype: sint4
25-12-26 16:42:21 | D |       + group_shape: ((1, 64, 1),)
25-12-26 16:42:21 | D |       + scale_dtype: (None,)
25-12-26 16:42:21 | D |     - Quantizing single_transformer_blocks.1.attn.to_v.weight
25-12-26 16:42:21 | D |       + quant_dtype: sint4
25-12-26 16:42:21 | D |       + group_shape: ((1, 64, 1),)
25-12-26 16:42:21 | D |       + scale_dtype: (None,)
25-12-26 16:42:21 | D |     - Quantizing single_transformer_blocks.1.proj_out.linears.0.weight
25-12-26 16:42:21 | D |       + quant_dtype: sint4
25-12-26 16:42:21 | D |       + group_shape: ((1, 64, 1),)
25-12-26 16:42:21 | D |       + scale_dtype: (None,)
25-12-26 16:42:22 | D |     - Quantizing single_transformer_blocks.1.proj_mlp.weight
25-12-26 16:42:22 | D |       + quant_dtype: sint4
25-12-26 16:42:22 | D |       + group_shape: ((1, 64, 1),)
25-12-26 16:42:22 | D |       + scale_dtype: (None,)
25-12-26 16:42:22 | D |     - Quantizing single_transformer_blocks.1.proj_out.linears.1.linear.weight
25-12-26 16:42:22 | D |       + quant_dtype: sint4
25-12-26 16:42:22 | D |       + group_shape: ((1, 64, 1),)
25-12-26 16:42:22 | D |       + scale_dtype: (None,)
25-12-26 16:42:22 | D |   - Quantizing weights: block single_transformer_blocks.2
25-12-26 16:42:22 | D |     - Quantizing single_transformer_blocks.2.norm.linear.weight
25-12-26 16:42:22 | D |       + quant_dtype: sint4
25-12-26 16:42:22 | D |       + group_shape: ((1, 64, 1),)
25-12-26 16:42:22 | D |       + scale_dtype: (None,)
25-12-26 16:42:22 | D |     - Quantizing single_transformer_blocks.2.attn.to_q.weight
25-12-26 16:42:22 | D |       + quant_dtype: sint4
25-12-26 16:42:22 | D |       + group_shape: ((1, 64, 1),)
25-12-26 16:42:22 | D |       + scale_dtype: (None,)
25-12-26 16:42:22 | D |     - Quantizing single_transformer_blocks.2.attn.to_k.weight
25-12-26 16:42:22 | D |       + quant_dtype: sint4
25-12-26 16:42:22 | D |       + group_shape: ((1, 64, 1),)
25-12-26 16:42:22 | D |       + scale_dtype: (None,)
25-12-26 16:42:23 | D |     - Quantizing single_transformer_blocks.2.attn.to_v.weight
25-12-26 16:42:23 | D |       + quant_dtype: sint4
25-12-26 16:42:23 | D |       + group_shape: ((1, 64, 1),)
25-12-26 16:42:23 | D |       + scale_dtype: (None,)
25-12-26 16:42:23 | D |     - Quantizing single_transformer_blocks.2.proj_out.linears.0.weight
25-12-26 16:42:23 | D |       + quant_dtype: sint4
25-12-26 16:42:23 | D |       + group_shape: ((1, 64, 1),)
25-12-26 16:42:23 | D |       + scale_dtype: (None,)
25-12-26 16:42:23 | D |     - Quantizing single_transformer_blocks.2.proj_mlp.weight
25-12-26 16:42:23 | D |       + quant_dtype: sint4
25-12-26 16:42:23 | D |       + group_shape: ((1, 64, 1),)
25-12-26 16:42:23 | D |       + scale_dtype: (None,)
25-12-26 16:42:23 | D |     - Quantizing single_transformer_blocks.2.proj_out.linears.1.linear.weight
25-12-26 16:42:23 | D |       + quant_dtype: sint4
25-12-26 16:42:23 | D |       + group_shape: ((1, 64, 1),)
25-12-26 16:42:23 | D |       + scale_dtype: (None,)
25-12-26 16:42:24 | D |   - Quantizing weights: block single_transformer_blocks.3
25-12-26 16:42:24 | D |     - Quantizing single_transformer_blocks.3.norm.linear.weight
25-12-26 16:42:24 | D |       + quant_dtype: sint4
25-12-26 16:42:24 | D |       + group_shape: ((1, 64, 1),)
25-12-26 16:42:24 | D |       + scale_dtype: (None,)
25-12-26 16:42:24 | D |     - Quantizing single_transformer_blocks.3.attn.to_q.weight
25-12-26 16:42:24 | D |       + quant_dtype: sint4
25-12-26 16:42:24 | D |       + group_shape: ((1, 64, 1),)
25-12-26 16:42:24 | D |       + scale_dtype: (None,)
25-12-26 16:42:24 | D |     - Quantizing single_transformer_blocks.3.attn.to_k.weight
25-12-26 16:42:24 | D |       + quant_dtype: sint4
25-12-26 16:42:24 | D |       + group_shape: ((1, 64, 1),)
25-12-26 16:42:24 | D |       + scale_dtype: (None,)
25-12-26 16:42:24 | D |     - Quantizing single_transformer_blocks.3.attn.to_v.weight
25-12-26 16:42:24 | D |       + quant_dtype: sint4
25-12-26 16:42:24 | D |       + group_shape: ((1, 64, 1),)
25-12-26 16:42:24 | D |       + scale_dtype: (None,)
25-12-26 16:42:24 | D |     - Quantizing single_transformer_blocks.3.proj_out.linears.0.weight
25-12-26 16:42:24 | D |       + quant_dtype: sint4
25-12-26 16:42:24 | D |       + group_shape: ((1, 64, 1),)
25-12-26 16:42:24 | D |       + scale_dtype: (None,)
25-12-26 16:42:25 | D |     - Quantizing single_transformer_blocks.3.proj_mlp.weight
25-12-26 16:42:25 | D |       + quant_dtype: sint4
25-12-26 16:42:25 | D |       + group_shape: ((1, 64, 1),)
25-12-26 16:42:25 | D |       + scale_dtype: (None,)
25-12-26 16:42:25 | D |     - Quantizing single_transformer_blocks.3.proj_out.linears.1.linear.weight
25-12-26 16:42:25 | D |       + quant_dtype: sint4
25-12-26 16:42:25 | D |       + group_shape: ((1, 64, 1),)
25-12-26 16:42:25 | D |       + scale_dtype: (None,)
25-12-26 16:42:25 | D |   - Quantizing weights: block single_transformer_blocks.4
25-12-26 16:42:25 | D |     - Quantizing single_transformer_blocks.4.norm.linear.weight
25-12-26 16:42:25 | D |       + quant_dtype: sint4
25-12-26 16:42:25 | D |       + group_shape: ((1, 64, 1),)
25-12-26 16:42:25 | D |       + scale_dtype: (None,)
25-12-26 16:42:25 | D |     - Quantizing single_transformer_blocks.4.attn.to_q.weight
25-12-26 16:42:25 | D |       + quant_dtype: sint4
25-12-26 16:42:25 | D |       + group_shape: ((1, 64, 1),)
25-12-26 16:42:25 | D |       + scale_dtype: (None,)
25-12-26 16:42:25 | D |     - Quantizing single_transformer_blocks.4.attn.to_k.weight
25-12-26 16:42:25 | D |       + quant_dtype: sint4
25-12-26 16:42:25 | D |       + group_shape: ((1, 64, 1),)
25-12-26 16:42:25 | D |       + scale_dtype: (None,)
25-12-26 16:42:26 | D |     - Quantizing single_transformer_blocks.4.attn.to_v.weight
25-12-26 16:42:26 | D |       + quant_dtype: sint4
25-12-26 16:42:26 | D |       + group_shape: ((1, 64, 1),)
25-12-26 16:42:26 | D |       + scale_dtype: (None,)
25-12-26 16:42:26 | D |     - Quantizing single_transformer_blocks.4.proj_out.linears.0.weight
25-12-26 16:42:26 | D |       + quant_dtype: sint4
25-12-26 16:42:26 | D |       + group_shape: ((1, 64, 1),)
25-12-26 16:42:26 | D |       + scale_dtype: (None,)
25-12-26 16:42:26 | D |     - Quantizing single_transformer_blocks.4.proj_mlp.weight
25-12-26 16:42:26 | D |       + quant_dtype: sint4
25-12-26 16:42:26 | D |       + group_shape: ((1, 64, 1),)
25-12-26 16:42:26 | D |       + scale_dtype: (None,)
25-12-26 16:42:26 | D |     - Quantizing single_transformer_blocks.4.proj_out.linears.1.linear.weight
25-12-26 16:42:26 | D |       + quant_dtype: sint4
25-12-26 16:42:26 | D |       + group_shape: ((1, 64, 1),)
25-12-26 16:42:26 | D |       + scale_dtype: (None,)
25-12-26 16:42:26 | D |   - Quantizing weights: block single_transformer_blocks.5
25-12-26 16:42:26 | D |     - Quantizing single_transformer_blocks.5.norm.linear.weight
25-12-26 16:42:26 | D |       + quant_dtype: sint4
25-12-26 16:42:26 | D |       + group_shape: ((1, 64, 1),)
25-12-26 16:42:26 | D |       + scale_dtype: (None,)
25-12-26 16:42:27 | D |     - Quantizing single_transformer_blocks.5.attn.to_q.weight
25-12-26 16:42:27 | D |       + quant_dtype: sint4
25-12-26 16:42:27 | D |       + group_shape: ((1, 64, 1),)
25-12-26 16:42:27 | D |       + scale_dtype: (None,)
25-12-26 16:42:27 | D |     - Quantizing single_transformer_blocks.5.attn.to_k.weight
25-12-26 16:42:27 | D |       + quant_dtype: sint4
25-12-26 16:42:27 | D |       + group_shape: ((1, 64, 1),)
25-12-26 16:42:27 | D |       + scale_dtype: (None,)
25-12-26 16:42:27 | D |     - Quantizing single_transformer_blocks.5.attn.to_v.weight
25-12-26 16:42:27 | D |       + quant_dtype: sint4
25-12-26 16:42:27 | D |       + group_shape: ((1, 64, 1),)
25-12-26 16:42:27 | D |       + scale_dtype: (None,)
25-12-26 16:42:27 | D |     - Quantizing single_transformer_blocks.5.proj_out.linears.0.weight
25-12-26 16:42:27 | D |       + quant_dtype: sint4
25-12-26 16:42:27 | D |       + group_shape: ((1, 64, 1),)
25-12-26 16:42:27 | D |       + scale_dtype: (None,)
25-12-26 16:42:28 | D |     - Quantizing single_transformer_blocks.5.proj_mlp.weight
25-12-26 16:42:28 | D |       + quant_dtype: sint4
25-12-26 16:42:28 | D |       + group_shape: ((1, 64, 1),)
25-12-26 16:42:28 | D |       + scale_dtype: (None,)
25-12-26 16:42:28 | D |     - Quantizing single_transformer_blocks.5.proj_out.linears.1.linear.weight
25-12-26 16:42:28 | D |       + quant_dtype: sint4
25-12-26 16:42:28 | D |       + group_shape: ((1, 64, 1),)
25-12-26 16:42:28 | D |       + scale_dtype: (None,)
25-12-26 16:42:28 | D |   - Quantizing weights: block single_transformer_blocks.6
25-12-26 16:42:28 | D |     - Quantizing single_transformer_blocks.6.norm.linear.weight
25-12-26 16:42:28 | D |       + quant_dtype: sint4
25-12-26 16:42:28 | D |       + group_shape: ((1, 64, 1),)
25-12-26 16:42:28 | D |       + scale_dtype: (None,)
25-12-26 16:42:28 | D |     - Quantizing single_transformer_blocks.6.attn.to_q.weight
25-12-26 16:42:28 | D |       + quant_dtype: sint4
25-12-26 16:42:28 | D |       + group_shape: ((1, 64, 1),)
25-12-26 16:42:28 | D |       + scale_dtype: (None,)
25-12-26 16:42:28 | D |     - Quantizing single_transformer_blocks.6.attn.to_k.weight
25-12-26 16:42:28 | D |       + quant_dtype: sint4
25-12-26 16:42:28 | D |       + group_shape: ((1, 64, 1),)
25-12-26 16:42:28 | D |       + scale_dtype: (None,)
25-12-26 16:42:29 | D |     - Quantizing single_transformer_blocks.6.attn.to_v.weight
25-12-26 16:42:29 | D |       + quant_dtype: sint4
25-12-26 16:42:29 | D |       + group_shape: ((1, 64, 1),)
25-12-26 16:42:29 | D |       + scale_dtype: (None,)
25-12-26 16:42:29 | D |     - Quantizing single_transformer_blocks.6.proj_out.linears.0.weight
25-12-26 16:42:29 | D |       + quant_dtype: sint4
25-12-26 16:42:29 | D |       + group_shape: ((1, 64, 1),)
25-12-26 16:42:29 | D |       + scale_dtype: (None,)
25-12-26 16:42:29 | D |     - Quantizing single_transformer_blocks.6.proj_mlp.weight
25-12-26 16:42:29 | D |       + quant_dtype: sint4
25-12-26 16:42:29 | D |       + group_shape: ((1, 64, 1),)
25-12-26 16:42:29 | D |       + scale_dtype: (None,)
25-12-26 16:42:29 | D |     - Quantizing single_transformer_blocks.6.proj_out.linears.1.linear.weight
25-12-26 16:42:29 | D |       + quant_dtype: sint4
25-12-26 16:42:29 | D |       + group_shape: ((1, 64, 1),)
25-12-26 16:42:29 | D |       + scale_dtype: (None,)
25-12-26 16:42:29 | D |   - Quantizing weights: block single_transformer_blocks.7
25-12-26 16:42:29 | D |     - Quantizing single_transformer_blocks.7.norm.linear.weight
25-12-26 16:42:29 | D |       + quant_dtype: sint4
25-12-26 16:42:29 | D |       + group_shape: ((1, 64, 1),)
25-12-26 16:42:29 | D |       + scale_dtype: (None,)
25-12-26 16:42:30 | D |     - Quantizing single_transformer_blocks.7.attn.to_q.weight
25-12-26 16:42:30 | D |       + quant_dtype: sint4
25-12-26 16:42:30 | D |       + group_shape: ((1, 64, 1),)
25-12-26 16:42:30 | D |       + scale_dtype: (None,)
25-12-26 16:42:30 | D |     - Quantizing single_transformer_blocks.7.attn.to_k.weight
25-12-26 16:42:30 | D |       + quant_dtype: sint4
25-12-26 16:42:30 | D |       + group_shape: ((1, 64, 1),)
25-12-26 16:42:30 | D |       + scale_dtype: (None,)
25-12-26 16:42:30 | D |     - Quantizing single_transformer_blocks.7.attn.to_v.weight
25-12-26 16:42:30 | D |       + quant_dtype: sint4
25-12-26 16:42:30 | D |       + group_shape: ((1, 64, 1),)
25-12-26 16:42:30 | D |       + scale_dtype: (None,)
25-12-26 16:42:30 | D |     - Quantizing single_transformer_blocks.7.proj_out.linears.0.weight
25-12-26 16:42:30 | D |       + quant_dtype: sint4
25-12-26 16:42:30 | D |       + group_shape: ((1, 64, 1),)
25-12-26 16:42:30 | D |       + scale_dtype: (None,)
25-12-26 16:42:31 | D |     - Quantizing single_transformer_blocks.7.proj_mlp.weight
25-12-26 16:42:31 | D |       + quant_dtype: sint4
25-12-26 16:42:31 | D |       + group_shape: ((1, 64, 1),)
25-12-26 16:42:31 | D |       + scale_dtype: (None,)
25-12-26 16:42:31 | D |     - Quantizing single_transformer_blocks.7.proj_out.linears.1.linear.weight
25-12-26 16:42:31 | D |       + quant_dtype: sint4
25-12-26 16:42:31 | D |       + group_shape: ((1, 64, 1),)
25-12-26 16:42:31 | D |       + scale_dtype: (None,)
25-12-26 16:42:31 | D |   - Quantizing weights: block single_transformer_blocks.8
25-12-26 16:42:31 | D |     - Quantizing single_transformer_blocks.8.norm.linear.weight
25-12-26 16:42:31 | D |       + quant_dtype: sint4
25-12-26 16:42:31 | D |       + group_shape: ((1, 64, 1),)
25-12-26 16:42:31 | D |       + scale_dtype: (None,)
25-12-26 16:42:31 | D |     - Quantizing single_transformer_blocks.8.attn.to_q.weight
25-12-26 16:42:31 | D |       + quant_dtype: sint4
25-12-26 16:42:31 | D |       + group_shape: ((1, 64, 1),)
25-12-26 16:42:31 | D |       + scale_dtype: (None,)
25-12-26 16:42:31 | D |     - Quantizing single_transformer_blocks.8.attn.to_k.weight
25-12-26 16:42:31 | D |       + quant_dtype: sint4
25-12-26 16:42:31 | D |       + group_shape: ((1, 64, 1),)
25-12-26 16:42:31 | D |       + scale_dtype: (None,)
25-12-26 16:42:32 | D |     - Quantizing single_transformer_blocks.8.attn.to_v.weight
25-12-26 16:42:32 | D |       + quant_dtype: sint4
25-12-26 16:42:32 | D |       + group_shape: ((1, 64, 1),)
25-12-26 16:42:32 | D |       + scale_dtype: (None,)
25-12-26 16:42:32 | D |     - Quantizing single_transformer_blocks.8.proj_out.linears.0.weight
25-12-26 16:42:32 | D |       + quant_dtype: sint4
25-12-26 16:42:32 | D |       + group_shape: ((1, 64, 1),)
25-12-26 16:42:32 | D |       + scale_dtype: (None,)
25-12-26 16:42:32 | D |     - Quantizing single_transformer_blocks.8.proj_mlp.weight
25-12-26 16:42:32 | D |       + quant_dtype: sint4
25-12-26 16:42:32 | D |       + group_shape: ((1, 64, 1),)
25-12-26 16:42:32 | D |       + scale_dtype: (None,)
25-12-26 16:42:32 | D |     - Quantizing single_transformer_blocks.8.proj_out.linears.1.linear.weight
25-12-26 16:42:32 | D |       + quant_dtype: sint4
25-12-26 16:42:32 | D |       + group_shape: ((1, 64, 1),)
25-12-26 16:42:32 | D |       + scale_dtype: (None,)
25-12-26 16:42:32 | D |   - Quantizing weights: block single_transformer_blocks.9
25-12-26 16:42:32 | D |     - Quantizing single_transformer_blocks.9.norm.linear.weight
25-12-26 16:42:32 | D |       + quant_dtype: sint4
25-12-26 16:42:32 | D |       + group_shape: ((1, 64, 1),)
25-12-26 16:42:32 | D |       + scale_dtype: (None,)
25-12-26 16:42:33 | D |     - Quantizing single_transformer_blocks.9.attn.to_q.weight
25-12-26 16:42:33 | D |       + quant_dtype: sint4
25-12-26 16:42:33 | D |       + group_shape: ((1, 64, 1),)
25-12-26 16:42:33 | D |       + scale_dtype: (None,)
25-12-26 16:42:33 | D |     - Quantizing single_transformer_blocks.9.attn.to_k.weight
25-12-26 16:42:33 | D |       + quant_dtype: sint4
25-12-26 16:42:33 | D |       + group_shape: ((1, 64, 1),)
25-12-26 16:42:33 | D |       + scale_dtype: (None,)
25-12-26 16:42:33 | D |     - Quantizing single_transformer_blocks.9.attn.to_v.weight
25-12-26 16:42:33 | D |       + quant_dtype: sint4
25-12-26 16:42:33 | D |       + group_shape: ((1, 64, 1),)
25-12-26 16:42:33 | D |       + scale_dtype: (None,)
25-12-26 16:42:33 | D |     - Quantizing single_transformer_blocks.9.proj_out.linears.0.weight
25-12-26 16:42:33 | D |       + quant_dtype: sint4
25-12-26 16:42:33 | D |       + group_shape: ((1, 64, 1),)
25-12-26 16:42:33 | D |       + scale_dtype: (None,)
25-12-26 16:42:34 | D |     - Quantizing single_transformer_blocks.9.proj_mlp.weight
25-12-26 16:42:34 | D |       + quant_dtype: sint4
25-12-26 16:42:34 | D |       + group_shape: ((1, 64, 1),)
25-12-26 16:42:34 | D |       + scale_dtype: (None,)
25-12-26 16:42:34 | D |     - Quantizing single_transformer_blocks.9.proj_out.linears.1.linear.weight
25-12-26 16:42:34 | D |       + quant_dtype: sint4
25-12-26 16:42:34 | D |       + group_shape: ((1, 64, 1),)
25-12-26 16:42:34 | D |       + scale_dtype: (None,)
25-12-26 16:42:34 | D |   - Quantizing weights: block single_transformer_blocks.10
25-12-26 16:42:34 | D |     - Quantizing single_transformer_blocks.10.norm.linear.weight
25-12-26 16:42:34 | D |       + quant_dtype: sint4
25-12-26 16:42:34 | D |       + group_shape: ((1, 64, 1),)
25-12-26 16:42:34 | D |       + scale_dtype: (None,)
25-12-26 16:42:34 | D |     - Quantizing single_transformer_blocks.10.attn.to_q.weight
25-12-26 16:42:34 | D |       + quant_dtype: sint4
25-12-26 16:42:34 | D |       + group_shape: ((1, 64, 1),)
25-12-26 16:42:34 | D |       + scale_dtype: (None,)
25-12-26 16:42:35 | D |     - Quantizing single_transformer_blocks.10.attn.to_k.weight
25-12-26 16:42:35 | D |       + quant_dtype: sint4
25-12-26 16:42:35 | D |       + group_shape: ((1, 64, 1),)
25-12-26 16:42:35 | D |       + scale_dtype: (None,)
25-12-26 16:42:35 | D |     - Quantizing single_transformer_blocks.10.attn.to_v.weight
25-12-26 16:42:35 | D |       + quant_dtype: sint4
25-12-26 16:42:35 | D |       + group_shape: ((1, 64, 1),)
25-12-26 16:42:35 | D |       + scale_dtype: (None,)
25-12-26 16:42:35 | D |     - Quantizing single_transformer_blocks.10.proj_out.linears.0.weight
25-12-26 16:42:35 | D |       + quant_dtype: sint4
25-12-26 16:42:35 | D |       + group_shape: ((1, 64, 1),)
25-12-26 16:42:35 | D |       + scale_dtype: (None,)
25-12-26 16:42:35 | D |     - Quantizing single_transformer_blocks.10.proj_mlp.weight
25-12-26 16:42:35 | D |       + quant_dtype: sint4
25-12-26 16:42:35 | D |       + group_shape: ((1, 64, 1),)
25-12-26 16:42:35 | D |       + scale_dtype: (None,)
25-12-26 16:42:35 | D |     - Quantizing single_transformer_blocks.10.proj_out.linears.1.linear.weight
25-12-26 16:42:36 | D |       + quant_dtype: sint4
25-12-26 16:42:36 | D |       + group_shape: ((1, 64, 1),)
25-12-26 16:42:36 | D |       + scale_dtype: (None,)
25-12-26 16:42:36 | D |   - Quantizing weights: block single_transformer_blocks.11
25-12-26 16:42:36 | D |     - Quantizing single_transformer_blocks.11.norm.linear.weight
25-12-26 16:42:36 | D |       + quant_dtype: sint4
25-12-26 16:42:36 | D |       + group_shape: ((1, 64, 1),)
25-12-26 16:42:36 | D |       + scale_dtype: (None,)
25-12-26 16:42:36 | D |     - Quantizing single_transformer_blocks.11.attn.to_q.weight
25-12-26 16:42:36 | D |       + quant_dtype: sint4
25-12-26 16:42:36 | D |       + group_shape: ((1, 64, 1),)
25-12-26 16:42:36 | D |       + scale_dtype: (None,)
25-12-26 16:42:36 | D |     - Quantizing single_transformer_blocks.11.attn.to_k.weight
25-12-26 16:42:36 | D |       + quant_dtype: sint4
25-12-26 16:42:36 | D |       + group_shape: ((1, 64, 1),)
25-12-26 16:42:36 | D |       + scale_dtype: (None,)
25-12-26 16:42:36 | D |     - Quantizing single_transformer_blocks.11.attn.to_v.weight
25-12-26 16:42:36 | D |       + quant_dtype: sint4
25-12-26 16:42:36 | D |       + group_shape: ((1, 64, 1),)
25-12-26 16:42:36 | D |       + scale_dtype: (None,)
25-12-26 16:42:37 | D |     - Quantizing single_transformer_blocks.11.proj_out.linears.0.weight
25-12-26 16:42:37 | D |       + quant_dtype: sint4
25-12-26 16:42:37 | D |       + group_shape: ((1, 64, 1),)
25-12-26 16:42:37 | D |       + scale_dtype: (None,)
25-12-26 16:42:37 | D |     - Quantizing single_transformer_blocks.11.proj_mlp.weight
25-12-26 16:42:37 | D |       + quant_dtype: sint4
25-12-26 16:42:37 | D |       + group_shape: ((1, 64, 1),)
25-12-26 16:42:37 | D |       + scale_dtype: (None,)
25-12-26 16:42:37 | D |     - Quantizing single_transformer_blocks.11.proj_out.linears.1.linear.weight
25-12-26 16:42:37 | D |       + quant_dtype: sint4
25-12-26 16:42:37 | D |       + group_shape: ((1, 64, 1),)
25-12-26 16:42:37 | D |       + scale_dtype: (None,)
25-12-26 16:42:37 | D |   - Quantizing weights: block single_transformer_blocks.12
25-12-26 16:42:37 | D |     - Quantizing single_transformer_blocks.12.norm.linear.weight
25-12-26 16:42:37 | D |       + quant_dtype: sint4
25-12-26 16:42:37 | D |       + group_shape: ((1, 64, 1),)
25-12-26 16:42:37 | D |       + scale_dtype: (None,)
25-12-26 16:42:38 | D |     - Quantizing single_transformer_blocks.12.attn.to_q.weight
25-12-26 16:42:38 | D |       + quant_dtype: sint4
25-12-26 16:42:38 | D |       + group_shape: ((1, 64, 1),)
25-12-26 16:42:38 | D |       + scale_dtype: (None,)
25-12-26 16:42:38 | D |     - Quantizing single_transformer_blocks.12.attn.to_k.weight
25-12-26 16:42:38 | D |       + quant_dtype: sint4
25-12-26 16:42:38 | D |       + group_shape: ((1, 64, 1),)
25-12-26 16:42:38 | D |       + scale_dtype: (None,)
25-12-26 16:42:38 | D |     - Quantizing single_transformer_blocks.12.attn.to_v.weight
25-12-26 16:42:38 | D |       + quant_dtype: sint4
25-12-26 16:42:38 | D |       + group_shape: ((1, 64, 1),)
25-12-26 16:42:38 | D |       + scale_dtype: (None,)
25-12-26 16:42:38 | D |     - Quantizing single_transformer_blocks.12.proj_out.linears.0.weight
25-12-26 16:42:38 | D |       + quant_dtype: sint4
25-12-26 16:42:38 | D |       + group_shape: ((1, 64, 1),)
25-12-26 16:42:38 | D |       + scale_dtype: (None,)
25-12-26 16:42:39 | D |     - Quantizing single_transformer_blocks.12.proj_mlp.weight
25-12-26 16:42:39 | D |       + quant_dtype: sint4
25-12-26 16:42:39 | D |       + group_shape: ((1, 64, 1),)
25-12-26 16:42:39 | D |       + scale_dtype: (None,)
25-12-26 16:42:39 | D |     - Quantizing single_transformer_blocks.12.proj_out.linears.1.linear.weight
25-12-26 16:42:39 | D |       + quant_dtype: sint4
25-12-26 16:42:39 | D |       + group_shape: ((1, 64, 1),)
25-12-26 16:42:39 | D |       + scale_dtype: (None,)
25-12-26 16:42:39 | D |   - Quantizing weights: block single_transformer_blocks.13
25-12-26 16:42:39 | D |     - Quantizing single_transformer_blocks.13.norm.linear.weight
25-12-26 16:42:39 | D |       + quant_dtype: sint4
25-12-26 16:42:39 | D |       + group_shape: ((1, 64, 1),)
25-12-26 16:42:39 | D |       + scale_dtype: (None,)
25-12-26 16:42:39 | D |     - Quantizing single_transformer_blocks.13.attn.to_q.weight
25-12-26 16:42:39 | D |       + quant_dtype: sint4
25-12-26 16:42:39 | D |       + group_shape: ((1, 64, 1),)
25-12-26 16:42:39 | D |       + scale_dtype: (None,)
25-12-26 16:42:39 | D |     - Quantizing single_transformer_blocks.13.attn.to_k.weight
25-12-26 16:42:39 | D |       + quant_dtype: sint4
25-12-26 16:42:39 | D |       + group_shape: ((1, 64, 1),)
25-12-26 16:42:39 | D |       + scale_dtype: (None,)
25-12-26 16:42:40 | D |     - Quantizing single_transformer_blocks.13.attn.to_v.weight
25-12-26 16:42:40 | D |       + quant_dtype: sint4
25-12-26 16:42:40 | D |       + group_shape: ((1, 64, 1),)
25-12-26 16:42:40 | D |       + scale_dtype: (None,)
25-12-26 16:42:40 | D |     - Quantizing single_transformer_blocks.13.proj_out.linears.0.weight
25-12-26 16:42:40 | D |       + quant_dtype: sint4
25-12-26 16:42:40 | D |       + group_shape: ((1, 64, 1),)
25-12-26 16:42:40 | D |       + scale_dtype: (None,)
25-12-26 16:42:40 | D |     - Quantizing single_transformer_blocks.13.proj_mlp.weight
25-12-26 16:42:40 | D |       + quant_dtype: sint4
25-12-26 16:42:40 | D |       + group_shape: ((1, 64, 1),)
25-12-26 16:42:40 | D |       + scale_dtype: (None,)
25-12-26 16:42:40 | D |     - Quantizing single_transformer_blocks.13.proj_out.linears.1.linear.weight
25-12-26 16:42:40 | D |       + quant_dtype: sint4
25-12-26 16:42:40 | D |       + group_shape: ((1, 64, 1),)
25-12-26 16:42:40 | D |       + scale_dtype: (None,)
25-12-26 16:42:40 | D |   - Quantizing weights: block single_transformer_blocks.14
25-12-26 16:42:40 | D |     - Quantizing single_transformer_blocks.14.norm.linear.weight
25-12-26 16:42:40 | D |       + quant_dtype: sint4
25-12-26 16:42:40 | D |       + group_shape: ((1, 64, 1),)
25-12-26 16:42:40 | D |       + scale_dtype: (None,)
25-12-26 16:42:41 | D |     - Quantizing single_transformer_blocks.14.attn.to_q.weight
25-12-26 16:42:41 | D |       + quant_dtype: sint4
25-12-26 16:42:41 | D |       + group_shape: ((1, 64, 1),)
25-12-26 16:42:41 | D |       + scale_dtype: (None,)
25-12-26 16:42:41 | D |     - Quantizing single_transformer_blocks.14.attn.to_k.weight
25-12-26 16:42:41 | D |       + quant_dtype: sint4
25-12-26 16:42:41 | D |       + group_shape: ((1, 64, 1),)
25-12-26 16:42:41 | D |       + scale_dtype: (None,)
25-12-26 16:42:41 | D |     - Quantizing single_transformer_blocks.14.attn.to_v.weight
25-12-26 16:42:41 | D |       + quant_dtype: sint4
25-12-26 16:42:41 | D |       + group_shape: ((1, 64, 1),)
25-12-26 16:42:41 | D |       + scale_dtype: (None,)
25-12-26 16:42:41 | D |     - Quantizing single_transformer_blocks.14.proj_out.linears.0.weight
25-12-26 16:42:41 | D |       + quant_dtype: sint4
25-12-26 16:42:41 | D |       + group_shape: ((1, 64, 1),)
25-12-26 16:42:41 | D |       + scale_dtype: (None,)
25-12-26 16:42:41 | D |     - Quantizing single_transformer_blocks.14.proj_mlp.weight
25-12-26 16:42:41 | D |       + quant_dtype: sint4
25-12-26 16:42:41 | D |       + group_shape: ((1, 64, 1),)
25-12-26 16:42:41 | D |       + scale_dtype: (None,)
25-12-26 16:42:42 | D |     - Quantizing single_transformer_blocks.14.proj_out.linears.1.linear.weight
25-12-26 16:42:42 | D |       + quant_dtype: sint4
25-12-26 16:42:42 | D |       + group_shape: ((1, 64, 1),)
25-12-26 16:42:42 | D |       + scale_dtype: (None,)
25-12-26 16:42:42 | D |   - Quantizing weights: block single_transformer_blocks.15
25-12-26 16:42:42 | D |     - Quantizing single_transformer_blocks.15.norm.linear.weight
25-12-26 16:42:42 | D |       + quant_dtype: sint4
25-12-26 16:42:42 | D |       + group_shape: ((1, 64, 1),)
25-12-26 16:42:42 | D |       + scale_dtype: (None,)
25-12-26 16:42:42 | D |     - Quantizing single_transformer_blocks.15.attn.to_q.weight
25-12-26 16:42:42 | D |       + quant_dtype: sint4
25-12-26 16:42:42 | D |       + group_shape: ((1, 64, 1),)
25-12-26 16:42:42 | D |       + scale_dtype: (None,)
25-12-26 16:42:42 | D |     - Quantizing single_transformer_blocks.15.attn.to_k.weight
25-12-26 16:42:42 | D |       + quant_dtype: sint4
25-12-26 16:42:42 | D |       + group_shape: ((1, 64, 1),)
25-12-26 16:42:42 | D |       + scale_dtype: (None,)
25-12-26 16:42:43 | D |     - Quantizing single_transformer_blocks.15.attn.to_v.weight
25-12-26 16:42:43 | D |       + quant_dtype: sint4
25-12-26 16:42:43 | D |       + group_shape: ((1, 64, 1),)
25-12-26 16:42:43 | D |       + scale_dtype: (None,)
25-12-26 16:42:43 | D |     - Quantizing single_transformer_blocks.15.proj_out.linears.0.weight
25-12-26 16:42:43 | D |       + quant_dtype: sint4
25-12-26 16:42:43 | D |       + group_shape: ((1, 64, 1),)
25-12-26 16:42:43 | D |       + scale_dtype: (None,)
25-12-26 16:42:43 | D |     - Quantizing single_transformer_blocks.15.proj_mlp.weight
25-12-26 16:42:43 | D |       + quant_dtype: sint4
25-12-26 16:42:43 | D |       + group_shape: ((1, 64, 1),)
25-12-26 16:42:43 | D |       + scale_dtype: (None,)
25-12-26 16:42:43 | D |     - Quantizing single_transformer_blocks.15.proj_out.linears.1.linear.weight
25-12-26 16:42:43 | D |       + quant_dtype: sint4
25-12-26 16:42:43 | D |       + group_shape: ((1, 64, 1),)
25-12-26 16:42:43 | D |       + scale_dtype: (None,)
25-12-26 16:42:43 | D |   - Quantizing weights: block single_transformer_blocks.16
25-12-26 16:42:43 | D |     - Quantizing single_transformer_blocks.16.norm.linear.weight
25-12-26 16:42:43 | D |       + quant_dtype: sint4
25-12-26 16:42:43 | D |       + group_shape: ((1, 64, 1),)
25-12-26 16:42:43 | D |       + scale_dtype: (None,)
25-12-26 16:42:44 | D |     - Quantizing single_transformer_blocks.16.attn.to_q.weight
25-12-26 16:42:44 | D |       + quant_dtype: sint4
25-12-26 16:42:44 | D |       + group_shape: ((1, 64, 1),)
25-12-26 16:42:44 | D |       + scale_dtype: (None,)
25-12-26 16:42:44 | D |     - Quantizing single_transformer_blocks.16.attn.to_k.weight
25-12-26 16:42:44 | D |       + quant_dtype: sint4
25-12-26 16:42:44 | D |       + group_shape: ((1, 64, 1),)
25-12-26 16:42:44 | D |       + scale_dtype: (None,)
25-12-26 16:42:44 | D |     - Quantizing single_transformer_blocks.16.attn.to_v.weight
25-12-26 16:42:44 | D |       + quant_dtype: sint4
25-12-26 16:42:44 | D |       + group_shape: ((1, 64, 1),)
25-12-26 16:42:44 | D |       + scale_dtype: (None,)
25-12-26 16:42:44 | D |     - Quantizing single_transformer_blocks.16.proj_out.linears.0.weight
25-12-26 16:42:44 | D |       + quant_dtype: sint4
25-12-26 16:42:44 | D |       + group_shape: ((1, 64, 1),)
25-12-26 16:42:44 | D |       + scale_dtype: (None,)
25-12-26 16:42:44 | D |     - Quantizing single_transformer_blocks.16.proj_mlp.weight
25-12-26 16:42:44 | D |       + quant_dtype: sint4
25-12-26 16:42:44 | D |       + group_shape: ((1, 64, 1),)
25-12-26 16:42:44 | D |       + scale_dtype: (None,)
25-12-26 16:42:45 | D |     - Quantizing single_transformer_blocks.16.proj_out.linears.1.linear.weight
25-12-26 16:42:45 | D |       + quant_dtype: sint4
25-12-26 16:42:45 | D |       + group_shape: ((1, 64, 1),)
25-12-26 16:42:45 | D |       + scale_dtype: (None,)
25-12-26 16:42:45 | D |   - Quantizing weights: block single_transformer_blocks.17
25-12-26 16:42:45 | D |     - Quantizing single_transformer_blocks.17.norm.linear.weight
25-12-26 16:42:45 | D |       + quant_dtype: sint4
25-12-26 16:42:45 | D |       + group_shape: ((1, 64, 1),)
25-12-26 16:42:45 | D |       + scale_dtype: (None,)
25-12-26 16:42:45 | D |     - Quantizing single_transformer_blocks.17.attn.to_q.weight
25-12-26 16:42:45 | D |       + quant_dtype: sint4
25-12-26 16:42:45 | D |       + group_shape: ((1, 64, 1),)
25-12-26 16:42:45 | D |       + scale_dtype: (None,)
25-12-26 16:42:45 | D |     - Quantizing single_transformer_blocks.17.attn.to_k.weight
25-12-26 16:42:45 | D |       + quant_dtype: sint4
25-12-26 16:42:45 | D |       + group_shape: ((1, 64, 1),)
25-12-26 16:42:45 | D |       + scale_dtype: (None,)
25-12-26 16:42:45 | D |     - Quantizing single_transformer_blocks.17.attn.to_v.weight
25-12-26 16:42:45 | D |       + quant_dtype: sint4
25-12-26 16:42:45 | D |       + group_shape: ((1, 64, 1),)
25-12-26 16:42:45 | D |       + scale_dtype: (None,)
25-12-26 16:42:46 | D |     - Quantizing single_transformer_blocks.17.proj_out.linears.0.weight
25-12-26 16:42:46 | D |       + quant_dtype: sint4
25-12-26 16:42:46 | D |       + group_shape: ((1, 64, 1),)
25-12-26 16:42:46 | D |       + scale_dtype: (None,)
25-12-26 16:42:46 | D |     - Quantizing single_transformer_blocks.17.proj_mlp.weight
25-12-26 16:42:46 | D |       + quant_dtype: sint4
25-12-26 16:42:46 | D |       + group_shape: ((1, 64, 1),)
25-12-26 16:42:46 | D |       + scale_dtype: (None,)
25-12-26 16:42:46 | D |     - Quantizing single_transformer_blocks.17.proj_out.linears.1.linear.weight
25-12-26 16:42:46 | D |       + quant_dtype: sint4
25-12-26 16:42:46 | D |       + group_shape: ((1, 64, 1),)
25-12-26 16:42:46 | D |       + scale_dtype: (None,)
25-12-26 16:42:46 | D |   - Quantizing weights: block single_transformer_blocks.18
25-12-26 16:42:46 | D |     - Quantizing single_transformer_blocks.18.norm.linear.weight
25-12-26 16:42:46 | D |       + quant_dtype: sint4
25-12-26 16:42:46 | D |       + group_shape: ((1, 64, 1),)
25-12-26 16:42:46 | D |       + scale_dtype: (None,)
25-12-26 16:42:46 | D |     - Quantizing single_transformer_blocks.18.attn.to_q.weight
25-12-26 16:42:46 | D |       + quant_dtype: sint4
25-12-26 16:42:46 | D |       + group_shape: ((1, 64, 1),)
25-12-26 16:42:46 | D |       + scale_dtype: (None,)
25-12-26 16:42:47 | D |     - Quantizing single_transformer_blocks.18.attn.to_k.weight
25-12-26 16:42:47 | D |       + quant_dtype: sint4
25-12-26 16:42:47 | D |       + group_shape: ((1, 64, 1),)
25-12-26 16:42:47 | D |       + scale_dtype: (None,)
25-12-26 16:42:47 | D |     - Quantizing single_transformer_blocks.18.attn.to_v.weight
25-12-26 16:42:47 | D |       + quant_dtype: sint4
25-12-26 16:42:47 | D |       + group_shape: ((1, 64, 1),)
25-12-26 16:42:47 | D |       + scale_dtype: (None,)
25-12-26 16:42:47 | D |     - Quantizing single_transformer_blocks.18.proj_out.linears.0.weight
25-12-26 16:42:47 | D |       + quant_dtype: sint4
25-12-26 16:42:47 | D |       + group_shape: ((1, 64, 1),)
25-12-26 16:42:47 | D |       + scale_dtype: (None,)
25-12-26 16:42:47 | D |     - Quantizing single_transformer_blocks.18.proj_mlp.weight
25-12-26 16:42:47 | D |       + quant_dtype: sint4
25-12-26 16:42:47 | D |       + group_shape: ((1, 64, 1),)
25-12-26 16:42:47 | D |       + scale_dtype: (None,)
25-12-26 16:42:47 | D |     - Quantizing single_transformer_blocks.18.proj_out.linears.1.linear.weight
25-12-26 16:42:47 | D |       + quant_dtype: sint4
25-12-26 16:42:47 | D |       + group_shape: ((1, 64, 1),)
25-12-26 16:42:47 | D |       + scale_dtype: (None,)
25-12-26 16:42:48 | D |   - Quantizing weights: block single_transformer_blocks.19
25-12-26 16:42:48 | D |     - Quantizing single_transformer_blocks.19.norm.linear.weight
25-12-26 16:42:48 | D |       + quant_dtype: sint4
25-12-26 16:42:48 | D |       + group_shape: ((1, 64, 1),)
25-12-26 16:42:48 | D |       + scale_dtype: (None,)
25-12-26 16:42:48 | D |     - Quantizing single_transformer_blocks.19.attn.to_q.weight
25-12-26 16:42:48 | D |       + quant_dtype: sint4
25-12-26 16:42:48 | D |       + group_shape: ((1, 64, 1),)
25-12-26 16:42:48 | D |       + scale_dtype: (None,)
25-12-26 16:42:48 | D |     - Quantizing single_transformer_blocks.19.attn.to_k.weight
25-12-26 16:42:48 | D |       + quant_dtype: sint4
25-12-26 16:42:48 | D |       + group_shape: ((1, 64, 1),)
25-12-26 16:42:48 | D |       + scale_dtype: (None,)
25-12-26 16:42:48 | D |     - Quantizing single_transformer_blocks.19.attn.to_v.weight
25-12-26 16:42:48 | D |       + quant_dtype: sint4
25-12-26 16:42:48 | D |       + group_shape: ((1, 64, 1),)
25-12-26 16:42:48 | D |       + scale_dtype: (None,)
25-12-26 16:42:48 | D |     - Quantizing single_transformer_blocks.19.proj_out.linears.0.weight
25-12-26 16:42:48 | D |       + quant_dtype: sint4
25-12-26 16:42:48 | D |       + group_shape: ((1, 64, 1),)
25-12-26 16:42:48 | D |       + scale_dtype: (None,)
25-12-26 16:42:49 | D |     - Quantizing single_transformer_blocks.19.proj_mlp.weight
25-12-26 16:42:49 | D |       + quant_dtype: sint4
25-12-26 16:42:49 | D |       + group_shape: ((1, 64, 1),)
25-12-26 16:42:49 | D |       + scale_dtype: (None,)
25-12-26 16:42:49 | D |     - Quantizing single_transformer_blocks.19.proj_out.linears.1.linear.weight
25-12-26 16:42:49 | D |       + quant_dtype: sint4
25-12-26 16:42:49 | D |       + group_shape: ((1, 64, 1),)
25-12-26 16:42:49 | D |       + scale_dtype: (None,)
25-12-26 16:42:49 | D |   - Quantizing weights: block single_transformer_blocks.20
25-12-26 16:42:49 | D |     - Quantizing single_transformer_blocks.20.norm.linear.weight
25-12-26 16:42:49 | D |       + quant_dtype: sint4
25-12-26 16:42:49 | D |       + group_shape: ((1, 64, 1),)
25-12-26 16:42:49 | D |       + scale_dtype: (None,)
25-12-26 16:42:49 | D |     - Quantizing single_transformer_blocks.20.attn.to_q.weight
25-12-26 16:42:49 | D |       + quant_dtype: sint4
25-12-26 16:42:49 | D |       + group_shape: ((1, 64, 1),)
25-12-26 16:42:49 | D |       + scale_dtype: (None,)
25-12-26 16:42:50 | D |     - Quantizing single_transformer_blocks.20.attn.to_k.weight
25-12-26 16:42:50 | D |       + quant_dtype: sint4
25-12-26 16:42:50 | D |       + group_shape: ((1, 64, 1),)
25-12-26 16:42:50 | D |       + scale_dtype: (None,)
25-12-26 16:42:50 | D |     - Quantizing single_transformer_blocks.20.attn.to_v.weight
25-12-26 16:42:50 | D |       + quant_dtype: sint4
25-12-26 16:42:50 | D |       + group_shape: ((1, 64, 1),)
25-12-26 16:42:50 | D |       + scale_dtype: (None,)
25-12-26 16:42:50 | D |     - Quantizing single_transformer_blocks.20.proj_out.linears.0.weight
25-12-26 16:42:50 | D |       + quant_dtype: sint4
25-12-26 16:42:50 | D |       + group_shape: ((1, 64, 1),)
25-12-26 16:42:50 | D |       + scale_dtype: (None,)
25-12-26 16:42:50 | D |     - Quantizing single_transformer_blocks.20.proj_mlp.weight
25-12-26 16:42:50 | D |       + quant_dtype: sint4
25-12-26 16:42:50 | D |       + group_shape: ((1, 64, 1),)
25-12-26 16:42:50 | D |       + scale_dtype: (None,)
25-12-26 16:42:50 | D |     - Quantizing single_transformer_blocks.20.proj_out.linears.1.linear.weight
25-12-26 16:42:50 | D |       + quant_dtype: sint4
25-12-26 16:42:50 | D |       + group_shape: ((1, 64, 1),)
25-12-26 16:42:50 | D |       + scale_dtype: (None,)
25-12-26 16:42:51 | D |   - Quantizing weights: block single_transformer_blocks.21
25-12-26 16:42:51 | D |     - Quantizing single_transformer_blocks.21.norm.linear.weight
25-12-26 16:42:51 | D |       + quant_dtype: sint4
25-12-26 16:42:51 | D |       + group_shape: ((1, 64, 1),)
25-12-26 16:42:51 | D |       + scale_dtype: (None,)
25-12-26 16:42:51 | D |     - Quantizing single_transformer_blocks.21.attn.to_q.weight
25-12-26 16:42:51 | D |       + quant_dtype: sint4
25-12-26 16:42:51 | D |       + group_shape: ((1, 64, 1),)
25-12-26 16:42:51 | D |       + scale_dtype: (None,)
25-12-26 16:42:51 | D |     - Quantizing single_transformer_blocks.21.attn.to_k.weight
25-12-26 16:42:51 | D |       + quant_dtype: sint4
25-12-26 16:42:51 | D |       + group_shape: ((1, 64, 1),)
25-12-26 16:42:51 | D |       + scale_dtype: (None,)
25-12-26 16:42:51 | D |     - Quantizing single_transformer_blocks.21.attn.to_v.weight
25-12-26 16:42:51 | D |       + quant_dtype: sint4
25-12-26 16:42:51 | D |       + group_shape: ((1, 64, 1),)
25-12-26 16:42:51 | D |       + scale_dtype: (None,)
25-12-26 16:42:51 | D |     - Quantizing single_transformer_blocks.21.proj_out.linears.0.weight
25-12-26 16:42:51 | D |       + quant_dtype: sint4
25-12-26 16:42:51 | D |       + group_shape: ((1, 64, 1),)
25-12-26 16:42:51 | D |       + scale_dtype: (None,)
25-12-26 16:42:52 | D |     - Quantizing single_transformer_blocks.21.proj_mlp.weight
25-12-26 16:42:52 | D |       + quant_dtype: sint4
25-12-26 16:42:52 | D |       + group_shape: ((1, 64, 1),)
25-12-26 16:42:52 | D |       + scale_dtype: (None,)
25-12-26 16:42:52 | D |     - Quantizing single_transformer_blocks.21.proj_out.linears.1.linear.weight
25-12-26 16:42:52 | D |       + quant_dtype: sint4
25-12-26 16:42:52 | D |       + group_shape: ((1, 64, 1),)
25-12-26 16:42:52 | D |       + scale_dtype: (None,)
25-12-26 16:42:52 | D |   - Quantizing weights: block single_transformer_blocks.22
25-12-26 16:42:52 | D |     - Quantizing single_transformer_blocks.22.norm.linear.weight
25-12-26 16:42:52 | D |       + quant_dtype: sint4
25-12-26 16:42:52 | D |       + group_shape: ((1, 64, 1),)
25-12-26 16:42:52 | D |       + scale_dtype: (None,)
25-12-26 16:42:52 | D |     - Quantizing single_transformer_blocks.22.attn.to_q.weight
25-12-26 16:42:52 | D |       + quant_dtype: sint4
25-12-26 16:42:52 | D |       + group_shape: ((1, 64, 1),)
25-12-26 16:42:52 | D |       + scale_dtype: (None,)
25-12-26 16:42:52 | D |     - Quantizing single_transformer_blocks.22.attn.to_k.weight
25-12-26 16:42:52 | D |       + quant_dtype: sint4
25-12-26 16:42:52 | D |       + group_shape: ((1, 64, 1),)
25-12-26 16:42:52 | D |       + scale_dtype: (None,)
25-12-26 16:42:53 | D |     - Quantizing single_transformer_blocks.22.attn.to_v.weight
25-12-26 16:42:53 | D |       + quant_dtype: sint4
25-12-26 16:42:53 | D |       + group_shape: ((1, 64, 1),)
25-12-26 16:42:53 | D |       + scale_dtype: (None,)
25-12-26 16:42:53 | D |     - Quantizing single_transformer_blocks.22.proj_out.linears.0.weight
25-12-26 16:42:53 | D |       + quant_dtype: sint4
25-12-26 16:42:53 | D |       + group_shape: ((1, 64, 1),)
25-12-26 16:42:53 | D |       + scale_dtype: (None,)
25-12-26 16:42:53 | D |     - Quantizing single_transformer_blocks.22.proj_mlp.weight
25-12-26 16:42:53 | D |       + quant_dtype: sint4
25-12-26 16:42:53 | D |       + group_shape: ((1, 64, 1),)
25-12-26 16:42:53 | D |       + scale_dtype: (None,)
25-12-26 16:42:53 | D |     - Quantizing single_transformer_blocks.22.proj_out.linears.1.linear.weight
25-12-26 16:42:53 | D |       + quant_dtype: sint4
25-12-26 16:42:53 | D |       + group_shape: ((1, 64, 1),)
25-12-26 16:42:53 | D |       + scale_dtype: (None,)
25-12-26 16:42:53 | D |   - Quantizing weights: block single_transformer_blocks.23
25-12-26 16:42:53 | D |     - Quantizing single_transformer_blocks.23.norm.linear.weight
25-12-26 16:42:53 | D |       + quant_dtype: sint4
25-12-26 16:42:53 | D |       + group_shape: ((1, 64, 1),)
25-12-26 16:42:53 | D |       + scale_dtype: (None,)
25-12-26 16:42:54 | D |     - Quantizing single_transformer_blocks.23.attn.to_q.weight
25-12-26 16:42:54 | D |       + quant_dtype: sint4
25-12-26 16:42:54 | D |       + group_shape: ((1, 64, 1),)
25-12-26 16:42:54 | D |       + scale_dtype: (None,)
25-12-26 16:42:54 | D |     - Quantizing single_transformer_blocks.23.attn.to_k.weight
25-12-26 16:42:54 | D |       + quant_dtype: sint4
25-12-26 16:42:54 | D |       + group_shape: ((1, 64, 1),)
25-12-26 16:42:54 | D |       + scale_dtype: (None,)
25-12-26 16:42:54 | D |     - Quantizing single_transformer_blocks.23.attn.to_v.weight
25-12-26 16:42:54 | D |       + quant_dtype: sint4
25-12-26 16:42:54 | D |       + group_shape: ((1, 64, 1),)
25-12-26 16:42:54 | D |       + scale_dtype: (None,)
25-12-26 16:42:54 | D |     - Quantizing single_transformer_blocks.23.proj_out.linears.0.weight
25-12-26 16:42:54 | D |       + quant_dtype: sint4
25-12-26 16:42:54 | D |       + group_shape: ((1, 64, 1),)
25-12-26 16:42:54 | D |       + scale_dtype: (None,)
25-12-26 16:42:55 | D |     - Quantizing single_transformer_blocks.23.proj_mlp.weight
25-12-26 16:42:55 | D |       + quant_dtype: sint4
25-12-26 16:42:55 | D |       + group_shape: ((1, 64, 1),)
25-12-26 16:42:55 | D |       + scale_dtype: (None,)
25-12-26 16:42:55 | D |     - Quantizing single_transformer_blocks.23.proj_out.linears.1.linear.weight
25-12-26 16:42:55 | D |       + quant_dtype: sint4
25-12-26 16:42:55 | D |       + group_shape: ((1, 64, 1),)
25-12-26 16:42:55 | D |       + scale_dtype: (None,)
25-12-26 16:42:55 | D |   - Quantizing weights: block single_transformer_blocks.24
25-12-26 16:42:55 | D |     - Quantizing single_transformer_blocks.24.norm.linear.weight
25-12-26 16:42:55 | D |       + quant_dtype: sint4
25-12-26 16:42:55 | D |       + group_shape: ((1, 64, 1),)
25-12-26 16:42:55 | D |       + scale_dtype: (None,)
25-12-26 16:42:55 | D |     - Quantizing single_transformer_blocks.24.attn.to_q.weight
25-12-26 16:42:55 | D |       + quant_dtype: sint4
25-12-26 16:42:55 | D |       + group_shape: ((1, 64, 1),)
25-12-26 16:42:55 | D |       + scale_dtype: (None,)
25-12-26 16:42:55 | D |     - Quantizing single_transformer_blocks.24.attn.to_k.weight
25-12-26 16:42:55 | D |       + quant_dtype: sint4
25-12-26 16:42:55 | D |       + group_shape: ((1, 64, 1),)
25-12-26 16:42:55 | D |       + scale_dtype: (None,)
25-12-26 16:42:56 | D |     - Quantizing single_transformer_blocks.24.attn.to_v.weight
25-12-26 16:42:56 | D |       + quant_dtype: sint4
25-12-26 16:42:56 | D |       + group_shape: ((1, 64, 1),)
25-12-26 16:42:56 | D |       + scale_dtype: (None,)
25-12-26 16:42:56 | D |     - Quantizing single_transformer_blocks.24.proj_out.linears.0.weight
25-12-26 16:42:56 | D |       + quant_dtype: sint4
25-12-26 16:42:56 | D |       + group_shape: ((1, 64, 1),)
25-12-26 16:42:56 | D |       + scale_dtype: (None,)
25-12-26 16:42:56 | D |     - Quantizing single_transformer_blocks.24.proj_mlp.weight
25-12-26 16:42:56 | D |       + quant_dtype: sint4
25-12-26 16:42:56 | D |       + group_shape: ((1, 64, 1),)
25-12-26 16:42:56 | D |       + scale_dtype: (None,)
25-12-26 16:42:56 | D |     - Quantizing single_transformer_blocks.24.proj_out.linears.1.linear.weight
25-12-26 16:42:56 | D |       + quant_dtype: sint4
25-12-26 16:42:56 | D |       + group_shape: ((1, 64, 1),)
25-12-26 16:42:56 | D |       + scale_dtype: (None,)
25-12-26 16:42:56 | D |   - Quantizing weights: block single_transformer_blocks.25
25-12-26 16:42:56 | D |     - Quantizing single_transformer_blocks.25.norm.linear.weight
25-12-26 16:42:56 | D |       + quant_dtype: sint4
25-12-26 16:42:56 | D |       + group_shape: ((1, 64, 1),)
25-12-26 16:42:56 | D |       + scale_dtype: (None,)
25-12-26 16:42:57 | D |     - Quantizing single_transformer_blocks.25.attn.to_q.weight
25-12-26 16:42:57 | D |       + quant_dtype: sint4
25-12-26 16:42:57 | D |       + group_shape: ((1, 64, 1),)
25-12-26 16:42:57 | D |       + scale_dtype: (None,)
25-12-26 16:42:57 | D |     - Quantizing single_transformer_blocks.25.attn.to_k.weight
25-12-26 16:42:57 | D |       + quant_dtype: sint4
25-12-26 16:42:57 | D |       + group_shape: ((1, 64, 1),)
25-12-26 16:42:57 | D |       + scale_dtype: (None,)
25-12-26 16:42:57 | D |     - Quantizing single_transformer_blocks.25.attn.to_v.weight
25-12-26 16:42:57 | D |       + quant_dtype: sint4
25-12-26 16:42:57 | D |       + group_shape: ((1, 64, 1),)
25-12-26 16:42:57 | D |       + scale_dtype: (None,)
25-12-26 16:42:57 | D |     - Quantizing single_transformer_blocks.25.proj_out.linears.0.weight
25-12-26 16:42:57 | D |       + quant_dtype: sint4
25-12-26 16:42:57 | D |       + group_shape: ((1, 64, 1),)
25-12-26 16:42:57 | D |       + scale_dtype: (None,)
25-12-26 16:42:57 | D |     - Quantizing single_transformer_blocks.25.proj_mlp.weight
25-12-26 16:42:57 | D |       + quant_dtype: sint4
25-12-26 16:42:57 | D |       + group_shape: ((1, 64, 1),)
25-12-26 16:42:57 | D |       + scale_dtype: (None,)
25-12-26 16:42:58 | D |     - Quantizing single_transformer_blocks.25.proj_out.linears.1.linear.weight
25-12-26 16:42:58 | D |       + quant_dtype: sint4
25-12-26 16:42:58 | D |       + group_shape: ((1, 64, 1),)
25-12-26 16:42:58 | D |       + scale_dtype: (None,)
25-12-26 16:42:58 | D |   - Quantizing weights: block single_transformer_blocks.26
25-12-26 16:42:58 | D |     - Quantizing single_transformer_blocks.26.norm.linear.weight
25-12-26 16:42:58 | D |       + quant_dtype: sint4
25-12-26 16:42:58 | D |       + group_shape: ((1, 64, 1),)
25-12-26 16:42:58 | D |       + scale_dtype: (None,)
25-12-26 16:42:58 | D |     - Quantizing single_transformer_blocks.26.attn.to_q.weight
25-12-26 16:42:58 | D |       + quant_dtype: sint4
25-12-26 16:42:58 | D |       + group_shape: ((1, 64, 1),)
25-12-26 16:42:58 | D |       + scale_dtype: (None,)
25-12-26 16:42:58 | D |     - Quantizing single_transformer_blocks.26.attn.to_k.weight
25-12-26 16:42:58 | D |       + quant_dtype: sint4
25-12-26 16:42:58 | D |       + group_shape: ((1, 64, 1),)
25-12-26 16:42:58 | D |       + scale_dtype: (None,)
25-12-26 16:42:58 | D |     - Quantizing single_transformer_blocks.26.attn.to_v.weight
25-12-26 16:42:58 | D |       + quant_dtype: sint4
25-12-26 16:42:58 | D |       + group_shape: ((1, 64, 1),)
25-12-26 16:42:58 | D |       + scale_dtype: (None,)
25-12-26 16:42:59 | D |     - Quantizing single_transformer_blocks.26.proj_out.linears.0.weight
25-12-26 16:42:59 | D |       + quant_dtype: sint4
25-12-26 16:42:59 | D |       + group_shape: ((1, 64, 1),)
25-12-26 16:42:59 | D |       + scale_dtype: (None,)
25-12-26 16:42:59 | D |     - Quantizing single_transformer_blocks.26.proj_mlp.weight
25-12-26 16:42:59 | D |       + quant_dtype: sint4
25-12-26 16:42:59 | D |       + group_shape: ((1, 64, 1),)
25-12-26 16:42:59 | D |       + scale_dtype: (None,)
25-12-26 16:42:59 | D |     - Quantizing single_transformer_blocks.26.proj_out.linears.1.linear.weight
25-12-26 16:42:59 | D |       + quant_dtype: sint4
25-12-26 16:42:59 | D |       + group_shape: ((1, 64, 1),)
25-12-26 16:42:59 | D |       + scale_dtype: (None,)
25-12-26 16:42:59 | D |   - Quantizing weights: block single_transformer_blocks.27
25-12-26 16:42:59 | D |     - Quantizing single_transformer_blocks.27.norm.linear.weight
25-12-26 16:42:59 | D |       + quant_dtype: sint4
25-12-26 16:42:59 | D |       + group_shape: ((1, 64, 1),)
25-12-26 16:42:59 | D |       + scale_dtype: (None,)
25-12-26 16:42:59 | D |     - Quantizing single_transformer_blocks.27.attn.to_q.weight
25-12-26 16:42:59 | D |       + quant_dtype: sint4
25-12-26 16:42:59 | D |       + group_shape: ((1, 64, 1),)
25-12-26 16:42:59 | D |       + scale_dtype: (None,)
25-12-26 16:43:00 | D |     - Quantizing single_transformer_blocks.27.attn.to_k.weight
25-12-26 16:43:00 | D |       + quant_dtype: sint4
25-12-26 16:43:00 | D |       + group_shape: ((1, 64, 1),)
25-12-26 16:43:00 | D |       + scale_dtype: (None,)
25-12-26 16:43:00 | D |     - Quantizing single_transformer_blocks.27.attn.to_v.weight
25-12-26 16:43:00 | D |       + quant_dtype: sint4
25-12-26 16:43:00 | D |       + group_shape: ((1, 64, 1),)
25-12-26 16:43:00 | D |       + scale_dtype: (None,)
25-12-26 16:43:00 | D |     - Quantizing single_transformer_blocks.27.proj_out.linears.0.weight
25-12-26 16:43:00 | D |       + quant_dtype: sint4
25-12-26 16:43:00 | D |       + group_shape: ((1, 64, 1),)
25-12-26 16:43:00 | D |       + scale_dtype: (None,)
25-12-26 16:43:00 | D |     - Quantizing single_transformer_blocks.27.proj_mlp.weight
25-12-26 16:43:00 | D |       + quant_dtype: sint4
25-12-26 16:43:00 | D |       + group_shape: ((1, 64, 1),)
25-12-26 16:43:00 | D |       + scale_dtype: (None,)
25-12-26 16:43:00 | D |     - Quantizing single_transformer_blocks.27.proj_out.linears.1.linear.weight
25-12-26 16:43:00 | D |       + quant_dtype: sint4
25-12-26 16:43:00 | D |       + group_shape: ((1, 64, 1),)
25-12-26 16:43:00 | D |       + scale_dtype: (None,)
25-12-26 16:43:01 | D |   - Quantizing weights: block single_transformer_blocks.28
25-12-26 16:43:01 | D |     - Quantizing single_transformer_blocks.28.norm.linear.weight
25-12-26 16:43:01 | D |       + quant_dtype: sint4
25-12-26 16:43:01 | D |       + group_shape: ((1, 64, 1),)
25-12-26 16:43:01 | D |       + scale_dtype: (None,)
25-12-26 16:43:01 | D |     - Quantizing single_transformer_blocks.28.attn.to_q.weight
25-12-26 16:43:01 | D |       + quant_dtype: sint4
25-12-26 16:43:01 | D |       + group_shape: ((1, 64, 1),)
25-12-26 16:43:01 | D |       + scale_dtype: (None,)
25-12-26 16:43:01 | D |     - Quantizing single_transformer_blocks.28.attn.to_k.weight
25-12-26 16:43:01 | D |       + quant_dtype: sint4
25-12-26 16:43:01 | D |       + group_shape: ((1, 64, 1),)
25-12-26 16:43:01 | D |       + scale_dtype: (None,)
25-12-26 16:43:01 | D |     - Quantizing single_transformer_blocks.28.attn.to_v.weight
25-12-26 16:43:01 | D |       + quant_dtype: sint4
25-12-26 16:43:01 | D |       + group_shape: ((1, 64, 1),)
25-12-26 16:43:01 | D |       + scale_dtype: (None,)
25-12-26 16:43:02 | D |     - Quantizing single_transformer_blocks.28.proj_out.linears.0.weight
25-12-26 16:43:02 | D |       + quant_dtype: sint4
25-12-26 16:43:02 | D |       + group_shape: ((1, 64, 1),)
25-12-26 16:43:02 | D |       + scale_dtype: (None,)
25-12-26 16:43:02 | D |     - Quantizing single_transformer_blocks.28.proj_mlp.weight
25-12-26 16:43:02 | D |       + quant_dtype: sint4
25-12-26 16:43:02 | D |       + group_shape: ((1, 64, 1),)
25-12-26 16:43:02 | D |       + scale_dtype: (None,)
25-12-26 16:43:02 | D |     - Quantizing single_transformer_blocks.28.proj_out.linears.1.linear.weight
25-12-26 16:43:02 | D |       + quant_dtype: sint4
25-12-26 16:43:02 | D |       + group_shape: ((1, 64, 1),)
25-12-26 16:43:02 | D |       + scale_dtype: (None,)
25-12-26 16:43:02 | D |   - Quantizing weights: block single_transformer_blocks.29
25-12-26 16:43:02 | D |     - Quantizing single_transformer_blocks.29.norm.linear.weight
25-12-26 16:43:02 | D |       + quant_dtype: sint4
25-12-26 16:43:02 | D |       + group_shape: ((1, 64, 1),)
25-12-26 16:43:02 | D |       + scale_dtype: (None,)
25-12-26 16:43:02 | D |     - Quantizing single_transformer_blocks.29.attn.to_q.weight
25-12-26 16:43:02 | D |       + quant_dtype: sint4
25-12-26 16:43:02 | D |       + group_shape: ((1, 64, 1),)
25-12-26 16:43:02 | D |       + scale_dtype: (None,)
25-12-26 16:43:03 | D |     - Quantizing single_transformer_blocks.29.attn.to_k.weight
25-12-26 16:43:03 | D |       + quant_dtype: sint4
25-12-26 16:43:03 | D |       + group_shape: ((1, 64, 1),)
25-12-26 16:43:03 | D |       + scale_dtype: (None,)
25-12-26 16:43:03 | D |     - Quantizing single_transformer_blocks.29.attn.to_v.weight
25-12-26 16:43:03 | D |       + quant_dtype: sint4
25-12-26 16:43:03 | D |       + group_shape: ((1, 64, 1),)
25-12-26 16:43:03 | D |       + scale_dtype: (None,)
25-12-26 16:43:03 | D |     - Quantizing single_transformer_blocks.29.proj_out.linears.0.weight
25-12-26 16:43:03 | D |       + quant_dtype: sint4
25-12-26 16:43:03 | D |       + group_shape: ((1, 64, 1),)
25-12-26 16:43:03 | D |       + scale_dtype: (None,)
25-12-26 16:43:03 | D |     - Quantizing single_transformer_blocks.29.proj_mlp.weight
25-12-26 16:43:03 | D |       + quant_dtype: sint4
25-12-26 16:43:03 | D |       + group_shape: ((1, 64, 1),)
25-12-26 16:43:03 | D |       + scale_dtype: (None,)
25-12-26 16:43:03 | D |     - Quantizing single_transformer_blocks.29.proj_out.linears.1.linear.weight
25-12-26 16:43:03 | D |       + quant_dtype: sint4
25-12-26 16:43:03 | D |       + group_shape: ((1, 64, 1),)
25-12-26 16:43:03 | D |       + scale_dtype: (None,)
25-12-26 16:43:04 | D |   - Quantizing weights: block single_transformer_blocks.30
25-12-26 16:43:04 | D |     - Quantizing single_transformer_blocks.30.norm.linear.weight
25-12-26 16:43:04 | D |       + quant_dtype: sint4
25-12-26 16:43:04 | D |       + group_shape: ((1, 64, 1),)
25-12-26 16:43:04 | D |       + scale_dtype: (None,)
25-12-26 16:43:04 | D |     - Quantizing single_transformer_blocks.30.attn.to_q.weight
25-12-26 16:43:04 | D |       + quant_dtype: sint4
25-12-26 16:43:04 | D |       + group_shape: ((1, 64, 1),)
25-12-26 16:43:04 | D |       + scale_dtype: (None,)
25-12-26 16:43:04 | D |     - Quantizing single_transformer_blocks.30.attn.to_k.weight
25-12-26 16:43:04 | D |       + quant_dtype: sint4
25-12-26 16:43:04 | D |       + group_shape: ((1, 64, 1),)
25-12-26 16:43:04 | D |       + scale_dtype: (None,)
25-12-26 16:43:04 | D |     - Quantizing single_transformer_blocks.30.attn.to_v.weight
25-12-26 16:43:04 | D |       + quant_dtype: sint4
25-12-26 16:43:04 | D |       + group_shape: ((1, 64, 1),)
25-12-26 16:43:04 | D |       + scale_dtype: (None,)
25-12-26 16:43:04 | D |     - Quantizing single_transformer_blocks.30.proj_out.linears.0.weight
25-12-26 16:43:04 | D |       + quant_dtype: sint4
25-12-26 16:43:04 | D |       + group_shape: ((1, 64, 1),)
25-12-26 16:43:04 | D |       + scale_dtype: (None,)
25-12-26 16:43:05 | D |     - Quantizing single_transformer_blocks.30.proj_mlp.weight
25-12-26 16:43:05 | D |       + quant_dtype: sint4
25-12-26 16:43:05 | D |       + group_shape: ((1, 64, 1),)
25-12-26 16:43:05 | D |       + scale_dtype: (None,)
25-12-26 16:43:05 | D |     - Quantizing single_transformer_blocks.30.proj_out.linears.1.linear.weight
25-12-26 16:43:05 | D |       + quant_dtype: sint4
25-12-26 16:43:05 | D |       + group_shape: ((1, 64, 1),)
25-12-26 16:43:05 | D |       + scale_dtype: (None,)
25-12-26 16:43:05 | D |   - Quantizing weights: block single_transformer_blocks.31
25-12-26 16:43:05 | D |     - Quantizing single_transformer_blocks.31.norm.linear.weight
25-12-26 16:43:05 | D |       + quant_dtype: sint4
25-12-26 16:43:05 | D |       + group_shape: ((1, 64, 1),)
25-12-26 16:43:05 | D |       + scale_dtype: (None,)
25-12-26 16:43:05 | D |     - Quantizing single_transformer_blocks.31.attn.to_q.weight
25-12-26 16:43:05 | D |       + quant_dtype: sint4
25-12-26 16:43:05 | D |       + group_shape: ((1, 64, 1),)
25-12-26 16:43:05 | D |       + scale_dtype: (None,)
25-12-26 16:43:05 | D |     - Quantizing single_transformer_blocks.31.attn.to_k.weight
25-12-26 16:43:05 | D |       + quant_dtype: sint4
25-12-26 16:43:05 | D |       + group_shape: ((1, 64, 1),)
25-12-26 16:43:05 | D |       + scale_dtype: (None,)
25-12-26 16:43:06 | D |     - Quantizing single_transformer_blocks.31.attn.to_v.weight
25-12-26 16:43:06 | D |       + quant_dtype: sint4
25-12-26 16:43:06 | D |       + group_shape: ((1, 64, 1),)
25-12-26 16:43:06 | D |       + scale_dtype: (None,)
25-12-26 16:43:06 | D |     - Quantizing single_transformer_blocks.31.proj_out.linears.0.weight
25-12-26 16:43:06 | D |       + quant_dtype: sint4
25-12-26 16:43:06 | D |       + group_shape: ((1, 64, 1),)
25-12-26 16:43:06 | D |       + scale_dtype: (None,)
25-12-26 16:43:06 | D |     - Quantizing single_transformer_blocks.31.proj_mlp.weight
25-12-26 16:43:06 | D |       + quant_dtype: sint4
25-12-26 16:43:06 | D |       + group_shape: ((1, 64, 1),)
25-12-26 16:43:06 | D |       + scale_dtype: (None,)
25-12-26 16:43:06 | D |     - Quantizing single_transformer_blocks.31.proj_out.linears.1.linear.weight
25-12-26 16:43:06 | D |       + quant_dtype: sint4
25-12-26 16:43:06 | D |       + group_shape: ((1, 64, 1),)
25-12-26 16:43:06 | D |       + scale_dtype: (None,)
25-12-26 16:43:06 | D |   - Quantizing weights: block single_transformer_blocks.32
25-12-26 16:43:06 | D |     - Quantizing single_transformer_blocks.32.norm.linear.weight
25-12-26 16:43:06 | D |       + quant_dtype: sint4
25-12-26 16:43:06 | D |       + group_shape: ((1, 64, 1),)
25-12-26 16:43:06 | D |       + scale_dtype: (None,)
25-12-26 16:43:07 | D |     - Quantizing single_transformer_blocks.32.attn.to_q.weight
25-12-26 16:43:07 | D |       + quant_dtype: sint4
25-12-26 16:43:07 | D |       + group_shape: ((1, 64, 1),)
25-12-26 16:43:07 | D |       + scale_dtype: (None,)
25-12-26 16:43:07 | D |     - Quantizing single_transformer_blocks.32.attn.to_k.weight
25-12-26 16:43:07 | D |       + quant_dtype: sint4
25-12-26 16:43:07 | D |       + group_shape: ((1, 64, 1),)
25-12-26 16:43:07 | D |       + scale_dtype: (None,)
25-12-26 16:43:07 | D |     - Quantizing single_transformer_blocks.32.attn.to_v.weight
25-12-26 16:43:07 | D |       + quant_dtype: sint4
25-12-26 16:43:07 | D |       + group_shape: ((1, 64, 1),)
25-12-26 16:43:07 | D |       + scale_dtype: (None,)
25-12-26 16:43:07 | D |     - Quantizing single_transformer_blocks.32.proj_out.linears.0.weight
25-12-26 16:43:07 | D |       + quant_dtype: sint4
25-12-26 16:43:07 | D |       + group_shape: ((1, 64, 1),)
25-12-26 16:43:07 | D |       + scale_dtype: (None,)
25-12-26 16:43:08 | D |     - Quantizing single_transformer_blocks.32.proj_mlp.weight
25-12-26 16:43:08 | D |       + quant_dtype: sint4
25-12-26 16:43:08 | D |       + group_shape: ((1, 64, 1),)
25-12-26 16:43:08 | D |       + scale_dtype: (None,)
25-12-26 16:43:08 | D |     - Quantizing single_transformer_blocks.32.proj_out.linears.1.linear.weight
25-12-26 16:43:08 | D |       + quant_dtype: sint4
25-12-26 16:43:08 | D |       + group_shape: ((1, 64, 1),)
25-12-26 16:43:08 | D |       + scale_dtype: (None,)
25-12-26 16:43:08 | D |   - Quantizing weights: block single_transformer_blocks.33
25-12-26 16:43:08 | D |     - Quantizing single_transformer_blocks.33.norm.linear.weight
25-12-26 16:43:08 | D |       + quant_dtype: sint4
25-12-26 16:43:08 | D |       + group_shape: ((1, 64, 1),)
25-12-26 16:43:08 | D |       + scale_dtype: (None,)
25-12-26 16:43:08 | D |     - Quantizing single_transformer_blocks.33.attn.to_q.weight
25-12-26 16:43:08 | D |       + quant_dtype: sint4
25-12-26 16:43:08 | D |       + group_shape: ((1, 64, 1),)
25-12-26 16:43:08 | D |       + scale_dtype: (None,)
25-12-26 16:43:08 | D |     - Quantizing single_transformer_blocks.33.attn.to_k.weight
25-12-26 16:43:08 | D |       + quant_dtype: sint4
25-12-26 16:43:08 | D |       + group_shape: ((1, 64, 1),)
25-12-26 16:43:08 | D |       + scale_dtype: (None,)
25-12-26 16:43:09 | D |     - Quantizing single_transformer_blocks.33.attn.to_v.weight
25-12-26 16:43:09 | D |       + quant_dtype: sint4
25-12-26 16:43:09 | D |       + group_shape: ((1, 64, 1),)
25-12-26 16:43:09 | D |       + scale_dtype: (None,)
25-12-26 16:43:09 | D |     - Quantizing single_transformer_blocks.33.proj_out.linears.0.weight
25-12-26 16:43:09 | D |       + quant_dtype: sint4
25-12-26 16:43:09 | D |       + group_shape: ((1, 64, 1),)
25-12-26 16:43:09 | D |       + scale_dtype: (None,)
25-12-26 16:43:09 | D |     - Quantizing single_transformer_blocks.33.proj_mlp.weight
25-12-26 16:43:09 | D |       + quant_dtype: sint4
25-12-26 16:43:09 | D |       + group_shape: ((1, 64, 1),)
25-12-26 16:43:09 | D |       + scale_dtype: (None,)
25-12-26 16:43:09 | D |     - Quantizing single_transformer_blocks.33.proj_out.linears.1.linear.weight
25-12-26 16:43:09 | D |       + quant_dtype: sint4
25-12-26 16:43:09 | D |       + group_shape: ((1, 64, 1),)
25-12-26 16:43:09 | D |       + scale_dtype: (None,)
25-12-26 16:43:10 | D |   - Quantizing weights: block single_transformer_blocks.34
25-12-26 16:43:10 | D |     - Quantizing single_transformer_blocks.34.norm.linear.weight
25-12-26 16:43:10 | D |       + quant_dtype: sint4
25-12-26 16:43:10 | D |       + group_shape: ((1, 64, 1),)
25-12-26 16:43:10 | D |       + scale_dtype: (None,)
25-12-26 16:43:10 | D |     - Quantizing single_transformer_blocks.34.attn.to_q.weight
25-12-26 16:43:10 | D |       + quant_dtype: sint4
25-12-26 16:43:10 | D |       + group_shape: ((1, 64, 1),)
25-12-26 16:43:10 | D |       + scale_dtype: (None,)
25-12-26 16:43:10 | D |     - Quantizing single_transformer_blocks.34.attn.to_k.weight
25-12-26 16:43:10 | D |       + quant_dtype: sint4
25-12-26 16:43:10 | D |       + group_shape: ((1, 64, 1),)
25-12-26 16:43:10 | D |       + scale_dtype: (None,)
25-12-26 16:43:10 | D |     - Quantizing single_transformer_blocks.34.attn.to_v.weight
25-12-26 16:43:10 | D |       + quant_dtype: sint4
25-12-26 16:43:10 | D |       + group_shape: ((1, 64, 1),)
25-12-26 16:43:10 | D |       + scale_dtype: (None,)
25-12-26 16:43:10 | D |     - Quantizing single_transformer_blocks.34.proj_out.linears.0.weight
25-12-26 16:43:10 | D |       + quant_dtype: sint4
25-12-26 16:43:10 | D |       + group_shape: ((1, 64, 1),)
25-12-26 16:43:10 | D |       + scale_dtype: (None,)
25-12-26 16:43:11 | D |     - Quantizing single_transformer_blocks.34.proj_mlp.weight
25-12-26 16:43:11 | D |       + quant_dtype: sint4
25-12-26 16:43:11 | D |       + group_shape: ((1, 64, 1),)
25-12-26 16:43:11 | D |       + scale_dtype: (None,)
25-12-26 16:43:11 | D |     - Quantizing single_transformer_blocks.34.proj_out.linears.1.linear.weight
25-12-26 16:43:11 | D |       + quant_dtype: sint4
25-12-26 16:43:11 | D |       + group_shape: ((1, 64, 1),)
25-12-26 16:43:11 | D |       + scale_dtype: (None,)
25-12-26 16:43:11 | D |   - Quantizing weights: block single_transformer_blocks.35
25-12-26 16:43:11 | D |     - Quantizing single_transformer_blocks.35.norm.linear.weight
25-12-26 16:43:11 | D |       + quant_dtype: sint4
25-12-26 16:43:11 | D |       + group_shape: ((1, 64, 1),)
25-12-26 16:43:11 | D |       + scale_dtype: (None,)
25-12-26 16:43:11 | D |     - Quantizing single_transformer_blocks.35.attn.to_q.weight
25-12-26 16:43:11 | D |       + quant_dtype: sint4
25-12-26 16:43:11 | D |       + group_shape: ((1, 64, 1),)
25-12-26 16:43:11 | D |       + scale_dtype: (None,)
25-12-26 16:43:11 | D |     - Quantizing single_transformer_blocks.35.attn.to_k.weight
25-12-26 16:43:11 | D |       + quant_dtype: sint4
25-12-26 16:43:11 | D |       + group_shape: ((1, 64, 1),)
25-12-26 16:43:11 | D |       + scale_dtype: (None,)
25-12-26 16:43:12 | D |     - Quantizing single_transformer_blocks.35.attn.to_v.weight
25-12-26 16:43:12 | D |       + quant_dtype: sint4
25-12-26 16:43:12 | D |       + group_shape: ((1, 64, 1),)
25-12-26 16:43:12 | D |       + scale_dtype: (None,)
25-12-26 16:43:12 | D |     - Quantizing single_transformer_blocks.35.proj_out.linears.0.weight
25-12-26 16:43:12 | D |       + quant_dtype: sint4
25-12-26 16:43:12 | D |       + group_shape: ((1, 64, 1),)
25-12-26 16:43:12 | D |       + scale_dtype: (None,)
25-12-26 16:43:12 | D |     - Quantizing single_transformer_blocks.35.proj_mlp.weight
25-12-26 16:43:12 | D |       + quant_dtype: sint4
25-12-26 16:43:12 | D |       + group_shape: ((1, 64, 1),)
25-12-26 16:43:12 | D |       + scale_dtype: (None,)
25-12-26 16:43:12 | D |     - Quantizing single_transformer_blocks.35.proj_out.linears.1.linear.weight
25-12-26 16:43:12 | D |       + quant_dtype: sint4
25-12-26 16:43:12 | D |       + group_shape: ((1, 64, 1),)
25-12-26 16:43:12 | D |       + scale_dtype: (None,)
25-12-26 16:43:13 | D |   - Quantizing weights: block single_transformer_blocks.36
25-12-26 16:43:13 | D |     - Quantizing single_transformer_blocks.36.norm.linear.weight
25-12-26 16:43:13 | D |       + quant_dtype: sint4
25-12-26 16:43:13 | D |       + group_shape: ((1, 64, 1),)
25-12-26 16:43:13 | D |       + scale_dtype: (None,)
25-12-26 16:43:13 | D |     - Quantizing single_transformer_blocks.36.attn.to_q.weight
25-12-26 16:43:13 | D |       + quant_dtype: sint4
25-12-26 16:43:13 | D |       + group_shape: ((1, 64, 1),)
25-12-26 16:43:13 | D |       + scale_dtype: (None,)
25-12-26 16:43:13 | D |     - Quantizing single_transformer_blocks.36.attn.to_k.weight
25-12-26 16:43:13 | D |       + quant_dtype: sint4
25-12-26 16:43:13 | D |       + group_shape: ((1, 64, 1),)
25-12-26 16:43:13 | D |       + scale_dtype: (None,)
25-12-26 16:43:13 | D |     - Quantizing single_transformer_blocks.36.attn.to_v.weight
25-12-26 16:43:13 | D |       + quant_dtype: sint4
25-12-26 16:43:13 | D |       + group_shape: ((1, 64, 1),)
25-12-26 16:43:13 | D |       + scale_dtype: (None,)
25-12-26 16:43:13 | D |     - Quantizing single_transformer_blocks.36.proj_out.linears.0.weight
25-12-26 16:43:13 | D |       + quant_dtype: sint4
25-12-26 16:43:13 | D |       + group_shape: ((1, 64, 1),)
25-12-26 16:43:13 | D |       + scale_dtype: (None,)
25-12-26 16:43:13 | D |     - Quantizing single_transformer_blocks.36.proj_mlp.weight
25-12-26 16:43:13 | D |       + quant_dtype: sint4
25-12-26 16:43:13 | D |       + group_shape: ((1, 64, 1),)
25-12-26 16:43:13 | D |       + scale_dtype: (None,)
25-12-26 16:43:14 | D |     - Quantizing single_transformer_blocks.36.proj_out.linears.1.linear.weight
25-12-26 16:43:14 | D |       + quant_dtype: sint4
25-12-26 16:43:14 | D |       + group_shape: ((1, 64, 1),)
25-12-26 16:43:14 | D |       + scale_dtype: (None,)
25-12-26 16:43:14 | D |   - Quantizing weights: block single_transformer_blocks.37
25-12-26 16:43:14 | D |     - Quantizing single_transformer_blocks.37.norm.linear.weight
25-12-26 16:43:14 | D |       + quant_dtype: sint4
25-12-26 16:43:14 | D |       + group_shape: ((1, 64, 1),)
25-12-26 16:43:14 | D |       + scale_dtype: (None,)
25-12-26 16:43:14 | D |     - Quantizing single_transformer_blocks.37.attn.to_q.weight
25-12-26 16:43:14 | D |       + quant_dtype: sint4
25-12-26 16:43:14 | D |       + group_shape: ((1, 64, 1),)
25-12-26 16:43:14 | D |       + scale_dtype: (None,)
25-12-26 16:43:14 | D |     - Quantizing single_transformer_blocks.37.attn.to_k.weight
25-12-26 16:43:14 | D |       + quant_dtype: sint4
25-12-26 16:43:14 | D |       + group_shape: ((1, 64, 1),)
25-12-26 16:43:14 | D |       + scale_dtype: (None,)
25-12-26 16:43:14 | D |     - Quantizing single_transformer_blocks.37.attn.to_v.weight
25-12-26 16:43:14 | D |       + quant_dtype: sint4
25-12-26 16:43:14 | D |       + group_shape: ((1, 64, 1),)
25-12-26 16:43:14 | D |       + scale_dtype: (None,)
25-12-26 16:43:15 | D |     - Quantizing single_transformer_blocks.37.proj_out.linears.0.weight
25-12-26 16:43:15 | D |       + quant_dtype: sint4
25-12-26 16:43:15 | D |       + group_shape: ((1, 64, 1),)
25-12-26 16:43:15 | D |       + scale_dtype: (None,)
25-12-26 16:43:15 | D |     - Quantizing single_transformer_blocks.37.proj_mlp.weight
25-12-26 16:43:15 | D |       + quant_dtype: sint4
25-12-26 16:43:15 | D |       + group_shape: ((1, 64, 1),)
25-12-26 16:43:15 | D |       + scale_dtype: (None,)
25-12-26 16:43:15 | D |     - Quantizing single_transformer_blocks.37.proj_out.linears.1.linear.weight
25-12-26 16:43:15 | D |       + quant_dtype: sint4
25-12-26 16:43:15 | D |       + group_shape: ((1, 64, 1),)
25-12-26 16:43:15 | D |       + scale_dtype: (None,)
25-12-26 16:43:15 | I |   - Saving weight settings to runs/diffusion/flux.1/flux.1-schnell/w.4-x.4-y.16/w.sint4-x.sint4.u-y.bf16/w.v64.bf16-x.v64.bf16-y.tnsr.bf16/smooth.proj-w.static.lowrank/shift-skip.x.[[w]+tan+tn].w.[e+rs+rtp+s+tpi+tpo]-low.r32.i100.e.skip.[rc+tan+tn]-smth.proj.GridSearch.bn2.[AbsMax].lr.skip.[rc+tan+tn]-qdiff.128-t4.g0-s1024.RUNNING/run-251226.163806.RUNNING/model/wgts.pt
25-12-26 16:43:15 | I |   - Linking branch settings to runs/diffusion/flux.1/flux.1-schnell/w.4-x.4-y.16/w.sint4-x.sint4.u-y.bf16/w.v64.bf16-x.v64.bf16-y.tnsr.bf16/smooth.proj-w.static.lowrank/shift-skip.x.[[w]+tan+tn].w.[e+rs+rtp+s+tpi+tpo]-low.r32.i100.e.skip.[rc+tan+tn]-smth.proj.GridSearch.bn2.[AbsMax].lr.skip.[rc+tan+tn]-qdiff.128-t4.g0-s1024.RUNNING/run-251226.163806.RUNNING/model/branch.pt
25-12-26 16:43:15 | I |   - Saving model to runs/diffusion/flux.1/flux.1-schnell/w.4-x.4-y.16/w.sint4-x.sint4.u-y.bf16/w.v64.bf16-x.v64.bf16-y.tnsr.bf16/smooth.proj-w.static.lowrank/shift-skip.x.[[w]+tan+tn].w.[e+rs+rtp+s+tpi+tpo]-low.r32.i100.e.skip.[rc+tan+tn]-smth.proj.GridSearch.bn2.[AbsMax].lr.skip.[rc+tan+tn]-qdiff.128-t4.g0-s1024.RUNNING/run-251226.163806.RUNNING/model
25-12-26 16:43:36 | I |   * Quantizing activations
25-12-26 16:43:36 | I |   - No need to generate/load activation quantizer settings
25-12-26 16:43:36 | D |   - Quantizing layer transformer_blocks.0
25-12-26 16:43:36 | D |     - Calibrating transformer_blocks.0.attn.to_q.input, transformer_blocks.0.attn.to_k.input, transformer_blocks.0.attn.to_v.input
25-12-26 16:43:37 | D |     - Calibrating transformer_blocks.0.attn.add_q_proj.input, transformer_blocks.0.attn.add_k_proj.input, transformer_blocks.0.attn.add_v_proj.input
25-12-26 16:43:37 | D |     - Calibrating transformer_blocks.0.attn.to_out.0.input
25-12-26 16:43:37 | D |     - Calibrating transformer_blocks.0.attn.to_add_out.input
25-12-26 16:43:37 | D |     - Calibrating transformer_blocks.0.ff.net.0.proj.input
25-12-26 16:43:37 | D |     - Calibrating transformer_blocks.0.ff.net.2.linear.input
25-12-26 16:43:38 | D |     - Calibrating transformer_blocks.0.ff_context.net.0.proj.input
25-12-26 16:43:38 | D |     - Calibrating transformer_blocks.0.ff_context.net.2.linear.input
25-12-26 16:43:38 | D |   - Quantizing layer transformer_blocks.1
25-12-26 16:43:38 | D |     - Calibrating transformer_blocks.1.attn.to_q.input, transformer_blocks.1.attn.to_k.input, transformer_blocks.1.attn.to_v.input
25-12-26 16:43:38 | D |     - Calibrating transformer_blocks.1.attn.add_q_proj.input, transformer_blocks.1.attn.add_k_proj.input, transformer_blocks.1.attn.add_v_proj.input
25-12-26 16:43:39 | D |     - Calibrating transformer_blocks.1.attn.to_out.0.input
25-12-26 16:43:39 | D |     - Calibrating transformer_blocks.1.attn.to_add_out.input
25-12-26 16:43:39 | D |     - Calibrating transformer_blocks.1.ff.net.0.proj.input
25-12-26 16:43:39 | D |     - Calibrating transformer_blocks.1.ff.net.2.linear.input
25-12-26 16:43:40 | D |     - Calibrating transformer_blocks.1.ff_context.net.0.proj.input
25-12-26 16:43:40 | D |     - Calibrating transformer_blocks.1.ff_context.net.2.linear.input
25-12-26 16:43:40 | D |   - Quantizing layer transformer_blocks.2
25-12-26 16:43:40 | D |     - Calibrating transformer_blocks.2.attn.to_q.input, transformer_blocks.2.attn.to_k.input, transformer_blocks.2.attn.to_v.input
25-12-26 16:43:40 | D |     - Calibrating transformer_blocks.2.attn.add_q_proj.input, transformer_blocks.2.attn.add_k_proj.input, transformer_blocks.2.attn.add_v_proj.input
25-12-26 16:43:40 | D |     - Calibrating transformer_blocks.2.attn.to_out.0.input
25-12-26 16:43:41 | D |     - Calibrating transformer_blocks.2.attn.to_add_out.input
25-12-26 16:43:41 | D |     - Calibrating transformer_blocks.2.ff.net.0.proj.input
25-12-26 16:43:41 | D |     - Calibrating transformer_blocks.2.ff.net.2.linear.input
25-12-26 16:43:41 | D |     - Calibrating transformer_blocks.2.ff_context.net.0.proj.input
25-12-26 16:43:42 | D |     - Calibrating transformer_blocks.2.ff_context.net.2.linear.input
25-12-26 16:43:42 | D |   - Quantizing layer transformer_blocks.3
25-12-26 16:43:42 | D |     - Calibrating transformer_blocks.3.attn.to_q.input, transformer_blocks.3.attn.to_k.input, transformer_blocks.3.attn.to_v.input
25-12-26 16:43:42 | D |     - Calibrating transformer_blocks.3.attn.add_q_proj.input, transformer_blocks.3.attn.add_k_proj.input, transformer_blocks.3.attn.add_v_proj.input
25-12-26 16:43:42 | D |     - Calibrating transformer_blocks.3.attn.to_out.0.input
25-12-26 16:43:43 | D |     - Calibrating transformer_blocks.3.attn.to_add_out.input
25-12-26 16:43:43 | D |     - Calibrating transformer_blocks.3.ff.net.0.proj.input
25-12-26 16:43:43 | D |     - Calibrating transformer_blocks.3.ff.net.2.linear.input
25-12-26 16:43:43 | D |     - Calibrating transformer_blocks.3.ff_context.net.0.proj.input
25-12-26 16:43:43 | D |     - Calibrating transformer_blocks.3.ff_context.net.2.linear.input
25-12-26 16:43:44 | D |   - Quantizing layer transformer_blocks.4
25-12-26 16:43:44 | D |     - Calibrating transformer_blocks.4.attn.to_q.input, transformer_blocks.4.attn.to_k.input, transformer_blocks.4.attn.to_v.input
25-12-26 16:43:44 | D |     - Calibrating transformer_blocks.4.attn.add_q_proj.input, transformer_blocks.4.attn.add_k_proj.input, transformer_blocks.4.attn.add_v_proj.input
25-12-26 16:43:44 | D |     - Calibrating transformer_blocks.4.attn.to_out.0.input
25-12-26 16:43:44 | D |     - Calibrating transformer_blocks.4.attn.to_add_out.input
25-12-26 16:43:44 | D |     - Calibrating transformer_blocks.4.ff.net.0.proj.input
25-12-26 16:43:44 | D |     - Calibrating transformer_blocks.4.ff.net.2.linear.input
25-12-26 16:43:45 | D |     - Calibrating transformer_blocks.4.ff_context.net.0.proj.input
25-12-26 16:43:45 | D |     - Calibrating transformer_blocks.4.ff_context.net.2.linear.input
25-12-26 16:43:45 | D |   - Quantizing layer transformer_blocks.5
25-12-26 16:43:45 | D |     - Calibrating transformer_blocks.5.attn.to_q.input, transformer_blocks.5.attn.to_k.input, transformer_blocks.5.attn.to_v.input
25-12-26 16:43:45 | D |     - Calibrating transformer_blocks.5.attn.add_q_proj.input, transformer_blocks.5.attn.add_k_proj.input, transformer_blocks.5.attn.add_v_proj.input
25-12-26 16:43:46 | D |     - Calibrating transformer_blocks.5.attn.to_out.0.input
25-12-26 16:43:46 | D |     - Calibrating transformer_blocks.5.attn.to_add_out.input
25-12-26 16:43:46 | D |     - Calibrating transformer_blocks.5.ff.net.0.proj.input
25-12-26 16:43:46 | D |     - Calibrating transformer_blocks.5.ff.net.2.linear.input
25-12-26 16:43:46 | D |     - Calibrating transformer_blocks.5.ff_context.net.0.proj.input
25-12-26 16:43:47 | D |     - Calibrating transformer_blocks.5.ff_context.net.2.linear.input
25-12-26 16:43:47 | D |   - Quantizing layer transformer_blocks.6
25-12-26 16:43:47 | D |     - Calibrating transformer_blocks.6.attn.to_q.input, transformer_blocks.6.attn.to_k.input, transformer_blocks.6.attn.to_v.input
25-12-26 16:43:47 | D |     - Calibrating transformer_blocks.6.attn.add_q_proj.input, transformer_blocks.6.attn.add_k_proj.input, transformer_blocks.6.attn.add_v_proj.input
25-12-26 16:43:47 | D |     - Calibrating transformer_blocks.6.attn.to_out.0.input
25-12-26 16:43:47 | D |     - Calibrating transformer_blocks.6.attn.to_add_out.input
25-12-26 16:43:47 | D |     - Calibrating transformer_blocks.6.ff.net.0.proj.input
25-12-26 16:43:48 | D |     - Calibrating transformer_blocks.6.ff.net.2.linear.input
25-12-26 16:43:48 | D |     - Calibrating transformer_blocks.6.ff_context.net.0.proj.input
25-12-26 16:43:48 | D |     - Calibrating transformer_blocks.6.ff_context.net.2.linear.input
25-12-26 16:43:48 | D |   - Quantizing layer transformer_blocks.7
25-12-26 16:43:48 | D |     - Calibrating transformer_blocks.7.attn.to_q.input, transformer_blocks.7.attn.to_k.input, transformer_blocks.7.attn.to_v.input
25-12-26 16:43:48 | D |     - Calibrating transformer_blocks.7.attn.add_q_proj.input, transformer_blocks.7.attn.add_k_proj.input, transformer_blocks.7.attn.add_v_proj.input
25-12-26 16:43:49 | D |     - Calibrating transformer_blocks.7.attn.to_out.0.input
25-12-26 16:43:49 | D |     - Calibrating transformer_blocks.7.attn.to_add_out.input
25-12-26 16:43:49 | D |     - Calibrating transformer_blocks.7.ff.net.0.proj.input
25-12-26 16:43:49 | D |     - Calibrating transformer_blocks.7.ff.net.2.linear.input
25-12-26 16:43:49 | D |     - Calibrating transformer_blocks.7.ff_context.net.0.proj.input
25-12-26 16:43:50 | D |     - Calibrating transformer_blocks.7.ff_context.net.2.linear.input
25-12-26 16:43:50 | D |   - Quantizing layer transformer_blocks.8
25-12-26 16:43:50 | D |     - Calibrating transformer_blocks.8.attn.to_q.input, transformer_blocks.8.attn.to_k.input, transformer_blocks.8.attn.to_v.input
25-12-26 16:43:50 | D |     - Calibrating transformer_blocks.8.attn.add_q_proj.input, transformer_blocks.8.attn.add_k_proj.input, transformer_blocks.8.attn.add_v_proj.input
25-12-26 16:43:50 | D |     - Calibrating transformer_blocks.8.attn.to_out.0.input
25-12-26 16:43:50 | D |     - Calibrating transformer_blocks.8.attn.to_add_out.input
25-12-26 16:43:50 | D |     - Calibrating transformer_blocks.8.ff.net.0.proj.input
25-12-26 16:43:51 | D |     - Calibrating transformer_blocks.8.ff.net.2.linear.input
25-12-26 16:43:51 | D |     - Calibrating transformer_blocks.8.ff_context.net.0.proj.input
25-12-26 16:43:51 | D |     - Calibrating transformer_blocks.8.ff_context.net.2.linear.input
25-12-26 16:43:51 | D |   - Quantizing layer transformer_blocks.9
25-12-26 16:43:51 | D |     - Calibrating transformer_blocks.9.attn.to_q.input, transformer_blocks.9.attn.to_k.input, transformer_blocks.9.attn.to_v.input
25-12-26 16:43:52 | D |     - Calibrating transformer_blocks.9.attn.add_q_proj.input, transformer_blocks.9.attn.add_k_proj.input, transformer_blocks.9.attn.add_v_proj.input
25-12-26 16:43:52 | D |     - Calibrating transformer_blocks.9.attn.to_out.0.input
25-12-26 16:43:52 | D |     - Calibrating transformer_blocks.9.attn.to_add_out.input
25-12-26 16:43:52 | D |     - Calibrating transformer_blocks.9.ff.net.0.proj.input
25-12-26 16:43:52 | D |     - Calibrating transformer_blocks.9.ff.net.2.linear.input
25-12-26 16:43:53 | D |     - Calibrating transformer_blocks.9.ff_context.net.0.proj.input
25-12-26 16:43:53 | D |     - Calibrating transformer_blocks.9.ff_context.net.2.linear.input
25-12-26 16:43:53 | D |   - Quantizing layer transformer_blocks.10
25-12-26 16:43:53 | D |     - Calibrating transformer_blocks.10.attn.to_q.input, transformer_blocks.10.attn.to_k.input, transformer_blocks.10.attn.to_v.input
25-12-26 16:43:53 | D |     - Calibrating transformer_blocks.10.attn.add_q_proj.input, transformer_blocks.10.attn.add_k_proj.input, transformer_blocks.10.attn.add_v_proj.input
25-12-26 16:43:53 | D |     - Calibrating transformer_blocks.10.attn.to_out.0.input
25-12-26 16:43:54 | D |     - Calibrating transformer_blocks.10.attn.to_add_out.input
25-12-26 16:43:54 | D |     - Calibrating transformer_blocks.10.ff.net.0.proj.input
25-12-26 16:43:54 | D |     - Calibrating transformer_blocks.10.ff.net.2.linear.input
25-12-26 16:43:54 | D |     - Calibrating transformer_blocks.10.ff_context.net.0.proj.input
25-12-26 16:43:54 | D |     - Calibrating transformer_blocks.10.ff_context.net.2.linear.input
25-12-26 16:43:55 | D |   - Quantizing layer transformer_blocks.11
25-12-26 16:43:55 | D |     - Calibrating transformer_blocks.11.attn.to_q.input, transformer_blocks.11.attn.to_k.input, transformer_blocks.11.attn.to_v.input
25-12-26 16:43:55 | D |     - Calibrating transformer_blocks.11.attn.add_q_proj.input, transformer_blocks.11.attn.add_k_proj.input, transformer_blocks.11.attn.add_v_proj.input
25-12-26 16:43:55 | D |     - Calibrating transformer_blocks.11.attn.to_out.0.input
25-12-26 16:43:55 | D |     - Calibrating transformer_blocks.11.attn.to_add_out.input
25-12-26 16:43:56 | D |     - Calibrating transformer_blocks.11.ff.net.0.proj.input
25-12-26 16:43:56 | D |     - Calibrating transformer_blocks.11.ff.net.2.linear.input
25-12-26 16:43:56 | D |     - Calibrating transformer_blocks.11.ff_context.net.0.proj.input
25-12-26 16:43:56 | D |     - Calibrating transformer_blocks.11.ff_context.net.2.linear.input
25-12-26 16:43:56 | D |   - Quantizing layer transformer_blocks.12
25-12-26 16:43:56 | D |     - Calibrating transformer_blocks.12.attn.to_q.input, transformer_blocks.12.attn.to_k.input, transformer_blocks.12.attn.to_v.input
25-12-26 16:43:57 | D |     - Calibrating transformer_blocks.12.attn.add_q_proj.input, transformer_blocks.12.attn.add_k_proj.input, transformer_blocks.12.attn.add_v_proj.input
25-12-26 16:43:57 | D |     - Calibrating transformer_blocks.12.attn.to_out.0.input
25-12-26 16:43:57 | D |     - Calibrating transformer_blocks.12.attn.to_add_out.input
25-12-26 16:43:57 | D |     - Calibrating transformer_blocks.12.ff.net.0.proj.input
25-12-26 16:43:57 | D |     - Calibrating transformer_blocks.12.ff.net.2.linear.input
25-12-26 16:43:57 | D |     - Calibrating transformer_blocks.12.ff_context.net.0.proj.input
25-12-26 16:43:58 | D |     - Calibrating transformer_blocks.12.ff_context.net.2.linear.input
25-12-26 16:43:58 | D |   - Quantizing layer transformer_blocks.13
25-12-26 16:43:58 | D |     - Calibrating transformer_blocks.13.attn.to_q.input, transformer_blocks.13.attn.to_k.input, transformer_blocks.13.attn.to_v.input
25-12-26 16:43:58 | D |     - Calibrating transformer_blocks.13.attn.add_q_proj.input, transformer_blocks.13.attn.add_k_proj.input, transformer_blocks.13.attn.add_v_proj.input
25-12-26 16:43:58 | D |     - Calibrating transformer_blocks.13.attn.to_out.0.input
25-12-26 16:43:58 | D |     - Calibrating transformer_blocks.13.attn.to_add_out.input
25-12-26 16:43:59 | D |     - Calibrating transformer_blocks.13.ff.net.0.proj.input
25-12-26 16:43:59 | D |     - Calibrating transformer_blocks.13.ff.net.2.linear.input
25-12-26 16:43:59 | D |     - Calibrating transformer_blocks.13.ff_context.net.0.proj.input
25-12-26 16:43:59 | D |     - Calibrating transformer_blocks.13.ff_context.net.2.linear.input
25-12-26 16:44:00 | D |   - Quantizing layer transformer_blocks.14
25-12-26 16:44:00 | D |     - Calibrating transformer_blocks.14.attn.to_q.input, transformer_blocks.14.attn.to_k.input, transformer_blocks.14.attn.to_v.input
25-12-26 16:44:00 | D |     - Calibrating transformer_blocks.14.attn.add_q_proj.input, transformer_blocks.14.attn.add_k_proj.input, transformer_blocks.14.attn.add_v_proj.input
25-12-26 16:44:00 | D |     - Calibrating transformer_blocks.14.attn.to_out.0.input
25-12-26 16:44:00 | D |     - Calibrating transformer_blocks.14.attn.to_add_out.input
25-12-26 16:44:00 | D |     - Calibrating transformer_blocks.14.ff.net.0.proj.input
25-12-26 16:44:00 | D |     - Calibrating transformer_blocks.14.ff.net.2.linear.input
25-12-26 16:44:01 | D |     - Calibrating transformer_blocks.14.ff_context.net.0.proj.input
25-12-26 16:44:01 | D |     - Calibrating transformer_blocks.14.ff_context.net.2.linear.input
25-12-26 16:44:01 | D |   - Quantizing layer transformer_blocks.15
25-12-26 16:44:01 | D |     - Calibrating transformer_blocks.15.attn.to_q.input, transformer_blocks.15.attn.to_k.input, transformer_blocks.15.attn.to_v.input
25-12-26 16:44:01 | D |     - Calibrating transformer_blocks.15.attn.add_q_proj.input, transformer_blocks.15.attn.add_k_proj.input, transformer_blocks.15.attn.add_v_proj.input
25-12-26 16:44:01 | D |     - Calibrating transformer_blocks.15.attn.to_out.0.input
25-12-26 16:44:02 | D |     - Calibrating transformer_blocks.15.attn.to_add_out.input
25-12-26 16:44:02 | D |     - Calibrating transformer_blocks.15.ff.net.0.proj.input
25-12-26 16:44:02 | D |     - Calibrating transformer_blocks.15.ff.net.2.linear.input
25-12-26 16:44:02 | D |     - Calibrating transformer_blocks.15.ff_context.net.0.proj.input
25-12-26 16:44:02 | D |     - Calibrating transformer_blocks.15.ff_context.net.2.linear.input
25-12-26 16:44:03 | D |   - Quantizing layer transformer_blocks.16
25-12-26 16:44:03 | D |     - Calibrating transformer_blocks.16.attn.to_q.input, transformer_blocks.16.attn.to_k.input, transformer_blocks.16.attn.to_v.input
25-12-26 16:44:03 | D |     - Calibrating transformer_blocks.16.attn.add_q_proj.input, transformer_blocks.16.attn.add_k_proj.input, transformer_blocks.16.attn.add_v_proj.input
25-12-26 16:44:03 | D |     - Calibrating transformer_blocks.16.attn.to_out.0.input
25-12-26 16:44:03 | D |     - Calibrating transformer_blocks.16.attn.to_add_out.input
25-12-26 16:44:03 | D |     - Calibrating transformer_blocks.16.ff.net.0.proj.input
25-12-26 16:44:04 | D |     - Calibrating transformer_blocks.16.ff.net.2.linear.input
25-12-26 16:44:04 | D |     - Calibrating transformer_blocks.16.ff_context.net.0.proj.input
25-12-26 16:44:04 | D |     - Calibrating transformer_blocks.16.ff_context.net.2.linear.input
25-12-26 16:44:04 | D |   - Quantizing layer transformer_blocks.17
25-12-26 16:44:04 | D |     - Calibrating transformer_blocks.17.attn.to_q.input, transformer_blocks.17.attn.to_k.input, transformer_blocks.17.attn.to_v.input
25-12-26 16:44:04 | D |     - Calibrating transformer_blocks.17.attn.add_q_proj.input, transformer_blocks.17.attn.add_k_proj.input, transformer_blocks.17.attn.add_v_proj.input
25-12-26 16:44:05 | D |     - Calibrating transformer_blocks.17.attn.to_out.0.input
25-12-26 16:44:05 | D |     - Calibrating transformer_blocks.17.attn.to_add_out.input
25-12-26 16:44:05 | D |     - Calibrating transformer_blocks.17.ff.net.0.proj.input
25-12-26 16:44:05 | D |     - Calibrating transformer_blocks.17.ff.net.2.linear.input
25-12-26 16:44:05 | D |     - Calibrating transformer_blocks.17.ff_context.net.0.proj.input
25-12-26 16:44:06 | D |     - Calibrating transformer_blocks.17.ff_context.net.2.linear.input
25-12-26 16:44:06 | D |   - Quantizing layer transformer_blocks.18
25-12-26 16:44:06 | D |     - Calibrating transformer_blocks.18.attn.to_q.input, transformer_blocks.18.attn.to_k.input, transformer_blocks.18.attn.to_v.input
25-12-26 16:44:06 | D |     - Calibrating transformer_blocks.18.attn.add_q_proj.input, transformer_blocks.18.attn.add_k_proj.input, transformer_blocks.18.attn.add_v_proj.input
25-12-26 16:44:06 | D |     - Calibrating transformer_blocks.18.attn.to_out.0.input
25-12-26 16:44:06 | D |     - Calibrating transformer_blocks.18.attn.to_add_out.input
25-12-26 16:44:07 | D |     - Calibrating transformer_blocks.18.ff.net.0.proj.input
25-12-26 16:44:07 | D |     - Calibrating transformer_blocks.18.ff.net.2.linear.input
25-12-26 16:44:07 | D |     - Calibrating transformer_blocks.18.ff_context.net.0.proj.input
25-12-26 16:44:07 | D |     - Calibrating transformer_blocks.18.ff_context.net.2.linear.input
25-12-26 16:44:07 | D |   - Quantizing layer single_transformer_blocks.0
25-12-26 16:44:07 | D |     - Calibrating single_transformer_blocks.0.attn.to_q.input, single_transformer_blocks.0.attn.to_k.input, single_transformer_blocks.0.attn.to_v.input, single_transformer_blocks.0.proj_mlp.input
25-12-26 16:44:07 | D |     - Calibrating single_transformer_blocks.0.proj_out.linears.0.input
25-12-26 16:44:08 | D |     - Calibrating single_transformer_blocks.0.proj_out.linears.1.linear.input
25-12-26 16:44:08 | D |   - Quantizing layer single_transformer_blocks.1
25-12-26 16:44:08 | D |     - Calibrating single_transformer_blocks.1.attn.to_q.input, single_transformer_blocks.1.attn.to_k.input, single_transformer_blocks.1.attn.to_v.input, single_transformer_blocks.1.proj_mlp.input
25-12-26 16:44:08 | D |     - Calibrating single_transformer_blocks.1.proj_out.linears.0.input
25-12-26 16:44:09 | D |     - Calibrating single_transformer_blocks.1.proj_out.linears.1.linear.input
25-12-26 16:44:09 | D |   - Quantizing layer single_transformer_blocks.2
25-12-26 16:44:09 | D |     - Calibrating single_transformer_blocks.2.attn.to_q.input, single_transformer_blocks.2.attn.to_k.input, single_transformer_blocks.2.attn.to_v.input, single_transformer_blocks.2.proj_mlp.input
25-12-26 16:44:09 | D |     - Calibrating single_transformer_blocks.2.proj_out.linears.0.input
25-12-26 16:44:09 | D |     - Calibrating single_transformer_blocks.2.proj_out.linears.1.linear.input
25-12-26 16:44:09 | D |   - Quantizing layer single_transformer_blocks.3
25-12-26 16:44:09 | D |     - Calibrating single_transformer_blocks.3.attn.to_q.input, single_transformer_blocks.3.attn.to_k.input, single_transformer_blocks.3.attn.to_v.input, single_transformer_blocks.3.proj_mlp.input
25-12-26 16:44:09 | D |     - Calibrating single_transformer_blocks.3.proj_out.linears.0.input
25-12-26 16:44:10 | D |     - Calibrating single_transformer_blocks.3.proj_out.linears.1.linear.input
25-12-26 16:44:10 | D |   - Quantizing layer single_transformer_blocks.4
25-12-26 16:44:10 | D |     - Calibrating single_transformer_blocks.4.attn.to_q.input, single_transformer_blocks.4.attn.to_k.input, single_transformer_blocks.4.attn.to_v.input, single_transformer_blocks.4.proj_mlp.input
25-12-26 16:44:10 | D |     - Calibrating single_transformer_blocks.4.proj_out.linears.0.input
25-12-26 16:44:10 | D |     - Calibrating single_transformer_blocks.4.proj_out.linears.1.linear.input
25-12-26 16:44:10 | D |   - Quantizing layer single_transformer_blocks.5
25-12-26 16:44:10 | D |     - Calibrating single_transformer_blocks.5.attn.to_q.input, single_transformer_blocks.5.attn.to_k.input, single_transformer_blocks.5.attn.to_v.input, single_transformer_blocks.5.proj_mlp.input
25-12-26 16:44:11 | D |     - Calibrating single_transformer_blocks.5.proj_out.linears.0.input
25-12-26 16:44:11 | D |     - Calibrating single_transformer_blocks.5.proj_out.linears.1.linear.input
25-12-26 16:44:11 | D |   - Quantizing layer single_transformer_blocks.6
25-12-26 16:44:11 | D |     - Calibrating single_transformer_blocks.6.attn.to_q.input, single_transformer_blocks.6.attn.to_k.input, single_transformer_blocks.6.attn.to_v.input, single_transformer_blocks.6.proj_mlp.input
25-12-26 16:44:11 | D |     - Calibrating single_transformer_blocks.6.proj_out.linears.0.input
25-12-26 16:44:11 | D |     - Calibrating single_transformer_blocks.6.proj_out.linears.1.linear.input
25-12-26 16:44:12 | D |   - Quantizing layer single_transformer_blocks.7
25-12-26 16:44:12 | D |     - Calibrating single_transformer_blocks.7.attn.to_q.input, single_transformer_blocks.7.attn.to_k.input, single_transformer_blocks.7.attn.to_v.input, single_transformer_blocks.7.proj_mlp.input
25-12-26 16:44:12 | D |     - Calibrating single_transformer_blocks.7.proj_out.linears.0.input
25-12-26 16:44:12 | D |     - Calibrating single_transformer_blocks.7.proj_out.linears.1.linear.input
25-12-26 16:44:12 | D |   - Quantizing layer single_transformer_blocks.8
25-12-26 16:44:12 | D |     - Calibrating single_transformer_blocks.8.attn.to_q.input, single_transformer_blocks.8.attn.to_k.input, single_transformer_blocks.8.attn.to_v.input, single_transformer_blocks.8.proj_mlp.input
25-12-26 16:44:12 | D |     - Calibrating single_transformer_blocks.8.proj_out.linears.0.input
25-12-26 16:44:12 | D |     - Calibrating single_transformer_blocks.8.proj_out.linears.1.linear.input
25-12-26 16:44:13 | D |   - Quantizing layer single_transformer_blocks.9
25-12-26 16:44:13 | D |     - Calibrating single_transformer_blocks.9.attn.to_q.input, single_transformer_blocks.9.attn.to_k.input, single_transformer_blocks.9.attn.to_v.input, single_transformer_blocks.9.proj_mlp.input
25-12-26 16:44:13 | D |     - Calibrating single_transformer_blocks.9.proj_out.linears.0.input
25-12-26 16:44:13 | D |     - Calibrating single_transformer_blocks.9.proj_out.linears.1.linear.input
25-12-26 16:44:13 | D |   - Quantizing layer single_transformer_blocks.10
25-12-26 16:44:13 | D |     - Calibrating single_transformer_blocks.10.attn.to_q.input, single_transformer_blocks.10.attn.to_k.input, single_transformer_blocks.10.attn.to_v.input, single_transformer_blocks.10.proj_mlp.input
25-12-26 16:44:14 | D |     - Calibrating single_transformer_blocks.10.proj_out.linears.0.input
25-12-26 16:44:14 | D |     - Calibrating single_transformer_blocks.10.proj_out.linears.1.linear.input
25-12-26 16:44:14 | D |   - Quantizing layer single_transformer_blocks.11
25-12-26 16:44:14 | D |     - Calibrating single_transformer_blocks.11.attn.to_q.input, single_transformer_blocks.11.attn.to_k.input, single_transformer_blocks.11.attn.to_v.input, single_transformer_blocks.11.proj_mlp.input
25-12-26 16:44:14 | D |     - Calibrating single_transformer_blocks.11.proj_out.linears.0.input
25-12-26 16:44:14 | D |     - Calibrating single_transformer_blocks.11.proj_out.linears.1.linear.input
25-12-26 16:44:14 | D |   - Quantizing layer single_transformer_blocks.12
25-12-26 16:44:14 | D |     - Calibrating single_transformer_blocks.12.attn.to_q.input, single_transformer_blocks.12.attn.to_k.input, single_transformer_blocks.12.attn.to_v.input, single_transformer_blocks.12.proj_mlp.input
25-12-26 16:44:15 | D |     - Calibrating single_transformer_blocks.12.proj_out.linears.0.input
25-12-26 16:44:15 | D |     - Calibrating single_transformer_blocks.12.proj_out.linears.1.linear.input
25-12-26 16:44:15 | D |   - Quantizing layer single_transformer_blocks.13
25-12-26 16:44:15 | D |     - Calibrating single_transformer_blocks.13.attn.to_q.input, single_transformer_blocks.13.attn.to_k.input, single_transformer_blocks.13.attn.to_v.input, single_transformer_blocks.13.proj_mlp.input
25-12-26 16:44:15 | D |     - Calibrating single_transformer_blocks.13.proj_out.linears.0.input
25-12-26 16:44:15 | D |     - Calibrating single_transformer_blocks.13.proj_out.linears.1.linear.input
25-12-26 16:44:16 | D |   - Quantizing layer single_transformer_blocks.14
25-12-26 16:44:16 | D |     - Calibrating single_transformer_blocks.14.attn.to_q.input, single_transformer_blocks.14.attn.to_k.input, single_transformer_blocks.14.attn.to_v.input, single_transformer_blocks.14.proj_mlp.input
25-12-26 16:44:16 | D |     - Calibrating single_transformer_blocks.14.proj_out.linears.0.input
25-12-26 16:44:16 | D |     - Calibrating single_transformer_blocks.14.proj_out.linears.1.linear.input
25-12-26 16:44:16 | D |   - Quantizing layer single_transformer_blocks.15
25-12-26 16:44:16 | D |     - Calibrating single_transformer_blocks.15.attn.to_q.input, single_transformer_blocks.15.attn.to_k.input, single_transformer_blocks.15.attn.to_v.input, single_transformer_blocks.15.proj_mlp.input
25-12-26 16:44:16 | D |     - Calibrating single_transformer_blocks.15.proj_out.linears.0.input
25-12-26 16:44:17 | D |     - Calibrating single_transformer_blocks.15.proj_out.linears.1.linear.input
25-12-26 16:44:17 | D |   - Quantizing layer single_transformer_blocks.16
25-12-26 16:44:17 | D |     - Calibrating single_transformer_blocks.16.attn.to_q.input, single_transformer_blocks.16.attn.to_k.input, single_transformer_blocks.16.attn.to_v.input, single_transformer_blocks.16.proj_mlp.input
25-12-26 16:44:17 | D |     - Calibrating single_transformer_blocks.16.proj_out.linears.0.input
25-12-26 16:44:17 | D |     - Calibrating single_transformer_blocks.16.proj_out.linears.1.linear.input
25-12-26 16:44:17 | D |   - Quantizing layer single_transformer_blocks.17
25-12-26 16:44:17 | D |     - Calibrating single_transformer_blocks.17.attn.to_q.input, single_transformer_blocks.17.attn.to_k.input, single_transformer_blocks.17.attn.to_v.input, single_transformer_blocks.17.proj_mlp.input
25-12-26 16:44:17 | D |     - Calibrating single_transformer_blocks.17.proj_out.linears.0.input
25-12-26 16:44:18 | D |     - Calibrating single_transformer_blocks.17.proj_out.linears.1.linear.input
25-12-26 16:44:18 | D |   - Quantizing layer single_transformer_blocks.18
25-12-26 16:44:18 | D |     - Calibrating single_transformer_blocks.18.attn.to_q.input, single_transformer_blocks.18.attn.to_k.input, single_transformer_blocks.18.attn.to_v.input, single_transformer_blocks.18.proj_mlp.input
25-12-26 16:44:18 | D |     - Calibrating single_transformer_blocks.18.proj_out.linears.0.input
25-12-26 16:44:18 | D |     - Calibrating single_transformer_blocks.18.proj_out.linears.1.linear.input
25-12-26 16:44:18 | D |   - Quantizing layer single_transformer_blocks.19
25-12-26 16:44:18 | D |     - Calibrating single_transformer_blocks.19.attn.to_q.input, single_transformer_blocks.19.attn.to_k.input, single_transformer_blocks.19.attn.to_v.input, single_transformer_blocks.19.proj_mlp.input
25-12-26 16:44:19 | D |     - Calibrating single_transformer_blocks.19.proj_out.linears.0.input
25-12-26 16:44:19 | D |     - Calibrating single_transformer_blocks.19.proj_out.linears.1.linear.input
25-12-26 16:44:19 | D |   - Quantizing layer single_transformer_blocks.20
25-12-26 16:44:19 | D |     - Calibrating single_transformer_blocks.20.attn.to_q.input, single_transformer_blocks.20.attn.to_k.input, single_transformer_blocks.20.attn.to_v.input, single_transformer_blocks.20.proj_mlp.input
25-12-26 16:44:19 | D |     - Calibrating single_transformer_blocks.20.proj_out.linears.0.input
25-12-26 16:44:19 | D |     - Calibrating single_transformer_blocks.20.proj_out.linears.1.linear.input
25-12-26 16:44:20 | D |   - Quantizing layer single_transformer_blocks.21
25-12-26 16:44:20 | D |     - Calibrating single_transformer_blocks.21.attn.to_q.input, single_transformer_blocks.21.attn.to_k.input, single_transformer_blocks.21.attn.to_v.input, single_transformer_blocks.21.proj_mlp.input
25-12-26 16:44:20 | D |     - Calibrating single_transformer_blocks.21.proj_out.linears.0.input
25-12-26 16:44:20 | D |     - Calibrating single_transformer_blocks.21.proj_out.linears.1.linear.input
25-12-26 16:44:20 | D |   - Quantizing layer single_transformer_blocks.22
25-12-26 16:44:20 | D |     - Calibrating single_transformer_blocks.22.attn.to_q.input, single_transformer_blocks.22.attn.to_k.input, single_transformer_blocks.22.attn.to_v.input, single_transformer_blocks.22.proj_mlp.input
25-12-26 16:44:21 | D |     - Calibrating single_transformer_blocks.22.proj_out.linears.0.input
25-12-26 16:44:21 | D |     - Calibrating single_transformer_blocks.22.proj_out.linears.1.linear.input
25-12-26 16:44:21 | D |   - Quantizing layer single_transformer_blocks.23
25-12-26 16:44:21 | D |     - Calibrating single_transformer_blocks.23.attn.to_q.input, single_transformer_blocks.23.attn.to_k.input, single_transformer_blocks.23.attn.to_v.input, single_transformer_blocks.23.proj_mlp.input
25-12-26 16:44:21 | D |     - Calibrating single_transformer_blocks.23.proj_out.linears.0.input
25-12-26 16:44:21 | D |     - Calibrating single_transformer_blocks.23.proj_out.linears.1.linear.input
25-12-26 16:44:22 | D |   - Quantizing layer single_transformer_blocks.24
25-12-26 16:44:22 | D |     - Calibrating single_transformer_blocks.24.attn.to_q.input, single_transformer_blocks.24.attn.to_k.input, single_transformer_blocks.24.attn.to_v.input, single_transformer_blocks.24.proj_mlp.input
25-12-26 16:44:22 | D |     - Calibrating single_transformer_blocks.24.proj_out.linears.0.input
25-12-26 16:44:22 | D |     - Calibrating single_transformer_blocks.24.proj_out.linears.1.linear.input
25-12-26 16:44:22 | D |   - Quantizing layer single_transformer_blocks.25
25-12-26 16:44:22 | D |     - Calibrating single_transformer_blocks.25.attn.to_q.input, single_transformer_blocks.25.attn.to_k.input, single_transformer_blocks.25.attn.to_v.input, single_transformer_blocks.25.proj_mlp.input
25-12-26 16:44:22 | D |     - Calibrating single_transformer_blocks.25.proj_out.linears.0.input
25-12-26 16:44:23 | D |     - Calibrating single_transformer_blocks.25.proj_out.linears.1.linear.input
25-12-26 16:44:23 | D |   - Quantizing layer single_transformer_blocks.26
25-12-26 16:44:23 | D |     - Calibrating single_transformer_blocks.26.attn.to_q.input, single_transformer_blocks.26.attn.to_k.input, single_transformer_blocks.26.attn.to_v.input, single_transformer_blocks.26.proj_mlp.input
25-12-26 16:44:23 | D |     - Calibrating single_transformer_blocks.26.proj_out.linears.0.input
25-12-26 16:44:23 | D |     - Calibrating single_transformer_blocks.26.proj_out.linears.1.linear.input
25-12-26 16:44:23 | D |   - Quantizing layer single_transformer_blocks.27
25-12-26 16:44:23 | D |     - Calibrating single_transformer_blocks.27.attn.to_q.input, single_transformer_blocks.27.attn.to_k.input, single_transformer_blocks.27.attn.to_v.input, single_transformer_blocks.27.proj_mlp.input
25-12-26 16:44:24 | D |     - Calibrating single_transformer_blocks.27.proj_out.linears.0.input
25-12-26 16:44:24 | D |     - Calibrating single_transformer_blocks.27.proj_out.linears.1.linear.input
25-12-26 16:44:24 | D |   - Quantizing layer single_transformer_blocks.28
25-12-26 16:44:24 | D |     - Calibrating single_transformer_blocks.28.attn.to_q.input, single_transformer_blocks.28.attn.to_k.input, single_transformer_blocks.28.attn.to_v.input, single_transformer_blocks.28.proj_mlp.input
25-12-26 16:44:24 | D |     - Calibrating single_transformer_blocks.28.proj_out.linears.0.input
25-12-26 16:44:24 | D |     - Calibrating single_transformer_blocks.28.proj_out.linears.1.linear.input
25-12-26 16:44:24 | D |   - Quantizing layer single_transformer_blocks.29
25-12-26 16:44:24 | D |     - Calibrating single_transformer_blocks.29.attn.to_q.input, single_transformer_blocks.29.attn.to_k.input, single_transformer_blocks.29.attn.to_v.input, single_transformer_blocks.29.proj_mlp.input
25-12-26 16:44:25 | D |     - Calibrating single_transformer_blocks.29.proj_out.linears.0.input
25-12-26 16:44:25 | D |     - Calibrating single_transformer_blocks.29.proj_out.linears.1.linear.input
25-12-26 16:44:25 | D |   - Quantizing layer single_transformer_blocks.30
25-12-26 16:44:25 | D |     - Calibrating single_transformer_blocks.30.attn.to_q.input, single_transformer_blocks.30.attn.to_k.input, single_transformer_blocks.30.attn.to_v.input, single_transformer_blocks.30.proj_mlp.input
25-12-26 16:44:25 | D |     - Calibrating single_transformer_blocks.30.proj_out.linears.0.input
25-12-26 16:44:25 | D |     - Calibrating single_transformer_blocks.30.proj_out.linears.1.linear.input
25-12-26 16:44:26 | D |   - Quantizing layer single_transformer_blocks.31
25-12-26 16:44:26 | D |     - Calibrating single_transformer_blocks.31.attn.to_q.input, single_transformer_blocks.31.attn.to_k.input, single_transformer_blocks.31.attn.to_v.input, single_transformer_blocks.31.proj_mlp.input
25-12-26 16:44:26 | D |     - Calibrating single_transformer_blocks.31.proj_out.linears.0.input
25-12-26 16:44:26 | D |     - Calibrating single_transformer_blocks.31.proj_out.linears.1.linear.input
25-12-26 16:44:26 | D |   - Quantizing layer single_transformer_blocks.32
25-12-26 16:44:26 | D |     - Calibrating single_transformer_blocks.32.attn.to_q.input, single_transformer_blocks.32.attn.to_k.input, single_transformer_blocks.32.attn.to_v.input, single_transformer_blocks.32.proj_mlp.input
25-12-26 16:44:26 | D |     - Calibrating single_transformer_blocks.32.proj_out.linears.0.input
25-12-26 16:44:27 | D |     - Calibrating single_transformer_blocks.32.proj_out.linears.1.linear.input
25-12-26 16:44:27 | D |   - Quantizing layer single_transformer_blocks.33
25-12-26 16:44:27 | D |     - Calibrating single_transformer_blocks.33.attn.to_q.input, single_transformer_blocks.33.attn.to_k.input, single_transformer_blocks.33.attn.to_v.input, single_transformer_blocks.33.proj_mlp.input
25-12-26 16:44:27 | D |     - Calibrating single_transformer_blocks.33.proj_out.linears.0.input
25-12-26 16:44:27 | D |     - Calibrating single_transformer_blocks.33.proj_out.linears.1.linear.input
25-12-26 16:44:27 | D |   - Quantizing layer single_transformer_blocks.34
25-12-26 16:44:27 | D |     - Calibrating single_transformer_blocks.34.attn.to_q.input, single_transformer_blocks.34.attn.to_k.input, single_transformer_blocks.34.attn.to_v.input, single_transformer_blocks.34.proj_mlp.input
25-12-26 16:44:28 | D |     - Calibrating single_transformer_blocks.34.proj_out.linears.0.input
25-12-26 16:44:28 | D |     - Calibrating single_transformer_blocks.34.proj_out.linears.1.linear.input
25-12-26 16:44:28 | D |   - Quantizing layer single_transformer_blocks.35
25-12-26 16:44:28 | D |     - Calibrating single_transformer_blocks.35.attn.to_q.input, single_transformer_blocks.35.attn.to_k.input, single_transformer_blocks.35.attn.to_v.input, single_transformer_blocks.35.proj_mlp.input
25-12-26 16:44:28 | D |     - Calibrating single_transformer_blocks.35.proj_out.linears.0.input
25-12-26 16:44:28 | D |     - Calibrating single_transformer_blocks.35.proj_out.linears.1.linear.input
25-12-26 16:44:29 | D |   - Quantizing layer single_transformer_blocks.36
25-12-26 16:44:29 | D |     - Calibrating single_transformer_blocks.36.attn.to_q.input, single_transformer_blocks.36.attn.to_k.input, single_transformer_blocks.36.attn.to_v.input, single_transformer_blocks.36.proj_mlp.input
25-12-26 16:44:29 | D |     - Calibrating single_transformer_blocks.36.proj_out.linears.0.input
25-12-26 16:44:29 | D |     - Calibrating single_transformer_blocks.36.proj_out.linears.1.linear.input
25-12-26 16:44:29 | D |   - Quantizing layer single_transformer_blocks.37
25-12-26 16:44:29 | D |     - Calibrating single_transformer_blocks.37.attn.to_q.input, single_transformer_blocks.37.attn.to_k.input, single_transformer_blocks.37.attn.to_v.input, single_transformer_blocks.37.proj_mlp.input
25-12-26 16:44:29 | D |     - Calibrating single_transformer_blocks.37.proj_out.linears.0.input
25-12-26 16:44:30 | D |     - Calibrating single_transformer_blocks.37.proj_out.linears.1.linear.input
25-12-26 16:44:30 | D |   - Quantizing transformer_blocks.0.attn.to_q (inputs)
25-12-26 16:44:30 | D |   - Quantizing transformer_blocks.0.attn.to_k (inputs)
25-12-26 16:44:30 | D |   - Quantizing transformer_blocks.0.attn.to_v (inputs)
25-12-26 16:44:30 | D |   - Quantizing transformer_blocks.0.attn.add_q_proj (inputs)
25-12-26 16:44:30 | D |   - Quantizing transformer_blocks.0.attn.add_k_proj (inputs)
25-12-26 16:44:30 | D |   - Quantizing transformer_blocks.0.attn.add_v_proj (inputs)
25-12-26 16:44:30 | D |   - Quantizing transformer_blocks.0.attn.to_out.0 (inputs)
25-12-26 16:44:30 | D |   - Quantizing transformer_blocks.0.attn.to_add_out (inputs)
25-12-26 16:44:30 | D |   - Quantizing transformer_blocks.0.ff.net.0.proj (inputs)
25-12-26 16:44:30 | D |   - Quantizing transformer_blocks.0.ff.net.2.linear (inputs)
25-12-26 16:44:30 | D |   - Quantizing transformer_blocks.0.ff_context.net.0.proj (inputs)
25-12-26 16:44:30 | D |   - Quantizing transformer_blocks.0.ff_context.net.2.linear (inputs)
25-12-26 16:44:30 | D |   - Quantizing transformer_blocks.1.attn.to_q (inputs)
25-12-26 16:44:30 | D |   - Quantizing transformer_blocks.1.attn.to_k (inputs)
25-12-26 16:44:30 | D |   - Quantizing transformer_blocks.1.attn.to_v (inputs)
25-12-26 16:44:30 | D |   - Quantizing transformer_blocks.1.attn.add_q_proj (inputs)
25-12-26 16:44:30 | D |   - Quantizing transformer_blocks.1.attn.add_k_proj (inputs)
25-12-26 16:44:30 | D |   - Quantizing transformer_blocks.1.attn.add_v_proj (inputs)
25-12-26 16:44:30 | D |   - Quantizing transformer_blocks.1.attn.to_out.0 (inputs)
25-12-26 16:44:30 | D |   - Quantizing transformer_blocks.1.attn.to_add_out (inputs)
25-12-26 16:44:30 | D |   - Quantizing transformer_blocks.1.ff.net.0.proj (inputs)
25-12-26 16:44:30 | D |   - Quantizing transformer_blocks.1.ff.net.2.linear (inputs)
25-12-26 16:44:30 | D |   - Quantizing transformer_blocks.1.ff_context.net.0.proj (inputs)
25-12-26 16:44:30 | D |   - Quantizing transformer_blocks.1.ff_context.net.2.linear (inputs)
25-12-26 16:44:30 | D |   - Quantizing transformer_blocks.2.attn.to_q (inputs)
25-12-26 16:44:30 | D |   - Quantizing transformer_blocks.2.attn.to_k (inputs)
25-12-26 16:44:30 | D |   - Quantizing transformer_blocks.2.attn.to_v (inputs)
25-12-26 16:44:30 | D |   - Quantizing transformer_blocks.2.attn.add_q_proj (inputs)
25-12-26 16:44:30 | D |   - Quantizing transformer_blocks.2.attn.add_k_proj (inputs)
25-12-26 16:44:30 | D |   - Quantizing transformer_blocks.2.attn.add_v_proj (inputs)
25-12-26 16:44:30 | D |   - Quantizing transformer_blocks.2.attn.to_out.0 (inputs)
25-12-26 16:44:30 | D |   - Quantizing transformer_blocks.2.attn.to_add_out (inputs)
25-12-26 16:44:30 | D |   - Quantizing transformer_blocks.2.ff.net.0.proj (inputs)
25-12-26 16:44:30 | D |   - Quantizing transformer_blocks.2.ff.net.2.linear (inputs)
25-12-26 16:44:30 | D |   - Quantizing transformer_blocks.2.ff_context.net.0.proj (inputs)
25-12-26 16:44:30 | D |   - Quantizing transformer_blocks.2.ff_context.net.2.linear (inputs)
25-12-26 16:44:30 | D |   - Quantizing transformer_blocks.3.attn.to_q (inputs)
25-12-26 16:44:30 | D |   - Quantizing transformer_blocks.3.attn.to_k (inputs)
25-12-26 16:44:30 | D |   - Quantizing transformer_blocks.3.attn.to_v (inputs)
25-12-26 16:44:30 | D |   - Quantizing transformer_blocks.3.attn.add_q_proj (inputs)
25-12-26 16:44:30 | D |   - Quantizing transformer_blocks.3.attn.add_k_proj (inputs)
25-12-26 16:44:30 | D |   - Quantizing transformer_blocks.3.attn.add_v_proj (inputs)
25-12-26 16:44:30 | D |   - Quantizing transformer_blocks.3.attn.to_out.0 (inputs)
25-12-26 16:44:30 | D |   - Quantizing transformer_blocks.3.attn.to_add_out (inputs)
25-12-26 16:44:30 | D |   - Quantizing transformer_blocks.3.ff.net.0.proj (inputs)
25-12-26 16:44:30 | D |   - Quantizing transformer_blocks.3.ff.net.2.linear (inputs)
25-12-26 16:44:30 | D |   - Quantizing transformer_blocks.3.ff_context.net.0.proj (inputs)
25-12-26 16:44:30 | D |   - Quantizing transformer_blocks.3.ff_context.net.2.linear (inputs)
25-12-26 16:44:30 | D |   - Quantizing transformer_blocks.4.attn.to_q (inputs)
25-12-26 16:44:30 | D |   - Quantizing transformer_blocks.4.attn.to_k (inputs)
25-12-26 16:44:30 | D |   - Quantizing transformer_blocks.4.attn.to_v (inputs)
25-12-26 16:44:30 | D |   - Quantizing transformer_blocks.4.attn.add_q_proj (inputs)
25-12-26 16:44:30 | D |   - Quantizing transformer_blocks.4.attn.add_k_proj (inputs)
25-12-26 16:44:30 | D |   - Quantizing transformer_blocks.4.attn.add_v_proj (inputs)
25-12-26 16:44:30 | D |   - Quantizing transformer_blocks.4.attn.to_out.0 (inputs)
25-12-26 16:44:30 | D |   - Quantizing transformer_blocks.4.attn.to_add_out (inputs)
25-12-26 16:44:30 | D |   - Quantizing transformer_blocks.4.ff.net.0.proj (inputs)
25-12-26 16:44:30 | D |   - Quantizing transformer_blocks.4.ff.net.2.linear (inputs)
25-12-26 16:44:30 | D |   - Quantizing transformer_blocks.4.ff_context.net.0.proj (inputs)
25-12-26 16:44:30 | D |   - Quantizing transformer_blocks.4.ff_context.net.2.linear (inputs)
25-12-26 16:44:30 | D |   - Quantizing transformer_blocks.5.attn.to_q (inputs)
25-12-26 16:44:30 | D |   - Quantizing transformer_blocks.5.attn.to_k (inputs)
25-12-26 16:44:30 | D |   - Quantizing transformer_blocks.5.attn.to_v (inputs)
25-12-26 16:44:30 | D |   - Quantizing transformer_blocks.5.attn.add_q_proj (inputs)
25-12-26 16:44:30 | D |   - Quantizing transformer_blocks.5.attn.add_k_proj (inputs)
25-12-26 16:44:30 | D |   - Quantizing transformer_blocks.5.attn.add_v_proj (inputs)
25-12-26 16:44:30 | D |   - Quantizing transformer_blocks.5.attn.to_out.0 (inputs)
25-12-26 16:44:30 | D |   - Quantizing transformer_blocks.5.attn.to_add_out (inputs)
25-12-26 16:44:30 | D |   - Quantizing transformer_blocks.5.ff.net.0.proj (inputs)
25-12-26 16:44:30 | D |   - Quantizing transformer_blocks.5.ff.net.2.linear (inputs)
25-12-26 16:44:30 | D |   - Quantizing transformer_blocks.5.ff_context.net.0.proj (inputs)
25-12-26 16:44:30 | D |   - Quantizing transformer_blocks.5.ff_context.net.2.linear (inputs)
25-12-26 16:44:30 | D |   - Quantizing transformer_blocks.6.attn.to_q (inputs)
25-12-26 16:44:30 | D |   - Quantizing transformer_blocks.6.attn.to_k (inputs)
25-12-26 16:44:30 | D |   - Quantizing transformer_blocks.6.attn.to_v (inputs)
25-12-26 16:44:30 | D |   - Quantizing transformer_blocks.6.attn.add_q_proj (inputs)
25-12-26 16:44:30 | D |   - Quantizing transformer_blocks.6.attn.add_k_proj (inputs)
25-12-26 16:44:30 | D |   - Quantizing transformer_blocks.6.attn.add_v_proj (inputs)
25-12-26 16:44:30 | D |   - Quantizing transformer_blocks.6.attn.to_out.0 (inputs)
25-12-26 16:44:30 | D |   - Quantizing transformer_blocks.6.attn.to_add_out (inputs)
25-12-26 16:44:30 | D |   - Quantizing transformer_blocks.6.ff.net.0.proj (inputs)
25-12-26 16:44:30 | D |   - Quantizing transformer_blocks.6.ff.net.2.linear (inputs)
25-12-26 16:44:30 | D |   - Quantizing transformer_blocks.6.ff_context.net.0.proj (inputs)
25-12-26 16:44:30 | D |   - Quantizing transformer_blocks.6.ff_context.net.2.linear (inputs)
25-12-26 16:44:30 | D |   - Quantizing transformer_blocks.7.attn.to_q (inputs)
25-12-26 16:44:30 | D |   - Quantizing transformer_blocks.7.attn.to_k (inputs)
25-12-26 16:44:30 | D |   - Quantizing transformer_blocks.7.attn.to_v (inputs)
25-12-26 16:44:30 | D |   - Quantizing transformer_blocks.7.attn.add_q_proj (inputs)
25-12-26 16:44:30 | D |   - Quantizing transformer_blocks.7.attn.add_k_proj (inputs)
25-12-26 16:44:30 | D |   - Quantizing transformer_blocks.7.attn.add_v_proj (inputs)
25-12-26 16:44:30 | D |   - Quantizing transformer_blocks.7.attn.to_out.0 (inputs)
25-12-26 16:44:30 | D |   - Quantizing transformer_blocks.7.attn.to_add_out (inputs)
25-12-26 16:44:30 | D |   - Quantizing transformer_blocks.7.ff.net.0.proj (inputs)
25-12-26 16:44:30 | D |   - Quantizing transformer_blocks.7.ff.net.2.linear (inputs)
25-12-26 16:44:30 | D |   - Quantizing transformer_blocks.7.ff_context.net.0.proj (inputs)
25-12-26 16:44:30 | D |   - Quantizing transformer_blocks.7.ff_context.net.2.linear (inputs)
25-12-26 16:44:30 | D |   - Quantizing transformer_blocks.8.attn.to_q (inputs)
25-12-26 16:44:30 | D |   - Quantizing transformer_blocks.8.attn.to_k (inputs)
25-12-26 16:44:30 | D |   - Quantizing transformer_blocks.8.attn.to_v (inputs)
25-12-26 16:44:30 | D |   - Quantizing transformer_blocks.8.attn.add_q_proj (inputs)
25-12-26 16:44:30 | D |   - Quantizing transformer_blocks.8.attn.add_k_proj (inputs)
25-12-26 16:44:30 | D |   - Quantizing transformer_blocks.8.attn.add_v_proj (inputs)
25-12-26 16:44:30 | D |   - Quantizing transformer_blocks.8.attn.to_out.0 (inputs)
25-12-26 16:44:30 | D |   - Quantizing transformer_blocks.8.attn.to_add_out (inputs)
25-12-26 16:44:30 | D |   - Quantizing transformer_blocks.8.ff.net.0.proj (inputs)
25-12-26 16:44:30 | D |   - Quantizing transformer_blocks.8.ff.net.2.linear (inputs)
25-12-26 16:44:30 | D |   - Quantizing transformer_blocks.8.ff_context.net.0.proj (inputs)
25-12-26 16:44:30 | D |   - Quantizing transformer_blocks.8.ff_context.net.2.linear (inputs)
25-12-26 16:44:30 | D |   - Quantizing transformer_blocks.9.attn.to_q (inputs)
25-12-26 16:44:30 | D |   - Quantizing transformer_blocks.9.attn.to_k (inputs)
25-12-26 16:44:30 | D |   - Quantizing transformer_blocks.9.attn.to_v (inputs)
25-12-26 16:44:30 | D |   - Quantizing transformer_blocks.9.attn.add_q_proj (inputs)
25-12-26 16:44:30 | D |   - Quantizing transformer_blocks.9.attn.add_k_proj (inputs)
25-12-26 16:44:30 | D |   - Quantizing transformer_blocks.9.attn.add_v_proj (inputs)
25-12-26 16:44:30 | D |   - Quantizing transformer_blocks.9.attn.to_out.0 (inputs)
25-12-26 16:44:30 | D |   - Quantizing transformer_blocks.9.attn.to_add_out (inputs)
25-12-26 16:44:30 | D |   - Quantizing transformer_blocks.9.ff.net.0.proj (inputs)
25-12-26 16:44:30 | D |   - Quantizing transformer_blocks.9.ff.net.2.linear (inputs)
25-12-26 16:44:30 | D |   - Quantizing transformer_blocks.9.ff_context.net.0.proj (inputs)
25-12-26 16:44:30 | D |   - Quantizing transformer_blocks.9.ff_context.net.2.linear (inputs)
25-12-26 16:44:30 | D |   - Quantizing transformer_blocks.10.attn.to_q (inputs)
25-12-26 16:44:30 | D |   - Quantizing transformer_blocks.10.attn.to_k (inputs)
25-12-26 16:44:30 | D |   - Quantizing transformer_blocks.10.attn.to_v (inputs)
25-12-26 16:44:30 | D |   - Quantizing transformer_blocks.10.attn.add_q_proj (inputs)
25-12-26 16:44:30 | D |   - Quantizing transformer_blocks.10.attn.add_k_proj (inputs)
25-12-26 16:44:30 | D |   - Quantizing transformer_blocks.10.attn.add_v_proj (inputs)
25-12-26 16:44:30 | D |   - Quantizing transformer_blocks.10.attn.to_out.0 (inputs)
25-12-26 16:44:30 | D |   - Quantizing transformer_blocks.10.attn.to_add_out (inputs)
25-12-26 16:44:30 | D |   - Quantizing transformer_blocks.10.ff.net.0.proj (inputs)
25-12-26 16:44:30 | D |   - Quantizing transformer_blocks.10.ff.net.2.linear (inputs)
25-12-26 16:44:30 | D |   - Quantizing transformer_blocks.10.ff_context.net.0.proj (inputs)
25-12-26 16:44:30 | D |   - Quantizing transformer_blocks.10.ff_context.net.2.linear (inputs)
25-12-26 16:44:30 | D |   - Quantizing transformer_blocks.11.attn.to_q (inputs)
25-12-26 16:44:30 | D |   - Quantizing transformer_blocks.11.attn.to_k (inputs)
25-12-26 16:44:30 | D |   - Quantizing transformer_blocks.11.attn.to_v (inputs)
25-12-26 16:44:30 | D |   - Quantizing transformer_blocks.11.attn.add_q_proj (inputs)
25-12-26 16:44:30 | D |   - Quantizing transformer_blocks.11.attn.add_k_proj (inputs)
25-12-26 16:44:30 | D |   - Quantizing transformer_blocks.11.attn.add_v_proj (inputs)
25-12-26 16:44:30 | D |   - Quantizing transformer_blocks.11.attn.to_out.0 (inputs)
25-12-26 16:44:30 | D |   - Quantizing transformer_blocks.11.attn.to_add_out (inputs)
25-12-26 16:44:30 | D |   - Quantizing transformer_blocks.11.ff.net.0.proj (inputs)
25-12-26 16:44:30 | D |   - Quantizing transformer_blocks.11.ff.net.2.linear (inputs)
25-12-26 16:44:30 | D |   - Quantizing transformer_blocks.11.ff_context.net.0.proj (inputs)
25-12-26 16:44:30 | D |   - Quantizing transformer_blocks.11.ff_context.net.2.linear (inputs)
25-12-26 16:44:30 | D |   - Quantizing transformer_blocks.12.attn.to_q (inputs)
25-12-26 16:44:30 | D |   - Quantizing transformer_blocks.12.attn.to_k (inputs)
25-12-26 16:44:30 | D |   - Quantizing transformer_blocks.12.attn.to_v (inputs)
25-12-26 16:44:30 | D |   - Quantizing transformer_blocks.12.attn.add_q_proj (inputs)
25-12-26 16:44:30 | D |   - Quantizing transformer_blocks.12.attn.add_k_proj (inputs)
25-12-26 16:44:30 | D |   - Quantizing transformer_blocks.12.attn.add_v_proj (inputs)
25-12-26 16:44:30 | D |   - Quantizing transformer_blocks.12.attn.to_out.0 (inputs)
25-12-26 16:44:30 | D |   - Quantizing transformer_blocks.12.attn.to_add_out (inputs)
25-12-26 16:44:30 | D |   - Quantizing transformer_blocks.12.ff.net.0.proj (inputs)
25-12-26 16:44:30 | D |   - Quantizing transformer_blocks.12.ff.net.2.linear (inputs)
25-12-26 16:44:30 | D |   - Quantizing transformer_blocks.12.ff_context.net.0.proj (inputs)
25-12-26 16:44:30 | D |   - Quantizing transformer_blocks.12.ff_context.net.2.linear (inputs)
25-12-26 16:44:30 | D |   - Quantizing transformer_blocks.13.attn.to_q (inputs)
25-12-26 16:44:30 | D |   - Quantizing transformer_blocks.13.attn.to_k (inputs)
25-12-26 16:44:30 | D |   - Quantizing transformer_blocks.13.attn.to_v (inputs)
25-12-26 16:44:30 | D |   - Quantizing transformer_blocks.13.attn.add_q_proj (inputs)
25-12-26 16:44:30 | D |   - Quantizing transformer_blocks.13.attn.add_k_proj (inputs)
25-12-26 16:44:30 | D |   - Quantizing transformer_blocks.13.attn.add_v_proj (inputs)
25-12-26 16:44:30 | D |   - Quantizing transformer_blocks.13.attn.to_out.0 (inputs)
25-12-26 16:44:30 | D |   - Quantizing transformer_blocks.13.attn.to_add_out (inputs)
25-12-26 16:44:30 | D |   - Quantizing transformer_blocks.13.ff.net.0.proj (inputs)
25-12-26 16:44:30 | D |   - Quantizing transformer_blocks.13.ff.net.2.linear (inputs)
25-12-26 16:44:30 | D |   - Quantizing transformer_blocks.13.ff_context.net.0.proj (inputs)
25-12-26 16:44:30 | D |   - Quantizing transformer_blocks.13.ff_context.net.2.linear (inputs)
25-12-26 16:44:30 | D |   - Quantizing transformer_blocks.14.attn.to_q (inputs)
25-12-26 16:44:30 | D |   - Quantizing transformer_blocks.14.attn.to_k (inputs)
25-12-26 16:44:30 | D |   - Quantizing transformer_blocks.14.attn.to_v (inputs)
25-12-26 16:44:30 | D |   - Quantizing transformer_blocks.14.attn.add_q_proj (inputs)
25-12-26 16:44:30 | D |   - Quantizing transformer_blocks.14.attn.add_k_proj (inputs)
25-12-26 16:44:30 | D |   - Quantizing transformer_blocks.14.attn.add_v_proj (inputs)
25-12-26 16:44:30 | D |   - Quantizing transformer_blocks.14.attn.to_out.0 (inputs)
25-12-26 16:44:30 | D |   - Quantizing transformer_blocks.14.attn.to_add_out (inputs)
25-12-26 16:44:30 | D |   - Quantizing transformer_blocks.14.ff.net.0.proj (inputs)
25-12-26 16:44:30 | D |   - Quantizing transformer_blocks.14.ff.net.2.linear (inputs)
25-12-26 16:44:30 | D |   - Quantizing transformer_blocks.14.ff_context.net.0.proj (inputs)
25-12-26 16:44:30 | D |   - Quantizing transformer_blocks.14.ff_context.net.2.linear (inputs)
25-12-26 16:44:30 | D |   - Quantizing transformer_blocks.15.attn.to_q (inputs)
25-12-26 16:44:30 | D |   - Quantizing transformer_blocks.15.attn.to_k (inputs)
25-12-26 16:44:30 | D |   - Quantizing transformer_blocks.15.attn.to_v (inputs)
25-12-26 16:44:30 | D |   - Quantizing transformer_blocks.15.attn.add_q_proj (inputs)
25-12-26 16:44:30 | D |   - Quantizing transformer_blocks.15.attn.add_k_proj (inputs)
25-12-26 16:44:30 | D |   - Quantizing transformer_blocks.15.attn.add_v_proj (inputs)
25-12-26 16:44:30 | D |   - Quantizing transformer_blocks.15.attn.to_out.0 (inputs)
25-12-26 16:44:30 | D |   - Quantizing transformer_blocks.15.attn.to_add_out (inputs)
25-12-26 16:44:30 | D |   - Quantizing transformer_blocks.15.ff.net.0.proj (inputs)
25-12-26 16:44:30 | D |   - Quantizing transformer_blocks.15.ff.net.2.linear (inputs)
25-12-26 16:44:30 | D |   - Quantizing transformer_blocks.15.ff_context.net.0.proj (inputs)
25-12-26 16:44:30 | D |   - Quantizing transformer_blocks.15.ff_context.net.2.linear (inputs)
25-12-26 16:44:30 | D |   - Quantizing transformer_blocks.16.attn.to_q (inputs)
25-12-26 16:44:30 | D |   - Quantizing transformer_blocks.16.attn.to_k (inputs)
25-12-26 16:44:30 | D |   - Quantizing transformer_blocks.16.attn.to_v (inputs)
25-12-26 16:44:30 | D |   - Quantizing transformer_blocks.16.attn.add_q_proj (inputs)
25-12-26 16:44:30 | D |   - Quantizing transformer_blocks.16.attn.add_k_proj (inputs)
25-12-26 16:44:30 | D |   - Quantizing transformer_blocks.16.attn.add_v_proj (inputs)
25-12-26 16:44:30 | D |   - Quantizing transformer_blocks.16.attn.to_out.0 (inputs)
25-12-26 16:44:30 | D |   - Quantizing transformer_blocks.16.attn.to_add_out (inputs)
25-12-26 16:44:30 | D |   - Quantizing transformer_blocks.16.ff.net.0.proj (inputs)
25-12-26 16:44:30 | D |   - Quantizing transformer_blocks.16.ff.net.2.linear (inputs)
25-12-26 16:44:30 | D |   - Quantizing transformer_blocks.16.ff_context.net.0.proj (inputs)
25-12-26 16:44:30 | D |   - Quantizing transformer_blocks.16.ff_context.net.2.linear (inputs)
25-12-26 16:44:30 | D |   - Quantizing transformer_blocks.17.attn.to_q (inputs)
25-12-26 16:44:30 | D |   - Quantizing transformer_blocks.17.attn.to_k (inputs)
25-12-26 16:44:30 | D |   - Quantizing transformer_blocks.17.attn.to_v (inputs)
25-12-26 16:44:30 | D |   - Quantizing transformer_blocks.17.attn.add_q_proj (inputs)
25-12-26 16:44:30 | D |   - Quantizing transformer_blocks.17.attn.add_k_proj (inputs)
25-12-26 16:44:30 | D |   - Quantizing transformer_blocks.17.attn.add_v_proj (inputs)
25-12-26 16:44:30 | D |   - Quantizing transformer_blocks.17.attn.to_out.0 (inputs)
25-12-26 16:44:30 | D |   - Quantizing transformer_blocks.17.attn.to_add_out (inputs)
25-12-26 16:44:30 | D |   - Quantizing transformer_blocks.17.ff.net.0.proj (inputs)
25-12-26 16:44:30 | D |   - Quantizing transformer_blocks.17.ff.net.2.linear (inputs)
25-12-26 16:44:30 | D |   - Quantizing transformer_blocks.17.ff_context.net.0.proj (inputs)
25-12-26 16:44:30 | D |   - Quantizing transformer_blocks.17.ff_context.net.2.linear (inputs)
25-12-26 16:44:30 | D |   - Quantizing transformer_blocks.18.attn.to_q (inputs)
25-12-26 16:44:30 | D |   - Quantizing transformer_blocks.18.attn.to_k (inputs)
25-12-26 16:44:30 | D |   - Quantizing transformer_blocks.18.attn.to_v (inputs)
25-12-26 16:44:30 | D |   - Quantizing transformer_blocks.18.attn.add_q_proj (inputs)
25-12-26 16:44:30 | D |   - Quantizing transformer_blocks.18.attn.add_k_proj (inputs)
25-12-26 16:44:30 | D |   - Quantizing transformer_blocks.18.attn.add_v_proj (inputs)
25-12-26 16:44:30 | D |   - Quantizing transformer_blocks.18.attn.to_out.0 (inputs)
25-12-26 16:44:30 | D |   - Quantizing transformer_blocks.18.attn.to_add_out (inputs)
25-12-26 16:44:30 | D |   - Quantizing transformer_blocks.18.ff.net.0.proj (inputs)
25-12-26 16:44:30 | D |   - Quantizing transformer_blocks.18.ff.net.2.linear (inputs)
25-12-26 16:44:30 | D |   - Quantizing transformer_blocks.18.ff_context.net.0.proj (inputs)
25-12-26 16:44:30 | D |   - Quantizing transformer_blocks.18.ff_context.net.2.linear (inputs)
25-12-26 16:44:30 | D |   - Quantizing single_transformer_blocks.0.attn.to_q (inputs)
25-12-26 16:44:30 | D |   - Quantizing single_transformer_blocks.0.attn.to_k (inputs)
25-12-26 16:44:30 | D |   - Quantizing single_transformer_blocks.0.attn.to_v (inputs)
25-12-26 16:44:30 | D |   - Quantizing single_transformer_blocks.0.proj_out.linears.0 (inputs)
25-12-26 16:44:30 | D |   - Quantizing single_transformer_blocks.0.proj_mlp (inputs)
25-12-26 16:44:30 | D |   - Quantizing single_transformer_blocks.0.proj_out.linears.1.linear (inputs)
25-12-26 16:44:30 | D |   - Quantizing single_transformer_blocks.1.attn.to_q (inputs)
25-12-26 16:44:30 | D |   - Quantizing single_transformer_blocks.1.attn.to_k (inputs)
25-12-26 16:44:30 | D |   - Quantizing single_transformer_blocks.1.attn.to_v (inputs)
25-12-26 16:44:30 | D |   - Quantizing single_transformer_blocks.1.proj_out.linears.0 (inputs)
25-12-26 16:44:30 | D |   - Quantizing single_transformer_blocks.1.proj_mlp (inputs)
25-12-26 16:44:30 | D |   - Quantizing single_transformer_blocks.1.proj_out.linears.1.linear (inputs)
25-12-26 16:44:30 | D |   - Quantizing single_transformer_blocks.2.attn.to_q (inputs)
25-12-26 16:44:30 | D |   - Quantizing single_transformer_blocks.2.attn.to_k (inputs)
25-12-26 16:44:30 | D |   - Quantizing single_transformer_blocks.2.attn.to_v (inputs)
25-12-26 16:44:30 | D |   - Quantizing single_transformer_blocks.2.proj_out.linears.0 (inputs)
25-12-26 16:44:30 | D |   - Quantizing single_transformer_blocks.2.proj_mlp (inputs)
25-12-26 16:44:30 | D |   - Quantizing single_transformer_blocks.2.proj_out.linears.1.linear (inputs)
25-12-26 16:44:30 | D |   - Quantizing single_transformer_blocks.3.attn.to_q (inputs)
25-12-26 16:44:30 | D |   - Quantizing single_transformer_blocks.3.attn.to_k (inputs)
25-12-26 16:44:30 | D |   - Quantizing single_transformer_blocks.3.attn.to_v (inputs)
25-12-26 16:44:30 | D |   - Quantizing single_transformer_blocks.3.proj_out.linears.0 (inputs)
25-12-26 16:44:30 | D |   - Quantizing single_transformer_blocks.3.proj_mlp (inputs)
25-12-26 16:44:30 | D |   - Quantizing single_transformer_blocks.3.proj_out.linears.1.linear (inputs)
25-12-26 16:44:30 | D |   - Quantizing single_transformer_blocks.4.attn.to_q (inputs)
25-12-26 16:44:30 | D |   - Quantizing single_transformer_blocks.4.attn.to_k (inputs)
25-12-26 16:44:30 | D |   - Quantizing single_transformer_blocks.4.attn.to_v (inputs)
25-12-26 16:44:30 | D |   - Quantizing single_transformer_blocks.4.proj_out.linears.0 (inputs)
25-12-26 16:44:30 | D |   - Quantizing single_transformer_blocks.4.proj_mlp (inputs)
25-12-26 16:44:30 | D |   - Quantizing single_transformer_blocks.4.proj_out.linears.1.linear (inputs)
25-12-26 16:44:30 | D |   - Quantizing single_transformer_blocks.5.attn.to_q (inputs)
25-12-26 16:44:30 | D |   - Quantizing single_transformer_blocks.5.attn.to_k (inputs)
25-12-26 16:44:30 | D |   - Quantizing single_transformer_blocks.5.attn.to_v (inputs)
25-12-26 16:44:30 | D |   - Quantizing single_transformer_blocks.5.proj_out.linears.0 (inputs)
25-12-26 16:44:30 | D |   - Quantizing single_transformer_blocks.5.proj_mlp (inputs)
25-12-26 16:44:30 | D |   - Quantizing single_transformer_blocks.5.proj_out.linears.1.linear (inputs)
25-12-26 16:44:30 | D |   - Quantizing single_transformer_blocks.6.attn.to_q (inputs)
25-12-26 16:44:30 | D |   - Quantizing single_transformer_blocks.6.attn.to_k (inputs)
25-12-26 16:44:30 | D |   - Quantizing single_transformer_blocks.6.attn.to_v (inputs)
25-12-26 16:44:30 | D |   - Quantizing single_transformer_blocks.6.proj_out.linears.0 (inputs)
25-12-26 16:44:30 | D |   - Quantizing single_transformer_blocks.6.proj_mlp (inputs)
25-12-26 16:44:30 | D |   - Quantizing single_transformer_blocks.6.proj_out.linears.1.linear (inputs)
25-12-26 16:44:30 | D |   - Quantizing single_transformer_blocks.7.attn.to_q (inputs)
25-12-26 16:44:30 | D |   - Quantizing single_transformer_blocks.7.attn.to_k (inputs)
25-12-26 16:44:30 | D |   - Quantizing single_transformer_blocks.7.attn.to_v (inputs)
25-12-26 16:44:30 | D |   - Quantizing single_transformer_blocks.7.proj_out.linears.0 (inputs)
25-12-26 16:44:30 | D |   - Quantizing single_transformer_blocks.7.proj_mlp (inputs)
25-12-26 16:44:30 | D |   - Quantizing single_transformer_blocks.7.proj_out.linears.1.linear (inputs)
25-12-26 16:44:30 | D |   - Quantizing single_transformer_blocks.8.attn.to_q (inputs)
25-12-26 16:44:30 | D |   - Quantizing single_transformer_blocks.8.attn.to_k (inputs)
25-12-26 16:44:30 | D |   - Quantizing single_transformer_blocks.8.attn.to_v (inputs)
25-12-26 16:44:30 | D |   - Quantizing single_transformer_blocks.8.proj_out.linears.0 (inputs)
25-12-26 16:44:30 | D |   - Quantizing single_transformer_blocks.8.proj_mlp (inputs)
25-12-26 16:44:30 | D |   - Quantizing single_transformer_blocks.8.proj_out.linears.1.linear (inputs)
25-12-26 16:44:30 | D |   - Quantizing single_transformer_blocks.9.attn.to_q (inputs)
25-12-26 16:44:30 | D |   - Quantizing single_transformer_blocks.9.attn.to_k (inputs)
25-12-26 16:44:30 | D |   - Quantizing single_transformer_blocks.9.attn.to_v (inputs)
25-12-26 16:44:30 | D |   - Quantizing single_transformer_blocks.9.proj_out.linears.0 (inputs)
25-12-26 16:44:30 | D |   - Quantizing single_transformer_blocks.9.proj_mlp (inputs)
25-12-26 16:44:30 | D |   - Quantizing single_transformer_blocks.9.proj_out.linears.1.linear (inputs)
25-12-26 16:44:30 | D |   - Quantizing single_transformer_blocks.10.attn.to_q (inputs)
25-12-26 16:44:30 | D |   - Quantizing single_transformer_blocks.10.attn.to_k (inputs)
25-12-26 16:44:30 | D |   - Quantizing single_transformer_blocks.10.attn.to_v (inputs)
25-12-26 16:44:30 | D |   - Quantizing single_transformer_blocks.10.proj_out.linears.0 (inputs)
25-12-26 16:44:30 | D |   - Quantizing single_transformer_blocks.10.proj_mlp (inputs)
25-12-26 16:44:30 | D |   - Quantizing single_transformer_blocks.10.proj_out.linears.1.linear (inputs)
25-12-26 16:44:30 | D |   - Quantizing single_transformer_blocks.11.attn.to_q (inputs)
25-12-26 16:44:30 | D |   - Quantizing single_transformer_blocks.11.attn.to_k (inputs)
25-12-26 16:44:30 | D |   - Quantizing single_transformer_blocks.11.attn.to_v (inputs)
25-12-26 16:44:30 | D |   - Quantizing single_transformer_blocks.11.proj_out.linears.0 (inputs)
25-12-26 16:44:30 | D |   - Quantizing single_transformer_blocks.11.proj_mlp (inputs)
25-12-26 16:44:30 | D |   - Quantizing single_transformer_blocks.11.proj_out.linears.1.linear (inputs)
25-12-26 16:44:30 | D |   - Quantizing single_transformer_blocks.12.attn.to_q (inputs)
25-12-26 16:44:30 | D |   - Quantizing single_transformer_blocks.12.attn.to_k (inputs)
25-12-26 16:44:30 | D |   - Quantizing single_transformer_blocks.12.attn.to_v (inputs)
25-12-26 16:44:30 | D |   - Quantizing single_transformer_blocks.12.proj_out.linears.0 (inputs)
25-12-26 16:44:30 | D |   - Quantizing single_transformer_blocks.12.proj_mlp (inputs)
25-12-26 16:44:30 | D |   - Quantizing single_transformer_blocks.12.proj_out.linears.1.linear (inputs)
25-12-26 16:44:30 | D |   - Quantizing single_transformer_blocks.13.attn.to_q (inputs)
25-12-26 16:44:30 | D |   - Quantizing single_transformer_blocks.13.attn.to_k (inputs)
25-12-26 16:44:30 | D |   - Quantizing single_transformer_blocks.13.attn.to_v (inputs)
25-12-26 16:44:30 | D |   - Quantizing single_transformer_blocks.13.proj_out.linears.0 (inputs)
25-12-26 16:44:30 | D |   - Quantizing single_transformer_blocks.13.proj_mlp (inputs)
25-12-26 16:44:30 | D |   - Quantizing single_transformer_blocks.13.proj_out.linears.1.linear (inputs)
25-12-26 16:44:30 | D |   - Quantizing single_transformer_blocks.14.attn.to_q (inputs)
25-12-26 16:44:30 | D |   - Quantizing single_transformer_blocks.14.attn.to_k (inputs)
25-12-26 16:44:30 | D |   - Quantizing single_transformer_blocks.14.attn.to_v (inputs)
25-12-26 16:44:30 | D |   - Quantizing single_transformer_blocks.14.proj_out.linears.0 (inputs)
25-12-26 16:44:30 | D |   - Quantizing single_transformer_blocks.14.proj_mlp (inputs)
25-12-26 16:44:30 | D |   - Quantizing single_transformer_blocks.14.proj_out.linears.1.linear (inputs)
25-12-26 16:44:30 | D |   - Quantizing single_transformer_blocks.15.attn.to_q (inputs)
25-12-26 16:44:30 | D |   - Quantizing single_transformer_blocks.15.attn.to_k (inputs)
25-12-26 16:44:30 | D |   - Quantizing single_transformer_blocks.15.attn.to_v (inputs)
25-12-26 16:44:30 | D |   - Quantizing single_transformer_blocks.15.proj_out.linears.0 (inputs)
25-12-26 16:44:30 | D |   - Quantizing single_transformer_blocks.15.proj_mlp (inputs)
25-12-26 16:44:30 | D |   - Quantizing single_transformer_blocks.15.proj_out.linears.1.linear (inputs)
25-12-26 16:44:30 | D |   - Quantizing single_transformer_blocks.16.attn.to_q (inputs)
25-12-26 16:44:30 | D |   - Quantizing single_transformer_blocks.16.attn.to_k (inputs)
25-12-26 16:44:30 | D |   - Quantizing single_transformer_blocks.16.attn.to_v (inputs)
25-12-26 16:44:30 | D |   - Quantizing single_transformer_blocks.16.proj_out.linears.0 (inputs)
25-12-26 16:44:30 | D |   - Quantizing single_transformer_blocks.16.proj_mlp (inputs)
25-12-26 16:44:30 | D |   - Quantizing single_transformer_blocks.16.proj_out.linears.1.linear (inputs)
25-12-26 16:44:30 | D |   - Quantizing single_transformer_blocks.17.attn.to_q (inputs)
25-12-26 16:44:30 | D |   - Quantizing single_transformer_blocks.17.attn.to_k (inputs)
25-12-26 16:44:30 | D |   - Quantizing single_transformer_blocks.17.attn.to_v (inputs)
25-12-26 16:44:30 | D |   - Quantizing single_transformer_blocks.17.proj_out.linears.0 (inputs)
25-12-26 16:44:30 | D |   - Quantizing single_transformer_blocks.17.proj_mlp (inputs)
25-12-26 16:44:30 | D |   - Quantizing single_transformer_blocks.17.proj_out.linears.1.linear (inputs)
25-12-26 16:44:30 | D |   - Quantizing single_transformer_blocks.18.attn.to_q (inputs)
25-12-26 16:44:30 | D |   - Quantizing single_transformer_blocks.18.attn.to_k (inputs)
25-12-26 16:44:30 | D |   - Quantizing single_transformer_blocks.18.attn.to_v (inputs)
25-12-26 16:44:30 | D |   - Quantizing single_transformer_blocks.18.proj_out.linears.0 (inputs)
25-12-26 16:44:30 | D |   - Quantizing single_transformer_blocks.18.proj_mlp (inputs)
25-12-26 16:44:30 | D |   - Quantizing single_transformer_blocks.18.proj_out.linears.1.linear (inputs)
25-12-26 16:44:30 | D |   - Quantizing single_transformer_blocks.19.attn.to_q (inputs)
25-12-26 16:44:30 | D |   - Quantizing single_transformer_blocks.19.attn.to_k (inputs)
25-12-26 16:44:30 | D |   - Quantizing single_transformer_blocks.19.attn.to_v (inputs)
25-12-26 16:44:30 | D |   - Quantizing single_transformer_blocks.19.proj_out.linears.0 (inputs)
25-12-26 16:44:30 | D |   - Quantizing single_transformer_blocks.19.proj_mlp (inputs)
25-12-26 16:44:30 | D |   - Quantizing single_transformer_blocks.19.proj_out.linears.1.linear (inputs)
25-12-26 16:44:30 | D |   - Quantizing single_transformer_blocks.20.attn.to_q (inputs)
25-12-26 16:44:30 | D |   - Quantizing single_transformer_blocks.20.attn.to_k (inputs)
25-12-26 16:44:30 | D |   - Quantizing single_transformer_blocks.20.attn.to_v (inputs)
25-12-26 16:44:30 | D |   - Quantizing single_transformer_blocks.20.proj_out.linears.0 (inputs)
25-12-26 16:44:30 | D |   - Quantizing single_transformer_blocks.20.proj_mlp (inputs)
25-12-26 16:44:30 | D |   - Quantizing single_transformer_blocks.20.proj_out.linears.1.linear (inputs)
25-12-26 16:44:30 | D |   - Quantizing single_transformer_blocks.21.attn.to_q (inputs)
25-12-26 16:44:30 | D |   - Quantizing single_transformer_blocks.21.attn.to_k (inputs)
25-12-26 16:44:30 | D |   - Quantizing single_transformer_blocks.21.attn.to_v (inputs)
25-12-26 16:44:30 | D |   - Quantizing single_transformer_blocks.21.proj_out.linears.0 (inputs)
25-12-26 16:44:30 | D |   - Quantizing single_transformer_blocks.21.proj_mlp (inputs)
25-12-26 16:44:30 | D |   - Quantizing single_transformer_blocks.21.proj_out.linears.1.linear (inputs)
25-12-26 16:44:30 | D |   - Quantizing single_transformer_blocks.22.attn.to_q (inputs)
25-12-26 16:44:30 | D |   - Quantizing single_transformer_blocks.22.attn.to_k (inputs)
25-12-26 16:44:30 | D |   - Quantizing single_transformer_blocks.22.attn.to_v (inputs)
25-12-26 16:44:30 | D |   - Quantizing single_transformer_blocks.22.proj_out.linears.0 (inputs)
25-12-26 16:44:30 | D |   - Quantizing single_transformer_blocks.22.proj_mlp (inputs)
25-12-26 16:44:30 | D |   - Quantizing single_transformer_blocks.22.proj_out.linears.1.linear (inputs)
25-12-26 16:44:30 | D |   - Quantizing single_transformer_blocks.23.attn.to_q (inputs)
25-12-26 16:44:30 | D |   - Quantizing single_transformer_blocks.23.attn.to_k (inputs)
25-12-26 16:44:30 | D |   - Quantizing single_transformer_blocks.23.attn.to_v (inputs)
25-12-26 16:44:30 | D |   - Quantizing single_transformer_blocks.23.proj_out.linears.0 (inputs)
25-12-26 16:44:30 | D |   - Quantizing single_transformer_blocks.23.proj_mlp (inputs)
25-12-26 16:44:30 | D |   - Quantizing single_transformer_blocks.23.proj_out.linears.1.linear (inputs)
25-12-26 16:44:30 | D |   - Quantizing single_transformer_blocks.24.attn.to_q (inputs)
25-12-26 16:44:30 | D |   - Quantizing single_transformer_blocks.24.attn.to_k (inputs)
25-12-26 16:44:30 | D |   - Quantizing single_transformer_blocks.24.attn.to_v (inputs)
25-12-26 16:44:30 | D |   - Quantizing single_transformer_blocks.24.proj_out.linears.0 (inputs)
25-12-26 16:44:30 | D |   - Quantizing single_transformer_blocks.24.proj_mlp (inputs)
25-12-26 16:44:30 | D |   - Quantizing single_transformer_blocks.24.proj_out.linears.1.linear (inputs)
25-12-26 16:44:30 | D |   - Quantizing single_transformer_blocks.25.attn.to_q (inputs)
25-12-26 16:44:30 | D |   - Quantizing single_transformer_blocks.25.attn.to_k (inputs)
25-12-26 16:44:30 | D |   - Quantizing single_transformer_blocks.25.attn.to_v (inputs)
25-12-26 16:44:30 | D |   - Quantizing single_transformer_blocks.25.proj_out.linears.0 (inputs)
25-12-26 16:44:30 | D |   - Quantizing single_transformer_blocks.25.proj_mlp (inputs)
25-12-26 16:44:30 | D |   - Quantizing single_transformer_blocks.25.proj_out.linears.1.linear (inputs)
25-12-26 16:44:30 | D |   - Quantizing single_transformer_blocks.26.attn.to_q (inputs)
25-12-26 16:44:30 | D |   - Quantizing single_transformer_blocks.26.attn.to_k (inputs)
25-12-26 16:44:30 | D |   - Quantizing single_transformer_blocks.26.attn.to_v (inputs)
25-12-26 16:44:30 | D |   - Quantizing single_transformer_blocks.26.proj_out.linears.0 (inputs)
25-12-26 16:44:30 | D |   - Quantizing single_transformer_blocks.26.proj_mlp (inputs)
25-12-26 16:44:30 | D |   - Quantizing single_transformer_blocks.26.proj_out.linears.1.linear (inputs)
25-12-26 16:44:30 | D |   - Quantizing single_transformer_blocks.27.attn.to_q (inputs)
25-12-26 16:44:30 | D |   - Quantizing single_transformer_blocks.27.attn.to_k (inputs)
25-12-26 16:44:30 | D |   - Quantizing single_transformer_blocks.27.attn.to_v (inputs)
25-12-26 16:44:30 | D |   - Quantizing single_transformer_blocks.27.proj_out.linears.0 (inputs)
25-12-26 16:44:30 | D |   - Quantizing single_transformer_blocks.27.proj_mlp (inputs)
25-12-26 16:44:30 | D |   - Quantizing single_transformer_blocks.27.proj_out.linears.1.linear (inputs)
25-12-26 16:44:30 | D |   - Quantizing single_transformer_blocks.28.attn.to_q (inputs)
25-12-26 16:44:30 | D |   - Quantizing single_transformer_blocks.28.attn.to_k (inputs)
25-12-26 16:44:30 | D |   - Quantizing single_transformer_blocks.28.attn.to_v (inputs)
25-12-26 16:44:30 | D |   - Quantizing single_transformer_blocks.28.proj_out.linears.0 (inputs)
25-12-26 16:44:30 | D |   - Quantizing single_transformer_blocks.28.proj_mlp (inputs)
25-12-26 16:44:30 | D |   - Quantizing single_transformer_blocks.28.proj_out.linears.1.linear (inputs)
25-12-26 16:44:30 | D |   - Quantizing single_transformer_blocks.29.attn.to_q (inputs)
25-12-26 16:44:30 | D |   - Quantizing single_transformer_blocks.29.attn.to_k (inputs)
25-12-26 16:44:30 | D |   - Quantizing single_transformer_blocks.29.attn.to_v (inputs)
25-12-26 16:44:30 | D |   - Quantizing single_transformer_blocks.29.proj_out.linears.0 (inputs)
25-12-26 16:44:30 | D |   - Quantizing single_transformer_blocks.29.proj_mlp (inputs)
25-12-26 16:44:30 | D |   - Quantizing single_transformer_blocks.29.proj_out.linears.1.linear (inputs)
25-12-26 16:44:30 | D |   - Quantizing single_transformer_blocks.30.attn.to_q (inputs)
25-12-26 16:44:30 | D |   - Quantizing single_transformer_blocks.30.attn.to_k (inputs)
25-12-26 16:44:30 | D |   - Quantizing single_transformer_blocks.30.attn.to_v (inputs)
25-12-26 16:44:30 | D |   - Quantizing single_transformer_blocks.30.proj_out.linears.0 (inputs)
25-12-26 16:44:30 | D |   - Quantizing single_transformer_blocks.30.proj_mlp (inputs)
25-12-26 16:44:30 | D |   - Quantizing single_transformer_blocks.30.proj_out.linears.1.linear (inputs)
25-12-26 16:44:30 | D |   - Quantizing single_transformer_blocks.31.attn.to_q (inputs)
25-12-26 16:44:30 | D |   - Quantizing single_transformer_blocks.31.attn.to_k (inputs)
25-12-26 16:44:30 | D |   - Quantizing single_transformer_blocks.31.attn.to_v (inputs)
25-12-26 16:44:30 | D |   - Quantizing single_transformer_blocks.31.proj_out.linears.0 (inputs)
25-12-26 16:44:30 | D |   - Quantizing single_transformer_blocks.31.proj_mlp (inputs)
25-12-26 16:44:30 | D |   - Quantizing single_transformer_blocks.31.proj_out.linears.1.linear (inputs)
25-12-26 16:44:30 | D |   - Quantizing single_transformer_blocks.32.attn.to_q (inputs)
25-12-26 16:44:30 | D |   - Quantizing single_transformer_blocks.32.attn.to_k (inputs)
25-12-26 16:44:30 | D |   - Quantizing single_transformer_blocks.32.attn.to_v (inputs)
25-12-26 16:44:30 | D |   - Quantizing single_transformer_blocks.32.proj_out.linears.0 (inputs)
25-12-26 16:44:30 | D |   - Quantizing single_transformer_blocks.32.proj_mlp (inputs)
25-12-26 16:44:30 | D |   - Quantizing single_transformer_blocks.32.proj_out.linears.1.linear (inputs)
25-12-26 16:44:30 | D |   - Quantizing single_transformer_blocks.33.attn.to_q (inputs)
25-12-26 16:44:30 | D |   - Quantizing single_transformer_blocks.33.attn.to_k (inputs)
25-12-26 16:44:30 | D |   - Quantizing single_transformer_blocks.33.attn.to_v (inputs)
25-12-26 16:44:30 | D |   - Quantizing single_transformer_blocks.33.proj_out.linears.0 (inputs)
25-12-26 16:44:30 | D |   - Quantizing single_transformer_blocks.33.proj_mlp (inputs)
25-12-26 16:44:30 | D |   - Quantizing single_transformer_blocks.33.proj_out.linears.1.linear (inputs)
25-12-26 16:44:30 | D |   - Quantizing single_transformer_blocks.34.attn.to_q (inputs)
25-12-26 16:44:30 | D |   - Quantizing single_transformer_blocks.34.attn.to_k (inputs)
25-12-26 16:44:30 | D |   - Quantizing single_transformer_blocks.34.attn.to_v (inputs)
25-12-26 16:44:30 | D |   - Quantizing single_transformer_blocks.34.proj_out.linears.0 (inputs)
25-12-26 16:44:30 | D |   - Quantizing single_transformer_blocks.34.proj_mlp (inputs)
25-12-26 16:44:30 | D |   - Quantizing single_transformer_blocks.34.proj_out.linears.1.linear (inputs)
25-12-26 16:44:30 | D |   - Quantizing single_transformer_blocks.35.attn.to_q (inputs)
25-12-26 16:44:30 | D |   - Quantizing single_transformer_blocks.35.attn.to_k (inputs)
25-12-26 16:44:30 | D |   - Quantizing single_transformer_blocks.35.attn.to_v (inputs)
25-12-26 16:44:30 | D |   - Quantizing single_transformer_blocks.35.proj_out.linears.0 (inputs)
25-12-26 16:44:30 | D |   - Quantizing single_transformer_blocks.35.proj_mlp (inputs)
25-12-26 16:44:30 | D |   - Quantizing single_transformer_blocks.35.proj_out.linears.1.linear (inputs)
25-12-26 16:44:30 | D |   - Quantizing single_transformer_blocks.36.attn.to_q (inputs)
25-12-26 16:44:30 | D |   - Quantizing single_transformer_blocks.36.attn.to_k (inputs)
25-12-26 16:44:30 | D |   - Quantizing single_transformer_blocks.36.attn.to_v (inputs)
25-12-26 16:44:30 | D |   - Quantizing single_transformer_blocks.36.proj_out.linears.0 (inputs)
25-12-26 16:44:30 | D |   - Quantizing single_transformer_blocks.36.proj_mlp (inputs)
25-12-26 16:44:30 | D |   - Quantizing single_transformer_blocks.36.proj_out.linears.1.linear (inputs)
25-12-26 16:44:30 | D |   - Quantizing single_transformer_blocks.37.attn.to_q (inputs)
25-12-26 16:44:30 | D |   - Quantizing single_transformer_blocks.37.attn.to_k (inputs)
25-12-26 16:44:30 | D |   - Quantizing single_transformer_blocks.37.attn.to_v (inputs)
25-12-26 16:44:30 | D |   - Quantizing single_transformer_blocks.37.proj_out.linears.0 (inputs)
25-12-26 16:44:30 | D |   - Quantizing single_transformer_blocks.37.proj_mlp (inputs)
25-12-26 16:44:30 | D |   - Quantizing single_transformer_blocks.37.proj_out.linears.1.linear (inputs)
25-12-26 16:44:30 | I | * Evaluating model 
25-12-26 16:44:30 | D |   Attempting to acquire lock 140683181125712 on /home/jby_25113050052/.cache/huggingface/modules/datasets_modules/datasets/MJHQ.lock
25-12-26 16:44:30 | D |   Lock 140683181125712 acquired on /home/jby_25113050052/.cache/huggingface/modules/datasets_modules/datasets/MJHQ.lock
25-12-26 16:44:30 | D |   Attempting to release lock 140683181125712 on /home/jby_25113050052/.cache/huggingface/modules/datasets_modules/datasets/MJHQ.lock
25-12-26 16:44:30 | D |   Lock 140683181125712 released on /home/jby_25113050052/.cache/huggingface/modules/datasets_modules/datasets/MJHQ.lock
25-12-26 16:44:30 | D |   Attempting to acquire lock 140683181126432 on /home/jby_25113050052/.cache/huggingface/datasets/_home_jby_25113050052_.cache_huggingface_datasets_mjhq_MJHQ-7d12c30b2f72690f_0.0.0_6bbe88c42ce89dc85ccb4e46a033e19e1b4aa147e7be5c51fefd7d953c0a7bf2.lock
25-12-26 16:44:30 | D |   Lock 140683181126432 acquired on /home/jby_25113050052/.cache/huggingface/datasets/_home_jby_25113050052_.cache_huggingface_datasets_mjhq_MJHQ-7d12c30b2f72690f_0.0.0_6bbe88c42ce89dc85ccb4e46a033e19e1b4aa147e7be5c51fefd7d953c0a7bf2.lock
25-12-26 16:44:30 | D |   open file: /home/jby_25113050052/.cache/huggingface/datasets/mjhq/MJHQ-7d12c30b2f72690f/0.0.0/6bbe88c42ce89dc85ccb4e46a033e19e1b4aa147e7be5c51fefd7d953c0a7bf2/dataset_info.json
25-12-26 16:44:30 | D |   Attempting to release lock 140683181126432 on /home/jby_25113050052/.cache/huggingface/datasets/_home_jby_25113050052_.cache_huggingface_datasets_mjhq_MJHQ-7d12c30b2f72690f_0.0.0_6bbe88c42ce89dc85ccb4e46a033e19e1b4aa147e7be5c51fefd7d953c0a7bf2.lock
25-12-26 16:44:30 | D |   Lock 140683181126432 released on /home/jby_25113050052/.cache/huggingface/datasets/_home_jby_25113050052_.cache_huggingface_datasets_mjhq_MJHQ-7d12c30b2f72690f_0.0.0_6bbe88c42ce89dc85ccb4e46a033e19e1b4aa147e7be5c51fefd7d953c0a7bf2.lock
25-12-26 16:44:30 | D |   Attempting to acquire lock 140683492060688 on /home/jby_25113050052/.cache/huggingface/modules/datasets_modules/datasets/MJHQ.lock
25-12-26 16:44:30 | D |   Lock 140683492060688 acquired on /home/jby_25113050052/.cache/huggingface/modules/datasets_modules/datasets/MJHQ.lock
25-12-26 16:44:30 | D |   Attempting to release lock 140683492060688 on /home/jby_25113050052/.cache/huggingface/modules/datasets_modules/datasets/MJHQ.lock
25-12-26 16:44:30 | D |   Lock 140683492060688 released on /home/jby_25113050052/.cache/huggingface/modules/datasets_modules/datasets/MJHQ.lock
25-12-26 16:44:30 | D |   Attempting to acquire lock 140696149015296 on /home/jby_25113050052/.cache/huggingface/datasets/mjhq/MJHQ-7d12c30b2f72690f/0.0.0/6bbe88c42ce89dc85ccb4e46a033e19e1b4aa147e7be5c51fefd7d953c0a7bf2_builder.lock
25-12-26 16:44:30 | D |   Lock 140696149015296 acquired on /home/jby_25113050052/.cache/huggingface/datasets/mjhq/MJHQ-7d12c30b2f72690f/0.0.0/6bbe88c42ce89dc85ccb4e46a033e19e1b4aa147e7be5c51fefd7d953c0a7bf2_builder.lock
25-12-26 16:44:30 | D |   open file: /home/jby_25113050052/.cache/huggingface/datasets/mjhq/MJHQ-7d12c30b2f72690f/0.0.0/6bbe88c42ce89dc85ccb4e46a033e19e1b4aa147e7be5c51fefd7d953c0a7bf2/dataset_info.json
25-12-26 16:44:30 | D |   Attempting to release lock 140696149015296 on /home/jby_25113050052/.cache/huggingface/datasets/mjhq/MJHQ-7d12c30b2f72690f/0.0.0/6bbe88c42ce89dc85ccb4e46a033e19e1b4aa147e7be5c51fefd7d953c0a7bf2_builder.lock
25-12-26 16:44:30 | D |   Lock 140696149015296 released on /home/jby_25113050052/.cache/huggingface/datasets/mjhq/MJHQ-7d12c30b2f72690f/0.0.0/6bbe88c42ce89dc85ccb4e46a033e19e1b4aa147e7be5c51fefd7d953c0a7bf2_builder.lock
25-12-26 16:44:30 | I |     MJHQ has 1024 samples (chunk_start=0, chunk_step=1, unchunk_size=1024)
25-12-26 18:16:02 | D |   Attempting to acquire lock 140683179690080 on /home/jby_25113050052/.cache/huggingface/modules/datasets_modules/datasets/MJHQ.lock
25-12-26 18:16:02 | D |   Lock 140683179690080 acquired on /home/jby_25113050052/.cache/huggingface/modules/datasets_modules/datasets/MJHQ.lock
25-12-26 18:16:02 | D |   Attempting to release lock 140683179690080 on /home/jby_25113050052/.cache/huggingface/modules/datasets_modules/datasets/MJHQ.lock
25-12-26 18:16:02 | D |   Lock 140683179690080 released on /home/jby_25113050052/.cache/huggingface/modules/datasets_modules/datasets/MJHQ.lock
25-12-26 18:16:02 | D |   Attempting to acquire lock 140683181125712 on /home/jby_25113050052/.cache/huggingface/datasets/_home_jby_25113050052_.cache_huggingface_datasets_mjhq_MJHQ-68d8c979dbde77b1_0.0.0_6bbe88c42ce89dc85ccb4e46a033e19e1b4aa147e7be5c51fefd7d953c0a7bf2.lock
25-12-26 18:16:02 | D |   Lock 140683181125712 acquired on /home/jby_25113050052/.cache/huggingface/datasets/_home_jby_25113050052_.cache_huggingface_datasets_mjhq_MJHQ-68d8c979dbde77b1_0.0.0_6bbe88c42ce89dc85ccb4e46a033e19e1b4aa147e7be5c51fefd7d953c0a7bf2.lock
25-12-26 18:16:02 | D |   open file: /home/jby_25113050052/.cache/huggingface/datasets/mjhq/MJHQ-68d8c979dbde77b1/0.0.0/6bbe88c42ce89dc85ccb4e46a033e19e1b4aa147e7be5c51fefd7d953c0a7bf2/dataset_info.json
25-12-26 18:16:02 | D |   Attempting to release lock 140683181125712 on /home/jby_25113050052/.cache/huggingface/datasets/_home_jby_25113050052_.cache_huggingface_datasets_mjhq_MJHQ-68d8c979dbde77b1_0.0.0_6bbe88c42ce89dc85ccb4e46a033e19e1b4aa147e7be5c51fefd7d953c0a7bf2.lock
25-12-26 18:16:02 | D |   Lock 140683181125712 released on /home/jby_25113050052/.cache/huggingface/datasets/_home_jby_25113050052_.cache_huggingface_datasets_mjhq_MJHQ-68d8c979dbde77b1_0.0.0_6bbe88c42ce89dc85ccb4e46a033e19e1b4aa147e7be5c51fefd7d953c0a7bf2.lock
25-12-26 18:16:02 | D |   Attempting to acquire lock 140682734756800 on /home/jby_25113050052/.cache/huggingface/modules/datasets_modules/datasets/MJHQ.lock
25-12-26 18:16:02 | D |   Lock 140682734756800 acquired on /home/jby_25113050052/.cache/huggingface/modules/datasets_modules/datasets/MJHQ.lock
25-12-26 18:16:02 | D |   Attempting to release lock 140682734756800 on /home/jby_25113050052/.cache/huggingface/modules/datasets_modules/datasets/MJHQ.lock
25-12-26 18:16:02 | D |   Lock 140682734756800 released on /home/jby_25113050052/.cache/huggingface/modules/datasets_modules/datasets/MJHQ.lock
25-12-26 18:16:02 | D |   Attempting to acquire lock 140696149014384 on /home/jby_25113050052/.cache/huggingface/datasets/mjhq/MJHQ-68d8c979dbde77b1/0.0.0/6bbe88c42ce89dc85ccb4e46a033e19e1b4aa147e7be5c51fefd7d953c0a7bf2_builder.lock
25-12-26 18:16:02 | D |   Lock 140696149014384 acquired on /home/jby_25113050052/.cache/huggingface/datasets/mjhq/MJHQ-68d8c979dbde77b1/0.0.0/6bbe88c42ce89dc85ccb4e46a033e19e1b4aa147e7be5c51fefd7d953c0a7bf2_builder.lock
25-12-26 18:16:02 | D |   open file: /home/jby_25113050052/.cache/huggingface/datasets/mjhq/MJHQ-68d8c979dbde77b1/0.0.0/6bbe88c42ce89dc85ccb4e46a033e19e1b4aa147e7be5c51fefd7d953c0a7bf2/dataset_info.json
25-12-26 18:16:02 | D |   Attempting to release lock 140696149014384 on /home/jby_25113050052/.cache/huggingface/datasets/mjhq/MJHQ-68d8c979dbde77b1/0.0.0/6bbe88c42ce89dc85ccb4e46a033e19e1b4aa147e7be5c51fefd7d953c0a7bf2_builder.lock
25-12-26 18:16:02 | D |   Lock 140696149014384 released on /home/jby_25113050052/.cache/huggingface/datasets/mjhq/MJHQ-68d8c979dbde77b1/0.0.0/6bbe88c42ce89dc85ccb4e46a033e19e1b4aa147e7be5c51fefd7d953c0a7bf2_builder.lock
25-12-26 18:16:02 | D |   Resetting dropped connection: hf-mirror.com
25-12-26 18:16:03 | D |   https://hf-mirror.com:443 "HEAD /openai/clip-vit-large-patch14/resolve/main/config.json HTTP/1.1" 307 0
25-12-26 18:16:03 | D |   https://hf-mirror.com:443 "HEAD /api/resolve-cache/models/openai/clip-vit-large-patch14/32bd64288804d66eefd0ccbe215aa642df71cc41/config.json HTTP/1.1" 200 0
25-12-26 18:16:04 | D |   https://hf-mirror.com:443 "HEAD /openai/clip-vit-large-patch14/resolve/main/config.json HTTP/1.1" 307 0
25-12-26 18:16:04 | D |   https://hf-mirror.com:443 "HEAD /api/resolve-cache/models/openai/clip-vit-large-patch14/32bd64288804d66eefd0ccbe215aa642df71cc41/config.json HTTP/1.1" 200 0
25-12-26 18:16:04 | D |   https://hf-mirror.com:443 "HEAD /openai/clip-vit-large-patch14/resolve/main/preprocessor_config.json HTTP/1.1" 307 0
25-12-26 18:16:04 | D |   https://hf-mirror.com:443 "HEAD /api/resolve-cache/models/openai/clip-vit-large-patch14/32bd64288804d66eefd0ccbe215aa642df71cc41/preprocessor_config.json HTTP/1.1" 200 0
25-12-26 18:16:04 | D |   https://hf-mirror.com:443 "HEAD /openai/clip-vit-large-patch14/resolve/main/tokenizer_config.json HTTP/1.1" 307 0
25-12-26 18:16:04 | D |   https://hf-mirror.com:443 "HEAD /api/resolve-cache/models/openai/clip-vit-large-patch14/32bd64288804d66eefd0ccbe215aa642df71cc41/tokenizer_config.json HTTP/1.1" 200 0
25-12-26 18:16:05 | D |   https://hf-mirror.com:443 "GET /api/models/openai/clip-vit-large-patch14/tree/main/additional_chat_templates?recursive=False&expand=False HTTP/1.1" 404 64
25-12-26 18:16:05 | D |   https://hf-mirror.com:443 "GET /api/models/openai/clip-vit-large-patch14/tree/main/additional_chat_templates?recursive=False&expand=False HTTP/1.1" 404 64
25-12-26 18:16:06 | D |   https://hf-mirror.com:443 "HEAD /openai/clip-vit-large-patch14/resolve/main/processor_config.json HTTP/1.1" 404 0
25-12-26 18:16:06 | D |   https://hf-mirror.com:443 "HEAD /openai/clip-vit-large-patch14/resolve/main/chat_template.json HTTP/1.1" 404 0
25-12-26 18:16:06 | D |   https://hf-mirror.com:443 "HEAD /openai/clip-vit-large-patch14/resolve/main/chat_template.jinja HTTP/1.1" 404 0
25-12-26 18:16:06 | D |   https://hf-mirror.com:443 "HEAD /openai/clip-vit-large-patch14/resolve/main/audio_tokenizer_config.json HTTP/1.1" 404 0
25-12-26 18:16:08 | D |   https://hf-mirror.com:443 "HEAD /openai/clip-vit-large-patch14/resolve/main/config.json HTTP/1.1" 307 0
25-12-26 18:16:08 | D |   https://hf-mirror.com:443 "HEAD /api/resolve-cache/models/openai/clip-vit-large-patch14/32bd64288804d66eefd0ccbe215aa642df71cc41/config.json HTTP/1.1" 200 0
25-12-26 18:16:08 | D |   https://hf-mirror.com:443 "HEAD /openai/clip-vit-large-patch14/resolve/main/config.json HTTP/1.1" 307 0
25-12-26 18:16:08 | D |   https://hf-mirror.com:443 "HEAD /api/resolve-cache/models/openai/clip-vit-large-patch14/32bd64288804d66eefd0ccbe215aa642df71cc41/config.json HTTP/1.1" 200 0
25-12-26 18:16:09 | D |   https://hf-mirror.com:443 "HEAD /openai/clip-vit-large-patch14/resolve/main/preprocessor_config.json HTTP/1.1" 307 0
25-12-26 18:16:09 | D |   https://hf-mirror.com:443 "HEAD /api/resolve-cache/models/openai/clip-vit-large-patch14/32bd64288804d66eefd0ccbe215aa642df71cc41/preprocessor_config.json HTTP/1.1" 200 0
25-12-26 18:16:10 | D |   https://hf-mirror.com:443 "HEAD /openai/clip-vit-large-patch14/resolve/main/tokenizer_config.json HTTP/1.1" 307 0
25-12-26 18:16:10 | D |   https://hf-mirror.com:443 "HEAD /api/resolve-cache/models/openai/clip-vit-large-patch14/32bd64288804d66eefd0ccbe215aa642df71cc41/tokenizer_config.json HTTP/1.1" 200 0
25-12-26 18:16:11 | D |   https://hf-mirror.com:443 "GET /api/models/openai/clip-vit-large-patch14/tree/main/additional_chat_templates?recursive=False&expand=False HTTP/1.1" 404 64
25-12-26 18:16:11 | D |   https://hf-mirror.com:443 "GET /api/models/openai/clip-vit-large-patch14/tree/main/additional_chat_templates?recursive=False&expand=False HTTP/1.1" 404 64
25-12-26 18:16:11 | D |   https://hf-mirror.com:443 "HEAD /openai/clip-vit-large-patch14/resolve/main/processor_config.json HTTP/1.1" 404 0
25-12-26 18:16:12 | D |   https://hf-mirror.com:443 "HEAD /openai/clip-vit-large-patch14/resolve/main/chat_template.json HTTP/1.1" 404 0
25-12-26 18:16:12 | D |   https://hf-mirror.com:443 "HEAD /openai/clip-vit-large-patch14/resolve/main/chat_template.jinja HTTP/1.1" 404 0
25-12-26 18:16:12 | D |   https://hf-mirror.com:443 "HEAD /openai/clip-vit-large-patch14/resolve/main/audio_tokenizer_config.json HTTP/1.1" 404 0
25-12-26 18:20:58 | I | * Saving results to runs/diffusion/flux.1/flux.1-schnell/w.4-x.4-y.16/w.sint4-x.sint4.u-y.bf16/w.v64.bf16-x.v64.bf16-y.tnsr.bf16/smooth.proj-w.static.lowrank/shift-skip.x.[[w]+tan+tn].w.[e+rs+rtp+s+tpi+tpo]-low.r32.i100.e.skip.[rc+tan+tn]-smth.proj.GridSearch.bn2.[AbsMax].lr.skip.[rc+tan+tn]-qdiff.128-t4.g0-s1024/run-251226.163806
