25-12-29 09:00:07 | I | === Configurations ===
25-12-29 09:00:07 | I | DiffusionPtqRunConfig(
25-12-29 09:00:07 | I |   cache=DiffusionPtqCacheConfig(
25-12-29 09:00:07 | I |     root=runs,
25-12-29 09:00:07 | I |     dirpath=DiffusionQuantCacheConfig(smooth='runs/diffusion/cache/quant/qdiff.128/smooth/w.4-x.4-y.16/w.sint4-x.sint4.u-y.fp16/w.v64.fp16-x.v64.fp16-y.tnsr.fp16/w.skip.[aa+e+fa+rs+rtp+s+tan+tn+tpi+tpo]-x.skip.[aa+e+fa+rs+rtp+s+tan+tn+tpi+tpo]-y.skip.[]/shift/lowrank.r32/smooth.proj.OutputsError.GridSearch.Layer.d2.en1.sn1/smooth.proj.[a.AbsMax.b.AbsMax]/smooth.proj.g20.bn2.lr.nf/smooth.proj.skip.[rc]', branch='runs/diffusion/cache/quant/qdiff.128/branch/w.4-x.4-y.16/w.sint4-x.sint4.u-y.fp16/w.v64.fp16-x.v64.fp16-y.tnsr.fp16/w.skip.[aa+e+fa+rs+rtp+s+tan+tn+tpi+tpo]-x.skip.[aa+e+fa+rs+rtp+s+tan+tn+tpi+tpo]-y.skip.[]/shift/lowrank.r32/smooth.proj.OutputsError.GridSearch.Layer.d2.en1.sn1/smooth.proj.[a.AbsMax.b.AbsMax]/smooth.proj.g20.bn2.lr.nf/smooth.proj.skip.[rc]/lowrank.OutputsError.Manual.Layer.d2.en1.sn1/lowrank.i100.r32.earlystop/lowrank.skip.[rc]', wgts='', acts=''),
25-12-29 09:00:07 | I |     path=DiffusionQuantCacheConfig(smooth='runs/diffusion/cache/quant/qdiff.128/smooth/w.4-x.4-y.16/w.sint4-x.sint4.u-y.fp16/w.v64.fp16-x.v64.fp16-y.tnsr.fp16/w.skip.[aa+e+fa+rs+rtp+s+tan+tn+tpi+tpo]-x.skip.[aa+e+fa+rs+rtp+s+tan+tn+tpi+tpo]-y.skip.[]/shift/lowrank.r32/smooth.proj.OutputsError.GridSearch.Layer.d2.en1.sn1/smooth.proj.[a.AbsMax.b.AbsMax]/smooth.proj.g20.bn2.lr.nf/smooth.proj.skip.[rc]/pixart-sigma.pt', branch='runs/diffusion/cache/quant/qdiff.128/branch/w.4-x.4-y.16/w.sint4-x.sint4.u-y.fp16/w.v64.fp16-x.v64.fp16-y.tnsr.fp16/w.skip.[aa+e+fa+rs+rtp+s+tan+tn+tpi+tpo]-x.skip.[aa+e+fa+rs+rtp+s+tan+tn+tpi+tpo]-y.skip.[]/shift/lowrank.r32/smooth.proj.OutputsError.GridSearch.Layer.d2.en1.sn1/smooth.proj.[a.AbsMax.b.AbsMax]/smooth.proj.g20.bn2.lr.nf/smooth.proj.skip.[rc]/lowrank.OutputsError.Manual.Layer.d2.en1.sn1/lowrank.i100.r32.earlystop/lowrank.skip.[rc]/pixart-sigma.pt', wgts='', acts='')),
25-12-29 09:00:07 | I |   output=OutputConfig(
25-12-29 09:00:07 | I |     root=runs,
25-12-29 09:00:07 | I |     dirname=shift-skip.x.[[w]].w.[aa+e+fa+rs+rtp+s+tan+tn+tpi+tpo]-low.r32.i100.e.skip.[rc]-smth.proj.GridSearch.bn2.[AbsMax].lr.skip.[rc]-qdiff.128-t20.g4.5-s1024,
25-12-29 09:00:07 | I |     job=run,
25-12-29 09:00:07 | I |     dirpath=runs/diffusion/pixart/pixart-sigma/w.4-x.4-y.16/w.sint4-x.sint4.u-y.fp16/w.v64.fp16-x.v64.fp16-y.tnsr.fp16/smooth.proj-w.static.lowrank/shift-skip.x.[[w]].w.[aa+e+fa+rs+rtp+s+tan+tn+tpi+tpo]-low.r32.i100.e.skip.[rc]-smth.proj.GridSearch.bn2.[AbsMax].lr.skip.[rc]-qdiff.128-t20.g4.5-s1024,
25-12-29 09:00:07 | I |     timestamp=251229.090007),
25-12-29 09:00:07 | I |   pipeline=DiffusionPipelineConfig(
25-12-29 09:00:07 | I |     name=pixart-sigma,
25-12-29 09:00:07 | I |     path=,
25-12-29 09:00:07 | I |     dtype=torch.float16,
25-12-29 09:00:07 | I |     device=cuda,
25-12-29 09:00:07 | I |     shift_activations=True,
25-12-29 09:00:07 | I |     lora=None,
25-12-29 09:00:07 | I |     family=pixart,
25-12-29 09:00:07 | I |     task=text-to-image),
25-12-29 09:00:07 | I |   eval=DiffusionEvalConfig(
25-12-29 09:00:07 | I |     protocol=dpm20-g4.5,
25-12-29 09:00:07 | I |     num_gpus=1,
25-12-29 09:00:07 | I |     batch_size=1,
25-12-29 09:00:07 | I |     batch_size_per_gpu=1,
25-12-29 09:00:07 | I |     height=None,
25-12-29 09:00:07 | I |     width=None,
25-12-29 09:00:07 | I |     clean_caption=None,
25-12-29 09:00:07 | I |     num_steps=20,
25-12-29 09:00:07 | I |     guidance_scale=4.5,
25-12-29 09:00:07 | I |     num_samples=1024,
25-12-29 09:00:07 | I |     benchmarks=['MJHQ'],
25-12-29 09:00:07 | I |     gt_metrics=['clip_iqa', 'clip_score', 'image_reward', 'fid'],
25-12-29 09:00:07 | I |     ref_metrics=['psnr', 'lpips', 'ssim', 'fid'],
25-12-29 09:00:07 | I |     gen_root={output}/{job},
25-12-29 09:00:07 | I |     ref_root=/cpfs01/projects-HDD/cfff-4da39d3c1e4e_HDD/jby_25113050052/projects/deepcompressor/examples/diffusion/baselines/torch.float16/pixart-sigma/dpm20-g4.5,
25-12-29 09:00:07 | I |     gt_stats_root=benchmarks/stats,
25-12-29 09:00:07 | I |     control_root=benchmarks,
25-12-29 09:00:07 | I |     chunk_start=0,
25-12-29 09:00:07 | I |     chunk_step=1,
25-12-29 09:00:07 | I |     chunk_only=False),
25-12-29 09:00:07 | I |   quant=DiffusionQuantConfig(
25-12-29 09:00:07 | I |     wgts=DiffusionWeightQuantizerConfig(
25-12-29 09:00:07 | I |       dtype=sint4,
25-12-29 09:00:07 | I |       zero_point=None,
25-12-29 09:00:07 | I |       group_shapes=((1, 64, 1),),
25-12-29 09:00:07 | I |       scale_dtypes=(None,),
25-12-29 09:00:07 | I |       static=True,
25-12-29 09:00:07 | I |       kernel_gptq=None,
25-12-29 09:00:07 | I |       low_rank=SkipBasedQuantLowRankCalibConfig(
25-12-29 09:00:07 | I |         rank=32,
25-12-29 09:00:07 | I |         exclusive=False,
25-12-29 09:00:07 | I |         compensate=False,
25-12-29 09:00:07 | I |         degree=2,
25-12-29 09:00:07 | I |         objective=SearchBasedCalibObjective.OutputsError,
25-12-29 09:00:07 | I |         strategy=SearchBasedCalibStrategy.Manual,
25-12-29 09:00:07 | I |         granularity=SearchBasedCalibGranularity.Layer,
25-12-29 09:00:07 | I |         element_batch_size=-1,
25-12-29 09:00:07 | I |         sample_batch_size=-1,
25-12-29 09:00:07 | I |         element_size=-1,
25-12-29 09:00:07 | I |         sample_size=-1,
25-12-29 09:00:07 | I |         pre_reshape=True,
25-12-29 09:00:07 | I |         outputs_device=cpu,
25-12-29 09:00:07 | I |         num_iters=100,
25-12-29 09:00:07 | I |         early_stop=True,
25-12-29 09:00:07 | I |         skips=['down_resblock_conv', 'mid_resblock_conv', 'up_resblock_conv']),
25-12-29 09:00:07 | I |       calib_range=SkipBasedDynamicRangeCalibConfig(
25-12-29 09:00:07 | I |         degree=2,
25-12-29 09:00:07 | I |         objective=SearchBasedCalibObjective.OutputsError,
25-12-29 09:00:07 | I |         strategy=SearchBasedCalibStrategy.Manual,
25-12-29 09:00:07 | I |         granularity=SearchBasedCalibGranularity.Layer,
25-12-29 09:00:07 | I |         element_batch_size=-1,
25-12-29 09:00:07 | I |         sample_batch_size=-1,
25-12-29 09:00:07 | I |         element_size=-1,
25-12-29 09:00:07 | I |         sample_size=-1,
25-12-29 09:00:07 | I |         pre_reshape=True,
25-12-29 09:00:07 | I |         outputs_device=cpu,
25-12-29 09:00:07 | I |         ratio=1.0,
25-12-29 09:00:07 | I |         max_shrink=0.2,
25-12-29 09:00:07 | I |         max_expand=1.0,
25-12-29 09:00:07 | I |         num_grids=80,
25-12-29 09:00:07 | I |         allow_scale=False,
25-12-29 09:00:07 | I |         skips=[]),
25-12-29 09:00:07 | I |       skips=['attn_add_out_proj', 'attn_add_qkv_proj', 'down_attn_add_out_proj', 'down_attn_add_qkv_proj', 'down_ffn_add_down_proj', 'down_ffn_add_up_proj', 'down_resblock_shortcut', 'down_resblock_time_proj', 'down_sample', 'down_transformer_add_norm', 'down_transformer_norm', 'down_transformer_proj_in', 'down_transformer_proj_out', 'ffn_add_down_proj', 'ffn_add_up_proj', 'input_embed', 'mid_attn_add_out_proj', 'mid_attn_add_qkv_proj', 'mid_ffn_add_down_proj', 'mid_ffn_add_up_proj', 'mid_resblock_shortcut', 'mid_resblock_time_proj', 'mid_transformer_add_norm', 'mid_transformer_norm', 'mid_transformer_proj_in', 'mid_transformer_proj_out', 'output_embed', 'text_embed', 'time_embed', 'transformer_add_norm', 'transformer_norm', 'up_attn_add_out_proj', 'up_attn_add_qkv_proj', 'up_ffn_add_down_proj', 'up_ffn_add_up_proj', 'up_resblock_shortcut', 'up_resblock_time_proj', 'up_sample', 'up_transformer_add_norm', 'up_transformer_norm', 'up_transformer_proj_in', 'up_transformer_proj_out']),
25-12-29 09:00:07 | I |     ipts=DiffusionActivationQuantizerConfig(
25-12-29 09:00:07 | I |       dtype=sint4,
25-12-29 09:00:07 | I |       zero_point=None,
25-12-29 09:00:07 | I |       group_shapes=((1, 64, 1),),
25-12-29 09:00:07 | I |       scale_dtypes=(None,),
25-12-29 09:00:07 | I |       static=False,
25-12-29 09:00:07 | I |       kernel_gptq=None,
25-12-29 09:00:07 | I |       low_rank=None,
25-12-29 09:00:07 | I |       calib_range=None,
25-12-29 09:00:07 | I |       skips=['attn_add_out_proj', 'attn_add_qkv_proj', 'down_attn_add_out_proj', 'down_attn_add_qkv_proj', 'down_ffn_add_down_proj', 'down_ffn_add_up_proj', 'down_resblock_shortcut', 'down_resblock_time_proj', 'down_sample', 'down_transformer_add_norm', 'down_transformer_norm', 'down_transformer_proj_in', 'down_transformer_proj_out', 'ffn_add_down_proj', 'ffn_add_up_proj', 'input_embed', 'mid_attn_add_out_proj', 'mid_attn_add_qkv_proj', 'mid_ffn_add_down_proj', 'mid_ffn_add_up_proj', 'mid_resblock_shortcut', 'mid_resblock_time_proj', 'mid_transformer_add_norm', 'mid_transformer_norm', 'mid_transformer_proj_in', 'mid_transformer_proj_out', 'output_embed', 'text_embed', 'time_embed', 'transformer_add_norm', 'transformer_norm', 'up_attn_add_out_proj', 'up_attn_add_qkv_proj', 'up_ffn_add_down_proj', 'up_ffn_add_up_proj', 'up_resblock_shortcut', 'up_resblock_time_proj', 'up_sample', 'up_transformer_add_norm', 'up_transformer_norm', 'up_transformer_proj_in', 'up_transformer_proj_out'],
25-12-29 09:00:07 | I |       allow_unsigned=True),
25-12-29 09:00:07 | I |     opts=DiffusionActivationQuantizerConfig(
25-12-29 09:00:07 | I |       dtype=None,
25-12-29 09:00:07 | I |       zero_point=None,
25-12-29 09:00:07 | I |       group_shapes=((-1, -1, -1),),
25-12-29 09:00:07 | I |       scale_dtypes=(None,),
25-12-29 09:00:07 | I |       static=False,
25-12-29 09:00:07 | I |       kernel_gptq=None,
25-12-29 09:00:07 | I |       low_rank=None,
25-12-29 09:00:07 | I |       calib_range=None,
25-12-29 09:00:07 | I |       skips=[],
25-12-29 09:00:07 | I |       allow_unsigned=False),
25-12-29 09:00:07 | I |     extra_wgts=None,
25-12-29 09:00:07 | I |     unsigned_ipts=DiffusionActivationQuantizerConfig(
25-12-29 09:00:07 | I |       dtype=uint4,
25-12-29 09:00:07 | I |       zero_point=None,
25-12-29 09:00:07 | I |       group_shapes=((1, 64, 1),),
25-12-29 09:00:07 | I |       scale_dtypes=(None,),
25-12-29 09:00:07 | I |       static=False,
25-12-29 09:00:07 | I |       kernel_gptq=None,
25-12-29 09:00:07 | I |       low_rank=None,
25-12-29 09:00:07 | I |       calib_range=None,
25-12-29 09:00:07 | I |       skips=['attn_add_out_proj', 'attn_add_qkv_proj', 'down_attn_add_out_proj', 'down_attn_add_qkv_proj', 'down_ffn_add_down_proj', 'down_ffn_add_up_proj', 'down_resblock_shortcut', 'down_resblock_time_proj', 'down_sample', 'down_transformer_add_norm', 'down_transformer_norm', 'down_transformer_proj_in', 'down_transformer_proj_out', 'ffn_add_down_proj', 'ffn_add_up_proj', 'input_embed', 'mid_attn_add_out_proj', 'mid_attn_add_qkv_proj', 'mid_ffn_add_down_proj', 'mid_ffn_add_up_proj', 'mid_resblock_shortcut', 'mid_resblock_time_proj', 'mid_transformer_add_norm', 'mid_transformer_norm', 'mid_transformer_proj_in', 'mid_transformer_proj_out', 'output_embed', 'text_embed', 'time_embed', 'transformer_add_norm', 'transformer_norm', 'up_attn_add_out_proj', 'up_attn_add_qkv_proj', 'up_ffn_add_down_proj', 'up_ffn_add_up_proj', 'up_resblock_shortcut', 'up_resblock_time_proj', 'up_sample', 'up_transformer_add_norm', 'up_transformer_norm', 'up_transformer_proj_in', 'up_transformer_proj_out'],
25-12-29 09:00:07 | I |       allow_unsigned=True),
25-12-29 09:00:07 | I |     calib=DiffusionCalibCacheLoaderConfig(
25-12-29 09:00:07 | I |       data=qdiff,
25-12-29 09:00:07 | I |       num_samples=128,
25-12-29 09:00:07 | I |       batch_size=256,
25-12-29 09:00:07 | I |       path=/cpfs01/projects-HDD/cfff-4da39d3c1e4e_HDD/jby_25113050052/projects/deepcompressor/examples/diffusion/datasets/torch.float16/pixart-sigma/dpm20-g4.5/qdiff/s128,
25-12-29 09:00:07 | I |       num_workers=8),
25-12-29 09:00:07 | I |     rotation=None,
25-12-29 09:00:07 | I |     smooth=SmoothTransfomerConfig(
25-12-29 09:00:07 | I |       proj=SkipBasedSmoothCalibConfig(
25-12-29 09:00:07 | I |         degree=2,
25-12-29 09:00:07 | I |         objective=SearchBasedCalibObjective.OutputsError,
25-12-29 09:00:07 | I |         strategy=SearchBasedCalibStrategy.GridSearch,
25-12-29 09:00:07 | I |         granularity=SearchBasedCalibGranularity.Layer,
25-12-29 09:00:07 | I |         element_batch_size=-1,
25-12-29 09:00:07 | I |         sample_batch_size=-1,
25-12-29 09:00:07 | I |         element_size=-1,
25-12-29 09:00:07 | I |         sample_size=-1,
25-12-29 09:00:07 | I |         pre_reshape=True,
25-12-29 09:00:07 | I |         outputs_device=cpu,
25-12-29 09:00:07 | I |         fuse_when_possible=False,
25-12-29 09:00:07 | I |         allow_a_quant=True,
25-12-29 09:00:07 | I |         allow_b_quant=True,
25-12-29 09:00:07 | I |         spans=[(<SmoothSpanMode.AbsMax: 1>, <SmoothSpanMode.AbsMax: 1>)],
25-12-29 09:00:07 | I |         a_spans=[<SmoothSpanMode.AbsMax: 1>],
25-12-29 09:00:07 | I |         b_spans=[<SmoothSpanMode.AbsMax: 1>],
25-12-29 09:00:07 | I |         alpha=0.5,
25-12-29 09:00:07 | I |         beta=-2,
25-12-29 09:00:07 | I |         num_grids=20,
25-12-29 09:00:07 | I |         allow_low_rank=True,
25-12-29 09:00:07 | I |         skips=['down_resblock_conv', 'mid_resblock_conv', 'up_resblock_conv']),
25-12-29 09:00:07 | I |       attn=None),
25-12-29 09:00:07 | I |     develop_dtype=torch.float32),
25-12-29 09:00:07 | I |   text=None,
25-12-29 09:00:07 | I |   text_cache=LlmCacheConfig(
25-12-29 09:00:07 | I |     root=,
25-12-29 09:00:07 | I |     dirpath=LlmQuantCacheConfig(
25-12-29 09:00:07 | I |       rotation=,
25-12-29 09:00:07 | I |       reorder=,
25-12-29 09:00:07 | I |       smooth=,
25-12-29 09:00:07 | I |       wgts=,
25-12-29 09:00:07 | I |       acts=),
25-12-29 09:00:07 | I |     path=LlmQuantCacheConfig(
25-12-29 09:00:07 | I |       rotation=,
25-12-29 09:00:07 | I |       reorder=,
25-12-29 09:00:07 | I |       smooth=,
25-12-29 09:00:07 | I |       wgts=,
25-12-29 09:00:07 | I |       acts=)),
25-12-29 09:00:07 | I |   seed=12345,
25-12-29 09:00:07 | I |   skip_gen=False,
25-12-29 09:00:07 | I |   skip_eval=False,
25-12-29 09:00:07 | I |   load_from=,
25-12-29 09:00:07 | I |   save_model=true,
25-12-29 09:00:07 | I |   copy_on_save=False)
25-12-29 09:00:07 | I | === Dumped Configurations ===
25-12-29 09:00:07 | I | { 'cache': {'root': 'runs'},
25-12-29 09:00:07 | I |   'copy_on_save': False,
25-12-29 09:00:07 | I |   'enable_cache': True,
25-12-29 09:00:07 | I |   'enable_text': False,
25-12-29 09:00:07 | I |   'eval': { 'batch_size': 1,
25-12-29 09:00:07 | I |             'batch_size_per_gpu': 1,
25-12-29 09:00:07 | I |             'benchmarks': ['MJHQ'],
25-12-29 09:00:07 | I |             'chunk_only': False,
25-12-29 09:00:07 | I |             'chunk_start': 0,
25-12-29 09:00:07 | I |             'chunk_step': 1,
25-12-29 09:00:07 | I |             'clean_caption': None,
25-12-29 09:00:07 | I |             'control_root': 'benchmarks',
25-12-29 09:00:07 | I |             'gen_root': '{output}/{job}',
25-12-29 09:00:07 | I |             'gt_metrics': ['clip_iqa', 'clip_score', 'image_reward', 'fid'],
25-12-29 09:00:07 | I |             'gt_stats_root': 'benchmarks/stats',
25-12-29 09:00:07 | I |             'guidance_scale': 4.5,
25-12-29 09:00:07 | I |             'height': None,
25-12-29 09:00:07 | I |             'num_gpus': 1,
25-12-29 09:00:07 | I |             'num_samples': 1024,
25-12-29 09:00:07 | I |             'num_steps': 20,
25-12-29 09:00:07 | I |             'protocol': 'dpm20-g4.5',
25-12-29 09:00:07 | I |             'ref_metrics': ['psnr', 'lpips', 'ssim', 'fid'],
25-12-29 09:00:07 | I |             'ref_root': '/cpfs01/projects-HDD/cfff-4da39d3c1e4e_HDD/jby_25113050052/projects/deepcompressor/examples/diffusion/baselines/torch.float16/pixart-sigma/dpm20-g4.5',
25-12-29 09:00:07 | I |             'width': None},
25-12-29 09:00:07 | I |   'load_from': '',
25-12-29 09:00:07 | I |   'output': { 'dirname': 'shift-skip.x.[[w]].w.[aa+e+fa+rs+rtp+s+tan+tn+tpi+tpo]-low.r32.i100.e.skip.[rc]-smth.proj.GridSearch.bn2.[AbsMax].lr.skip.[rc]-qdiff.128-t20.g4.5-s1024',
25-12-29 09:00:07 | I |               'job': 'run',
25-12-29 09:00:07 | I |               'root': 'runs'},
25-12-29 09:00:07 | I |   'pipeline': { 'device': 'cuda',
25-12-29 09:00:07 | I |                 'dtype': 'torch.float16',
25-12-29 09:00:07 | I |                 'enable_lora': False,
25-12-29 09:00:07 | I |                 'name': 'pixart-sigma',
25-12-29 09:00:07 | I |                 'path': '',
25-12-29 09:00:07 | I |                 'shift_activations': True,
25-12-29 09:00:07 | I |                 'task': 'text-to-image'},
25-12-29 09:00:07 | I |   'quant': { 'calib': { 'batch_size': 256,
25-12-29 09:00:07 | I |                         'data': 'qdiff',
25-12-29 09:00:07 | I |                         'num_samples': 128,
25-12-29 09:00:07 | I |                         'num_workers': 8,
25-12-29 09:00:07 | I |                         'path': '/cpfs01/projects-HDD/cfff-4da39d3c1e4e_HDD/jby_25113050052/projects/deepcompressor/examples/diffusion/datasets/torch.float16/pixart-sigma/dpm20-g4.5/qdiff/s128'},
25-12-29 09:00:07 | I |              'develop_dtype': 'torch.float32',
25-12-29 09:00:07 | I |              'enable_extra_wgts': False,
25-12-29 09:00:07 | I |              'enable_rotation': False,
25-12-29 09:00:07 | I |              'enable_smooth': True,
25-12-29 09:00:07 | I |              'ipts': { 'allow_unsigned': True,
25-12-29 09:00:07 | I |                        'dtype': 'sint4',
25-12-29 09:00:07 | I |                        'enable_calib_range': False,
25-12-29 09:00:07 | I |                        'group_shapes': [[1, 64, 1]],
25-12-29 09:00:07 | I |                        'scale_dtypes': [None],
25-12-29 09:00:07 | I |                        'skips': [ 'attn_add_out_proj',
25-12-29 09:00:07 | I |                                   'attn_add_qkv_proj',
25-12-29 09:00:07 | I |                                   'down_attn_add_out_proj',
25-12-29 09:00:07 | I |                                   'down_attn_add_qkv_proj',
25-12-29 09:00:07 | I |                                   'down_ffn_add_down_proj',
25-12-29 09:00:07 | I |                                   'down_ffn_add_up_proj',
25-12-29 09:00:07 | I |                                   'down_resblock_shortcut',
25-12-29 09:00:07 | I |                                   'down_resblock_time_proj',
25-12-29 09:00:07 | I |                                   'down_sample',
25-12-29 09:00:07 | I |                                   'down_transformer_add_norm',
25-12-29 09:00:07 | I |                                   'down_transformer_norm',
25-12-29 09:00:07 | I |                                   'down_transformer_proj_in',
25-12-29 09:00:07 | I |                                   'down_transformer_proj_out',
25-12-29 09:00:07 | I |                                   'ffn_add_down_proj',
25-12-29 09:00:07 | I |                                   'ffn_add_up_proj',
25-12-29 09:00:07 | I |                                   'input_embed',
25-12-29 09:00:07 | I |                                   'mid_attn_add_out_proj',
25-12-29 09:00:07 | I |                                   'mid_attn_add_qkv_proj',
25-12-29 09:00:07 | I |                                   'mid_ffn_add_down_proj',
25-12-29 09:00:07 | I |                                   'mid_ffn_add_up_proj',
25-12-29 09:00:07 | I |                                   'mid_resblock_shortcut',
25-12-29 09:00:07 | I |                                   'mid_resblock_time_proj',
25-12-29 09:00:07 | I |                                   'mid_transformer_add_norm',
25-12-29 09:00:07 | I |                                   'mid_transformer_norm',
25-12-29 09:00:07 | I |                                   'mid_transformer_proj_in',
25-12-29 09:00:07 | I |                                   'mid_transformer_proj_out',
25-12-29 09:00:07 | I |                                   'output_embed',
25-12-29 09:00:07 | I |                                   'text_embed',
25-12-29 09:00:07 | I |                                   'time_embed',
25-12-29 09:00:07 | I |                                   'transformer_add_norm',
25-12-29 09:00:07 | I |                                   'transformer_norm',
25-12-29 09:00:07 | I |                                   'up_attn_add_out_proj',
25-12-29 09:00:07 | I |                                   'up_attn_add_qkv_proj',
25-12-29 09:00:07 | I |                                   'up_ffn_add_down_proj',
25-12-29 09:00:07 | I |                                   'up_ffn_add_up_proj',
25-12-29 09:00:07 | I |                                   'up_resblock_shortcut',
25-12-29 09:00:07 | I |                                   'up_resblock_time_proj',
25-12-29 09:00:07 | I |                                   'up_sample',
25-12-29 09:00:07 | I |                                   'up_transformer_add_norm',
25-12-29 09:00:07 | I |                                   'up_transformer_norm',
25-12-29 09:00:07 | I |                                   'up_transformer_proj_in',
25-12-29 09:00:07 | I |                                   'up_transformer_proj_out'],
25-12-29 09:00:07 | I |                        'static': False,
25-12-29 09:00:07 | I |                        'zero_point': None},
25-12-29 09:00:07 | I |              'opts': { 'allow_unsigned': False,
25-12-29 09:00:07 | I |                        'dtype': None,
25-12-29 09:00:07 | I |                        'enable_calib_range': False,
25-12-29 09:00:07 | I |                        'group_shapes': [[-1, -1, -1]],
25-12-29 09:00:07 | I |                        'scale_dtypes': [None],
25-12-29 09:00:07 | I |                        'skips': [],
25-12-29 09:00:07 | I |                        'static': False,
25-12-29 09:00:07 | I |                        'zero_point': None},
25-12-29 09:00:07 | I |              'smooth': { 'enable_attn': False,
25-12-29 09:00:07 | I |                          'enable_proj': True,
25-12-29 09:00:07 | I |                          'proj': { 'allow_a_quant': True,
25-12-29 09:00:07 | I |                                    'allow_b_quant': True,
25-12-29 09:00:07 | I |                                    'allow_low_rank': True,
25-12-29 09:00:07 | I |                                    'alpha': 0.5,
25-12-29 09:00:07 | I |                                    'beta': -2,
25-12-29 09:00:07 | I |                                    'degree': 2,
25-12-29 09:00:07 | I |                                    'element_batch_size': -1,
25-12-29 09:00:07 | I |                                    'element_size': -1,
25-12-29 09:00:07 | I |                                    'fuse_when_possible': False,
25-12-29 09:00:07 | I |                                    'granularity': 'Layer',
25-12-29 09:00:07 | I |                                    'num_grids': 20,
25-12-29 09:00:07 | I |                                    'objective': 'OutputsError',
25-12-29 09:00:07 | I |                                    'outputs_device': 'cpu',
25-12-29 09:00:07 | I |                                    'pre_reshape': True,
25-12-29 09:00:07 | I |                                    'sample_batch_size': -1,
25-12-29 09:00:07 | I |                                    'sample_size': -1,
25-12-29 09:00:07 | I |                                    'skips': ['down_resblock_conv', 'mid_resblock_conv', 'up_resblock_conv'],
25-12-29 09:00:07 | I |                                    'spans': [['AbsMax', 'AbsMax']],
25-12-29 09:00:07 | I |                                    'strategy': 'GridSearch'}},
25-12-29 09:00:07 | I |              'wgts': { 'calib_range': { 'allow_scale': False,
25-12-29 09:00:07 | I |                                         'degree': 2,
25-12-29 09:00:07 | I |                                         'element_batch_size': -1,
25-12-29 09:00:07 | I |                                         'element_size': -1,
25-12-29 09:00:07 | I |                                         'granularity': 'Layer',
25-12-29 09:00:07 | I |                                         'max_expand': 1.0,
25-12-29 09:00:07 | I |                                         'max_shrink': 0.2,
25-12-29 09:00:07 | I |                                         'num_grids': 80,
25-12-29 09:00:07 | I |                                         'objective': 'OutputsError',
25-12-29 09:00:07 | I |                                         'outputs_device': 'cpu',
25-12-29 09:00:07 | I |                                         'pre_reshape': True,
25-12-29 09:00:07 | I |                                         'ratio': 1.0,
25-12-29 09:00:07 | I |                                         'sample_batch_size': -1,
25-12-29 09:00:07 | I |                                         'sample_size': -1,
25-12-29 09:00:07 | I |                                         'skips': [],
25-12-29 09:00:07 | I |                                         'strategy': 'Manual'},
25-12-29 09:00:07 | I |                        'dtype': 'sint4',
25-12-29 09:00:07 | I |                        'enable_calib_range': True,
25-12-29 09:00:07 | I |                        'enable_kernel_gptq': False,
25-12-29 09:00:07 | I |                        'enable_low_rank': True,
25-12-29 09:00:07 | I |                        'group_shapes': [[1, 64, 1]],
25-12-29 09:00:07 | I |                        'low_rank': { 'compensate': False,
25-12-29 09:00:07 | I |                                      'degree': 2,
25-12-29 09:00:07 | I |                                      'early_stop': True,
25-12-29 09:00:07 | I |                                      'exclusive': False,
25-12-29 09:00:07 | I |                                      'num_iters': 100,
25-12-29 09:00:07 | I |                                      'objective': 'OutputsError',
25-12-29 09:00:07 | I |                                      'outputs_device': 'cpu',
25-12-29 09:00:07 | I |                                      'rank': 32,
25-12-29 09:00:07 | I |                                      'sample_batch_size': -1,
25-12-29 09:00:07 | I |                                      'sample_size': -1,
25-12-29 09:00:07 | I |                                      'skips': ['down_resblock_conv', 'mid_resblock_conv', 'up_resblock_conv'],
25-12-29 09:00:07 | I |                                      'strategy': 'Manual'},
25-12-29 09:00:07 | I |                        'scale_dtypes': [None],
25-12-29 09:00:07 | I |                        'skips': [ 'attn_add_out_proj',
25-12-29 09:00:07 | I |                                   'attn_add_qkv_proj',
25-12-29 09:00:07 | I |                                   'down_attn_add_out_proj',
25-12-29 09:00:07 | I |                                   'down_attn_add_qkv_proj',
25-12-29 09:00:07 | I |                                   'down_ffn_add_down_proj',
25-12-29 09:00:07 | I |                                   'down_ffn_add_up_proj',
25-12-29 09:00:07 | I |                                   'down_resblock_shortcut',
25-12-29 09:00:07 | I |                                   'down_resblock_time_proj',
25-12-29 09:00:07 | I |                                   'down_sample',
25-12-29 09:00:07 | I |                                   'down_transformer_add_norm',
25-12-29 09:00:07 | I |                                   'down_transformer_norm',
25-12-29 09:00:07 | I |                                   'down_transformer_proj_in',
25-12-29 09:00:07 | I |                                   'down_transformer_proj_out',
25-12-29 09:00:07 | I |                                   'ffn_add_down_proj',
25-12-29 09:00:07 | I |                                   'ffn_add_up_proj',
25-12-29 09:00:07 | I |                                   'input_embed',
25-12-29 09:00:07 | I |                                   'mid_attn_add_out_proj',
25-12-29 09:00:07 | I |                                   'mid_attn_add_qkv_proj',
25-12-29 09:00:07 | I |                                   'mid_ffn_add_down_proj',
25-12-29 09:00:07 | I |                                   'mid_ffn_add_up_proj',
25-12-29 09:00:07 | I |                                   'mid_resblock_shortcut',
25-12-29 09:00:07 | I |                                   'mid_resblock_time_proj',
25-12-29 09:00:07 | I |                                   'mid_transformer_add_norm',
25-12-29 09:00:07 | I |                                   'mid_transformer_norm',
25-12-29 09:00:07 | I |                                   'mid_transformer_proj_in',
25-12-29 09:00:07 | I |                                   'mid_transformer_proj_out',
25-12-29 09:00:07 | I |                                   'output_embed',
25-12-29 09:00:07 | I |                                   'text_embed',
25-12-29 09:00:07 | I |                                   'time_embed',
25-12-29 09:00:07 | I |                                   'transformer_add_norm',
25-12-29 09:00:07 | I |                                   'transformer_norm',
25-12-29 09:00:07 | I |                                   'up_attn_add_out_proj',
25-12-29 09:00:07 | I |                                   'up_attn_add_qkv_proj',
25-12-29 09:00:07 | I |                                   'up_ffn_add_down_proj',
25-12-29 09:00:07 | I |                                   'up_ffn_add_up_proj',
25-12-29 09:00:07 | I |                                   'up_resblock_shortcut',
25-12-29 09:00:07 | I |                                   'up_resblock_time_proj',
25-12-29 09:00:07 | I |                                   'up_sample',
25-12-29 09:00:07 | I |                                   'up_transformer_add_norm',
25-12-29 09:00:07 | I |                                   'up_transformer_norm',
25-12-29 09:00:07 | I |                                   'up_transformer_proj_in',
25-12-29 09:00:07 | I |                                   'up_transformer_proj_out'],
25-12-29 09:00:07 | I |                        'zero_point': None}},
25-12-29 09:00:07 | I |   'save_model': 'true',
25-12-29 09:00:07 | I |   'seed': 12345,
25-12-29 09:00:07 | I |   'skip_eval': False,
25-12-29 09:00:07 | I |   'skip_gen': False,
25-12-29 09:00:07 | I |   'text_cache': {'path': {'acts': '', 'reorder': '', 'rotation': '', 'smooth': '', 'wgts': ''}, 'root': ''}}
25-12-29 09:00:07 | I | === Output Directory ===
25-12-29 09:00:07 | I | runs/diffusion/pixart/pixart-sigma/w.4-x.4-y.16/w.sint4-x.sint4.u-y.fp16/w.v64.fp16-x.v64.fp16-y.tnsr.fp16/smooth.proj-w.static.lowrank/shift-skip.x.[[w]].w.[aa+e+fa+rs+rtp+s+tan+tn+tpi+tpo]-low.r32.i100.e.skip.[rc]-smth.proj.GridSearch.bn2.[AbsMax].lr.skip.[rc]-qdiff.128-t20.g4.5-s1024/run-251229.090007
25-12-29 09:00:07 | I | === Start Evaluating ===
25-12-29 09:00:07 | I | * Building diffusion model pipeline
25-12-29 09:00:07 | D |   Starting new HTTPS connection (1): hf-mirror.com:443
25-12-29 09:00:08 | D |   https://hf-mirror.com:443 "HEAD /PixArt-alpha/PixArt-Sigma-XL-2-1024-MS/resolve/main/model_index.json HTTP/1.1" 307 0
25-12-29 09:00:08 | D |   https://hf-mirror.com:443 "HEAD /api/resolve-cache/models/PixArt-alpha/PixArt-Sigma-XL-2-1024-MS/e102b3591cc82e97071b8b4cb90d834d0c487207/model_index.json HTTP/1.1" 200 0
25-12-29 09:00:08 | D |   https://hf-mirror.com:443 "GET /api/models/PixArt-alpha/PixArt-Sigma-XL-2-1024-MS HTTP/1.1" 200 804
25-12-29 09:00:09 | D |   https://hf-mirror.com:443 "HEAD /PixArt-alpha/PixArt-Sigma-XL-2-1024-MS/resolve/main/model_index.json HTTP/1.1" 307 0
25-12-29 09:00:09 | D |   https://hf-mirror.com:443 "HEAD /api/resolve-cache/models/PixArt-alpha/PixArt-Sigma-XL-2-1024-MS/e102b3591cc82e97071b8b4cb90d834d0c487207/model_index.json HTTP/1.1" 200 0
25-12-29 09:00:38 | I |   Replacing fused Linear with ConcatLinear.
25-12-29 09:00:38 | I |   - Shifting input activations.
25-12-29 09:00:38 | I |     + Shifting input activations of transformer_blocks.0.ff.net.2 by 0.171875
25-12-29 09:00:38 | I |       + Replacing 2 in transformer_blocks.0.ff.net
25-12-29 09:00:38 | I |     + Shifting input activations of transformer_blocks.1.ff.net.2 by 0.171875
25-12-29 09:00:38 | I |       + Replacing 2 in transformer_blocks.1.ff.net
25-12-29 09:00:38 | I |     + Shifting input activations of transformer_blocks.2.ff.net.2 by 0.171875
25-12-29 09:00:38 | I |       + Replacing 2 in transformer_blocks.2.ff.net
25-12-29 09:00:38 | I |     + Shifting input activations of transformer_blocks.3.ff.net.2 by 0.171875
25-12-29 09:00:38 | I |       + Replacing 2 in transformer_blocks.3.ff.net
25-12-29 09:00:38 | I |     + Shifting input activations of transformer_blocks.4.ff.net.2 by 0.171875
25-12-29 09:00:38 | I |       + Replacing 2 in transformer_blocks.4.ff.net
25-12-29 09:00:38 | I |     + Shifting input activations of transformer_blocks.5.ff.net.2 by 0.171875
25-12-29 09:00:38 | I |       + Replacing 2 in transformer_blocks.5.ff.net
25-12-29 09:00:38 | I |     + Shifting input activations of transformer_blocks.6.ff.net.2 by 0.171875
25-12-29 09:00:38 | I |       + Replacing 2 in transformer_blocks.6.ff.net
25-12-29 09:00:38 | I |     + Shifting input activations of transformer_blocks.7.ff.net.2 by 0.171875
25-12-29 09:00:38 | I |       + Replacing 2 in transformer_blocks.7.ff.net
25-12-29 09:00:38 | I |     + Shifting input activations of transformer_blocks.8.ff.net.2 by 0.171875
25-12-29 09:00:38 | I |       + Replacing 2 in transformer_blocks.8.ff.net
25-12-29 09:00:38 | I |     + Shifting input activations of transformer_blocks.9.ff.net.2 by 0.171875
25-12-29 09:00:38 | I |       + Replacing 2 in transformer_blocks.9.ff.net
25-12-29 09:00:38 | I |     + Shifting input activations of transformer_blocks.10.ff.net.2 by 0.171875
25-12-29 09:00:38 | I |       + Replacing 2 in transformer_blocks.10.ff.net
25-12-29 09:00:38 | I |     + Shifting input activations of transformer_blocks.11.ff.net.2 by 0.171875
25-12-29 09:00:38 | I |       + Replacing 2 in transformer_blocks.11.ff.net
25-12-29 09:00:38 | I |     + Shifting input activations of transformer_blocks.12.ff.net.2 by 0.171875
25-12-29 09:00:38 | I |       + Replacing 2 in transformer_blocks.12.ff.net
25-12-29 09:00:38 | I |     + Shifting input activations of transformer_blocks.13.ff.net.2 by 0.171875
25-12-29 09:00:38 | I |       + Replacing 2 in transformer_blocks.13.ff.net
25-12-29 09:00:38 | I |     + Shifting input activations of transformer_blocks.14.ff.net.2 by 0.171875
25-12-29 09:00:38 | I |       + Replacing 2 in transformer_blocks.14.ff.net
25-12-29 09:00:38 | I |     + Shifting input activations of transformer_blocks.15.ff.net.2 by 0.171875
25-12-29 09:00:38 | I |       + Replacing 2 in transformer_blocks.15.ff.net
25-12-29 09:00:38 | I |     + Shifting input activations of transformer_blocks.16.ff.net.2 by 0.171875
25-12-29 09:00:38 | I |       + Replacing 2 in transformer_blocks.16.ff.net
25-12-29 09:00:38 | I |     + Shifting input activations of transformer_blocks.17.ff.net.2 by 0.171875
25-12-29 09:00:38 | I |       + Replacing 2 in transformer_blocks.17.ff.net
25-12-29 09:00:38 | I |     + Shifting input activations of transformer_blocks.18.ff.net.2 by 0.171875
25-12-29 09:00:38 | I |       + Replacing 2 in transformer_blocks.18.ff.net
25-12-29 09:00:38 | I |     + Shifting input activations of transformer_blocks.19.ff.net.2 by 0.171875
25-12-29 09:00:38 | I |       + Replacing 2 in transformer_blocks.19.ff.net
25-12-29 09:00:38 | I |     + Shifting input activations of transformer_blocks.20.ff.net.2 by 0.171875
25-12-29 09:00:38 | I |       + Replacing 2 in transformer_blocks.20.ff.net
25-12-29 09:00:38 | I |     + Shifting input activations of transformer_blocks.21.ff.net.2 by 0.171875
25-12-29 09:00:38 | I |       + Replacing 2 in transformer_blocks.21.ff.net
25-12-29 09:00:38 | I |     + Shifting input activations of transformer_blocks.22.ff.net.2 by 0.171875
25-12-29 09:00:38 | I |       + Replacing 2 in transformer_blocks.22.ff.net
25-12-29 09:00:38 | I |     + Shifting input activations of transformer_blocks.23.ff.net.2 by 0.171875
25-12-29 09:00:38 | I |       + Replacing 2 in transformer_blocks.23.ff.net
25-12-29 09:00:38 | I |     + Shifting input activations of transformer_blocks.24.ff.net.2 by 0.171875
25-12-29 09:00:38 | I |       + Replacing 2 in transformer_blocks.24.ff.net
25-12-29 09:00:38 | I |     + Shifting input activations of transformer_blocks.25.ff.net.2 by 0.171875
25-12-29 09:00:38 | I |       + Replacing 2 in transformer_blocks.25.ff.net
25-12-29 09:00:38 | I |     + Shifting input activations of transformer_blocks.26.ff.net.2 by 0.171875
25-12-29 09:00:38 | I |       + Replacing 2 in transformer_blocks.26.ff.net
25-12-29 09:00:38 | I |     + Shifting input activations of transformer_blocks.27.ff.net.2 by 0.171875
25-12-29 09:00:38 | I |       + Replacing 2 in transformer_blocks.27.ff.net
25-12-29 09:00:38 | I | * Smoothing model for quantization
25-12-29 09:00:38 | I |   - Loading smooth scales from runs/diffusion/cache/quant/qdiff.128/smooth/w.4-x.4-y.16/w.sint4-x.sint4.u-y.fp16/w.v64.fp16-x.v64.fp16-y.tnsr.fp16/w.skip.[aa+e+fa+rs+rtp+s+tan+tn+tpi+tpo]-x.skip.[aa+e+fa+rs+rtp+s+tan+tn+tpi+tpo]-y.skip.[]/shift/lowrank.r32/smooth.proj.OutputsError.GridSearch.Layer.d2.en1.sn1/smooth.proj.[a.AbsMax.b.AbsMax]/smooth.proj.g20.bn2.lr.nf/smooth.proj.skip.[rc]/pixart-sigma.pt
25-12-29 09:00:38 | D |   - Smoothing Diffusion Block transformer_blocks.0
25-12-29 09:00:38 | D |     - Smoothing Transformer Block transformer_blocks.0
25-12-29 09:00:38 | D |       - transformer_blocks.0.attn1.qkv_proj
25-12-29 09:00:38 | D |       - transformer_blocks.0.attn1.out_proj
25-12-29 09:00:38 | D |       - transformer_blocks.0.attn2.qkv_proj
25-12-29 09:00:38 | D |       - transformer_blocks.0.attn2.out_proj
25-12-29 09:00:38 | D |       - transformer_blocks.0.ff.up_proj
25-12-29 09:00:38 | D |       - transformer_blocks.0.ff.down_proj
25-12-29 09:00:38 | D |   - Smoothing Diffusion Block transformer_blocks.1
25-12-29 09:00:38 | D |     - Smoothing Transformer Block transformer_blocks.1
25-12-29 09:00:38 | D |       - transformer_blocks.1.attn1.qkv_proj
25-12-29 09:00:38 | D |       - transformer_blocks.1.attn1.out_proj
25-12-29 09:00:38 | D |       - transformer_blocks.1.attn2.qkv_proj
25-12-29 09:00:38 | D |       - transformer_blocks.1.attn2.out_proj
25-12-29 09:00:38 | D |       - transformer_blocks.1.ff.up_proj
25-12-29 09:00:38 | D |       - transformer_blocks.1.ff.down_proj
25-12-29 09:00:38 | D |   - Smoothing Diffusion Block transformer_blocks.2
25-12-29 09:00:38 | D |     - Smoothing Transformer Block transformer_blocks.2
25-12-29 09:00:38 | D |       - transformer_blocks.2.attn1.qkv_proj
25-12-29 09:00:38 | D |       - transformer_blocks.2.attn1.out_proj
25-12-29 09:00:38 | D |       - transformer_blocks.2.attn2.qkv_proj
25-12-29 09:00:38 | D |       - transformer_blocks.2.attn2.out_proj
25-12-29 09:00:38 | D |       - transformer_blocks.2.ff.up_proj
25-12-29 09:00:38 | D |       - transformer_blocks.2.ff.down_proj
25-12-29 09:00:38 | D |   - Smoothing Diffusion Block transformer_blocks.3
25-12-29 09:00:38 | D |     - Smoothing Transformer Block transformer_blocks.3
25-12-29 09:00:38 | D |       - transformer_blocks.3.attn1.qkv_proj
25-12-29 09:00:38 | D |       - transformer_blocks.3.attn1.out_proj
25-12-29 09:00:38 | D |       - transformer_blocks.3.attn2.qkv_proj
25-12-29 09:00:38 | D |       - transformer_blocks.3.attn2.out_proj
25-12-29 09:00:38 | D |       - transformer_blocks.3.ff.up_proj
25-12-29 09:00:38 | D |       - transformer_blocks.3.ff.down_proj
25-12-29 09:00:38 | D |   - Smoothing Diffusion Block transformer_blocks.4
25-12-29 09:00:38 | D |     - Smoothing Transformer Block transformer_blocks.4
25-12-29 09:00:38 | D |       - transformer_blocks.4.attn1.qkv_proj
25-12-29 09:00:38 | D |       - transformer_blocks.4.attn1.out_proj
25-12-29 09:00:38 | D |       - transformer_blocks.4.attn2.qkv_proj
25-12-29 09:00:38 | D |       - transformer_blocks.4.attn2.out_proj
25-12-29 09:00:38 | D |       - transformer_blocks.4.ff.up_proj
25-12-29 09:00:38 | D |       - transformer_blocks.4.ff.down_proj
25-12-29 09:00:38 | D |   - Smoothing Diffusion Block transformer_blocks.5
25-12-29 09:00:38 | D |     - Smoothing Transformer Block transformer_blocks.5
25-12-29 09:00:38 | D |       - transformer_blocks.5.attn1.qkv_proj
25-12-29 09:00:38 | D |       - transformer_blocks.5.attn1.out_proj
25-12-29 09:00:38 | D |       - transformer_blocks.5.attn2.qkv_proj
25-12-29 09:00:38 | D |       - transformer_blocks.5.attn2.out_proj
25-12-29 09:00:38 | D |       - transformer_blocks.5.ff.up_proj
25-12-29 09:00:38 | D |       - transformer_blocks.5.ff.down_proj
25-12-29 09:00:38 | D |   - Smoothing Diffusion Block transformer_blocks.6
25-12-29 09:00:38 | D |     - Smoothing Transformer Block transformer_blocks.6
25-12-29 09:00:38 | D |       - transformer_blocks.6.attn1.qkv_proj
25-12-29 09:00:38 | D |       - transformer_blocks.6.attn1.out_proj
25-12-29 09:00:38 | D |       - transformer_blocks.6.attn2.qkv_proj
25-12-29 09:00:38 | D |       - transformer_blocks.6.attn2.out_proj
25-12-29 09:00:38 | D |       - transformer_blocks.6.ff.up_proj
25-12-29 09:00:38 | D |       - transformer_blocks.6.ff.down_proj
25-12-29 09:00:38 | D |   - Smoothing Diffusion Block transformer_blocks.7
25-12-29 09:00:38 | D |     - Smoothing Transformer Block transformer_blocks.7
25-12-29 09:00:38 | D |       - transformer_blocks.7.attn1.qkv_proj
25-12-29 09:00:38 | D |       - transformer_blocks.7.attn1.out_proj
25-12-29 09:00:38 | D |       - transformer_blocks.7.attn2.qkv_proj
25-12-29 09:00:38 | D |       - transformer_blocks.7.attn2.out_proj
25-12-29 09:00:38 | D |       - transformer_blocks.7.ff.up_proj
25-12-29 09:00:38 | D |       - transformer_blocks.7.ff.down_proj
25-12-29 09:00:38 | D |   - Smoothing Diffusion Block transformer_blocks.8
25-12-29 09:00:38 | D |     - Smoothing Transformer Block transformer_blocks.8
25-12-29 09:00:38 | D |       - transformer_blocks.8.attn1.qkv_proj
25-12-29 09:00:38 | D |       - transformer_blocks.8.attn1.out_proj
25-12-29 09:00:38 | D |       - transformer_blocks.8.attn2.qkv_proj
25-12-29 09:00:38 | D |       - transformer_blocks.8.attn2.out_proj
25-12-29 09:00:38 | D |       - transformer_blocks.8.ff.up_proj
25-12-29 09:00:38 | D |       - transformer_blocks.8.ff.down_proj
25-12-29 09:00:38 | D |   - Smoothing Diffusion Block transformer_blocks.9
25-12-29 09:00:38 | D |     - Smoothing Transformer Block transformer_blocks.9
25-12-29 09:00:38 | D |       - transformer_blocks.9.attn1.qkv_proj
25-12-29 09:00:38 | D |       - transformer_blocks.9.attn1.out_proj
25-12-29 09:00:38 | D |       - transformer_blocks.9.attn2.qkv_proj
25-12-29 09:00:38 | D |       - transformer_blocks.9.attn2.out_proj
25-12-29 09:00:38 | D |       - transformer_blocks.9.ff.up_proj
25-12-29 09:00:38 | D |       - transformer_blocks.9.ff.down_proj
25-12-29 09:00:38 | D |   - Smoothing Diffusion Block transformer_blocks.10
25-12-29 09:00:38 | D |     - Smoothing Transformer Block transformer_blocks.10
25-12-29 09:00:38 | D |       - transformer_blocks.10.attn1.qkv_proj
25-12-29 09:00:38 | D |       - transformer_blocks.10.attn1.out_proj
25-12-29 09:00:38 | D |       - transformer_blocks.10.attn2.qkv_proj
25-12-29 09:00:38 | D |       - transformer_blocks.10.attn2.out_proj
25-12-29 09:00:38 | D |       - transformer_blocks.10.ff.up_proj
25-12-29 09:00:38 | D |       - transformer_blocks.10.ff.down_proj
25-12-29 09:00:38 | D |   - Smoothing Diffusion Block transformer_blocks.11
25-12-29 09:00:38 | D |     - Smoothing Transformer Block transformer_blocks.11
25-12-29 09:00:38 | D |       - transformer_blocks.11.attn1.qkv_proj
25-12-29 09:00:38 | D |       - transformer_blocks.11.attn1.out_proj
25-12-29 09:00:38 | D |       - transformer_blocks.11.attn2.qkv_proj
25-12-29 09:00:38 | D |       - transformer_blocks.11.attn2.out_proj
25-12-29 09:00:38 | D |       - transformer_blocks.11.ff.up_proj
25-12-29 09:00:38 | D |       - transformer_blocks.11.ff.down_proj
25-12-29 09:00:38 | D |   - Smoothing Diffusion Block transformer_blocks.12
25-12-29 09:00:38 | D |     - Smoothing Transformer Block transformer_blocks.12
25-12-29 09:00:38 | D |       - transformer_blocks.12.attn1.qkv_proj
25-12-29 09:00:38 | D |       - transformer_blocks.12.attn1.out_proj
25-12-29 09:00:38 | D |       - transformer_blocks.12.attn2.qkv_proj
25-12-29 09:00:38 | D |       - transformer_blocks.12.attn2.out_proj
25-12-29 09:00:38 | D |       - transformer_blocks.12.ff.up_proj
25-12-29 09:00:38 | D |       - transformer_blocks.12.ff.down_proj
25-12-29 09:00:38 | D |   - Smoothing Diffusion Block transformer_blocks.13
25-12-29 09:00:38 | D |     - Smoothing Transformer Block transformer_blocks.13
25-12-29 09:00:38 | D |       - transformer_blocks.13.attn1.qkv_proj
25-12-29 09:00:38 | D |       - transformer_blocks.13.attn1.out_proj
25-12-29 09:00:38 | D |       - transformer_blocks.13.attn2.qkv_proj
25-12-29 09:00:38 | D |       - transformer_blocks.13.attn2.out_proj
25-12-29 09:00:38 | D |       - transformer_blocks.13.ff.up_proj
25-12-29 09:00:38 | D |       - transformer_blocks.13.ff.down_proj
25-12-29 09:00:38 | D |   - Smoothing Diffusion Block transformer_blocks.14
25-12-29 09:00:38 | D |     - Smoothing Transformer Block transformer_blocks.14
25-12-29 09:00:38 | D |       - transformer_blocks.14.attn1.qkv_proj
25-12-29 09:00:38 | D |       - transformer_blocks.14.attn1.out_proj
25-12-29 09:00:38 | D |       - transformer_blocks.14.attn2.qkv_proj
25-12-29 09:00:38 | D |       - transformer_blocks.14.attn2.out_proj
25-12-29 09:00:38 | D |       - transformer_blocks.14.ff.up_proj
25-12-29 09:00:38 | D |       - transformer_blocks.14.ff.down_proj
25-12-29 09:00:38 | D |   - Smoothing Diffusion Block transformer_blocks.15
25-12-29 09:00:38 | D |     - Smoothing Transformer Block transformer_blocks.15
25-12-29 09:00:38 | D |       - transformer_blocks.15.attn1.qkv_proj
25-12-29 09:00:38 | D |       - transformer_blocks.15.attn1.out_proj
25-12-29 09:00:38 | D |       - transformer_blocks.15.attn2.qkv_proj
25-12-29 09:00:38 | D |       - transformer_blocks.15.attn2.out_proj
25-12-29 09:00:38 | D |       - transformer_blocks.15.ff.up_proj
25-12-29 09:00:38 | D |       - transformer_blocks.15.ff.down_proj
25-12-29 09:00:38 | D |   - Smoothing Diffusion Block transformer_blocks.16
25-12-29 09:00:38 | D |     - Smoothing Transformer Block transformer_blocks.16
25-12-29 09:00:38 | D |       - transformer_blocks.16.attn1.qkv_proj
25-12-29 09:00:38 | D |       - transformer_blocks.16.attn1.out_proj
25-12-29 09:00:38 | D |       - transformer_blocks.16.attn2.qkv_proj
25-12-29 09:00:38 | D |       - transformer_blocks.16.attn2.out_proj
25-12-29 09:00:38 | D |       - transformer_blocks.16.ff.up_proj
25-12-29 09:00:38 | D |       - transformer_blocks.16.ff.down_proj
25-12-29 09:00:38 | D |   - Smoothing Diffusion Block transformer_blocks.17
25-12-29 09:00:38 | D |     - Smoothing Transformer Block transformer_blocks.17
25-12-29 09:00:38 | D |       - transformer_blocks.17.attn1.qkv_proj
25-12-29 09:00:38 | D |       - transformer_blocks.17.attn1.out_proj
25-12-29 09:00:38 | D |       - transformer_blocks.17.attn2.qkv_proj
25-12-29 09:00:38 | D |       - transformer_blocks.17.attn2.out_proj
25-12-29 09:00:38 | D |       - transformer_blocks.17.ff.up_proj
25-12-29 09:00:38 | D |       - transformer_blocks.17.ff.down_proj
25-12-29 09:00:38 | D |   - Smoothing Diffusion Block transformer_blocks.18
25-12-29 09:00:38 | D |     - Smoothing Transformer Block transformer_blocks.18
25-12-29 09:00:38 | D |       - transformer_blocks.18.attn1.qkv_proj
25-12-29 09:00:38 | D |       - transformer_blocks.18.attn1.out_proj
25-12-29 09:00:38 | D |       - transformer_blocks.18.attn2.qkv_proj
25-12-29 09:00:38 | D |       - transformer_blocks.18.attn2.out_proj
25-12-29 09:00:38 | D |       - transformer_blocks.18.ff.up_proj
25-12-29 09:00:38 | D |       - transformer_blocks.18.ff.down_proj
25-12-29 09:00:38 | D |   - Smoothing Diffusion Block transformer_blocks.19
25-12-29 09:00:38 | D |     - Smoothing Transformer Block transformer_blocks.19
25-12-29 09:00:38 | D |       - transformer_blocks.19.attn1.qkv_proj
25-12-29 09:00:38 | D |       - transformer_blocks.19.attn1.out_proj
25-12-29 09:00:38 | D |       - transformer_blocks.19.attn2.qkv_proj
25-12-29 09:00:38 | D |       - transformer_blocks.19.attn2.out_proj
25-12-29 09:00:38 | D |       - transformer_blocks.19.ff.up_proj
25-12-29 09:00:38 | D |       - transformer_blocks.19.ff.down_proj
25-12-29 09:00:38 | D |   - Smoothing Diffusion Block transformer_blocks.20
25-12-29 09:00:38 | D |     - Smoothing Transformer Block transformer_blocks.20
25-12-29 09:00:38 | D |       - transformer_blocks.20.attn1.qkv_proj
25-12-29 09:00:38 | D |       - transformer_blocks.20.attn1.out_proj
25-12-29 09:00:38 | D |       - transformer_blocks.20.attn2.qkv_proj
25-12-29 09:00:38 | D |       - transformer_blocks.20.attn2.out_proj
25-12-29 09:00:38 | D |       - transformer_blocks.20.ff.up_proj
25-12-29 09:00:38 | D |       - transformer_blocks.20.ff.down_proj
25-12-29 09:00:38 | D |   - Smoothing Diffusion Block transformer_blocks.21
25-12-29 09:00:38 | D |     - Smoothing Transformer Block transformer_blocks.21
25-12-29 09:00:38 | D |       - transformer_blocks.21.attn1.qkv_proj
25-12-29 09:00:38 | D |       - transformer_blocks.21.attn1.out_proj
25-12-29 09:00:38 | D |       - transformer_blocks.21.attn2.qkv_proj
25-12-29 09:00:38 | D |       - transformer_blocks.21.attn2.out_proj
25-12-29 09:00:38 | D |       - transformer_blocks.21.ff.up_proj
25-12-29 09:00:38 | D |       - transformer_blocks.21.ff.down_proj
25-12-29 09:00:38 | D |   - Smoothing Diffusion Block transformer_blocks.22
25-12-29 09:00:38 | D |     - Smoothing Transformer Block transformer_blocks.22
25-12-29 09:00:38 | D |       - transformer_blocks.22.attn1.qkv_proj
25-12-29 09:00:38 | D |       - transformer_blocks.22.attn1.out_proj
25-12-29 09:00:38 | D |       - transformer_blocks.22.attn2.qkv_proj
25-12-29 09:00:38 | D |       - transformer_blocks.22.attn2.out_proj
25-12-29 09:00:38 | D |       - transformer_blocks.22.ff.up_proj
25-12-29 09:00:38 | D |       - transformer_blocks.22.ff.down_proj
25-12-29 09:00:38 | D |   - Smoothing Diffusion Block transformer_blocks.23
25-12-29 09:00:38 | D |     - Smoothing Transformer Block transformer_blocks.23
25-12-29 09:00:38 | D |       - transformer_blocks.23.attn1.qkv_proj
25-12-29 09:00:38 | D |       - transformer_blocks.23.attn1.out_proj
25-12-29 09:00:38 | D |       - transformer_blocks.23.attn2.qkv_proj
25-12-29 09:00:38 | D |       - transformer_blocks.23.attn2.out_proj
25-12-29 09:00:38 | D |       - transformer_blocks.23.ff.up_proj
25-12-29 09:00:38 | D |       - transformer_blocks.23.ff.down_proj
25-12-29 09:00:38 | D |   - Smoothing Diffusion Block transformer_blocks.24
25-12-29 09:00:38 | D |     - Smoothing Transformer Block transformer_blocks.24
25-12-29 09:00:38 | D |       - transformer_blocks.24.attn1.qkv_proj
25-12-29 09:00:38 | D |       - transformer_blocks.24.attn1.out_proj
25-12-29 09:00:38 | D |       - transformer_blocks.24.attn2.qkv_proj
25-12-29 09:00:38 | D |       - transformer_blocks.24.attn2.out_proj
25-12-29 09:00:38 | D |       - transformer_blocks.24.ff.up_proj
25-12-29 09:00:38 | D |       - transformer_blocks.24.ff.down_proj
25-12-29 09:00:38 | D |   - Smoothing Diffusion Block transformer_blocks.25
25-12-29 09:00:38 | D |     - Smoothing Transformer Block transformer_blocks.25
25-12-29 09:00:38 | D |       - transformer_blocks.25.attn1.qkv_proj
25-12-29 09:00:38 | D |       - transformer_blocks.25.attn1.out_proj
25-12-29 09:00:38 | D |       - transformer_blocks.25.attn2.qkv_proj
25-12-29 09:00:38 | D |       - transformer_blocks.25.attn2.out_proj
25-12-29 09:00:38 | D |       - transformer_blocks.25.ff.up_proj
25-12-29 09:00:38 | D |       - transformer_blocks.25.ff.down_proj
25-12-29 09:00:38 | D |   - Smoothing Diffusion Block transformer_blocks.26
25-12-29 09:00:38 | D |     - Smoothing Transformer Block transformer_blocks.26
25-12-29 09:00:38 | D |       - transformer_blocks.26.attn1.qkv_proj
25-12-29 09:00:38 | D |       - transformer_blocks.26.attn1.out_proj
25-12-29 09:00:38 | D |       - transformer_blocks.26.attn2.qkv_proj
25-12-29 09:00:38 | D |       - transformer_blocks.26.attn2.out_proj
25-12-29 09:00:38 | D |       - transformer_blocks.26.ff.up_proj
25-12-29 09:00:38 | D |       - transformer_blocks.26.ff.down_proj
25-12-29 09:00:38 | D |   - Smoothing Diffusion Block transformer_blocks.27
25-12-29 09:00:38 | D |     - Smoothing Transformer Block transformer_blocks.27
25-12-29 09:00:38 | D |       - transformer_blocks.27.attn1.qkv_proj
25-12-29 09:00:38 | D |       - transformer_blocks.27.attn1.out_proj
25-12-29 09:00:38 | D |       - transformer_blocks.27.attn2.qkv_proj
25-12-29 09:00:38 | D |       - transformer_blocks.27.attn2.out_proj
25-12-29 09:00:38 | D |       - transformer_blocks.27.ff.up_proj
25-12-29 09:00:38 | D |       - transformer_blocks.27.ff.down_proj
25-12-29 09:00:38 | I |   - Linking smooth scales to runs/diffusion/pixart/pixart-sigma/w.4-x.4-y.16/w.sint4-x.sint4.u-y.fp16/w.v64.fp16-x.v64.fp16-y.tnsr.fp16/smooth.proj-w.static.lowrank/shift-skip.x.[[w]].w.[aa+e+fa+rs+rtp+s+tan+tn+tpi+tpo]-low.r32.i100.e.skip.[rc]-smth.proj.GridSearch.bn2.[AbsMax].lr.skip.[rc]-qdiff.128-t20.g4.5-s1024.RUNNING/run-251229.090007.RUNNING/model/smooth.pt
25-12-29 09:00:39 | I | * Quantizing weights
25-12-29 09:00:39 | I |   - Loading branch settings from runs/diffusion/cache/quant/qdiff.128/branch/w.4-x.4-y.16/w.sint4-x.sint4.u-y.fp16/w.v64.fp16-x.v64.fp16-y.tnsr.fp16/w.skip.[aa+e+fa+rs+rtp+s+tan+tn+tpi+tpo]-x.skip.[aa+e+fa+rs+rtp+s+tan+tn+tpi+tpo]-y.skip.[]/shift/lowrank.r32/smooth.proj.OutputsError.GridSearch.Layer.d2.en1.sn1/smooth.proj.[a.AbsMax.b.AbsMax]/smooth.proj.g20.bn2.lr.nf/smooth.proj.skip.[rc]/lowrank.OutputsError.Manual.Layer.d2.en1.sn1/lowrank.i100.r32.earlystop/lowrank.skip.[rc]/pixart-sigma.pt
25-12-29 09:00:39 | I |   - Generating weight settings
25-12-29 09:00:39 | I |   * Adding low-rank branches to weights
25-12-29 09:00:39 | D |     - Calibrating low-rank branches of block transformer_blocks.0
25-12-29 09:00:39 | D |       + Adding low-rank branches to transformer_blocks.0.attn1.to_q, transformer_blocks.0.attn1.to_k, transformer_blocks.0.attn1.to_v
25-12-29 09:00:40 | D |       + Adding low-rank branches to transformer_blocks.0.attn1.to_out.0
25-12-29 09:00:41 | D |       + Adding low-rank branches to transformer_blocks.0.attn2.to_q
25-12-29 09:00:41 | D |       + Adding low-rank branches to transformer_blocks.0.attn2.to_out.0
25-12-29 09:00:42 | D |       + Adding low-rank branches to transformer_blocks.0.ff.net.0.proj
25-12-29 09:00:42 | D |       + Adding low-rank branches to transformer_blocks.0.ff.net.2.linear
25-12-29 09:00:42 | D |     - Calibrating low-rank branches of block transformer_blocks.1
25-12-29 09:00:42 | D |       + Adding low-rank branches to transformer_blocks.1.attn1.to_q, transformer_blocks.1.attn1.to_k, transformer_blocks.1.attn1.to_v
25-12-29 09:00:43 | D |       + Adding low-rank branches to transformer_blocks.1.attn1.to_out.0
25-12-29 09:00:43 | D |       + Adding low-rank branches to transformer_blocks.1.attn2.to_q
25-12-29 09:00:43 | D |       + Adding low-rank branches to transformer_blocks.1.attn2.to_out.0
25-12-29 09:00:44 | D |       + Adding low-rank branches to transformer_blocks.1.ff.net.0.proj
25-12-29 09:00:44 | D |       + Adding low-rank branches to transformer_blocks.1.ff.net.2.linear
25-12-29 09:00:44 | D |     - Calibrating low-rank branches of block transformer_blocks.2
25-12-29 09:00:44 | D |       + Adding low-rank branches to transformer_blocks.2.attn1.to_q, transformer_blocks.2.attn1.to_k, transformer_blocks.2.attn1.to_v
25-12-29 09:00:45 | D |       + Adding low-rank branches to transformer_blocks.2.attn1.to_out.0
25-12-29 09:00:45 | D |       + Adding low-rank branches to transformer_blocks.2.attn2.to_q
25-12-29 09:00:45 | D |       + Adding low-rank branches to transformer_blocks.2.attn2.to_out.0
25-12-29 09:00:46 | D |       + Adding low-rank branches to transformer_blocks.2.ff.net.0.proj
25-12-29 09:00:46 | D |       + Adding low-rank branches to transformer_blocks.2.ff.net.2.linear
25-12-29 09:00:46 | D |     - Calibrating low-rank branches of block transformer_blocks.3
25-12-29 09:00:46 | D |       + Adding low-rank branches to transformer_blocks.3.attn1.to_q, transformer_blocks.3.attn1.to_k, transformer_blocks.3.attn1.to_v
25-12-29 09:00:47 | D |       + Adding low-rank branches to transformer_blocks.3.attn1.to_out.0
25-12-29 09:00:47 | D |       + Adding low-rank branches to transformer_blocks.3.attn2.to_q
25-12-29 09:00:47 | D |       + Adding low-rank branches to transformer_blocks.3.attn2.to_out.0
25-12-29 09:00:48 | D |       + Adding low-rank branches to transformer_blocks.3.ff.net.0.proj
25-12-29 09:00:48 | D |       + Adding low-rank branches to transformer_blocks.3.ff.net.2.linear
25-12-29 09:00:48 | D |     - Calibrating low-rank branches of block transformer_blocks.4
25-12-29 09:00:48 | D |       + Adding low-rank branches to transformer_blocks.4.attn1.to_q, transformer_blocks.4.attn1.to_k, transformer_blocks.4.attn1.to_v
25-12-29 09:00:49 | D |       + Adding low-rank branches to transformer_blocks.4.attn1.to_out.0
25-12-29 09:00:49 | D |       + Adding low-rank branches to transformer_blocks.4.attn2.to_q
25-12-29 09:00:50 | D |       + Adding low-rank branches to transformer_blocks.4.attn2.to_out.0
25-12-29 09:00:50 | D |       + Adding low-rank branches to transformer_blocks.4.ff.net.0.proj
25-12-29 09:00:50 | D |       + Adding low-rank branches to transformer_blocks.4.ff.net.2.linear
25-12-29 09:00:51 | D |     - Calibrating low-rank branches of block transformer_blocks.5
25-12-29 09:00:51 | D |       + Adding low-rank branches to transformer_blocks.5.attn1.to_q, transformer_blocks.5.attn1.to_k, transformer_blocks.5.attn1.to_v
25-12-29 09:00:51 | D |       + Adding low-rank branches to transformer_blocks.5.attn1.to_out.0
25-12-29 09:00:51 | D |       + Adding low-rank branches to transformer_blocks.5.attn2.to_q
25-12-29 09:00:52 | D |       + Adding low-rank branches to transformer_blocks.5.attn2.to_out.0
25-12-29 09:00:52 | D |       + Adding low-rank branches to transformer_blocks.5.ff.net.0.proj
25-12-29 09:00:52 | D |       + Adding low-rank branches to transformer_blocks.5.ff.net.2.linear
25-12-29 09:00:53 | D |     - Calibrating low-rank branches of block transformer_blocks.6
25-12-29 09:00:53 | D |       + Adding low-rank branches to transformer_blocks.6.attn1.to_q, transformer_blocks.6.attn1.to_k, transformer_blocks.6.attn1.to_v
25-12-29 09:00:53 | D |       + Adding low-rank branches to transformer_blocks.6.attn1.to_out.0
25-12-29 09:00:54 | D |       + Adding low-rank branches to transformer_blocks.6.attn2.to_q
25-12-29 09:00:54 | D |       + Adding low-rank branches to transformer_blocks.6.attn2.to_out.0
25-12-29 09:00:54 | D |       + Adding low-rank branches to transformer_blocks.6.ff.net.0.proj
25-12-29 09:00:54 | D |       + Adding low-rank branches to transformer_blocks.6.ff.net.2.linear
25-12-29 09:00:55 | D |     - Calibrating low-rank branches of block transformer_blocks.7
25-12-29 09:00:55 | D |       + Adding low-rank branches to transformer_blocks.7.attn1.to_q, transformer_blocks.7.attn1.to_k, transformer_blocks.7.attn1.to_v
25-12-29 09:00:55 | D |       + Adding low-rank branches to transformer_blocks.7.attn1.to_out.0
25-12-29 09:00:55 | D |       + Adding low-rank branches to transformer_blocks.7.attn2.to_q
25-12-29 09:00:56 | D |       + Adding low-rank branches to transformer_blocks.7.attn2.to_out.0
25-12-29 09:00:56 | D |       + Adding low-rank branches to transformer_blocks.7.ff.net.0.proj
25-12-29 09:00:57 | D |       + Adding low-rank branches to transformer_blocks.7.ff.net.2.linear
25-12-29 09:00:57 | D |     - Calibrating low-rank branches of block transformer_blocks.8
25-12-29 09:00:57 | D |       + Adding low-rank branches to transformer_blocks.8.attn1.to_q, transformer_blocks.8.attn1.to_k, transformer_blocks.8.attn1.to_v
25-12-29 09:00:57 | D |       + Adding low-rank branches to transformer_blocks.8.attn1.to_out.0
25-12-29 09:00:58 | D |       + Adding low-rank branches to transformer_blocks.8.attn2.to_q
25-12-29 09:00:58 | D |       + Adding low-rank branches to transformer_blocks.8.attn2.to_out.0
25-12-29 09:00:58 | D |       + Adding low-rank branches to transformer_blocks.8.ff.net.0.proj
25-12-29 09:00:59 | D |       + Adding low-rank branches to transformer_blocks.8.ff.net.2.linear
25-12-29 09:00:59 | D |     - Calibrating low-rank branches of block transformer_blocks.9
25-12-29 09:00:59 | D |       + Adding low-rank branches to transformer_blocks.9.attn1.to_q, transformer_blocks.9.attn1.to_k, transformer_blocks.9.attn1.to_v
25-12-29 09:01:00 | D |       + Adding low-rank branches to transformer_blocks.9.attn1.to_out.0
25-12-29 09:01:00 | D |       + Adding low-rank branches to transformer_blocks.9.attn2.to_q
25-12-29 09:01:00 | D |       + Adding low-rank branches to transformer_blocks.9.attn2.to_out.0
25-12-29 09:01:01 | D |       + Adding low-rank branches to transformer_blocks.9.ff.net.0.proj
25-12-29 09:01:01 | D |       + Adding low-rank branches to transformer_blocks.9.ff.net.2.linear
25-12-29 09:01:01 | D |     - Calibrating low-rank branches of block transformer_blocks.10
25-12-29 09:01:01 | D |       + Adding low-rank branches to transformer_blocks.10.attn1.to_q, transformer_blocks.10.attn1.to_k, transformer_blocks.10.attn1.to_v
25-12-29 09:01:02 | D |       + Adding low-rank branches to transformer_blocks.10.attn1.to_out.0
25-12-29 09:01:02 | D |       + Adding low-rank branches to transformer_blocks.10.attn2.to_q
25-12-29 09:01:02 | D |       + Adding low-rank branches to transformer_blocks.10.attn2.to_out.0
25-12-29 09:01:03 | D |       + Adding low-rank branches to transformer_blocks.10.ff.net.0.proj
25-12-29 09:01:03 | D |       + Adding low-rank branches to transformer_blocks.10.ff.net.2.linear
25-12-29 09:01:04 | D |     - Calibrating low-rank branches of block transformer_blocks.11
25-12-29 09:01:04 | D |       + Adding low-rank branches to transformer_blocks.11.attn1.to_q, transformer_blocks.11.attn1.to_k, transformer_blocks.11.attn1.to_v
25-12-29 09:01:04 | D |       + Adding low-rank branches to transformer_blocks.11.attn1.to_out.0
25-12-29 09:01:04 | D |       + Adding low-rank branches to transformer_blocks.11.attn2.to_q
25-12-29 09:01:05 | D |       + Adding low-rank branches to transformer_blocks.11.attn2.to_out.0
25-12-29 09:01:05 | D |       + Adding low-rank branches to transformer_blocks.11.ff.net.0.proj
25-12-29 09:01:05 | D |       + Adding low-rank branches to transformer_blocks.11.ff.net.2.linear
25-12-29 09:01:06 | D |     - Calibrating low-rank branches of block transformer_blocks.12
25-12-29 09:01:06 | D |       + Adding low-rank branches to transformer_blocks.12.attn1.to_q, transformer_blocks.12.attn1.to_k, transformer_blocks.12.attn1.to_v
25-12-29 09:01:06 | D |       + Adding low-rank branches to transformer_blocks.12.attn1.to_out.0
25-12-29 09:01:06 | D |       + Adding low-rank branches to transformer_blocks.12.attn2.to_q
25-12-29 09:01:07 | D |       + Adding low-rank branches to transformer_blocks.12.attn2.to_out.0
25-12-29 09:01:07 | D |       + Adding low-rank branches to transformer_blocks.12.ff.net.0.proj
25-12-29 09:01:07 | D |       + Adding low-rank branches to transformer_blocks.12.ff.net.2.linear
25-12-29 09:01:08 | D |     - Calibrating low-rank branches of block transformer_blocks.13
25-12-29 09:01:08 | D |       + Adding low-rank branches to transformer_blocks.13.attn1.to_q, transformer_blocks.13.attn1.to_k, transformer_blocks.13.attn1.to_v
25-12-29 09:01:08 | D |       + Adding low-rank branches to transformer_blocks.13.attn1.to_out.0
25-12-29 09:01:09 | D |       + Adding low-rank branches to transformer_blocks.13.attn2.to_q
25-12-29 09:01:09 | D |       + Adding low-rank branches to transformer_blocks.13.attn2.to_out.0
25-12-29 09:01:09 | D |       + Adding low-rank branches to transformer_blocks.13.ff.net.0.proj
25-12-29 09:01:10 | D |       + Adding low-rank branches to transformer_blocks.13.ff.net.2.linear
25-12-29 09:01:10 | D |     - Calibrating low-rank branches of block transformer_blocks.14
25-12-29 09:01:10 | D |       + Adding low-rank branches to transformer_blocks.14.attn1.to_q, transformer_blocks.14.attn1.to_k, transformer_blocks.14.attn1.to_v
25-12-29 09:01:10 | D |       + Adding low-rank branches to transformer_blocks.14.attn1.to_out.0
25-12-29 09:01:11 | D |       + Adding low-rank branches to transformer_blocks.14.attn2.to_q
25-12-29 09:01:11 | D |       + Adding low-rank branches to transformer_blocks.14.attn2.to_out.0
25-12-29 09:01:11 | D |       + Adding low-rank branches to transformer_blocks.14.ff.net.0.proj
25-12-29 09:01:12 | D |       + Adding low-rank branches to transformer_blocks.14.ff.net.2.linear
25-12-29 09:01:12 | D |     - Calibrating low-rank branches of block transformer_blocks.15
25-12-29 09:01:12 | D |       + Adding low-rank branches to transformer_blocks.15.attn1.to_q, transformer_blocks.15.attn1.to_k, transformer_blocks.15.attn1.to_v
25-12-29 09:01:12 | D |       + Adding low-rank branches to transformer_blocks.15.attn1.to_out.0
25-12-29 09:01:13 | D |       + Adding low-rank branches to transformer_blocks.15.attn2.to_q
25-12-29 09:01:13 | D |       + Adding low-rank branches to transformer_blocks.15.attn2.to_out.0
25-12-29 09:01:13 | D |       + Adding low-rank branches to transformer_blocks.15.ff.net.0.proj
25-12-29 09:01:14 | D |       + Adding low-rank branches to transformer_blocks.15.ff.net.2.linear
25-12-29 09:01:14 | D |     - Calibrating low-rank branches of block transformer_blocks.16
25-12-29 09:01:14 | D |       + Adding low-rank branches to transformer_blocks.16.attn1.to_q, transformer_blocks.16.attn1.to_k, transformer_blocks.16.attn1.to_v
25-12-29 09:01:14 | D |       + Adding low-rank branches to transformer_blocks.16.attn1.to_out.0
25-12-29 09:01:15 | D |       + Adding low-rank branches to transformer_blocks.16.attn2.to_q
25-12-29 09:01:15 | D |       + Adding low-rank branches to transformer_blocks.16.attn2.to_out.0
25-12-29 09:01:15 | D |       + Adding low-rank branches to transformer_blocks.16.ff.net.0.proj
25-12-29 09:01:16 | D |       + Adding low-rank branches to transformer_blocks.16.ff.net.2.linear
25-12-29 09:01:16 | D |     - Calibrating low-rank branches of block transformer_blocks.17
25-12-29 09:01:16 | D |       + Adding low-rank branches to transformer_blocks.17.attn1.to_q, transformer_blocks.17.attn1.to_k, transformer_blocks.17.attn1.to_v
25-12-29 09:01:17 | D |       + Adding low-rank branches to transformer_blocks.17.attn1.to_out.0
25-12-29 09:01:17 | D |       + Adding low-rank branches to transformer_blocks.17.attn2.to_q
25-12-29 09:01:17 | D |       + Adding low-rank branches to transformer_blocks.17.attn2.to_out.0
25-12-29 09:01:18 | D |       + Adding low-rank branches to transformer_blocks.17.ff.net.0.proj
25-12-29 09:01:18 | D |       + Adding low-rank branches to transformer_blocks.17.ff.net.2.linear
25-12-29 09:01:18 | D |     - Calibrating low-rank branches of block transformer_blocks.18
25-12-29 09:01:18 | D |       + Adding low-rank branches to transformer_blocks.18.attn1.to_q, transformer_blocks.18.attn1.to_k, transformer_blocks.18.attn1.to_v
25-12-29 09:01:19 | D |       + Adding low-rank branches to transformer_blocks.18.attn1.to_out.0
25-12-29 09:01:19 | D |       + Adding low-rank branches to transformer_blocks.18.attn2.to_q
25-12-29 09:01:19 | D |       + Adding low-rank branches to transformer_blocks.18.attn2.to_out.0
25-12-29 09:01:20 | D |       + Adding low-rank branches to transformer_blocks.18.ff.net.0.proj
25-12-29 09:01:20 | D |       + Adding low-rank branches to transformer_blocks.18.ff.net.2.linear
25-12-29 09:01:20 | D |     - Calibrating low-rank branches of block transformer_blocks.19
25-12-29 09:01:20 | D |       + Adding low-rank branches to transformer_blocks.19.attn1.to_q, transformer_blocks.19.attn1.to_k, transformer_blocks.19.attn1.to_v
25-12-29 09:01:21 | D |       + Adding low-rank branches to transformer_blocks.19.attn1.to_out.0
25-12-29 09:01:21 | D |       + Adding low-rank branches to transformer_blocks.19.attn2.to_q
25-12-29 09:01:22 | D |       + Adding low-rank branches to transformer_blocks.19.attn2.to_out.0
25-12-29 09:01:22 | D |       + Adding low-rank branches to transformer_blocks.19.ff.net.0.proj
25-12-29 09:01:22 | D |       + Adding low-rank branches to transformer_blocks.19.ff.net.2.linear
25-12-29 09:01:23 | D |     - Calibrating low-rank branches of block transformer_blocks.20
25-12-29 09:01:23 | D |       + Adding low-rank branches to transformer_blocks.20.attn1.to_q, transformer_blocks.20.attn1.to_k, transformer_blocks.20.attn1.to_v
25-12-29 09:01:23 | D |       + Adding low-rank branches to transformer_blocks.20.attn1.to_out.0
25-12-29 09:01:24 | D |       + Adding low-rank branches to transformer_blocks.20.attn2.to_q
25-12-29 09:01:24 | D |       + Adding low-rank branches to transformer_blocks.20.attn2.to_out.0
25-12-29 09:01:24 | D |       + Adding low-rank branches to transformer_blocks.20.ff.net.0.proj
25-12-29 09:01:25 | D |       + Adding low-rank branches to transformer_blocks.20.ff.net.2.linear
25-12-29 09:01:25 | D |     - Calibrating low-rank branches of block transformer_blocks.21
25-12-29 09:01:25 | D |       + Adding low-rank branches to transformer_blocks.21.attn1.to_q, transformer_blocks.21.attn1.to_k, transformer_blocks.21.attn1.to_v
25-12-29 09:01:25 | D |       + Adding low-rank branches to transformer_blocks.21.attn1.to_out.0
25-12-29 09:01:26 | D |       + Adding low-rank branches to transformer_blocks.21.attn2.to_q
25-12-29 09:01:26 | D |       + Adding low-rank branches to transformer_blocks.21.attn2.to_out.0
25-12-29 09:01:27 | D |       + Adding low-rank branches to transformer_blocks.21.ff.net.0.proj
25-12-29 09:01:27 | D |       + Adding low-rank branches to transformer_blocks.21.ff.net.2.linear
25-12-29 09:01:27 | D |     - Calibrating low-rank branches of block transformer_blocks.22
25-12-29 09:01:27 | D |       + Adding low-rank branches to transformer_blocks.22.attn1.to_q, transformer_blocks.22.attn1.to_k, transformer_blocks.22.attn1.to_v
25-12-29 09:01:28 | D |       + Adding low-rank branches to transformer_blocks.22.attn1.to_out.0
25-12-29 09:01:28 | D |       + Adding low-rank branches to transformer_blocks.22.attn2.to_q
25-12-29 09:01:29 | D |       + Adding low-rank branches to transformer_blocks.22.attn2.to_out.0
25-12-29 09:01:29 | D |       + Adding low-rank branches to transformer_blocks.22.ff.net.0.proj
25-12-29 09:01:29 | D |       + Adding low-rank branches to transformer_blocks.22.ff.net.2.linear
25-12-29 09:01:30 | D |     - Calibrating low-rank branches of block transformer_blocks.23
25-12-29 09:01:30 | D |       + Adding low-rank branches to transformer_blocks.23.attn1.to_q, transformer_blocks.23.attn1.to_k, transformer_blocks.23.attn1.to_v
25-12-29 09:01:30 | D |       + Adding low-rank branches to transformer_blocks.23.attn1.to_out.0
25-12-29 09:01:30 | D |       + Adding low-rank branches to transformer_blocks.23.attn2.to_q
25-12-29 09:01:31 | D |       + Adding low-rank branches to transformer_blocks.23.attn2.to_out.0
25-12-29 09:01:31 | D |       + Adding low-rank branches to transformer_blocks.23.ff.net.0.proj
25-12-29 09:01:31 | D |       + Adding low-rank branches to transformer_blocks.23.ff.net.2.linear
25-12-29 09:01:32 | D |     - Calibrating low-rank branches of block transformer_blocks.24
25-12-29 09:01:32 | D |       + Adding low-rank branches to transformer_blocks.24.attn1.to_q, transformer_blocks.24.attn1.to_k, transformer_blocks.24.attn1.to_v
25-12-29 09:01:32 | D |       + Adding low-rank branches to transformer_blocks.24.attn1.to_out.0
25-12-29 09:01:33 | D |       + Adding low-rank branches to transformer_blocks.24.attn2.to_q
25-12-29 09:01:33 | D |       + Adding low-rank branches to transformer_blocks.24.attn2.to_out.0
25-12-29 09:01:33 | D |       + Adding low-rank branches to transformer_blocks.24.ff.net.0.proj
25-12-29 09:01:34 | D |       + Adding low-rank branches to transformer_blocks.24.ff.net.2.linear
25-12-29 09:01:34 | D |     - Calibrating low-rank branches of block transformer_blocks.25
25-12-29 09:01:34 | D |       + Adding low-rank branches to transformer_blocks.25.attn1.to_q, transformer_blocks.25.attn1.to_k, transformer_blocks.25.attn1.to_v
25-12-29 09:01:34 | D |       + Adding low-rank branches to transformer_blocks.25.attn1.to_out.0
25-12-29 09:01:34 | D |       + Adding low-rank branches to transformer_blocks.25.attn2.to_q
25-12-29 09:01:35 | D |       + Adding low-rank branches to transformer_blocks.25.attn2.to_out.0
25-12-29 09:01:35 | D |       + Adding low-rank branches to transformer_blocks.25.ff.net.0.proj
25-12-29 09:01:36 | D |       + Adding low-rank branches to transformer_blocks.25.ff.net.2.linear
25-12-29 09:01:36 | D |     - Calibrating low-rank branches of block transformer_blocks.26
25-12-29 09:01:36 | D |       + Adding low-rank branches to transformer_blocks.26.attn1.to_q, transformer_blocks.26.attn1.to_k, transformer_blocks.26.attn1.to_v
25-12-29 09:01:36 | D |       + Adding low-rank branches to transformer_blocks.26.attn1.to_out.0
25-12-29 09:01:37 | D |       + Adding low-rank branches to transformer_blocks.26.attn2.to_q
25-12-29 09:01:37 | D |       + Adding low-rank branches to transformer_blocks.26.attn2.to_out.0
25-12-29 09:01:37 | D |       + Adding low-rank branches to transformer_blocks.26.ff.net.0.proj
25-12-29 09:01:38 | D |       + Adding low-rank branches to transformer_blocks.26.ff.net.2.linear
25-12-29 09:01:38 | D |     - Calibrating low-rank branches of block transformer_blocks.27
25-12-29 09:01:38 | D |       + Adding low-rank branches to transformer_blocks.27.attn1.to_q, transformer_blocks.27.attn1.to_k, transformer_blocks.27.attn1.to_v
25-12-29 09:01:38 | D |       + Adding low-rank branches to transformer_blocks.27.attn1.to_out.0
25-12-29 09:01:39 | D |       + Adding low-rank branches to transformer_blocks.27.attn2.to_q
25-12-29 09:01:39 | D |       + Adding low-rank branches to transformer_blocks.27.attn2.to_out.0
25-12-29 09:01:39 | D |       + Adding low-rank branches to transformer_blocks.27.ff.net.0.proj
25-12-29 09:01:40 | D |       + Adding low-rank branches to transformer_blocks.27.ff.net.2.linear
25-12-29 09:01:40 | D |   - Calibrating weights: block transformer_blocks.0
25-12-29 09:01:40 | D |     - Calibrating transformer_blocks.0.attn1.to_q.weight quantizer
25-12-29 09:01:40 | D |     - Calibrating transformer_blocks.0.attn1.to_k.weight quantizer
25-12-29 09:01:40 | D |     - Calibrating transformer_blocks.0.attn1.to_v.weight quantizer
25-12-29 09:01:41 | D |     - Calibrating transformer_blocks.0.attn1.to_out.0.weight quantizer
25-12-29 09:01:41 | D |     - Calibrating transformer_blocks.0.attn2.to_q.weight quantizer
25-12-29 09:01:41 | D |     - Skipping transformer_blocks.0.attn2.to_k.weight
25-12-29 09:01:41 | D |     - Skipping transformer_blocks.0.attn2.to_v.weight
25-12-29 09:01:41 | D |     - Calibrating transformer_blocks.0.attn2.to_out.0.weight quantizer
25-12-29 09:01:42 | D |     - Calibrating transformer_blocks.0.ff.net.0.proj.weight quantizer
25-12-29 09:01:42 | D |     - Calibrating transformer_blocks.0.ff.net.2.linear.weight quantizer
25-12-29 09:01:43 | D |   - Calibrating weights: block transformer_blocks.1
25-12-29 09:01:43 | D |     - Calibrating transformer_blocks.1.attn1.to_q.weight quantizer
25-12-29 09:01:43 | D |     - Calibrating transformer_blocks.1.attn1.to_k.weight quantizer
25-12-29 09:01:43 | D |     - Calibrating transformer_blocks.1.attn1.to_v.weight quantizer
25-12-29 09:01:43 | D |     - Calibrating transformer_blocks.1.attn1.to_out.0.weight quantizer
25-12-29 09:01:44 | D |     - Calibrating transformer_blocks.1.attn2.to_q.weight quantizer
25-12-29 09:01:44 | D |     - Skipping transformer_blocks.1.attn2.to_k.weight
25-12-29 09:01:44 | D |     - Skipping transformer_blocks.1.attn2.to_v.weight
25-12-29 09:01:44 | D |     - Calibrating transformer_blocks.1.attn2.to_out.0.weight quantizer
25-12-29 09:01:44 | D |     - Calibrating transformer_blocks.1.ff.net.0.proj.weight quantizer
25-12-29 09:01:45 | D |     - Calibrating transformer_blocks.1.ff.net.2.linear.weight quantizer
25-12-29 09:01:45 | D |   - Calibrating weights: block transformer_blocks.2
25-12-29 09:01:45 | D |     - Calibrating transformer_blocks.2.attn1.to_q.weight quantizer
25-12-29 09:01:45 | D |     - Calibrating transformer_blocks.2.attn1.to_k.weight quantizer
25-12-29 09:01:46 | D |     - Calibrating transformer_blocks.2.attn1.to_v.weight quantizer
25-12-29 09:01:46 | D |     - Calibrating transformer_blocks.2.attn1.to_out.0.weight quantizer
25-12-29 09:01:46 | D |     - Calibrating transformer_blocks.2.attn2.to_q.weight quantizer
25-12-29 09:01:47 | D |     - Skipping transformer_blocks.2.attn2.to_k.weight
25-12-29 09:01:47 | D |     - Skipping transformer_blocks.2.attn2.to_v.weight
25-12-29 09:01:47 | D |     - Calibrating transformer_blocks.2.attn2.to_out.0.weight quantizer
25-12-29 09:01:47 | D |     - Calibrating transformer_blocks.2.ff.net.0.proj.weight quantizer
25-12-29 09:01:47 | D |     - Calibrating transformer_blocks.2.ff.net.2.linear.weight quantizer
25-12-29 09:01:47 | D |   - Calibrating weights: block transformer_blocks.3
25-12-29 09:01:47 | D |     - Calibrating transformer_blocks.3.attn1.to_q.weight quantizer
25-12-29 09:01:48 | D |     - Calibrating transformer_blocks.3.attn1.to_k.weight quantizer
25-12-29 09:01:48 | D |     - Calibrating transformer_blocks.3.attn1.to_v.weight quantizer
25-12-29 09:01:48 | D |     - Calibrating transformer_blocks.3.attn1.to_out.0.weight quantizer
25-12-29 09:01:49 | D |     - Calibrating transformer_blocks.3.attn2.to_q.weight quantizer
25-12-29 09:01:49 | D |     - Skipping transformer_blocks.3.attn2.to_k.weight
25-12-29 09:01:49 | D |     - Skipping transformer_blocks.3.attn2.to_v.weight
25-12-29 09:01:49 | D |     - Calibrating transformer_blocks.3.attn2.to_out.0.weight quantizer
25-12-29 09:01:49 | D |     - Calibrating transformer_blocks.3.ff.net.0.proj.weight quantizer
25-12-29 09:01:50 | D |     - Calibrating transformer_blocks.3.ff.net.2.linear.weight quantizer
25-12-29 09:01:50 | D |   - Calibrating weights: block transformer_blocks.4
25-12-29 09:01:50 | D |     - Calibrating transformer_blocks.4.attn1.to_q.weight quantizer
25-12-29 09:01:50 | D |     - Calibrating transformer_blocks.4.attn1.to_k.weight quantizer
25-12-29 09:01:51 | D |     - Calibrating transformer_blocks.4.attn1.to_v.weight quantizer
25-12-29 09:01:51 | D |     - Calibrating transformer_blocks.4.attn1.to_out.0.weight quantizer
25-12-29 09:01:51 | D |     - Calibrating transformer_blocks.4.attn2.to_q.weight quantizer
25-12-29 09:01:51 | D |     - Skipping transformer_blocks.4.attn2.to_k.weight
25-12-29 09:01:51 | D |     - Skipping transformer_blocks.4.attn2.to_v.weight
25-12-29 09:01:51 | D |     - Calibrating transformer_blocks.4.attn2.to_out.0.weight quantizer
25-12-29 09:01:52 | D |     - Calibrating transformer_blocks.4.ff.net.0.proj.weight quantizer
25-12-29 09:01:52 | D |     - Calibrating transformer_blocks.4.ff.net.2.linear.weight quantizer
25-12-29 09:01:52 | D |   - Calibrating weights: block transformer_blocks.5
25-12-29 09:01:52 | D |     - Calibrating transformer_blocks.5.attn1.to_q.weight quantizer
25-12-29 09:01:53 | D |     - Calibrating transformer_blocks.5.attn1.to_k.weight quantizer
25-12-29 09:01:53 | D |     - Calibrating transformer_blocks.5.attn1.to_v.weight quantizer
25-12-29 09:01:54 | D |     - Calibrating transformer_blocks.5.attn1.to_out.0.weight quantizer
25-12-29 09:01:54 | D |     - Calibrating transformer_blocks.5.attn2.to_q.weight quantizer
25-12-29 09:01:54 | D |     - Skipping transformer_blocks.5.attn2.to_k.weight
25-12-29 09:01:54 | D |     - Skipping transformer_blocks.5.attn2.to_v.weight
25-12-29 09:01:54 | D |     - Calibrating transformer_blocks.5.attn2.to_out.0.weight quantizer
25-12-29 09:01:54 | D |     - Calibrating transformer_blocks.5.ff.net.0.proj.weight quantizer
25-12-29 09:01:55 | D |     - Calibrating transformer_blocks.5.ff.net.2.linear.weight quantizer
25-12-29 09:01:55 | D |   - Calibrating weights: block transformer_blocks.6
25-12-29 09:01:55 | D |     - Calibrating transformer_blocks.6.attn1.to_q.weight quantizer
25-12-29 09:01:55 | D |     - Calibrating transformer_blocks.6.attn1.to_k.weight quantizer
25-12-29 09:01:56 | D |     - Calibrating transformer_blocks.6.attn1.to_v.weight quantizer
25-12-29 09:01:56 | D |     - Calibrating transformer_blocks.6.attn1.to_out.0.weight quantizer
25-12-29 09:01:56 | D |     - Calibrating transformer_blocks.6.attn2.to_q.weight quantizer
25-12-29 09:01:57 | D |     - Skipping transformer_blocks.6.attn2.to_k.weight
25-12-29 09:01:57 | D |     - Skipping transformer_blocks.6.attn2.to_v.weight
25-12-29 09:01:57 | D |     - Calibrating transformer_blocks.6.attn2.to_out.0.weight quantizer
25-12-29 09:01:57 | D |     - Calibrating transformer_blocks.6.ff.net.0.proj.weight quantizer
25-12-29 09:01:57 | D |     - Calibrating transformer_blocks.6.ff.net.2.linear.weight quantizer
25-12-29 09:01:57 | D |   - Calibrating weights: block transformer_blocks.7
25-12-29 09:01:57 | D |     - Calibrating transformer_blocks.7.attn1.to_q.weight quantizer
25-12-29 09:01:58 | D |     - Calibrating transformer_blocks.7.attn1.to_k.weight quantizer
25-12-29 09:01:58 | D |     - Calibrating transformer_blocks.7.attn1.to_v.weight quantizer
25-12-29 09:01:59 | D |     - Calibrating transformer_blocks.7.attn1.to_out.0.weight quantizer
25-12-29 09:01:59 | D |     - Calibrating transformer_blocks.7.attn2.to_q.weight quantizer
25-12-29 09:01:59 | D |     - Skipping transformer_blocks.7.attn2.to_k.weight
25-12-29 09:01:59 | D |     - Skipping transformer_blocks.7.attn2.to_v.weight
25-12-29 09:01:59 | D |     - Calibrating transformer_blocks.7.attn2.to_out.0.weight quantizer
25-12-29 09:02:00 | D |     - Calibrating transformer_blocks.7.ff.net.0.proj.weight quantizer
25-12-29 09:02:00 | D |     - Calibrating transformer_blocks.7.ff.net.2.linear.weight quantizer
25-12-29 09:02:00 | D |   - Calibrating weights: block transformer_blocks.8
25-12-29 09:02:00 | D |     - Calibrating transformer_blocks.8.attn1.to_q.weight quantizer
25-12-29 09:02:00 | D |     - Calibrating transformer_blocks.8.attn1.to_k.weight quantizer
25-12-29 09:02:01 | D |     - Calibrating transformer_blocks.8.attn1.to_v.weight quantizer
25-12-29 09:02:01 | D |     - Calibrating transformer_blocks.8.attn1.to_out.0.weight quantizer
25-12-29 09:02:01 | D |     - Calibrating transformer_blocks.8.attn2.to_q.weight quantizer
25-12-29 09:02:02 | D |     - Skipping transformer_blocks.8.attn2.to_k.weight
25-12-29 09:02:02 | D |     - Skipping transformer_blocks.8.attn2.to_v.weight
25-12-29 09:02:02 | D |     - Calibrating transformer_blocks.8.attn2.to_out.0.weight quantizer
25-12-29 09:02:02 | D |     - Calibrating transformer_blocks.8.ff.net.0.proj.weight quantizer
25-12-29 09:02:02 | D |     - Calibrating transformer_blocks.8.ff.net.2.linear.weight quantizer
25-12-29 09:02:03 | D |   - Calibrating weights: block transformer_blocks.9
25-12-29 09:02:03 | D |     - Calibrating transformer_blocks.9.attn1.to_q.weight quantizer
25-12-29 09:02:03 | D |     - Calibrating transformer_blocks.9.attn1.to_k.weight quantizer
25-12-29 09:02:03 | D |     - Calibrating transformer_blocks.9.attn1.to_v.weight quantizer
25-12-29 09:02:04 | D |     - Calibrating transformer_blocks.9.attn1.to_out.0.weight quantizer
25-12-29 09:02:04 | D |     - Calibrating transformer_blocks.9.attn2.to_q.weight quantizer
25-12-29 09:02:04 | D |     - Skipping transformer_blocks.9.attn2.to_k.weight
25-12-29 09:02:04 | D |     - Skipping transformer_blocks.9.attn2.to_v.weight
25-12-29 09:02:04 | D |     - Calibrating transformer_blocks.9.attn2.to_out.0.weight quantizer
25-12-29 09:02:05 | D |     - Calibrating transformer_blocks.9.ff.net.0.proj.weight quantizer
25-12-29 09:02:05 | D |     - Calibrating transformer_blocks.9.ff.net.2.linear.weight quantizer
25-12-29 09:02:05 | D |   - Calibrating weights: block transformer_blocks.10
25-12-29 09:02:05 | D |     - Calibrating transformer_blocks.10.attn1.to_q.weight quantizer
25-12-29 09:02:05 | D |     - Calibrating transformer_blocks.10.attn1.to_k.weight quantizer
25-12-29 09:02:06 | D |     - Calibrating transformer_blocks.10.attn1.to_v.weight quantizer
25-12-29 09:02:06 | D |     - Calibrating transformer_blocks.10.attn1.to_out.0.weight quantizer
25-12-29 09:02:06 | D |     - Calibrating transformer_blocks.10.attn2.to_q.weight quantizer
25-12-29 09:02:07 | D |     - Skipping transformer_blocks.10.attn2.to_k.weight
25-12-29 09:02:07 | D |     - Skipping transformer_blocks.10.attn2.to_v.weight
25-12-29 09:02:07 | D |     - Calibrating transformer_blocks.10.attn2.to_out.0.weight quantizer
25-12-29 09:02:07 | D |     - Calibrating transformer_blocks.10.ff.net.0.proj.weight quantizer
25-12-29 09:02:07 | D |     - Calibrating transformer_blocks.10.ff.net.2.linear.weight quantizer
25-12-29 09:02:08 | D |   - Calibrating weights: block transformer_blocks.11
25-12-29 09:02:08 | D |     - Calibrating transformer_blocks.11.attn1.to_q.weight quantizer
25-12-29 09:02:08 | D |     - Calibrating transformer_blocks.11.attn1.to_k.weight quantizer
25-12-29 09:02:08 | D |     - Calibrating transformer_blocks.11.attn1.to_v.weight quantizer
25-12-29 09:02:09 | D |     - Calibrating transformer_blocks.11.attn1.to_out.0.weight quantizer
25-12-29 09:02:09 | D |     - Calibrating transformer_blocks.11.attn2.to_q.weight quantizer
25-12-29 09:02:09 | D |     - Skipping transformer_blocks.11.attn2.to_k.weight
25-12-29 09:02:09 | D |     - Skipping transformer_blocks.11.attn2.to_v.weight
25-12-29 09:02:09 | D |     - Calibrating transformer_blocks.11.attn2.to_out.0.weight quantizer
25-12-29 09:02:10 | D |     - Calibrating transformer_blocks.11.ff.net.0.proj.weight quantizer
25-12-29 09:02:10 | D |     - Calibrating transformer_blocks.11.ff.net.2.linear.weight quantizer
25-12-29 09:02:10 | D |   - Calibrating weights: block transformer_blocks.12
25-12-29 09:02:10 | D |     - Calibrating transformer_blocks.12.attn1.to_q.weight quantizer
25-12-29 09:02:11 | D |     - Calibrating transformer_blocks.12.attn1.to_k.weight quantizer
25-12-29 09:02:11 | D |     - Calibrating transformer_blocks.12.attn1.to_v.weight quantizer
25-12-29 09:02:11 | D |     - Calibrating transformer_blocks.12.attn1.to_out.0.weight quantizer
25-12-29 09:02:11 | D |     - Calibrating transformer_blocks.12.attn2.to_q.weight quantizer
25-12-29 09:02:12 | D |     - Skipping transformer_blocks.12.attn2.to_k.weight
25-12-29 09:02:12 | D |     - Skipping transformer_blocks.12.attn2.to_v.weight
25-12-29 09:02:12 | D |     - Calibrating transformer_blocks.12.attn2.to_out.0.weight quantizer
25-12-29 09:02:12 | D |     - Calibrating transformer_blocks.12.ff.net.0.proj.weight quantizer
25-12-29 09:02:12 | D |     - Calibrating transformer_blocks.12.ff.net.2.linear.weight quantizer
25-12-29 09:02:13 | D |   - Calibrating weights: block transformer_blocks.13
25-12-29 09:02:13 | D |     - Calibrating transformer_blocks.13.attn1.to_q.weight quantizer
25-12-29 09:02:13 | D |     - Calibrating transformer_blocks.13.attn1.to_k.weight quantizer
25-12-29 09:02:13 | D |     - Calibrating transformer_blocks.13.attn1.to_v.weight quantizer
25-12-29 09:02:14 | D |     - Calibrating transformer_blocks.13.attn1.to_out.0.weight quantizer
25-12-29 09:02:14 | D |     - Calibrating transformer_blocks.13.attn2.to_q.weight quantizer
25-12-29 09:02:14 | D |     - Skipping transformer_blocks.13.attn2.to_k.weight
25-12-29 09:02:14 | D |     - Skipping transformer_blocks.13.attn2.to_v.weight
25-12-29 09:02:14 | D |     - Calibrating transformer_blocks.13.attn2.to_out.0.weight quantizer
25-12-29 09:02:15 | D |     - Calibrating transformer_blocks.13.ff.net.0.proj.weight quantizer
25-12-29 09:02:15 | D |     - Calibrating transformer_blocks.13.ff.net.2.linear.weight quantizer
25-12-29 09:02:15 | D |   - Calibrating weights: block transformer_blocks.14
25-12-29 09:02:15 | D |     - Calibrating transformer_blocks.14.attn1.to_q.weight quantizer
25-12-29 09:02:15 | D |     - Calibrating transformer_blocks.14.attn1.to_k.weight quantizer
25-12-29 09:02:16 | D |     - Calibrating transformer_blocks.14.attn1.to_v.weight quantizer
25-12-29 09:02:16 | D |     - Calibrating transformer_blocks.14.attn1.to_out.0.weight quantizer
25-12-29 09:02:16 | D |     - Calibrating transformer_blocks.14.attn2.to_q.weight quantizer
25-12-29 09:02:17 | D |     - Skipping transformer_blocks.14.attn2.to_k.weight
25-12-29 09:02:17 | D |     - Skipping transformer_blocks.14.attn2.to_v.weight
25-12-29 09:02:17 | D |     - Calibrating transformer_blocks.14.attn2.to_out.0.weight quantizer
25-12-29 09:02:17 | D |     - Calibrating transformer_blocks.14.ff.net.0.proj.weight quantizer
25-12-29 09:02:17 | D |     - Calibrating transformer_blocks.14.ff.net.2.linear.weight quantizer
25-12-29 09:02:18 | D |   - Calibrating weights: block transformer_blocks.15
25-12-29 09:02:18 | D |     - Calibrating transformer_blocks.15.attn1.to_q.weight quantizer
25-12-29 09:02:18 | D |     - Calibrating transformer_blocks.15.attn1.to_k.weight quantizer
25-12-29 09:02:18 | D |     - Calibrating transformer_blocks.15.attn1.to_v.weight quantizer
25-12-29 09:02:19 | D |     - Calibrating transformer_blocks.15.attn1.to_out.0.weight quantizer
25-12-29 09:02:19 | D |     - Calibrating transformer_blocks.15.attn2.to_q.weight quantizer
25-12-29 09:02:19 | D |     - Skipping transformer_blocks.15.attn2.to_k.weight
25-12-29 09:02:19 | D |     - Skipping transformer_blocks.15.attn2.to_v.weight
25-12-29 09:02:19 | D |     - Calibrating transformer_blocks.15.attn2.to_out.0.weight quantizer
25-12-29 09:02:20 | D |     - Calibrating transformer_blocks.15.ff.net.0.proj.weight quantizer
25-12-29 09:02:20 | D |     - Calibrating transformer_blocks.15.ff.net.2.linear.weight quantizer
25-12-29 09:02:20 | D |   - Calibrating weights: block transformer_blocks.16
25-12-29 09:02:20 | D |     - Calibrating transformer_blocks.16.attn1.to_q.weight quantizer
25-12-29 09:02:20 | D |     - Calibrating transformer_blocks.16.attn1.to_k.weight quantizer
25-12-29 09:02:21 | D |     - Calibrating transformer_blocks.16.attn1.to_v.weight quantizer
25-12-29 09:02:21 | D |     - Calibrating transformer_blocks.16.attn1.to_out.0.weight quantizer
25-12-29 09:02:21 | D |     - Calibrating transformer_blocks.16.attn2.to_q.weight quantizer
25-12-29 09:02:22 | D |     - Skipping transformer_blocks.16.attn2.to_k.weight
25-12-29 09:02:22 | D |     - Skipping transformer_blocks.16.attn2.to_v.weight
25-12-29 09:02:22 | D |     - Calibrating transformer_blocks.16.attn2.to_out.0.weight quantizer
25-12-29 09:02:22 | D |     - Calibrating transformer_blocks.16.ff.net.0.proj.weight quantizer
25-12-29 09:02:22 | D |     - Calibrating transformer_blocks.16.ff.net.2.linear.weight quantizer
25-12-29 09:02:23 | D |   - Calibrating weights: block transformer_blocks.17
25-12-29 09:02:23 | D |     - Calibrating transformer_blocks.17.attn1.to_q.weight quantizer
25-12-29 09:02:23 | D |     - Calibrating transformer_blocks.17.attn1.to_k.weight quantizer
25-12-29 09:02:23 | D |     - Calibrating transformer_blocks.17.attn1.to_v.weight quantizer
25-12-29 09:02:24 | D |     - Calibrating transformer_blocks.17.attn1.to_out.0.weight quantizer
25-12-29 09:02:24 | D |     - Calibrating transformer_blocks.17.attn2.to_q.weight quantizer
25-12-29 09:02:24 | D |     - Skipping transformer_blocks.17.attn2.to_k.weight
25-12-29 09:02:24 | D |     - Skipping transformer_blocks.17.attn2.to_v.weight
25-12-29 09:02:24 | D |     - Calibrating transformer_blocks.17.attn2.to_out.0.weight quantizer
25-12-29 09:02:24 | D |     - Calibrating transformer_blocks.17.ff.net.0.proj.weight quantizer
25-12-29 09:02:25 | D |     - Calibrating transformer_blocks.17.ff.net.2.linear.weight quantizer
25-12-29 09:02:25 | D |   - Calibrating weights: block transformer_blocks.18
25-12-29 09:02:25 | D |     - Calibrating transformer_blocks.18.attn1.to_q.weight quantizer
25-12-29 09:02:25 | D |     - Calibrating transformer_blocks.18.attn1.to_k.weight quantizer
25-12-29 09:02:26 | D |     - Calibrating transformer_blocks.18.attn1.to_v.weight quantizer
25-12-29 09:02:26 | D |     - Calibrating transformer_blocks.18.attn1.to_out.0.weight quantizer
25-12-29 09:02:26 | D |     - Calibrating transformer_blocks.18.attn2.to_q.weight quantizer
25-12-29 09:02:27 | D |     - Skipping transformer_blocks.18.attn2.to_k.weight
25-12-29 09:02:27 | D |     - Skipping transformer_blocks.18.attn2.to_v.weight
25-12-29 09:02:27 | D |     - Calibrating transformer_blocks.18.attn2.to_out.0.weight quantizer
25-12-29 09:02:27 | D |     - Calibrating transformer_blocks.18.ff.net.0.proj.weight quantizer
25-12-29 09:02:27 | D |     - Calibrating transformer_blocks.18.ff.net.2.linear.weight quantizer
25-12-29 09:02:28 | D |   - Calibrating weights: block transformer_blocks.19
25-12-29 09:02:28 | D |     - Calibrating transformer_blocks.19.attn1.to_q.weight quantizer
25-12-29 09:02:28 | D |     - Calibrating transformer_blocks.19.attn1.to_k.weight quantizer
25-12-29 09:02:28 | D |     - Calibrating transformer_blocks.19.attn1.to_v.weight quantizer
25-12-29 09:02:29 | D |     - Calibrating transformer_blocks.19.attn1.to_out.0.weight quantizer
25-12-29 09:02:29 | D |     - Calibrating transformer_blocks.19.attn2.to_q.weight quantizer
25-12-29 09:02:29 | D |     - Skipping transformer_blocks.19.attn2.to_k.weight
25-12-29 09:02:29 | D |     - Skipping transformer_blocks.19.attn2.to_v.weight
25-12-29 09:02:29 | D |     - Calibrating transformer_blocks.19.attn2.to_out.0.weight quantizer
25-12-29 09:02:29 | D |     - Calibrating transformer_blocks.19.ff.net.0.proj.weight quantizer
25-12-29 09:02:30 | D |     - Calibrating transformer_blocks.19.ff.net.2.linear.weight quantizer
25-12-29 09:02:30 | D |   - Calibrating weights: block transformer_blocks.20
25-12-29 09:02:30 | D |     - Calibrating transformer_blocks.20.attn1.to_q.weight quantizer
25-12-29 09:02:30 | D |     - Calibrating transformer_blocks.20.attn1.to_k.weight quantizer
25-12-29 09:02:31 | D |     - Calibrating transformer_blocks.20.attn1.to_v.weight quantizer
25-12-29 09:02:31 | D |     - Calibrating transformer_blocks.20.attn1.to_out.0.weight quantizer
25-12-29 09:02:31 | D |     - Calibrating transformer_blocks.20.attn2.to_q.weight quantizer
25-12-29 09:02:32 | D |     - Skipping transformer_blocks.20.attn2.to_k.weight
25-12-29 09:02:32 | D |     - Skipping transformer_blocks.20.attn2.to_v.weight
25-12-29 09:02:32 | D |     - Calibrating transformer_blocks.20.attn2.to_out.0.weight quantizer
25-12-29 09:02:32 | D |     - Calibrating transformer_blocks.20.ff.net.0.proj.weight quantizer
25-12-29 09:02:32 | D |     - Calibrating transformer_blocks.20.ff.net.2.linear.weight quantizer
25-12-29 09:02:33 | D |   - Calibrating weights: block transformer_blocks.21
25-12-29 09:02:33 | D |     - Calibrating transformer_blocks.21.attn1.to_q.weight quantizer
25-12-29 09:02:33 | D |     - Calibrating transformer_blocks.21.attn1.to_k.weight quantizer
25-12-29 09:02:33 | D |     - Calibrating transformer_blocks.21.attn1.to_v.weight quantizer
25-12-29 09:02:33 | D |     - Calibrating transformer_blocks.21.attn1.to_out.0.weight quantizer
25-12-29 09:02:34 | D |     - Calibrating transformer_blocks.21.attn2.to_q.weight quantizer
25-12-29 09:02:34 | D |     - Skipping transformer_blocks.21.attn2.to_k.weight
25-12-29 09:02:34 | D |     - Skipping transformer_blocks.21.attn2.to_v.weight
25-12-29 09:02:34 | D |     - Calibrating transformer_blocks.21.attn2.to_out.0.weight quantizer
25-12-29 09:02:34 | D |     - Calibrating transformer_blocks.21.ff.net.0.proj.weight quantizer
25-12-29 09:02:35 | D |     - Calibrating transformer_blocks.21.ff.net.2.linear.weight quantizer
25-12-29 09:02:35 | D |   - Calibrating weights: block transformer_blocks.22
25-12-29 09:02:35 | D |     - Calibrating transformer_blocks.22.attn1.to_q.weight quantizer
25-12-29 09:02:35 | D |     - Calibrating transformer_blocks.22.attn1.to_k.weight quantizer
25-12-29 09:02:36 | D |     - Calibrating transformer_blocks.22.attn1.to_v.weight quantizer
25-12-29 09:02:36 | D |     - Calibrating transformer_blocks.22.attn1.to_out.0.weight quantizer
25-12-29 09:02:36 | D |     - Calibrating transformer_blocks.22.attn2.to_q.weight quantizer
25-12-29 09:02:37 | D |     - Skipping transformer_blocks.22.attn2.to_k.weight
25-12-29 09:02:37 | D |     - Skipping transformer_blocks.22.attn2.to_v.weight
25-12-29 09:02:37 | D |     - Calibrating transformer_blocks.22.attn2.to_out.0.weight quantizer
25-12-29 09:02:37 | D |     - Calibrating transformer_blocks.22.ff.net.0.proj.weight quantizer
25-12-29 09:02:37 | D |     - Calibrating transformer_blocks.22.ff.net.2.linear.weight quantizer
25-12-29 09:02:38 | D |   - Calibrating weights: block transformer_blocks.23
25-12-29 09:02:38 | D |     - Calibrating transformer_blocks.23.attn1.to_q.weight quantizer
25-12-29 09:02:38 | D |     - Calibrating transformer_blocks.23.attn1.to_k.weight quantizer
25-12-29 09:02:38 | D |     - Calibrating transformer_blocks.23.attn1.to_v.weight quantizer
25-12-29 09:02:38 | D |     - Calibrating transformer_blocks.23.attn1.to_out.0.weight quantizer
25-12-29 09:02:39 | D |     - Calibrating transformer_blocks.23.attn2.to_q.weight quantizer
25-12-29 09:02:39 | D |     - Skipping transformer_blocks.23.attn2.to_k.weight
25-12-29 09:02:39 | D |     - Skipping transformer_blocks.23.attn2.to_v.weight
25-12-29 09:02:39 | D |     - Calibrating transformer_blocks.23.attn2.to_out.0.weight quantizer
25-12-29 09:02:39 | D |     - Calibrating transformer_blocks.23.ff.net.0.proj.weight quantizer
25-12-29 09:02:40 | D |     - Calibrating transformer_blocks.23.ff.net.2.linear.weight quantizer
25-12-29 09:02:40 | D |   - Calibrating weights: block transformer_blocks.24
25-12-29 09:02:40 | D |     - Calibrating transformer_blocks.24.attn1.to_q.weight quantizer
25-12-29 09:02:40 | D |     - Calibrating transformer_blocks.24.attn1.to_k.weight quantizer
25-12-29 09:02:41 | D |     - Calibrating transformer_blocks.24.attn1.to_v.weight quantizer
25-12-29 09:02:41 | D |     - Calibrating transformer_blocks.24.attn1.to_out.0.weight quantizer
25-12-29 09:02:41 | D |     - Calibrating transformer_blocks.24.attn2.to_q.weight quantizer
25-12-29 09:02:41 | D |     - Skipping transformer_blocks.24.attn2.to_k.weight
25-12-29 09:02:41 | D |     - Skipping transformer_blocks.24.attn2.to_v.weight
25-12-29 09:02:41 | D |     - Calibrating transformer_blocks.24.attn2.to_out.0.weight quantizer
25-12-29 09:02:42 | D |     - Calibrating transformer_blocks.24.ff.net.0.proj.weight quantizer
25-12-29 09:02:42 | D |     - Calibrating transformer_blocks.24.ff.net.2.linear.weight quantizer
25-12-29 09:02:42 | D |   - Calibrating weights: block transformer_blocks.25
25-12-29 09:02:42 | D |     - Calibrating transformer_blocks.25.attn1.to_q.weight quantizer
25-12-29 09:02:43 | D |     - Calibrating transformer_blocks.25.attn1.to_k.weight quantizer
25-12-29 09:02:43 | D |     - Calibrating transformer_blocks.25.attn1.to_v.weight quantizer
25-12-29 09:02:44 | D |     - Calibrating transformer_blocks.25.attn1.to_out.0.weight quantizer
25-12-29 09:02:44 | D |     - Calibrating transformer_blocks.25.attn2.to_q.weight quantizer
25-12-29 09:02:44 | D |     - Skipping transformer_blocks.25.attn2.to_k.weight
25-12-29 09:02:44 | D |     - Skipping transformer_blocks.25.attn2.to_v.weight
25-12-29 09:02:44 | D |     - Calibrating transformer_blocks.25.attn2.to_out.0.weight quantizer
25-12-29 09:02:45 | D |     - Calibrating transformer_blocks.25.ff.net.0.proj.weight quantizer
25-12-29 09:02:45 | D |     - Calibrating transformer_blocks.25.ff.net.2.linear.weight quantizer
25-12-29 09:02:45 | D |   - Calibrating weights: block transformer_blocks.26
25-12-29 09:02:45 | D |     - Calibrating transformer_blocks.26.attn1.to_q.weight quantizer
25-12-29 09:02:45 | D |     - Calibrating transformer_blocks.26.attn1.to_k.weight quantizer
25-12-29 09:02:46 | D |     - Calibrating transformer_blocks.26.attn1.to_v.weight quantizer
25-12-29 09:02:46 | D |     - Calibrating transformer_blocks.26.attn1.to_out.0.weight quantizer
25-12-29 09:02:46 | D |     - Calibrating transformer_blocks.26.attn2.to_q.weight quantizer
25-12-29 09:02:47 | D |     - Skipping transformer_blocks.26.attn2.to_k.weight
25-12-29 09:02:47 | D |     - Skipping transformer_blocks.26.attn2.to_v.weight
25-12-29 09:02:47 | D |     - Calibrating transformer_blocks.26.attn2.to_out.0.weight quantizer
25-12-29 09:02:47 | D |     - Calibrating transformer_blocks.26.ff.net.0.proj.weight quantizer
25-12-29 09:02:47 | D |     - Calibrating transformer_blocks.26.ff.net.2.linear.weight quantizer
25-12-29 09:02:48 | D |   - Calibrating weights: block transformer_blocks.27
25-12-29 09:02:48 | D |     - Calibrating transformer_blocks.27.attn1.to_q.weight quantizer
25-12-29 09:02:48 | D |     - Calibrating transformer_blocks.27.attn1.to_k.weight quantizer
25-12-29 09:02:48 | D |     - Calibrating transformer_blocks.27.attn1.to_v.weight quantizer
25-12-29 09:02:49 | D |     - Calibrating transformer_blocks.27.attn1.to_out.0.weight quantizer
25-12-29 09:02:49 | D |     - Calibrating transformer_blocks.27.attn2.to_q.weight quantizer
25-12-29 09:02:49 | D |     - Skipping transformer_blocks.27.attn2.to_k.weight
25-12-29 09:02:49 | D |     - Skipping transformer_blocks.27.attn2.to_v.weight
25-12-29 09:02:49 | D |     - Calibrating transformer_blocks.27.attn2.to_out.0.weight quantizer
25-12-29 09:02:49 | D |     - Calibrating transformer_blocks.27.ff.net.0.proj.weight quantizer
25-12-29 09:02:50 | D |     - Calibrating transformer_blocks.27.ff.net.2.linear.weight quantizer
25-12-29 09:02:50 | D |   - Quantizing weights: block transformer_blocks.0
25-12-29 09:02:50 | D |     - Quantizing transformer_blocks.0.attn1.to_q.weight
25-12-29 09:02:50 | D |       + quant_dtype: sint4
25-12-29 09:02:50 | D |       + group_shape: ((1, 64, 1),)
25-12-29 09:02:50 | D |       + scale_dtype: (None,)
25-12-29 09:02:50 | D |     - Quantizing transformer_blocks.0.attn1.to_k.weight
25-12-29 09:02:50 | D |       + quant_dtype: sint4
25-12-29 09:02:50 | D |       + group_shape: ((1, 64, 1),)
25-12-29 09:02:50 | D |       + scale_dtype: (None,)
25-12-29 09:02:51 | D |     - Quantizing transformer_blocks.0.attn1.to_v.weight
25-12-29 09:02:51 | D |       + quant_dtype: sint4
25-12-29 09:02:51 | D |       + group_shape: ((1, 64, 1),)
25-12-29 09:02:51 | D |       + scale_dtype: (None,)
25-12-29 09:02:51 | D |     - Quantizing transformer_blocks.0.attn1.to_out.0.weight
25-12-29 09:02:51 | D |       + quant_dtype: sint4
25-12-29 09:02:51 | D |       + group_shape: ((1, 64, 1),)
25-12-29 09:02:51 | D |       + scale_dtype: (None,)
25-12-29 09:02:51 | D |     - Quantizing transformer_blocks.0.attn2.to_q.weight
25-12-29 09:02:51 | D |       + quant_dtype: sint4
25-12-29 09:02:51 | D |       + group_shape: ((1, 64, 1),)
25-12-29 09:02:51 | D |       + scale_dtype: (None,)
25-12-29 09:02:52 | D |     - Quantizing transformer_blocks.0.attn2.to_out.0.weight
25-12-29 09:02:52 | D |       + quant_dtype: sint4
25-12-29 09:02:52 | D |       + group_shape: ((1, 64, 1),)
25-12-29 09:02:52 | D |       + scale_dtype: (None,)
25-12-29 09:02:52 | D |     - Quantizing transformer_blocks.0.ff.net.0.proj.weight
25-12-29 09:02:52 | D |       + quant_dtype: sint4
25-12-29 09:02:52 | D |       + group_shape: ((1, 64, 1),)
25-12-29 09:02:52 | D |       + scale_dtype: (None,)
25-12-29 09:02:53 | D |     - Quantizing transformer_blocks.0.ff.net.2.linear.weight
25-12-29 09:02:53 | D |       + quant_dtype: sint4
25-12-29 09:02:53 | D |       + group_shape: ((1, 64, 1),)
25-12-29 09:02:53 | D |       + scale_dtype: (None,)
25-12-29 09:02:53 | D |   - Quantizing weights: block transformer_blocks.1
25-12-29 09:02:53 | D |     - Quantizing transformer_blocks.1.attn1.to_q.weight
25-12-29 09:02:53 | D |       + quant_dtype: sint4
25-12-29 09:02:53 | D |       + group_shape: ((1, 64, 1),)
25-12-29 09:02:53 | D |       + scale_dtype: (None,)
25-12-29 09:02:53 | D |     - Quantizing transformer_blocks.1.attn1.to_k.weight
25-12-29 09:02:53 | D |       + quant_dtype: sint4
25-12-29 09:02:53 | D |       + group_shape: ((1, 64, 1),)
25-12-29 09:02:53 | D |       + scale_dtype: (None,)
25-12-29 09:02:54 | D |     - Quantizing transformer_blocks.1.attn1.to_v.weight
25-12-29 09:02:54 | D |       + quant_dtype: sint4
25-12-29 09:02:54 | D |       + group_shape: ((1, 64, 1),)
25-12-29 09:02:54 | D |       + scale_dtype: (None,)
25-12-29 09:02:54 | D |     - Quantizing transformer_blocks.1.attn1.to_out.0.weight
25-12-29 09:02:54 | D |       + quant_dtype: sint4
25-12-29 09:02:54 | D |       + group_shape: ((1, 64, 1),)
25-12-29 09:02:54 | D |       + scale_dtype: (None,)
25-12-29 09:02:54 | D |     - Quantizing transformer_blocks.1.attn2.to_q.weight
25-12-29 09:02:54 | D |       + quant_dtype: sint4
25-12-29 09:02:54 | D |       + group_shape: ((1, 64, 1),)
25-12-29 09:02:54 | D |       + scale_dtype: (None,)
25-12-29 09:02:55 | D |     - Quantizing transformer_blocks.1.attn2.to_out.0.weight
25-12-29 09:02:55 | D |       + quant_dtype: sint4
25-12-29 09:02:55 | D |       + group_shape: ((1, 64, 1),)
25-12-29 09:02:55 | D |       + scale_dtype: (None,)
25-12-29 09:02:55 | D |     - Quantizing transformer_blocks.1.ff.net.0.proj.weight
25-12-29 09:02:55 | D |       + quant_dtype: sint4
25-12-29 09:02:55 | D |       + group_shape: ((1, 64, 1),)
25-12-29 09:02:55 | D |       + scale_dtype: (None,)
25-12-29 09:02:56 | D |     - Quantizing transformer_blocks.1.ff.net.2.linear.weight
25-12-29 09:02:56 | D |       + quant_dtype: sint4
25-12-29 09:02:56 | D |       + group_shape: ((1, 64, 1),)
25-12-29 09:02:56 | D |       + scale_dtype: (None,)
25-12-29 09:02:57 | D |   - Quantizing weights: block transformer_blocks.2
25-12-29 09:02:57 | D |     - Quantizing transformer_blocks.2.attn1.to_q.weight
25-12-29 09:02:57 | D |       + quant_dtype: sint4
25-12-29 09:02:57 | D |       + group_shape: ((1, 64, 1),)
25-12-29 09:02:57 | D |       + scale_dtype: (None,)
25-12-29 09:02:57 | D |     - Quantizing transformer_blocks.2.attn1.to_k.weight
25-12-29 09:02:57 | D |       + quant_dtype: sint4
25-12-29 09:02:57 | D |       + group_shape: ((1, 64, 1),)
25-12-29 09:02:57 | D |       + scale_dtype: (None,)
25-12-29 09:02:57 | D |     - Quantizing transformer_blocks.2.attn1.to_v.weight
25-12-29 09:02:57 | D |       + quant_dtype: sint4
25-12-29 09:02:57 | D |       + group_shape: ((1, 64, 1),)
25-12-29 09:02:57 | D |       + scale_dtype: (None,)
25-12-29 09:02:58 | D |     - Quantizing transformer_blocks.2.attn1.to_out.0.weight
25-12-29 09:02:58 | D |       + quant_dtype: sint4
25-12-29 09:02:58 | D |       + group_shape: ((1, 64, 1),)
25-12-29 09:02:58 | D |       + scale_dtype: (None,)
25-12-29 09:02:58 | D |     - Quantizing transformer_blocks.2.attn2.to_q.weight
25-12-29 09:02:58 | D |       + quant_dtype: sint4
25-12-29 09:02:58 | D |       + group_shape: ((1, 64, 1),)
25-12-29 09:02:58 | D |       + scale_dtype: (None,)
25-12-29 09:02:58 | D |     - Quantizing transformer_blocks.2.attn2.to_out.0.weight
25-12-29 09:02:58 | D |       + quant_dtype: sint4
25-12-29 09:02:58 | D |       + group_shape: ((1, 64, 1),)
25-12-29 09:02:58 | D |       + scale_dtype: (None,)
25-12-29 09:02:59 | D |     - Quantizing transformer_blocks.2.ff.net.0.proj.weight
25-12-29 09:02:59 | D |       + quant_dtype: sint4
25-12-29 09:02:59 | D |       + group_shape: ((1, 64, 1),)
25-12-29 09:02:59 | D |       + scale_dtype: (None,)
25-12-29 09:02:59 | D |     - Quantizing transformer_blocks.2.ff.net.2.linear.weight
25-12-29 09:02:59 | D |       + quant_dtype: sint4
25-12-29 09:02:59 | D |       + group_shape: ((1, 64, 1),)
25-12-29 09:02:59 | D |       + scale_dtype: (None,)
25-12-29 09:02:59 | D |   - Quantizing weights: block transformer_blocks.3
25-12-29 09:02:59 | D |     - Quantizing transformer_blocks.3.attn1.to_q.weight
25-12-29 09:02:59 | D |       + quant_dtype: sint4
25-12-29 09:02:59 | D |       + group_shape: ((1, 64, 1),)
25-12-29 09:02:59 | D |       + scale_dtype: (None,)
25-12-29 09:03:00 | D |     - Quantizing transformer_blocks.3.attn1.to_k.weight
25-12-29 09:03:00 | D |       + quant_dtype: sint4
25-12-29 09:03:00 | D |       + group_shape: ((1, 64, 1),)
25-12-29 09:03:00 | D |       + scale_dtype: (None,)
25-12-29 09:03:00 | D |     - Quantizing transformer_blocks.3.attn1.to_v.weight
25-12-29 09:03:00 | D |       + quant_dtype: sint4
25-12-29 09:03:00 | D |       + group_shape: ((1, 64, 1),)
25-12-29 09:03:00 | D |       + scale_dtype: (None,)
25-12-29 09:03:00 | D |     - Quantizing transformer_blocks.3.attn1.to_out.0.weight
25-12-29 09:03:00 | D |       + quant_dtype: sint4
25-12-29 09:03:00 | D |       + group_shape: ((1, 64, 1),)
25-12-29 09:03:00 | D |       + scale_dtype: (None,)
25-12-29 09:03:01 | D |     - Quantizing transformer_blocks.3.attn2.to_q.weight
25-12-29 09:03:01 | D |       + quant_dtype: sint4
25-12-29 09:03:01 | D |       + group_shape: ((1, 64, 1),)
25-12-29 09:03:01 | D |       + scale_dtype: (None,)
25-12-29 09:03:01 | D |     - Quantizing transformer_blocks.3.attn2.to_out.0.weight
25-12-29 09:03:01 | D |       + quant_dtype: sint4
25-12-29 09:03:01 | D |       + group_shape: ((1, 64, 1),)
25-12-29 09:03:01 | D |       + scale_dtype: (None,)
25-12-29 09:03:01 | D |     - Quantizing transformer_blocks.3.ff.net.0.proj.weight
25-12-29 09:03:01 | D |       + quant_dtype: sint4
25-12-29 09:03:01 | D |       + group_shape: ((1, 64, 1),)
25-12-29 09:03:01 | D |       + scale_dtype: (None,)
25-12-29 09:03:02 | D |     - Quantizing transformer_blocks.3.ff.net.2.linear.weight
25-12-29 09:03:02 | D |       + quant_dtype: sint4
25-12-29 09:03:02 | D |       + group_shape: ((1, 64, 1),)
25-12-29 09:03:02 | D |       + scale_dtype: (None,)
25-12-29 09:03:02 | D |   - Quantizing weights: block transformer_blocks.4
25-12-29 09:03:02 | D |     - Quantizing transformer_blocks.4.attn1.to_q.weight
25-12-29 09:03:02 | D |       + quant_dtype: sint4
25-12-29 09:03:02 | D |       + group_shape: ((1, 64, 1),)
25-12-29 09:03:02 | D |       + scale_dtype: (None,)
25-12-29 09:03:03 | D |     - Quantizing transformer_blocks.4.attn1.to_k.weight
25-12-29 09:03:03 | D |       + quant_dtype: sint4
25-12-29 09:03:03 | D |       + group_shape: ((1, 64, 1),)
25-12-29 09:03:03 | D |       + scale_dtype: (None,)
25-12-29 09:03:03 | D |     - Quantizing transformer_blocks.4.attn1.to_v.weight
25-12-29 09:03:03 | D |       + quant_dtype: sint4
25-12-29 09:03:03 | D |       + group_shape: ((1, 64, 1),)
25-12-29 09:03:03 | D |       + scale_dtype: (None,)
25-12-29 09:03:03 | D |     - Quantizing transformer_blocks.4.attn1.to_out.0.weight
25-12-29 09:03:03 | D |       + quant_dtype: sint4
25-12-29 09:03:03 | D |       + group_shape: ((1, 64, 1),)
25-12-29 09:03:03 | D |       + scale_dtype: (None,)
25-12-29 09:03:04 | D |     - Quantizing transformer_blocks.4.attn2.to_q.weight
25-12-29 09:03:04 | D |       + quant_dtype: sint4
25-12-29 09:03:04 | D |       + group_shape: ((1, 64, 1),)
25-12-29 09:03:04 | D |       + scale_dtype: (None,)
25-12-29 09:03:04 | D |     - Quantizing transformer_blocks.4.attn2.to_out.0.weight
25-12-29 09:03:04 | D |       + quant_dtype: sint4
25-12-29 09:03:04 | D |       + group_shape: ((1, 64, 1),)
25-12-29 09:03:04 | D |       + scale_dtype: (None,)
25-12-29 09:03:04 | D |     - Quantizing transformer_blocks.4.ff.net.0.proj.weight
25-12-29 09:03:04 | D |       + quant_dtype: sint4
25-12-29 09:03:04 | D |       + group_shape: ((1, 64, 1),)
25-12-29 09:03:04 | D |       + scale_dtype: (None,)
25-12-29 09:03:05 | D |     - Quantizing transformer_blocks.4.ff.net.2.linear.weight
25-12-29 09:03:05 | D |       + quant_dtype: sint4
25-12-29 09:03:05 | D |       + group_shape: ((1, 64, 1),)
25-12-29 09:03:05 | D |       + scale_dtype: (None,)
25-12-29 09:03:05 | D |   - Quantizing weights: block transformer_blocks.5
25-12-29 09:03:05 | D |     - Quantizing transformer_blocks.5.attn1.to_q.weight
25-12-29 09:03:05 | D |       + quant_dtype: sint4
25-12-29 09:03:05 | D |       + group_shape: ((1, 64, 1),)
25-12-29 09:03:05 | D |       + scale_dtype: (None,)
25-12-29 09:03:06 | D |     - Quantizing transformer_blocks.5.attn1.to_k.weight
25-12-29 09:03:06 | D |       + quant_dtype: sint4
25-12-29 09:03:06 | D |       + group_shape: ((1, 64, 1),)
25-12-29 09:03:06 | D |       + scale_dtype: (None,)
25-12-29 09:03:06 | D |     - Quantizing transformer_blocks.5.attn1.to_v.weight
25-12-29 09:03:06 | D |       + quant_dtype: sint4
25-12-29 09:03:06 | D |       + group_shape: ((1, 64, 1),)
25-12-29 09:03:06 | D |       + scale_dtype: (None,)
25-12-29 09:03:06 | D |     - Quantizing transformer_blocks.5.attn1.to_out.0.weight
25-12-29 09:03:06 | D |       + quant_dtype: sint4
25-12-29 09:03:06 | D |       + group_shape: ((1, 64, 1),)
25-12-29 09:03:06 | D |       + scale_dtype: (None,)
25-12-29 09:03:07 | D |     - Quantizing transformer_blocks.5.attn2.to_q.weight
25-12-29 09:03:07 | D |       + quant_dtype: sint4
25-12-29 09:03:07 | D |       + group_shape: ((1, 64, 1),)
25-12-29 09:03:07 | D |       + scale_dtype: (None,)
25-12-29 09:03:07 | D |     - Quantizing transformer_blocks.5.attn2.to_out.0.weight
25-12-29 09:03:07 | D |       + quant_dtype: sint4
25-12-29 09:03:07 | D |       + group_shape: ((1, 64, 1),)
25-12-29 09:03:07 | D |       + scale_dtype: (None,)
25-12-29 09:03:08 | D |     - Quantizing transformer_blocks.5.ff.net.0.proj.weight
25-12-29 09:03:08 | D |       + quant_dtype: sint4
25-12-29 09:03:08 | D |       + group_shape: ((1, 64, 1),)
25-12-29 09:03:08 | D |       + scale_dtype: (None,)
25-12-29 09:03:08 | D |     - Quantizing transformer_blocks.5.ff.net.2.linear.weight
25-12-29 09:03:08 | D |       + quant_dtype: sint4
25-12-29 09:03:08 | D |       + group_shape: ((1, 64, 1),)
25-12-29 09:03:08 | D |       + scale_dtype: (None,)
25-12-29 09:03:09 | D |   - Quantizing weights: block transformer_blocks.6
25-12-29 09:03:09 | D |     - Quantizing transformer_blocks.6.attn1.to_q.weight
25-12-29 09:03:09 | D |       + quant_dtype: sint4
25-12-29 09:03:09 | D |       + group_shape: ((1, 64, 1),)
25-12-29 09:03:09 | D |       + scale_dtype: (None,)
25-12-29 09:03:09 | D |     - Quantizing transformer_blocks.6.attn1.to_k.weight
25-12-29 09:03:09 | D |       + quant_dtype: sint4
25-12-29 09:03:09 | D |       + group_shape: ((1, 64, 1),)
25-12-29 09:03:09 | D |       + scale_dtype: (None,)
25-12-29 09:03:09 | D |     - Quantizing transformer_blocks.6.attn1.to_v.weight
25-12-29 09:03:09 | D |       + quant_dtype: sint4
25-12-29 09:03:09 | D |       + group_shape: ((1, 64, 1),)
25-12-29 09:03:09 | D |       + scale_dtype: (None,)
25-12-29 09:03:10 | D |     - Quantizing transformer_blocks.6.attn1.to_out.0.weight
25-12-29 09:03:10 | D |       + quant_dtype: sint4
25-12-29 09:03:10 | D |       + group_shape: ((1, 64, 1),)
25-12-29 09:03:10 | D |       + scale_dtype: (None,)
25-12-29 09:03:10 | D |     - Quantizing transformer_blocks.6.attn2.to_q.weight
25-12-29 09:03:10 | D |       + quant_dtype: sint4
25-12-29 09:03:10 | D |       + group_shape: ((1, 64, 1),)
25-12-29 09:03:10 | D |       + scale_dtype: (None,)
25-12-29 09:03:10 | D |     - Quantizing transformer_blocks.6.attn2.to_out.0.weight
25-12-29 09:03:10 | D |       + quant_dtype: sint4
25-12-29 09:03:10 | D |       + group_shape: ((1, 64, 1),)
25-12-29 09:03:10 | D |       + scale_dtype: (None,)
25-12-29 09:03:11 | D |     - Quantizing transformer_blocks.6.ff.net.0.proj.weight
25-12-29 09:03:11 | D |       + quant_dtype: sint4
25-12-29 09:03:11 | D |       + group_shape: ((1, 64, 1),)
25-12-29 09:03:11 | D |       + scale_dtype: (None,)
25-12-29 09:03:11 | D |     - Quantizing transformer_blocks.6.ff.net.2.linear.weight
25-12-29 09:03:11 | D |       + quant_dtype: sint4
25-12-29 09:03:11 | D |       + group_shape: ((1, 64, 1),)
25-12-29 09:03:11 | D |       + scale_dtype: (None,)
25-12-29 09:03:11 | D |   - Quantizing weights: block transformer_blocks.7
25-12-29 09:03:11 | D |     - Quantizing transformer_blocks.7.attn1.to_q.weight
25-12-29 09:03:11 | D |       + quant_dtype: sint4
25-12-29 09:03:11 | D |       + group_shape: ((1, 64, 1),)
25-12-29 09:03:11 | D |       + scale_dtype: (None,)
25-12-29 09:03:12 | D |     - Quantizing transformer_blocks.7.attn1.to_k.weight
25-12-29 09:03:12 | D |       + quant_dtype: sint4
25-12-29 09:03:12 | D |       + group_shape: ((1, 64, 1),)
25-12-29 09:03:12 | D |       + scale_dtype: (None,)
25-12-29 09:03:12 | D |     - Quantizing transformer_blocks.7.attn1.to_v.weight
25-12-29 09:03:12 | D |       + quant_dtype: sint4
25-12-29 09:03:12 | D |       + group_shape: ((1, 64, 1),)
25-12-29 09:03:12 | D |       + scale_dtype: (None,)
25-12-29 09:03:12 | D |     - Quantizing transformer_blocks.7.attn1.to_out.0.weight
25-12-29 09:03:12 | D |       + quant_dtype: sint4
25-12-29 09:03:12 | D |       + group_shape: ((1, 64, 1),)
25-12-29 09:03:12 | D |       + scale_dtype: (None,)
25-12-29 09:03:13 | D |     - Quantizing transformer_blocks.7.attn2.to_q.weight
25-12-29 09:03:13 | D |       + quant_dtype: sint4
25-12-29 09:03:13 | D |       + group_shape: ((1, 64, 1),)
25-12-29 09:03:13 | D |       + scale_dtype: (None,)
25-12-29 09:03:13 | D |     - Quantizing transformer_blocks.7.attn2.to_out.0.weight
25-12-29 09:03:13 | D |       + quant_dtype: sint4
25-12-29 09:03:13 | D |       + group_shape: ((1, 64, 1),)
25-12-29 09:03:13 | D |       + scale_dtype: (None,)
25-12-29 09:03:13 | D |     - Quantizing transformer_blocks.7.ff.net.0.proj.weight
25-12-29 09:03:13 | D |       + quant_dtype: sint4
25-12-29 09:03:13 | D |       + group_shape: ((1, 64, 1),)
25-12-29 09:03:13 | D |       + scale_dtype: (None,)
25-12-29 09:03:14 | D |     - Quantizing transformer_blocks.7.ff.net.2.linear.weight
25-12-29 09:03:14 | D |       + quant_dtype: sint4
25-12-29 09:03:14 | D |       + group_shape: ((1, 64, 1),)
25-12-29 09:03:14 | D |       + scale_dtype: (None,)
25-12-29 09:03:14 | D |   - Quantizing weights: block transformer_blocks.8
25-12-29 09:03:14 | D |     - Quantizing transformer_blocks.8.attn1.to_q.weight
25-12-29 09:03:14 | D |       + quant_dtype: sint4
25-12-29 09:03:14 | D |       + group_shape: ((1, 64, 1),)
25-12-29 09:03:14 | D |       + scale_dtype: (None,)
25-12-29 09:03:14 | D |     - Quantizing transformer_blocks.8.attn1.to_k.weight
25-12-29 09:03:14 | D |       + quant_dtype: sint4
25-12-29 09:03:14 | D |       + group_shape: ((1, 64, 1),)
25-12-29 09:03:14 | D |       + scale_dtype: (None,)
25-12-29 09:03:15 | D |     - Quantizing transformer_blocks.8.attn1.to_v.weight
25-12-29 09:03:15 | D |       + quant_dtype: sint4
25-12-29 09:03:15 | D |       + group_shape: ((1, 64, 1),)
25-12-29 09:03:15 | D |       + scale_dtype: (None,)
25-12-29 09:03:15 | D |     - Quantizing transformer_blocks.8.attn1.to_out.0.weight
25-12-29 09:03:15 | D |       + quant_dtype: sint4
25-12-29 09:03:15 | D |       + group_shape: ((1, 64, 1),)
25-12-29 09:03:15 | D |       + scale_dtype: (None,)
25-12-29 09:03:15 | D |     - Quantizing transformer_blocks.8.attn2.to_q.weight
25-12-29 09:03:15 | D |       + quant_dtype: sint4
25-12-29 09:03:15 | D |       + group_shape: ((1, 64, 1),)
25-12-29 09:03:15 | D |       + scale_dtype: (None,)
25-12-29 09:03:16 | D |     - Quantizing transformer_blocks.8.attn2.to_out.0.weight
25-12-29 09:03:16 | D |       + quant_dtype: sint4
25-12-29 09:03:16 | D |       + group_shape: ((1, 64, 1),)
25-12-29 09:03:16 | D |       + scale_dtype: (None,)
25-12-29 09:03:16 | D |     - Quantizing transformer_blocks.8.ff.net.0.proj.weight
25-12-29 09:03:16 | D |       + quant_dtype: sint4
25-12-29 09:03:16 | D |       + group_shape: ((1, 64, 1),)
25-12-29 09:03:16 | D |       + scale_dtype: (None,)
25-12-29 09:03:16 | D |     - Quantizing transformer_blocks.8.ff.net.2.linear.weight
25-12-29 09:03:16 | D |       + quant_dtype: sint4
25-12-29 09:03:16 | D |       + group_shape: ((1, 64, 1),)
25-12-29 09:03:16 | D |       + scale_dtype: (None,)
25-12-29 09:03:17 | D |   - Quantizing weights: block transformer_blocks.9
25-12-29 09:03:17 | D |     - Quantizing transformer_blocks.9.attn1.to_q.weight
25-12-29 09:03:17 | D |       + quant_dtype: sint4
25-12-29 09:03:17 | D |       + group_shape: ((1, 64, 1),)
25-12-29 09:03:17 | D |       + scale_dtype: (None,)
25-12-29 09:03:17 | D |     - Quantizing transformer_blocks.9.attn1.to_k.weight
25-12-29 09:03:17 | D |       + quant_dtype: sint4
25-12-29 09:03:17 | D |       + group_shape: ((1, 64, 1),)
25-12-29 09:03:17 | D |       + scale_dtype: (None,)
25-12-29 09:03:17 | D |     - Quantizing transformer_blocks.9.attn1.to_v.weight
25-12-29 09:03:17 | D |       + quant_dtype: sint4
25-12-29 09:03:17 | D |       + group_shape: ((1, 64, 1),)
25-12-29 09:03:17 | D |       + scale_dtype: (None,)
25-12-29 09:03:18 | D |     - Quantizing transformer_blocks.9.attn1.to_out.0.weight
25-12-29 09:03:18 | D |       + quant_dtype: sint4
25-12-29 09:03:18 | D |       + group_shape: ((1, 64, 1),)
25-12-29 09:03:18 | D |       + scale_dtype: (None,)
25-12-29 09:03:18 | D |     - Quantizing transformer_blocks.9.attn2.to_q.weight
25-12-29 09:03:18 | D |       + quant_dtype: sint4
25-12-29 09:03:18 | D |       + group_shape: ((1, 64, 1),)
25-12-29 09:03:18 | D |       + scale_dtype: (None,)
25-12-29 09:03:18 | D |     - Quantizing transformer_blocks.9.attn2.to_out.0.weight
25-12-29 09:03:18 | D |       + quant_dtype: sint4
25-12-29 09:03:18 | D |       + group_shape: ((1, 64, 1),)
25-12-29 09:03:18 | D |       + scale_dtype: (None,)
25-12-29 09:03:19 | D |     - Quantizing transformer_blocks.9.ff.net.0.proj.weight
25-12-29 09:03:19 | D |       + quant_dtype: sint4
25-12-29 09:03:19 | D |       + group_shape: ((1, 64, 1),)
25-12-29 09:03:19 | D |       + scale_dtype: (None,)
25-12-29 09:03:19 | D |     - Quantizing transformer_blocks.9.ff.net.2.linear.weight
25-12-29 09:03:19 | D |       + quant_dtype: sint4
25-12-29 09:03:19 | D |       + group_shape: ((1, 64, 1),)
25-12-29 09:03:19 | D |       + scale_dtype: (None,)
25-12-29 09:03:19 | D |   - Quantizing weights: block transformer_blocks.10
25-12-29 09:03:19 | D |     - Quantizing transformer_blocks.10.attn1.to_q.weight
25-12-29 09:03:19 | D |       + quant_dtype: sint4
25-12-29 09:03:19 | D |       + group_shape: ((1, 64, 1),)
25-12-29 09:03:19 | D |       + scale_dtype: (None,)
25-12-29 09:03:20 | D |     - Quantizing transformer_blocks.10.attn1.to_k.weight
25-12-29 09:03:20 | D |       + quant_dtype: sint4
25-12-29 09:03:20 | D |       + group_shape: ((1, 64, 1),)
25-12-29 09:03:20 | D |       + scale_dtype: (None,)
25-12-29 09:03:20 | D |     - Quantizing transformer_blocks.10.attn1.to_v.weight
25-12-29 09:03:20 | D |       + quant_dtype: sint4
25-12-29 09:03:20 | D |       + group_shape: ((1, 64, 1),)
25-12-29 09:03:20 | D |       + scale_dtype: (None,)
25-12-29 09:03:20 | D |     - Quantizing transformer_blocks.10.attn1.to_out.0.weight
25-12-29 09:03:20 | D |       + quant_dtype: sint4
25-12-29 09:03:20 | D |       + group_shape: ((1, 64, 1),)
25-12-29 09:03:20 | D |       + scale_dtype: (None,)
25-12-29 09:03:21 | D |     - Quantizing transformer_blocks.10.attn2.to_q.weight
25-12-29 09:03:21 | D |       + quant_dtype: sint4
25-12-29 09:03:21 | D |       + group_shape: ((1, 64, 1),)
25-12-29 09:03:21 | D |       + scale_dtype: (None,)
25-12-29 09:03:21 | D |     - Quantizing transformer_blocks.10.attn2.to_out.0.weight
25-12-29 09:03:21 | D |       + quant_dtype: sint4
25-12-29 09:03:21 | D |       + group_shape: ((1, 64, 1),)
25-12-29 09:03:21 | D |       + scale_dtype: (None,)
25-12-29 09:03:21 | D |     - Quantizing transformer_blocks.10.ff.net.0.proj.weight
25-12-29 09:03:21 | D |       + quant_dtype: sint4
25-12-29 09:03:21 | D |       + group_shape: ((1, 64, 1),)
25-12-29 09:03:21 | D |       + scale_dtype: (None,)
25-12-29 09:03:21 | D |     - Quantizing transformer_blocks.10.ff.net.2.linear.weight
25-12-29 09:03:21 | D |       + quant_dtype: sint4
25-12-29 09:03:21 | D |       + group_shape: ((1, 64, 1),)
25-12-29 09:03:21 | D |       + scale_dtype: (None,)
25-12-29 09:03:22 | D |   - Quantizing weights: block transformer_blocks.11
25-12-29 09:03:22 | D |     - Quantizing transformer_blocks.11.attn1.to_q.weight
25-12-29 09:03:22 | D |       + quant_dtype: sint4
25-12-29 09:03:22 | D |       + group_shape: ((1, 64, 1),)
25-12-29 09:03:22 | D |       + scale_dtype: (None,)
25-12-29 09:03:22 | D |     - Quantizing transformer_blocks.11.attn1.to_k.weight
25-12-29 09:03:22 | D |       + quant_dtype: sint4
25-12-29 09:03:22 | D |       + group_shape: ((1, 64, 1),)
25-12-29 09:03:22 | D |       + scale_dtype: (None,)
25-12-29 09:03:22 | D |     - Quantizing transformer_blocks.11.attn1.to_v.weight
25-12-29 09:03:22 | D |       + quant_dtype: sint4
25-12-29 09:03:22 | D |       + group_shape: ((1, 64, 1),)
25-12-29 09:03:22 | D |       + scale_dtype: (None,)
25-12-29 09:03:23 | D |     - Quantizing transformer_blocks.11.attn1.to_out.0.weight
25-12-29 09:03:23 | D |       + quant_dtype: sint4
25-12-29 09:03:23 | D |       + group_shape: ((1, 64, 1),)
25-12-29 09:03:23 | D |       + scale_dtype: (None,)
25-12-29 09:03:23 | D |     - Quantizing transformer_blocks.11.attn2.to_q.weight
25-12-29 09:03:23 | D |       + quant_dtype: sint4
25-12-29 09:03:23 | D |       + group_shape: ((1, 64, 1),)
25-12-29 09:03:23 | D |       + scale_dtype: (None,)
25-12-29 09:03:23 | D |     - Quantizing transformer_blocks.11.attn2.to_out.0.weight
25-12-29 09:03:23 | D |       + quant_dtype: sint4
25-12-29 09:03:23 | D |       + group_shape: ((1, 64, 1),)
25-12-29 09:03:23 | D |       + scale_dtype: (None,)
25-12-29 09:03:24 | D |     - Quantizing transformer_blocks.11.ff.net.0.proj.weight
25-12-29 09:03:24 | D |       + quant_dtype: sint4
25-12-29 09:03:24 | D |       + group_shape: ((1, 64, 1),)
25-12-29 09:03:24 | D |       + scale_dtype: (None,)
25-12-29 09:03:24 | D |     - Quantizing transformer_blocks.11.ff.net.2.linear.weight
25-12-29 09:03:24 | D |       + quant_dtype: sint4
25-12-29 09:03:24 | D |       + group_shape: ((1, 64, 1),)
25-12-29 09:03:24 | D |       + scale_dtype: (None,)
25-12-29 09:03:24 | D |   - Quantizing weights: block transformer_blocks.12
25-12-29 09:03:24 | D |     - Quantizing transformer_blocks.12.attn1.to_q.weight
25-12-29 09:03:24 | D |       + quant_dtype: sint4
25-12-29 09:03:24 | D |       + group_shape: ((1, 64, 1),)
25-12-29 09:03:24 | D |       + scale_dtype: (None,)
25-12-29 09:03:25 | D |     - Quantizing transformer_blocks.12.attn1.to_k.weight
25-12-29 09:03:25 | D |       + quant_dtype: sint4
25-12-29 09:03:25 | D |       + group_shape: ((1, 64, 1),)
25-12-29 09:03:25 | D |       + scale_dtype: (None,)
25-12-29 09:03:25 | D |     - Quantizing transformer_blocks.12.attn1.to_v.weight
25-12-29 09:03:25 | D |       + quant_dtype: sint4
25-12-29 09:03:25 | D |       + group_shape: ((1, 64, 1),)
25-12-29 09:03:25 | D |       + scale_dtype: (None,)
25-12-29 09:03:25 | D |     - Quantizing transformer_blocks.12.attn1.to_out.0.weight
25-12-29 09:03:25 | D |       + quant_dtype: sint4
25-12-29 09:03:25 | D |       + group_shape: ((1, 64, 1),)
25-12-29 09:03:25 | D |       + scale_dtype: (None,)
25-12-29 09:03:26 | D |     - Quantizing transformer_blocks.12.attn2.to_q.weight
25-12-29 09:03:26 | D |       + quant_dtype: sint4
25-12-29 09:03:26 | D |       + group_shape: ((1, 64, 1),)
25-12-29 09:03:26 | D |       + scale_dtype: (None,)
25-12-29 09:03:26 | D |     - Quantizing transformer_blocks.12.attn2.to_out.0.weight
25-12-29 09:03:26 | D |       + quant_dtype: sint4
25-12-29 09:03:26 | D |       + group_shape: ((1, 64, 1),)
25-12-29 09:03:26 | D |       + scale_dtype: (None,)
25-12-29 09:03:26 | D |     - Quantizing transformer_blocks.12.ff.net.0.proj.weight
25-12-29 09:03:26 | D |       + quant_dtype: sint4
25-12-29 09:03:26 | D |       + group_shape: ((1, 64, 1),)
25-12-29 09:03:26 | D |       + scale_dtype: (None,)
25-12-29 09:03:26 | D |     - Quantizing transformer_blocks.12.ff.net.2.linear.weight
25-12-29 09:03:26 | D |       + quant_dtype: sint4
25-12-29 09:03:26 | D |       + group_shape: ((1, 64, 1),)
25-12-29 09:03:26 | D |       + scale_dtype: (None,)
25-12-29 09:03:27 | D |   - Quantizing weights: block transformer_blocks.13
25-12-29 09:03:27 | D |     - Quantizing transformer_blocks.13.attn1.to_q.weight
25-12-29 09:03:27 | D |       + quant_dtype: sint4
25-12-29 09:03:27 | D |       + group_shape: ((1, 64, 1),)
25-12-29 09:03:27 | D |       + scale_dtype: (None,)
25-12-29 09:03:27 | D |     - Quantizing transformer_blocks.13.attn1.to_k.weight
25-12-29 09:03:27 | D |       + quant_dtype: sint4
25-12-29 09:03:27 | D |       + group_shape: ((1, 64, 1),)
25-12-29 09:03:27 | D |       + scale_dtype: (None,)
25-12-29 09:03:28 | D |     - Quantizing transformer_blocks.13.attn1.to_v.weight
25-12-29 09:03:28 | D |       + quant_dtype: sint4
25-12-29 09:03:28 | D |       + group_shape: ((1, 64, 1),)
25-12-29 09:03:28 | D |       + scale_dtype: (None,)
25-12-29 09:03:28 | D |     - Quantizing transformer_blocks.13.attn1.to_out.0.weight
25-12-29 09:03:28 | D |       + quant_dtype: sint4
25-12-29 09:03:28 | D |       + group_shape: ((1, 64, 1),)
25-12-29 09:03:28 | D |       + scale_dtype: (None,)
25-12-29 09:03:28 | D |     - Quantizing transformer_blocks.13.attn2.to_q.weight
25-12-29 09:03:28 | D |       + quant_dtype: sint4
25-12-29 09:03:28 | D |       + group_shape: ((1, 64, 1),)
25-12-29 09:03:28 | D |       + scale_dtype: (None,)
25-12-29 09:03:29 | D |     - Quantizing transformer_blocks.13.attn2.to_out.0.weight
25-12-29 09:03:29 | D |       + quant_dtype: sint4
25-12-29 09:03:29 | D |       + group_shape: ((1, 64, 1),)
25-12-29 09:03:29 | D |       + scale_dtype: (None,)
25-12-29 09:03:29 | D |     - Quantizing transformer_blocks.13.ff.net.0.proj.weight
25-12-29 09:03:29 | D |       + quant_dtype: sint4
25-12-29 09:03:29 | D |       + group_shape: ((1, 64, 1),)
25-12-29 09:03:29 | D |       + scale_dtype: (None,)
25-12-29 09:03:30 | D |     - Quantizing transformer_blocks.13.ff.net.2.linear.weight
25-12-29 09:03:30 | D |       + quant_dtype: sint4
25-12-29 09:03:30 | D |       + group_shape: ((1, 64, 1),)
25-12-29 09:03:30 | D |       + scale_dtype: (None,)
25-12-29 09:03:30 | D |   - Quantizing weights: block transformer_blocks.14
25-12-29 09:03:30 | D |     - Quantizing transformer_blocks.14.attn1.to_q.weight
25-12-29 09:03:30 | D |       + quant_dtype: sint4
25-12-29 09:03:30 | D |       + group_shape: ((1, 64, 1),)
25-12-29 09:03:30 | D |       + scale_dtype: (None,)
25-12-29 09:03:31 | D |     - Quantizing transformer_blocks.14.attn1.to_k.weight
25-12-29 09:03:31 | D |       + quant_dtype: sint4
25-12-29 09:03:31 | D |       + group_shape: ((1, 64, 1),)
25-12-29 09:03:31 | D |       + scale_dtype: (None,)
25-12-29 09:03:31 | D |     - Quantizing transformer_blocks.14.attn1.to_v.weight
25-12-29 09:03:31 | D |       + quant_dtype: sint4
25-12-29 09:03:31 | D |       + group_shape: ((1, 64, 1),)
25-12-29 09:03:31 | D |       + scale_dtype: (None,)
25-12-29 09:03:32 | D |     - Quantizing transformer_blocks.14.attn1.to_out.0.weight
25-12-29 09:03:32 | D |       + quant_dtype: sint4
25-12-29 09:03:32 | D |       + group_shape: ((1, 64, 1),)
25-12-29 09:03:32 | D |       + scale_dtype: (None,)
25-12-29 09:03:32 | D |     - Quantizing transformer_blocks.14.attn2.to_q.weight
25-12-29 09:03:32 | D |       + quant_dtype: sint4
25-12-29 09:03:32 | D |       + group_shape: ((1, 64, 1),)
25-12-29 09:03:32 | D |       + scale_dtype: (None,)
25-12-29 09:03:32 | D |     - Quantizing transformer_blocks.14.attn2.to_out.0.weight
25-12-29 09:03:32 | D |       + quant_dtype: sint4
25-12-29 09:03:32 | D |       + group_shape: ((1, 64, 1),)
25-12-29 09:03:32 | D |       + scale_dtype: (None,)
25-12-29 09:03:33 | D |     - Quantizing transformer_blocks.14.ff.net.0.proj.weight
25-12-29 09:03:33 | D |       + quant_dtype: sint4
25-12-29 09:03:33 | D |       + group_shape: ((1, 64, 1),)
25-12-29 09:03:33 | D |       + scale_dtype: (None,)
25-12-29 09:03:33 | D |     - Quantizing transformer_blocks.14.ff.net.2.linear.weight
25-12-29 09:03:33 | D |       + quant_dtype: sint4
25-12-29 09:03:33 | D |       + group_shape: ((1, 64, 1),)
25-12-29 09:03:33 | D |       + scale_dtype: (None,)
25-12-29 09:03:33 | D |   - Quantizing weights: block transformer_blocks.15
25-12-29 09:03:33 | D |     - Quantizing transformer_blocks.15.attn1.to_q.weight
25-12-29 09:03:33 | D |       + quant_dtype: sint4
25-12-29 09:03:33 | D |       + group_shape: ((1, 64, 1),)
25-12-29 09:03:33 | D |       + scale_dtype: (None,)
25-12-29 09:03:34 | D |     - Quantizing transformer_blocks.15.attn1.to_k.weight
25-12-29 09:03:34 | D |       + quant_dtype: sint4
25-12-29 09:03:34 | D |       + group_shape: ((1, 64, 1),)
25-12-29 09:03:34 | D |       + scale_dtype: (None,)
25-12-29 09:03:34 | D |     - Quantizing transformer_blocks.15.attn1.to_v.weight
25-12-29 09:03:34 | D |       + quant_dtype: sint4
25-12-29 09:03:34 | D |       + group_shape: ((1, 64, 1),)
25-12-29 09:03:34 | D |       + scale_dtype: (None,)
25-12-29 09:03:34 | D |     - Quantizing transformer_blocks.15.attn1.to_out.0.weight
25-12-29 09:03:34 | D |       + quant_dtype: sint4
25-12-29 09:03:34 | D |       + group_shape: ((1, 64, 1),)
25-12-29 09:03:34 | D |       + scale_dtype: (None,)
25-12-29 09:03:35 | D |     - Quantizing transformer_blocks.15.attn2.to_q.weight
25-12-29 09:03:35 | D |       + quant_dtype: sint4
25-12-29 09:03:35 | D |       + group_shape: ((1, 64, 1),)
25-12-29 09:03:35 | D |       + scale_dtype: (None,)
25-12-29 09:03:35 | D |     - Quantizing transformer_blocks.15.attn2.to_out.0.weight
25-12-29 09:03:35 | D |       + quant_dtype: sint4
25-12-29 09:03:35 | D |       + group_shape: ((1, 64, 1),)
25-12-29 09:03:35 | D |       + scale_dtype: (None,)
25-12-29 09:03:35 | D |     - Quantizing transformer_blocks.15.ff.net.0.proj.weight
25-12-29 09:03:35 | D |       + quant_dtype: sint4
25-12-29 09:03:35 | D |       + group_shape: ((1, 64, 1),)
25-12-29 09:03:35 | D |       + scale_dtype: (None,)
25-12-29 09:03:35 | D |     - Quantizing transformer_blocks.15.ff.net.2.linear.weight
25-12-29 09:03:35 | D |       + quant_dtype: sint4
25-12-29 09:03:35 | D |       + group_shape: ((1, 64, 1),)
25-12-29 09:03:35 | D |       + scale_dtype: (None,)
25-12-29 09:03:36 | D |   - Quantizing weights: block transformer_blocks.16
25-12-29 09:03:36 | D |     - Quantizing transformer_blocks.16.attn1.to_q.weight
25-12-29 09:03:36 | D |       + quant_dtype: sint4
25-12-29 09:03:36 | D |       + group_shape: ((1, 64, 1),)
25-12-29 09:03:36 | D |       + scale_dtype: (None,)
25-12-29 09:03:36 | D |     - Quantizing transformer_blocks.16.attn1.to_k.weight
25-12-29 09:03:36 | D |       + quant_dtype: sint4
25-12-29 09:03:36 | D |       + group_shape: ((1, 64, 1),)
25-12-29 09:03:36 | D |       + scale_dtype: (None,)
25-12-29 09:03:36 | D |     - Quantizing transformer_blocks.16.attn1.to_v.weight
25-12-29 09:03:36 | D |       + quant_dtype: sint4
25-12-29 09:03:36 | D |       + group_shape: ((1, 64, 1),)
25-12-29 09:03:36 | D |       + scale_dtype: (None,)
25-12-29 09:03:37 | D |     - Quantizing transformer_blocks.16.attn1.to_out.0.weight
25-12-29 09:03:37 | D |       + quant_dtype: sint4
25-12-29 09:03:37 | D |       + group_shape: ((1, 64, 1),)
25-12-29 09:03:37 | D |       + scale_dtype: (None,)
25-12-29 09:03:37 | D |     - Quantizing transformer_blocks.16.attn2.to_q.weight
25-12-29 09:03:37 | D |       + quant_dtype: sint4
25-12-29 09:03:37 | D |       + group_shape: ((1, 64, 1),)
25-12-29 09:03:37 | D |       + scale_dtype: (None,)
25-12-29 09:03:38 | D |     - Quantizing transformer_blocks.16.attn2.to_out.0.weight
25-12-29 09:03:38 | D |       + quant_dtype: sint4
25-12-29 09:03:38 | D |       + group_shape: ((1, 64, 1),)
25-12-29 09:03:38 | D |       + scale_dtype: (None,)
25-12-29 09:03:38 | D |     - Quantizing transformer_blocks.16.ff.net.0.proj.weight
25-12-29 09:03:38 | D |       + quant_dtype: sint4
25-12-29 09:03:38 | D |       + group_shape: ((1, 64, 1),)
25-12-29 09:03:38 | D |       + scale_dtype: (None,)
25-12-29 09:03:38 | D |     - Quantizing transformer_blocks.16.ff.net.2.linear.weight
25-12-29 09:03:38 | D |       + quant_dtype: sint4
25-12-29 09:03:38 | D |       + group_shape: ((1, 64, 1),)
25-12-29 09:03:38 | D |       + scale_dtype: (None,)
25-12-29 09:03:38 | D |   - Quantizing weights: block transformer_blocks.17
25-12-29 09:03:38 | D |     - Quantizing transformer_blocks.17.attn1.to_q.weight
25-12-29 09:03:38 | D |       + quant_dtype: sint4
25-12-29 09:03:38 | D |       + group_shape: ((1, 64, 1),)
25-12-29 09:03:38 | D |       + scale_dtype: (None,)
25-12-29 09:03:39 | D |     - Quantizing transformer_blocks.17.attn1.to_k.weight
25-12-29 09:03:39 | D |       + quant_dtype: sint4
25-12-29 09:03:39 | D |       + group_shape: ((1, 64, 1),)
25-12-29 09:03:39 | D |       + scale_dtype: (None,)
25-12-29 09:03:39 | D |     - Quantizing transformer_blocks.17.attn1.to_v.weight
25-12-29 09:03:39 | D |       + quant_dtype: sint4
25-12-29 09:03:39 | D |       + group_shape: ((1, 64, 1),)
25-12-29 09:03:39 | D |       + scale_dtype: (None,)
25-12-29 09:03:39 | D |     - Quantizing transformer_blocks.17.attn1.to_out.0.weight
25-12-29 09:03:39 | D |       + quant_dtype: sint4
25-12-29 09:03:39 | D |       + group_shape: ((1, 64, 1),)
25-12-29 09:03:39 | D |       + scale_dtype: (None,)
25-12-29 09:03:40 | D |     - Quantizing transformer_blocks.17.attn2.to_q.weight
25-12-29 09:03:40 | D |       + quant_dtype: sint4
25-12-29 09:03:40 | D |       + group_shape: ((1, 64, 1),)
25-12-29 09:03:40 | D |       + scale_dtype: (None,)
25-12-29 09:03:40 | D |     - Quantizing transformer_blocks.17.attn2.to_out.0.weight
25-12-29 09:03:40 | D |       + quant_dtype: sint4
25-12-29 09:03:40 | D |       + group_shape: ((1, 64, 1),)
25-12-29 09:03:40 | D |       + scale_dtype: (None,)
25-12-29 09:03:40 | D |     - Quantizing transformer_blocks.17.ff.net.0.proj.weight
25-12-29 09:03:40 | D |       + quant_dtype: sint4
25-12-29 09:03:40 | D |       + group_shape: ((1, 64, 1),)
25-12-29 09:03:40 | D |       + scale_dtype: (None,)
25-12-29 09:03:41 | D |     - Quantizing transformer_blocks.17.ff.net.2.linear.weight
25-12-29 09:03:41 | D |       + quant_dtype: sint4
25-12-29 09:03:41 | D |       + group_shape: ((1, 64, 1),)
25-12-29 09:03:41 | D |       + scale_dtype: (None,)
25-12-29 09:03:41 | D |   - Quantizing weights: block transformer_blocks.18
25-12-29 09:03:41 | D |     - Quantizing transformer_blocks.18.attn1.to_q.weight
25-12-29 09:03:41 | D |       + quant_dtype: sint4
25-12-29 09:03:41 | D |       + group_shape: ((1, 64, 1),)
25-12-29 09:03:41 | D |       + scale_dtype: (None,)
25-12-29 09:03:41 | D |     - Quantizing transformer_blocks.18.attn1.to_k.weight
25-12-29 09:03:41 | D |       + quant_dtype: sint4
25-12-29 09:03:41 | D |       + group_shape: ((1, 64, 1),)
25-12-29 09:03:41 | D |       + scale_dtype: (None,)
25-12-29 09:03:42 | D |     - Quantizing transformer_blocks.18.attn1.to_v.weight
25-12-29 09:03:42 | D |       + quant_dtype: sint4
25-12-29 09:03:42 | D |       + group_shape: ((1, 64, 1),)
25-12-29 09:03:42 | D |       + scale_dtype: (None,)
25-12-29 09:03:42 | D |     - Quantizing transformer_blocks.18.attn1.to_out.0.weight
25-12-29 09:03:42 | D |       + quant_dtype: sint4
25-12-29 09:03:42 | D |       + group_shape: ((1, 64, 1),)
25-12-29 09:03:42 | D |       + scale_dtype: (None,)
25-12-29 09:03:42 | D |     - Quantizing transformer_blocks.18.attn2.to_q.weight
25-12-29 09:03:42 | D |       + quant_dtype: sint4
25-12-29 09:03:42 | D |       + group_shape: ((1, 64, 1),)
25-12-29 09:03:42 | D |       + scale_dtype: (None,)
25-12-29 09:03:43 | D |     - Quantizing transformer_blocks.18.attn2.to_out.0.weight
25-12-29 09:03:43 | D |       + quant_dtype: sint4
25-12-29 09:03:43 | D |       + group_shape: ((1, 64, 1),)
25-12-29 09:03:43 | D |       + scale_dtype: (None,)
25-12-29 09:03:43 | D |     - Quantizing transformer_blocks.18.ff.net.0.proj.weight
25-12-29 09:03:43 | D |       + quant_dtype: sint4
25-12-29 09:03:43 | D |       + group_shape: ((1, 64, 1),)
25-12-29 09:03:43 | D |       + scale_dtype: (None,)
25-12-29 09:03:43 | D |     - Quantizing transformer_blocks.18.ff.net.2.linear.weight
25-12-29 09:03:43 | D |       + quant_dtype: sint4
25-12-29 09:03:43 | D |       + group_shape: ((1, 64, 1),)
25-12-29 09:03:43 | D |       + scale_dtype: (None,)
25-12-29 09:03:44 | D |   - Quantizing weights: block transformer_blocks.19
25-12-29 09:03:44 | D |     - Quantizing transformer_blocks.19.attn1.to_q.weight
25-12-29 09:03:44 | D |       + quant_dtype: sint4
25-12-29 09:03:44 | D |       + group_shape: ((1, 64, 1),)
25-12-29 09:03:44 | D |       + scale_dtype: (None,)
25-12-29 09:03:44 | D |     - Quantizing transformer_blocks.19.attn1.to_k.weight
25-12-29 09:03:44 | D |       + quant_dtype: sint4
25-12-29 09:03:44 | D |       + group_shape: ((1, 64, 1),)
25-12-29 09:03:44 | D |       + scale_dtype: (None,)
25-12-29 09:03:44 | D |     - Quantizing transformer_blocks.19.attn1.to_v.weight
25-12-29 09:03:44 | D |       + quant_dtype: sint4
25-12-29 09:03:44 | D |       + group_shape: ((1, 64, 1),)
25-12-29 09:03:44 | D |       + scale_dtype: (None,)
25-12-29 09:03:45 | D |     - Quantizing transformer_blocks.19.attn1.to_out.0.weight
25-12-29 09:03:45 | D |       + quant_dtype: sint4
25-12-29 09:03:45 | D |       + group_shape: ((1, 64, 1),)
25-12-29 09:03:45 | D |       + scale_dtype: (None,)
25-12-29 09:03:45 | D |     - Quantizing transformer_blocks.19.attn2.to_q.weight
25-12-29 09:03:45 | D |       + quant_dtype: sint4
25-12-29 09:03:45 | D |       + group_shape: ((1, 64, 1),)
25-12-29 09:03:45 | D |       + scale_dtype: (None,)
25-12-29 09:03:45 | D |     - Quantizing transformer_blocks.19.attn2.to_out.0.weight
25-12-29 09:03:45 | D |       + quant_dtype: sint4
25-12-29 09:03:45 | D |       + group_shape: ((1, 64, 1),)
25-12-29 09:03:45 | D |       + scale_dtype: (None,)
25-12-29 09:03:45 | D |     - Quantizing transformer_blocks.19.ff.net.0.proj.weight
25-12-29 09:03:45 | D |       + quant_dtype: sint4
25-12-29 09:03:45 | D |       + group_shape: ((1, 64, 1),)
25-12-29 09:03:45 | D |       + scale_dtype: (None,)
25-12-29 09:03:46 | D |     - Quantizing transformer_blocks.19.ff.net.2.linear.weight
25-12-29 09:03:46 | D |       + quant_dtype: sint4
25-12-29 09:03:46 | D |       + group_shape: ((1, 64, 1),)
25-12-29 09:03:46 | D |       + scale_dtype: (None,)
25-12-29 09:03:46 | D |   - Quantizing weights: block transformer_blocks.20
25-12-29 09:03:46 | D |     - Quantizing transformer_blocks.20.attn1.to_q.weight
25-12-29 09:03:46 | D |       + quant_dtype: sint4
25-12-29 09:03:46 | D |       + group_shape: ((1, 64, 1),)
25-12-29 09:03:46 | D |       + scale_dtype: (None,)
25-12-29 09:03:46 | D |     - Quantizing transformer_blocks.20.attn1.to_k.weight
25-12-29 09:03:46 | D |       + quant_dtype: sint4
25-12-29 09:03:46 | D |       + group_shape: ((1, 64, 1),)
25-12-29 09:03:46 | D |       + scale_dtype: (None,)
25-12-29 09:03:47 | D |     - Quantizing transformer_blocks.20.attn1.to_v.weight
25-12-29 09:03:47 | D |       + quant_dtype: sint4
25-12-29 09:03:47 | D |       + group_shape: ((1, 64, 1),)
25-12-29 09:03:47 | D |       + scale_dtype: (None,)
25-12-29 09:03:47 | D |     - Quantizing transformer_blocks.20.attn1.to_out.0.weight
25-12-29 09:03:47 | D |       + quant_dtype: sint4
25-12-29 09:03:47 | D |       + group_shape: ((1, 64, 1),)
25-12-29 09:03:47 | D |       + scale_dtype: (None,)
25-12-29 09:03:47 | D |     - Quantizing transformer_blocks.20.attn2.to_q.weight
25-12-29 09:03:47 | D |       + quant_dtype: sint4
25-12-29 09:03:47 | D |       + group_shape: ((1, 64, 1),)
25-12-29 09:03:47 | D |       + scale_dtype: (None,)
25-12-29 09:03:48 | D |     - Quantizing transformer_blocks.20.attn2.to_out.0.weight
25-12-29 09:03:48 | D |       + quant_dtype: sint4
25-12-29 09:03:48 | D |       + group_shape: ((1, 64, 1),)
25-12-29 09:03:48 | D |       + scale_dtype: (None,)
25-12-29 09:03:48 | D |     - Quantizing transformer_blocks.20.ff.net.0.proj.weight
25-12-29 09:03:48 | D |       + quant_dtype: sint4
25-12-29 09:03:48 | D |       + group_shape: ((1, 64, 1),)
25-12-29 09:03:48 | D |       + scale_dtype: (None,)
25-12-29 09:03:48 | D |     - Quantizing transformer_blocks.20.ff.net.2.linear.weight
25-12-29 09:03:48 | D |       + quant_dtype: sint4
25-12-29 09:03:48 | D |       + group_shape: ((1, 64, 1),)
25-12-29 09:03:48 | D |       + scale_dtype: (None,)
25-12-29 09:03:49 | D |   - Quantizing weights: block transformer_blocks.21
25-12-29 09:03:49 | D |     - Quantizing transformer_blocks.21.attn1.to_q.weight
25-12-29 09:03:49 | D |       + quant_dtype: sint4
25-12-29 09:03:49 | D |       + group_shape: ((1, 64, 1),)
25-12-29 09:03:49 | D |       + scale_dtype: (None,)
25-12-29 09:03:49 | D |     - Quantizing transformer_blocks.21.attn1.to_k.weight
25-12-29 09:03:49 | D |       + quant_dtype: sint4
25-12-29 09:03:49 | D |       + group_shape: ((1, 64, 1),)
25-12-29 09:03:49 | D |       + scale_dtype: (None,)
25-12-29 09:03:49 | D |     - Quantizing transformer_blocks.21.attn1.to_v.weight
25-12-29 09:03:49 | D |       + quant_dtype: sint4
25-12-29 09:03:49 | D |       + group_shape: ((1, 64, 1),)
25-12-29 09:03:49 | D |       + scale_dtype: (None,)
25-12-29 09:03:50 | D |     - Quantizing transformer_blocks.21.attn1.to_out.0.weight
25-12-29 09:03:50 | D |       + quant_dtype: sint4
25-12-29 09:03:50 | D |       + group_shape: ((1, 64, 1),)
25-12-29 09:03:50 | D |       + scale_dtype: (None,)
25-12-29 09:03:50 | D |     - Quantizing transformer_blocks.21.attn2.to_q.weight
25-12-29 09:03:50 | D |       + quant_dtype: sint4
25-12-29 09:03:50 | D |       + group_shape: ((1, 64, 1),)
25-12-29 09:03:50 | D |       + scale_dtype: (None,)
25-12-29 09:03:50 | D |     - Quantizing transformer_blocks.21.attn2.to_out.0.weight
25-12-29 09:03:50 | D |       + quant_dtype: sint4
25-12-29 09:03:50 | D |       + group_shape: ((1, 64, 1),)
25-12-29 09:03:50 | D |       + scale_dtype: (None,)
25-12-29 09:03:51 | D |     - Quantizing transformer_blocks.21.ff.net.0.proj.weight
25-12-29 09:03:51 | D |       + quant_dtype: sint4
25-12-29 09:03:51 | D |       + group_shape: ((1, 64, 1),)
25-12-29 09:03:51 | D |       + scale_dtype: (None,)
25-12-29 09:03:51 | D |     - Quantizing transformer_blocks.21.ff.net.2.linear.weight
25-12-29 09:03:51 | D |       + quant_dtype: sint4
25-12-29 09:03:51 | D |       + group_shape: ((1, 64, 1),)
25-12-29 09:03:51 | D |       + scale_dtype: (None,)
25-12-29 09:03:51 | D |   - Quantizing weights: block transformer_blocks.22
25-12-29 09:03:51 | D |     - Quantizing transformer_blocks.22.attn1.to_q.weight
25-12-29 09:03:51 | D |       + quant_dtype: sint4
25-12-29 09:03:51 | D |       + group_shape: ((1, 64, 1),)
25-12-29 09:03:51 | D |       + scale_dtype: (None,)
25-12-29 09:03:52 | D |     - Quantizing transformer_blocks.22.attn1.to_k.weight
25-12-29 09:03:52 | D |       + quant_dtype: sint4
25-12-29 09:03:52 | D |       + group_shape: ((1, 64, 1),)
25-12-29 09:03:52 | D |       + scale_dtype: (None,)
25-12-29 09:03:52 | D |     - Quantizing transformer_blocks.22.attn1.to_v.weight
25-12-29 09:03:52 | D |       + quant_dtype: sint4
25-12-29 09:03:52 | D |       + group_shape: ((1, 64, 1),)
25-12-29 09:03:52 | D |       + scale_dtype: (None,)
25-12-29 09:03:53 | D |     - Quantizing transformer_blocks.22.attn1.to_out.0.weight
25-12-29 09:03:53 | D |       + quant_dtype: sint4
25-12-29 09:03:53 | D |       + group_shape: ((1, 64, 1),)
25-12-29 09:03:53 | D |       + scale_dtype: (None,)
25-12-29 09:03:53 | D |     - Quantizing transformer_blocks.22.attn2.to_q.weight
25-12-29 09:03:53 | D |       + quant_dtype: sint4
25-12-29 09:03:53 | D |       + group_shape: ((1, 64, 1),)
25-12-29 09:03:53 | D |       + scale_dtype: (None,)
25-12-29 09:03:53 | D |     - Quantizing transformer_blocks.22.attn2.to_out.0.weight
25-12-29 09:03:53 | D |       + quant_dtype: sint4
25-12-29 09:03:53 | D |       + group_shape: ((1, 64, 1),)
25-12-29 09:03:53 | D |       + scale_dtype: (None,)
25-12-29 09:03:53 | D |     - Quantizing transformer_blocks.22.ff.net.0.proj.weight
25-12-29 09:03:53 | D |       + quant_dtype: sint4
25-12-29 09:03:53 | D |       + group_shape: ((1, 64, 1),)
25-12-29 09:03:53 | D |       + scale_dtype: (None,)
25-12-29 09:03:54 | D |     - Quantizing transformer_blocks.22.ff.net.2.linear.weight
25-12-29 09:03:54 | D |       + quant_dtype: sint4
25-12-29 09:03:54 | D |       + group_shape: ((1, 64, 1),)
25-12-29 09:03:54 | D |       + scale_dtype: (None,)
25-12-29 09:03:54 | D |   - Quantizing weights: block transformer_blocks.23
25-12-29 09:03:54 | D |     - Quantizing transformer_blocks.23.attn1.to_q.weight
25-12-29 09:03:54 | D |       + quant_dtype: sint4
25-12-29 09:03:54 | D |       + group_shape: ((1, 64, 1),)
25-12-29 09:03:54 | D |       + scale_dtype: (None,)
25-12-29 09:03:55 | D |     - Quantizing transformer_blocks.23.attn1.to_k.weight
25-12-29 09:03:55 | D |       + quant_dtype: sint4
25-12-29 09:03:55 | D |       + group_shape: ((1, 64, 1),)
25-12-29 09:03:55 | D |       + scale_dtype: (None,)
25-12-29 09:03:55 | D |     - Quantizing transformer_blocks.23.attn1.to_v.weight
25-12-29 09:03:55 | D |       + quant_dtype: sint4
25-12-29 09:03:55 | D |       + group_shape: ((1, 64, 1),)
25-12-29 09:03:55 | D |       + scale_dtype: (None,)
25-12-29 09:03:55 | D |     - Quantizing transformer_blocks.23.attn1.to_out.0.weight
25-12-29 09:03:55 | D |       + quant_dtype: sint4
25-12-29 09:03:55 | D |       + group_shape: ((1, 64, 1),)
25-12-29 09:03:55 | D |       + scale_dtype: (None,)
25-12-29 09:03:56 | D |     - Quantizing transformer_blocks.23.attn2.to_q.weight
25-12-29 09:03:56 | D |       + quant_dtype: sint4
25-12-29 09:03:56 | D |       + group_shape: ((1, 64, 1),)
25-12-29 09:03:56 | D |       + scale_dtype: (None,)
25-12-29 09:03:56 | D |     - Quantizing transformer_blocks.23.attn2.to_out.0.weight
25-12-29 09:03:56 | D |       + quant_dtype: sint4
25-12-29 09:03:56 | D |       + group_shape: ((1, 64, 1),)
25-12-29 09:03:56 | D |       + scale_dtype: (None,)
25-12-29 09:03:56 | D |     - Quantizing transformer_blocks.23.ff.net.0.proj.weight
25-12-29 09:03:56 | D |       + quant_dtype: sint4
25-12-29 09:03:56 | D |       + group_shape: ((1, 64, 1),)
25-12-29 09:03:56 | D |       + scale_dtype: (None,)
25-12-29 09:03:57 | D |     - Quantizing transformer_blocks.23.ff.net.2.linear.weight
25-12-29 09:03:57 | D |       + quant_dtype: sint4
25-12-29 09:03:57 | D |       + group_shape: ((1, 64, 1),)
25-12-29 09:03:57 | D |       + scale_dtype: (None,)
25-12-29 09:03:59 | D |   - Quantizing weights: block transformer_blocks.24
25-12-29 09:03:59 | D |     - Quantizing transformer_blocks.24.attn1.to_q.weight
25-12-29 09:03:59 | D |       + quant_dtype: sint4
25-12-29 09:03:59 | D |       + group_shape: ((1, 64, 1),)
25-12-29 09:03:59 | D |       + scale_dtype: (None,)
25-12-29 09:03:59 | D |     - Quantizing transformer_blocks.24.attn1.to_k.weight
25-12-29 09:03:59 | D |       + quant_dtype: sint4
25-12-29 09:03:59 | D |       + group_shape: ((1, 64, 1),)
25-12-29 09:03:59 | D |       + scale_dtype: (None,)
25-12-29 09:04:00 | D |     - Quantizing transformer_blocks.24.attn1.to_v.weight
25-12-29 09:04:00 | D |       + quant_dtype: sint4
25-12-29 09:04:00 | D |       + group_shape: ((1, 64, 1),)
25-12-29 09:04:00 | D |       + scale_dtype: (None,)
25-12-29 09:04:00 | D |     - Quantizing transformer_blocks.24.attn1.to_out.0.weight
25-12-29 09:04:00 | D |       + quant_dtype: sint4
25-12-29 09:04:00 | D |       + group_shape: ((1, 64, 1),)
25-12-29 09:04:00 | D |       + scale_dtype: (None,)
25-12-29 09:04:00 | D |     - Quantizing transformer_blocks.24.attn2.to_q.weight
25-12-29 09:04:00 | D |       + quant_dtype: sint4
25-12-29 09:04:00 | D |       + group_shape: ((1, 64, 1),)
25-12-29 09:04:00 | D |       + scale_dtype: (None,)
25-12-29 09:04:00 | D |     - Quantizing transformer_blocks.24.attn2.to_out.0.weight
25-12-29 09:04:00 | D |       + quant_dtype: sint4
25-12-29 09:04:00 | D |       + group_shape: ((1, 64, 1),)
25-12-29 09:04:00 | D |       + scale_dtype: (None,)
25-12-29 09:04:01 | D |     - Quantizing transformer_blocks.24.ff.net.0.proj.weight
25-12-29 09:04:01 | D |       + quant_dtype: sint4
25-12-29 09:04:01 | D |       + group_shape: ((1, 64, 1),)
25-12-29 09:04:01 | D |       + scale_dtype: (None,)
25-12-29 09:04:01 | D |     - Quantizing transformer_blocks.24.ff.net.2.linear.weight
25-12-29 09:04:01 | D |       + quant_dtype: sint4
25-12-29 09:04:01 | D |       + group_shape: ((1, 64, 1),)
25-12-29 09:04:01 | D |       + scale_dtype: (None,)
25-12-29 09:04:02 | D |   - Quantizing weights: block transformer_blocks.25
25-12-29 09:04:02 | D |     - Quantizing transformer_blocks.25.attn1.to_q.weight
25-12-29 09:04:02 | D |       + quant_dtype: sint4
25-12-29 09:04:02 | D |       + group_shape: ((1, 64, 1),)
25-12-29 09:04:02 | D |       + scale_dtype: (None,)
25-12-29 09:04:02 | D |     - Quantizing transformer_blocks.25.attn1.to_k.weight
25-12-29 09:04:02 | D |       + quant_dtype: sint4
25-12-29 09:04:02 | D |       + group_shape: ((1, 64, 1),)
25-12-29 09:04:02 | D |       + scale_dtype: (None,)
25-12-29 09:04:02 | D |     - Quantizing transformer_blocks.25.attn1.to_v.weight
25-12-29 09:04:02 | D |       + quant_dtype: sint4
25-12-29 09:04:02 | D |       + group_shape: ((1, 64, 1),)
25-12-29 09:04:02 | D |       + scale_dtype: (None,)
25-12-29 09:04:03 | D |     - Quantizing transformer_blocks.25.attn1.to_out.0.weight
25-12-29 09:04:03 | D |       + quant_dtype: sint4
25-12-29 09:04:03 | D |       + group_shape: ((1, 64, 1),)
25-12-29 09:04:03 | D |       + scale_dtype: (None,)
25-12-29 09:04:03 | D |     - Quantizing transformer_blocks.25.attn2.to_q.weight
25-12-29 09:04:03 | D |       + quant_dtype: sint4
25-12-29 09:04:03 | D |       + group_shape: ((1, 64, 1),)
25-12-29 09:04:03 | D |       + scale_dtype: (None,)
25-12-29 09:04:03 | D |     - Quantizing transformer_blocks.25.attn2.to_out.0.weight
25-12-29 09:04:03 | D |       + quant_dtype: sint4
25-12-29 09:04:03 | D |       + group_shape: ((1, 64, 1),)
25-12-29 09:04:03 | D |       + scale_dtype: (None,)
25-12-29 09:04:03 | D |     - Quantizing transformer_blocks.25.ff.net.0.proj.weight
25-12-29 09:04:03 | D |       + quant_dtype: sint4
25-12-29 09:04:03 | D |       + group_shape: ((1, 64, 1),)
25-12-29 09:04:03 | D |       + scale_dtype: (None,)
25-12-29 09:04:04 | D |     - Quantizing transformer_blocks.25.ff.net.2.linear.weight
25-12-29 09:04:04 | D |       + quant_dtype: sint4
25-12-29 09:04:04 | D |       + group_shape: ((1, 64, 1),)
25-12-29 09:04:04 | D |       + scale_dtype: (None,)
25-12-29 09:04:04 | D |   - Quantizing weights: block transformer_blocks.26
25-12-29 09:04:04 | D |     - Quantizing transformer_blocks.26.attn1.to_q.weight
25-12-29 09:04:04 | D |       + quant_dtype: sint4
25-12-29 09:04:04 | D |       + group_shape: ((1, 64, 1),)
25-12-29 09:04:04 | D |       + scale_dtype: (None,)
25-12-29 09:04:05 | D |     - Quantizing transformer_blocks.26.attn1.to_k.weight
25-12-29 09:04:05 | D |       + quant_dtype: sint4
25-12-29 09:04:05 | D |       + group_shape: ((1, 64, 1),)
25-12-29 09:04:05 | D |       + scale_dtype: (None,)
25-12-29 09:04:05 | D |     - Quantizing transformer_blocks.26.attn1.to_v.weight
25-12-29 09:04:05 | D |       + quant_dtype: sint4
25-12-29 09:04:05 | D |       + group_shape: ((1, 64, 1),)
25-12-29 09:04:05 | D |       + scale_dtype: (None,)
25-12-29 09:04:05 | D |     - Quantizing transformer_blocks.26.attn1.to_out.0.weight
25-12-29 09:04:05 | D |       + quant_dtype: sint4
25-12-29 09:04:05 | D |       + group_shape: ((1, 64, 1),)
25-12-29 09:04:05 | D |       + scale_dtype: (None,)
25-12-29 09:04:06 | D |     - Quantizing transformer_blocks.26.attn2.to_q.weight
25-12-29 09:04:06 | D |       + quant_dtype: sint4
25-12-29 09:04:06 | D |       + group_shape: ((1, 64, 1),)
25-12-29 09:04:06 | D |       + scale_dtype: (None,)
25-12-29 09:04:06 | D |     - Quantizing transformer_blocks.26.attn2.to_out.0.weight
25-12-29 09:04:06 | D |       + quant_dtype: sint4
25-12-29 09:04:06 | D |       + group_shape: ((1, 64, 1),)
25-12-29 09:04:06 | D |       + scale_dtype: (None,)
25-12-29 09:04:06 | D |     - Quantizing transformer_blocks.26.ff.net.0.proj.weight
25-12-29 09:04:06 | D |       + quant_dtype: sint4
25-12-29 09:04:06 | D |       + group_shape: ((1, 64, 1),)
25-12-29 09:04:06 | D |       + scale_dtype: (None,)
25-12-29 09:04:07 | D |     - Quantizing transformer_blocks.26.ff.net.2.linear.weight
25-12-29 09:04:07 | D |       + quant_dtype: sint4
25-12-29 09:04:07 | D |       + group_shape: ((1, 64, 1),)
25-12-29 09:04:07 | D |       + scale_dtype: (None,)
25-12-29 09:04:08 | D |   - Quantizing weights: block transformer_blocks.27
25-12-29 09:04:08 | D |     - Quantizing transformer_blocks.27.attn1.to_q.weight
25-12-29 09:04:08 | D |       + quant_dtype: sint4
25-12-29 09:04:08 | D |       + group_shape: ((1, 64, 1),)
25-12-29 09:04:08 | D |       + scale_dtype: (None,)
25-12-29 09:04:09 | D |     - Quantizing transformer_blocks.27.attn1.to_k.weight
25-12-29 09:04:09 | D |       + quant_dtype: sint4
25-12-29 09:04:09 | D |       + group_shape: ((1, 64, 1),)
25-12-29 09:04:09 | D |       + scale_dtype: (None,)
25-12-29 09:04:09 | D |     - Quantizing transformer_blocks.27.attn1.to_v.weight
25-12-29 09:04:09 | D |       + quant_dtype: sint4
25-12-29 09:04:09 | D |       + group_shape: ((1, 64, 1),)
25-12-29 09:04:09 | D |       + scale_dtype: (None,)
25-12-29 09:04:09 | D |     - Quantizing transformer_blocks.27.attn1.to_out.0.weight
25-12-29 09:04:09 | D |       + quant_dtype: sint4
25-12-29 09:04:09 | D |       + group_shape: ((1, 64, 1),)
25-12-29 09:04:09 | D |       + scale_dtype: (None,)
25-12-29 09:04:10 | D |     - Quantizing transformer_blocks.27.attn2.to_q.weight
25-12-29 09:04:10 | D |       + quant_dtype: sint4
25-12-29 09:04:10 | D |       + group_shape: ((1, 64, 1),)
25-12-29 09:04:10 | D |       + scale_dtype: (None,)
25-12-29 09:04:10 | D |     - Quantizing transformer_blocks.27.attn2.to_out.0.weight
25-12-29 09:04:10 | D |       + quant_dtype: sint4
25-12-29 09:04:10 | D |       + group_shape: ((1, 64, 1),)
25-12-29 09:04:10 | D |       + scale_dtype: (None,)
25-12-29 09:04:10 | D |     - Quantizing transformer_blocks.27.ff.net.0.proj.weight
25-12-29 09:04:10 | D |       + quant_dtype: sint4
25-12-29 09:04:10 | D |       + group_shape: ((1, 64, 1),)
25-12-29 09:04:10 | D |       + scale_dtype: (None,)
25-12-29 09:04:10 | D |     - Quantizing transformer_blocks.27.ff.net.2.linear.weight
25-12-29 09:04:10 | D |       + quant_dtype: sint4
25-12-29 09:04:10 | D |       + group_shape: ((1, 64, 1),)
25-12-29 09:04:10 | D |       + scale_dtype: (None,)
25-12-29 09:04:11 | I |   - Saving weight settings to runs/diffusion/pixart/pixart-sigma/w.4-x.4-y.16/w.sint4-x.sint4.u-y.fp16/w.v64.fp16-x.v64.fp16-y.tnsr.fp16/smooth.proj-w.static.lowrank/shift-skip.x.[[w]].w.[aa+e+fa+rs+rtp+s+tan+tn+tpi+tpo]-low.r32.i100.e.skip.[rc]-smth.proj.GridSearch.bn2.[AbsMax].lr.skip.[rc]-qdiff.128-t20.g4.5-s1024.RUNNING/run-251229.090007.RUNNING/model/wgts.pt
25-12-29 09:04:11 | I |   - Linking branch settings to runs/diffusion/pixart/pixart-sigma/w.4-x.4-y.16/w.sint4-x.sint4.u-y.fp16/w.v64.fp16-x.v64.fp16-y.tnsr.fp16/smooth.proj-w.static.lowrank/shift-skip.x.[[w]].w.[aa+e+fa+rs+rtp+s+tan+tn+tpi+tpo]-low.r32.i100.e.skip.[rc]-smth.proj.GridSearch.bn2.[AbsMax].lr.skip.[rc]-qdiff.128-t20.g4.5-s1024.RUNNING/run-251229.090007.RUNNING/model/branch.pt
25-12-29 09:04:11 | I |   - Saving model to runs/diffusion/pixart/pixart-sigma/w.4-x.4-y.16/w.sint4-x.sint4.u-y.fp16/w.v64.fp16-x.v64.fp16-y.tnsr.fp16/smooth.proj-w.static.lowrank/shift-skip.x.[[w]].w.[aa+e+fa+rs+rtp+s+tan+tn+tpi+tpo]-low.r32.i100.e.skip.[rc]-smth.proj.GridSearch.bn2.[AbsMax].lr.skip.[rc]-qdiff.128-t20.g4.5-s1024.RUNNING/run-251229.090007.RUNNING/model
25-12-29 09:04:14 | I |   * Quantizing activations
25-12-29 09:04:14 | I |   - No need to generate/load activation quantizer settings
25-12-29 09:04:14 | D |   - Quantizing layer transformer_blocks.0
25-12-29 09:04:14 | D |     - Calibrating transformer_blocks.0.attn1.to_q.input, transformer_blocks.0.attn1.to_k.input, transformer_blocks.0.attn1.to_v.input
25-12-29 09:04:15 | D |     - Calibrating transformer_blocks.0.attn1.to_out.0.input
25-12-29 09:04:15 | D |     - Calibrating transformer_blocks.0.attn2.to_q.input
25-12-29 09:04:15 | D |     - Calibrating transformer_blocks.0.attn2.to_out.0.input
25-12-29 09:04:16 | D |     - Calibrating transformer_blocks.0.ff.net.0.proj.input
25-12-29 09:04:16 | D |     - Calibrating transformer_blocks.0.ff.net.2.linear.input
25-12-29 09:04:16 | D |   - Quantizing layer transformer_blocks.1
25-12-29 09:04:16 | D |     - Calibrating transformer_blocks.1.attn1.to_q.input, transformer_blocks.1.attn1.to_k.input, transformer_blocks.1.attn1.to_v.input
25-12-29 09:04:17 | D |     - Calibrating transformer_blocks.1.attn1.to_out.0.input
25-12-29 09:04:17 | D |     - Calibrating transformer_blocks.1.attn2.to_q.input
25-12-29 09:04:17 | D |     - Calibrating transformer_blocks.1.attn2.to_out.0.input
25-12-29 09:04:18 | D |     - Calibrating transformer_blocks.1.ff.net.0.proj.input
25-12-29 09:04:18 | D |     - Calibrating transformer_blocks.1.ff.net.2.linear.input
25-12-29 09:04:18 | D |   - Quantizing layer transformer_blocks.2
25-12-29 09:04:18 | D |     - Calibrating transformer_blocks.2.attn1.to_q.input, transformer_blocks.2.attn1.to_k.input, transformer_blocks.2.attn1.to_v.input
25-12-29 09:04:18 | D |     - Calibrating transformer_blocks.2.attn1.to_out.0.input
25-12-29 09:04:19 | D |     - Calibrating transformer_blocks.2.attn2.to_q.input
25-12-29 09:04:19 | D |     - Calibrating transformer_blocks.2.attn2.to_out.0.input
25-12-29 09:04:19 | D |     - Calibrating transformer_blocks.2.ff.net.0.proj.input
25-12-29 09:04:20 | D |     - Calibrating transformer_blocks.2.ff.net.2.linear.input
25-12-29 09:04:20 | D |   - Quantizing layer transformer_blocks.3
25-12-29 09:04:20 | D |     - Calibrating transformer_blocks.3.attn1.to_q.input, transformer_blocks.3.attn1.to_k.input, transformer_blocks.3.attn1.to_v.input
25-12-29 09:04:20 | D |     - Calibrating transformer_blocks.3.attn1.to_out.0.input
25-12-29 09:04:21 | D |     - Calibrating transformer_blocks.3.attn2.to_q.input
25-12-29 09:04:21 | D |     - Calibrating transformer_blocks.3.attn2.to_out.0.input
25-12-29 09:04:21 | D |     - Calibrating transformer_blocks.3.ff.net.0.proj.input
25-12-29 09:04:22 | D |     - Calibrating transformer_blocks.3.ff.net.2.linear.input
25-12-29 09:04:22 | D |   - Quantizing layer transformer_blocks.4
25-12-29 09:04:22 | D |     - Calibrating transformer_blocks.4.attn1.to_q.input, transformer_blocks.4.attn1.to_k.input, transformer_blocks.4.attn1.to_v.input
25-12-29 09:04:22 | D |     - Calibrating transformer_blocks.4.attn1.to_out.0.input
25-12-29 09:04:23 | D |     - Calibrating transformer_blocks.4.attn2.to_q.input
25-12-29 09:04:23 | D |     - Calibrating transformer_blocks.4.attn2.to_out.0.input
25-12-29 09:04:23 | D |     - Calibrating transformer_blocks.4.ff.net.0.proj.input
25-12-29 09:04:23 | D |     - Calibrating transformer_blocks.4.ff.net.2.linear.input
25-12-29 09:04:24 | D |   - Quantizing layer transformer_blocks.5
25-12-29 09:04:24 | D |     - Calibrating transformer_blocks.5.attn1.to_q.input, transformer_blocks.5.attn1.to_k.input, transformer_blocks.5.attn1.to_v.input
25-12-29 09:04:24 | D |     - Calibrating transformer_blocks.5.attn1.to_out.0.input
25-12-29 09:04:24 | D |     - Calibrating transformer_blocks.5.attn2.to_q.input
25-12-29 09:04:25 | D |     - Calibrating transformer_blocks.5.attn2.to_out.0.input
25-12-29 09:04:25 | D |     - Calibrating transformer_blocks.5.ff.net.0.proj.input
25-12-29 09:04:25 | D |     - Calibrating transformer_blocks.5.ff.net.2.linear.input
25-12-29 09:04:26 | D |   - Quantizing layer transformer_blocks.6
25-12-29 09:04:26 | D |     - Calibrating transformer_blocks.6.attn1.to_q.input, transformer_blocks.6.attn1.to_k.input, transformer_blocks.6.attn1.to_v.input
25-12-29 09:04:26 | D |     - Calibrating transformer_blocks.6.attn1.to_out.0.input
25-12-29 09:04:26 | D |     - Calibrating transformer_blocks.6.attn2.to_q.input
25-12-29 09:04:27 | D |     - Calibrating transformer_blocks.6.attn2.to_out.0.input
25-12-29 09:04:27 | D |     - Calibrating transformer_blocks.6.ff.net.0.proj.input
25-12-29 09:04:27 | D |     - Calibrating transformer_blocks.6.ff.net.2.linear.input
25-12-29 09:04:28 | D |   - Quantizing layer transformer_blocks.7
25-12-29 09:04:28 | D |     - Calibrating transformer_blocks.7.attn1.to_q.input, transformer_blocks.7.attn1.to_k.input, transformer_blocks.7.attn1.to_v.input
25-12-29 09:04:28 | D |     - Calibrating transformer_blocks.7.attn1.to_out.0.input
25-12-29 09:04:28 | D |     - Calibrating transformer_blocks.7.attn2.to_q.input
25-12-29 09:04:29 | D |     - Calibrating transformer_blocks.7.attn2.to_out.0.input
25-12-29 09:04:29 | D |     - Calibrating transformer_blocks.7.ff.net.0.proj.input
25-12-29 09:04:29 | D |     - Calibrating transformer_blocks.7.ff.net.2.linear.input
25-12-29 09:04:29 | D |   - Quantizing layer transformer_blocks.8
25-12-29 09:04:29 | D |     - Calibrating transformer_blocks.8.attn1.to_q.input, transformer_blocks.8.attn1.to_k.input, transformer_blocks.8.attn1.to_v.input
25-12-29 09:04:30 | D |     - Calibrating transformer_blocks.8.attn1.to_out.0.input
25-12-29 09:04:30 | D |     - Calibrating transformer_blocks.8.attn2.to_q.input
25-12-29 09:04:30 | D |     - Calibrating transformer_blocks.8.attn2.to_out.0.input
25-12-29 09:04:31 | D |     - Calibrating transformer_blocks.8.ff.net.0.proj.input
25-12-29 09:04:31 | D |     - Calibrating transformer_blocks.8.ff.net.2.linear.input
25-12-29 09:04:31 | D |   - Quantizing layer transformer_blocks.9
25-12-29 09:04:31 | D |     - Calibrating transformer_blocks.9.attn1.to_q.input, transformer_blocks.9.attn1.to_k.input, transformer_blocks.9.attn1.to_v.input
25-12-29 09:04:32 | D |     - Calibrating transformer_blocks.9.attn1.to_out.0.input
25-12-29 09:04:32 | D |     - Calibrating transformer_blocks.9.attn2.to_q.input
25-12-29 09:04:32 | D |     - Calibrating transformer_blocks.9.attn2.to_out.0.input
25-12-29 09:04:33 | D |     - Calibrating transformer_blocks.9.ff.net.0.proj.input
25-12-29 09:04:33 | D |     - Calibrating transformer_blocks.9.ff.net.2.linear.input
25-12-29 09:04:33 | D |   - Quantizing layer transformer_blocks.10
25-12-29 09:04:33 | D |     - Calibrating transformer_blocks.10.attn1.to_q.input, transformer_blocks.10.attn1.to_k.input, transformer_blocks.10.attn1.to_v.input
25-12-29 09:04:34 | D |     - Calibrating transformer_blocks.10.attn1.to_out.0.input
25-12-29 09:04:34 | D |     - Calibrating transformer_blocks.10.attn2.to_q.input
25-12-29 09:04:34 | D |     - Calibrating transformer_blocks.10.attn2.to_out.0.input
25-12-29 09:04:34 | D |     - Calibrating transformer_blocks.10.ff.net.0.proj.input
25-12-29 09:04:35 | D |     - Calibrating transformer_blocks.10.ff.net.2.linear.input
25-12-29 09:04:35 | D |   - Quantizing layer transformer_blocks.11
25-12-29 09:04:35 | D |     - Calibrating transformer_blocks.11.attn1.to_q.input, transformer_blocks.11.attn1.to_k.input, transformer_blocks.11.attn1.to_v.input
25-12-29 09:04:35 | D |     - Calibrating transformer_blocks.11.attn1.to_out.0.input
25-12-29 09:04:36 | D |     - Calibrating transformer_blocks.11.attn2.to_q.input
25-12-29 09:04:36 | D |     - Calibrating transformer_blocks.11.attn2.to_out.0.input
25-12-29 09:04:36 | D |     - Calibrating transformer_blocks.11.ff.net.0.proj.input
25-12-29 09:04:37 | D |     - Calibrating transformer_blocks.11.ff.net.2.linear.input
25-12-29 09:04:37 | D |   - Quantizing layer transformer_blocks.12
25-12-29 09:04:37 | D |     - Calibrating transformer_blocks.12.attn1.to_q.input, transformer_blocks.12.attn1.to_k.input, transformer_blocks.12.attn1.to_v.input
25-12-29 09:04:37 | D |     - Calibrating transformer_blocks.12.attn1.to_out.0.input
25-12-29 09:04:38 | D |     - Calibrating transformer_blocks.12.attn2.to_q.input
25-12-29 09:04:38 | D |     - Calibrating transformer_blocks.12.attn2.to_out.0.input
25-12-29 09:04:38 | D |     - Calibrating transformer_blocks.12.ff.net.0.proj.input
25-12-29 09:04:38 | D |     - Calibrating transformer_blocks.12.ff.net.2.linear.input
25-12-29 09:04:39 | D |   - Quantizing layer transformer_blocks.13
25-12-29 09:04:39 | D |     - Calibrating transformer_blocks.13.attn1.to_q.input, transformer_blocks.13.attn1.to_k.input, transformer_blocks.13.attn1.to_v.input
25-12-29 09:04:39 | D |     - Calibrating transformer_blocks.13.attn1.to_out.0.input
25-12-29 09:04:39 | D |     - Calibrating transformer_blocks.13.attn2.to_q.input
25-12-29 09:04:40 | D |     - Calibrating transformer_blocks.13.attn2.to_out.0.input
25-12-29 09:04:40 | D |     - Calibrating transformer_blocks.13.ff.net.0.proj.input
25-12-29 09:04:40 | D |     - Calibrating transformer_blocks.13.ff.net.2.linear.input
25-12-29 09:04:41 | D |   - Quantizing layer transformer_blocks.14
25-12-29 09:04:41 | D |     - Calibrating transformer_blocks.14.attn1.to_q.input, transformer_blocks.14.attn1.to_k.input, transformer_blocks.14.attn1.to_v.input
25-12-29 09:04:41 | D |     - Calibrating transformer_blocks.14.attn1.to_out.0.input
25-12-29 09:04:41 | D |     - Calibrating transformer_blocks.14.attn2.to_q.input
25-12-29 09:04:42 | D |     - Calibrating transformer_blocks.14.attn2.to_out.0.input
25-12-29 09:04:42 | D |     - Calibrating transformer_blocks.14.ff.net.0.proj.input
25-12-29 09:04:42 | D |     - Calibrating transformer_blocks.14.ff.net.2.linear.input
25-12-29 09:04:43 | D |   - Quantizing layer transformer_blocks.15
25-12-29 09:04:43 | D |     - Calibrating transformer_blocks.15.attn1.to_q.input, transformer_blocks.15.attn1.to_k.input, transformer_blocks.15.attn1.to_v.input
25-12-29 09:04:43 | D |     - Calibrating transformer_blocks.15.attn1.to_out.0.input
25-12-29 09:04:43 | D |     - Calibrating transformer_blocks.15.attn2.to_q.input
25-12-29 09:04:43 | D |     - Calibrating transformer_blocks.15.attn2.to_out.0.input
25-12-29 09:04:44 | D |     - Calibrating transformer_blocks.15.ff.net.0.proj.input
25-12-29 09:04:44 | D |     - Calibrating transformer_blocks.15.ff.net.2.linear.input
25-12-29 09:04:44 | D |   - Quantizing layer transformer_blocks.16
25-12-29 09:04:44 | D |     - Calibrating transformer_blocks.16.attn1.to_q.input, transformer_blocks.16.attn1.to_k.input, transformer_blocks.16.attn1.to_v.input
25-12-29 09:04:45 | D |     - Calibrating transformer_blocks.16.attn1.to_out.0.input
25-12-29 09:04:45 | D |     - Calibrating transformer_blocks.16.attn2.to_q.input
25-12-29 09:04:45 | D |     - Calibrating transformer_blocks.16.attn2.to_out.0.input
25-12-29 09:04:46 | D |     - Calibrating transformer_blocks.16.ff.net.0.proj.input
25-12-29 09:04:46 | D |     - Calibrating transformer_blocks.16.ff.net.2.linear.input
25-12-29 09:04:46 | D |   - Quantizing layer transformer_blocks.17
25-12-29 09:04:46 | D |     - Calibrating transformer_blocks.17.attn1.to_q.input, transformer_blocks.17.attn1.to_k.input, transformer_blocks.17.attn1.to_v.input
25-12-29 09:04:47 | D |     - Calibrating transformer_blocks.17.attn1.to_out.0.input
25-12-29 09:04:47 | D |     - Calibrating transformer_blocks.17.attn2.to_q.input
25-12-29 09:04:47 | D |     - Calibrating transformer_blocks.17.attn2.to_out.0.input
25-12-29 09:04:48 | D |     - Calibrating transformer_blocks.17.ff.net.0.proj.input
25-12-29 09:04:48 | D |     - Calibrating transformer_blocks.17.ff.net.2.linear.input
25-12-29 09:04:48 | D |   - Quantizing layer transformer_blocks.18
25-12-29 09:04:48 | D |     - Calibrating transformer_blocks.18.attn1.to_q.input, transformer_blocks.18.attn1.to_k.input, transformer_blocks.18.attn1.to_v.input
25-12-29 09:04:49 | D |     - Calibrating transformer_blocks.18.attn1.to_out.0.input
25-12-29 09:04:49 | D |     - Calibrating transformer_blocks.18.attn2.to_q.input
25-12-29 09:04:49 | D |     - Calibrating transformer_blocks.18.attn2.to_out.0.input
25-12-29 09:04:49 | D |     - Calibrating transformer_blocks.18.ff.net.0.proj.input
25-12-29 09:04:50 | D |     - Calibrating transformer_blocks.18.ff.net.2.linear.input
25-12-29 09:04:50 | D |   - Quantizing layer transformer_blocks.19
25-12-29 09:04:50 | D |     - Calibrating transformer_blocks.19.attn1.to_q.input, transformer_blocks.19.attn1.to_k.input, transformer_blocks.19.attn1.to_v.input
25-12-29 09:04:50 | D |     - Calibrating transformer_blocks.19.attn1.to_out.0.input
25-12-29 09:04:51 | D |     - Calibrating transformer_blocks.19.attn2.to_q.input
25-12-29 09:04:51 | D |     - Calibrating transformer_blocks.19.attn2.to_out.0.input
25-12-29 09:04:51 | D |     - Calibrating transformer_blocks.19.ff.net.0.proj.input
25-12-29 09:04:52 | D |     - Calibrating transformer_blocks.19.ff.net.2.linear.input
25-12-29 09:04:52 | D |   - Quantizing layer transformer_blocks.20
25-12-29 09:04:52 | D |     - Calibrating transformer_blocks.20.attn1.to_q.input, transformer_blocks.20.attn1.to_k.input, transformer_blocks.20.attn1.to_v.input
25-12-29 09:04:52 | D |     - Calibrating transformer_blocks.20.attn1.to_out.0.input
25-12-29 09:04:53 | D |     - Calibrating transformer_blocks.20.attn2.to_q.input
25-12-29 09:04:53 | D |     - Calibrating transformer_blocks.20.attn2.to_out.0.input
25-12-29 09:04:53 | D |     - Calibrating transformer_blocks.20.ff.net.0.proj.input
25-12-29 09:04:53 | D |     - Calibrating transformer_blocks.20.ff.net.2.linear.input
25-12-29 09:04:54 | D |   - Quantizing layer transformer_blocks.21
25-12-29 09:04:54 | D |     - Calibrating transformer_blocks.21.attn1.to_q.input, transformer_blocks.21.attn1.to_k.input, transformer_blocks.21.attn1.to_v.input
25-12-29 09:04:54 | D |     - Calibrating transformer_blocks.21.attn1.to_out.0.input
25-12-29 09:04:54 | D |     - Calibrating transformer_blocks.21.attn2.to_q.input
25-12-29 09:04:55 | D |     - Calibrating transformer_blocks.21.attn2.to_out.0.input
25-12-29 09:04:55 | D |     - Calibrating transformer_blocks.21.ff.net.0.proj.input
25-12-29 09:04:55 | D |     - Calibrating transformer_blocks.21.ff.net.2.linear.input
25-12-29 09:04:56 | D |   - Quantizing layer transformer_blocks.22
25-12-29 09:04:56 | D |     - Calibrating transformer_blocks.22.attn1.to_q.input, transformer_blocks.22.attn1.to_k.input, transformer_blocks.22.attn1.to_v.input
25-12-29 09:04:56 | D |     - Calibrating transformer_blocks.22.attn1.to_out.0.input
25-12-29 09:04:56 | D |     - Calibrating transformer_blocks.22.attn2.to_q.input
25-12-29 09:04:57 | D |     - Calibrating transformer_blocks.22.attn2.to_out.0.input
25-12-29 09:04:57 | D |     - Calibrating transformer_blocks.22.ff.net.0.proj.input
25-12-29 09:04:57 | D |     - Calibrating transformer_blocks.22.ff.net.2.linear.input
25-12-29 09:04:57 | D |   - Quantizing layer transformer_blocks.23
25-12-29 09:04:57 | D |     - Calibrating transformer_blocks.23.attn1.to_q.input, transformer_blocks.23.attn1.to_k.input, transformer_blocks.23.attn1.to_v.input
25-12-29 09:04:58 | D |     - Calibrating transformer_blocks.23.attn1.to_out.0.input
25-12-29 09:04:58 | D |     - Calibrating transformer_blocks.23.attn2.to_q.input
25-12-29 09:04:58 | D |     - Calibrating transformer_blocks.23.attn2.to_out.0.input
25-12-29 09:04:59 | D |     - Calibrating transformer_blocks.23.ff.net.0.proj.input
25-12-29 09:04:59 | D |     - Calibrating transformer_blocks.23.ff.net.2.linear.input
25-12-29 09:04:59 | D |   - Quantizing layer transformer_blocks.24
25-12-29 09:04:59 | D |     - Calibrating transformer_blocks.24.attn1.to_q.input, transformer_blocks.24.attn1.to_k.input, transformer_blocks.24.attn1.to_v.input
25-12-29 09:05:00 | D |     - Calibrating transformer_blocks.24.attn1.to_out.0.input
25-12-29 09:05:00 | D |     - Calibrating transformer_blocks.24.attn2.to_q.input
25-12-29 09:05:00 | D |     - Calibrating transformer_blocks.24.attn2.to_out.0.input
25-12-29 09:05:00 | D |     - Calibrating transformer_blocks.24.ff.net.0.proj.input
25-12-29 09:05:01 | D |     - Calibrating transformer_blocks.24.ff.net.2.linear.input
25-12-29 09:05:01 | D |   - Quantizing layer transformer_blocks.25
25-12-29 09:05:01 | D |     - Calibrating transformer_blocks.25.attn1.to_q.input, transformer_blocks.25.attn1.to_k.input, transformer_blocks.25.attn1.to_v.input
25-12-29 09:05:01 | D |     - Calibrating transformer_blocks.25.attn1.to_out.0.input
25-12-29 09:05:02 | D |     - Calibrating transformer_blocks.25.attn2.to_q.input
25-12-29 09:05:02 | D |     - Calibrating transformer_blocks.25.attn2.to_out.0.input
25-12-29 09:05:02 | D |     - Calibrating transformer_blocks.25.ff.net.0.proj.input
25-12-29 09:05:03 | D |     - Calibrating transformer_blocks.25.ff.net.2.linear.input
25-12-29 09:05:03 | D |   - Quantizing layer transformer_blocks.26
25-12-29 09:05:03 | D |     - Calibrating transformer_blocks.26.attn1.to_q.input, transformer_blocks.26.attn1.to_k.input, transformer_blocks.26.attn1.to_v.input
25-12-29 09:05:03 | D |     - Calibrating transformer_blocks.26.attn1.to_out.0.input
25-12-29 09:05:03 | D |     - Calibrating transformer_blocks.26.attn2.to_q.input
25-12-29 09:05:04 | D |     - Calibrating transformer_blocks.26.attn2.to_out.0.input
25-12-29 09:05:04 | D |     - Calibrating transformer_blocks.26.ff.net.0.proj.input
25-12-29 09:05:04 | D |     - Calibrating transformer_blocks.26.ff.net.2.linear.input
25-12-29 09:05:05 | D |   - Quantizing layer transformer_blocks.27
25-12-29 09:05:05 | D |     - Calibrating transformer_blocks.27.attn1.to_q.input, transformer_blocks.27.attn1.to_k.input, transformer_blocks.27.attn1.to_v.input
25-12-29 09:05:05 | D |     - Calibrating transformer_blocks.27.attn1.to_out.0.input
25-12-29 09:05:05 | D |     - Calibrating transformer_blocks.27.attn2.to_q.input
25-12-29 09:05:06 | D |     - Calibrating transformer_blocks.27.attn2.to_out.0.input
25-12-29 09:05:06 | D |     - Calibrating transformer_blocks.27.ff.net.0.proj.input
25-12-29 09:05:06 | D |     - Calibrating transformer_blocks.27.ff.net.2.linear.input
25-12-29 09:05:07 | D |   - Quantizing transformer_blocks.0.attn1.to_q (inputs)
25-12-29 09:05:07 | D |   - Quantizing transformer_blocks.0.attn1.to_k (inputs)
25-12-29 09:05:07 | D |   - Quantizing transformer_blocks.0.attn1.to_v (inputs)
25-12-29 09:05:07 | D |   - Quantizing transformer_blocks.0.attn1.to_out.0 (inputs)
25-12-29 09:05:07 | D |   - Quantizing transformer_blocks.0.attn2.to_q (inputs)
25-12-29 09:05:07 | D |   - Quantizing transformer_blocks.0.attn2.to_out.0 (inputs)
25-12-29 09:05:07 | D |   - Quantizing transformer_blocks.0.ff.net.0.proj (inputs)
25-12-29 09:05:07 | D |   - Quantizing transformer_blocks.0.ff.net.2.linear (inputs)
25-12-29 09:05:07 | D |   - Quantizing transformer_blocks.1.attn1.to_q (inputs)
25-12-29 09:05:07 | D |   - Quantizing transformer_blocks.1.attn1.to_k (inputs)
25-12-29 09:05:07 | D |   - Quantizing transformer_blocks.1.attn1.to_v (inputs)
25-12-29 09:05:07 | D |   - Quantizing transformer_blocks.1.attn1.to_out.0 (inputs)
25-12-29 09:05:07 | D |   - Quantizing transformer_blocks.1.attn2.to_q (inputs)
25-12-29 09:05:07 | D |   - Quantizing transformer_blocks.1.attn2.to_out.0 (inputs)
25-12-29 09:05:07 | D |   - Quantizing transformer_blocks.1.ff.net.0.proj (inputs)
25-12-29 09:05:07 | D |   - Quantizing transformer_blocks.1.ff.net.2.linear (inputs)
25-12-29 09:05:07 | D |   - Quantizing transformer_blocks.2.attn1.to_q (inputs)
25-12-29 09:05:07 | D |   - Quantizing transformer_blocks.2.attn1.to_k (inputs)
25-12-29 09:05:07 | D |   - Quantizing transformer_blocks.2.attn1.to_v (inputs)
25-12-29 09:05:07 | D |   - Quantizing transformer_blocks.2.attn1.to_out.0 (inputs)
25-12-29 09:05:07 | D |   - Quantizing transformer_blocks.2.attn2.to_q (inputs)
25-12-29 09:05:07 | D |   - Quantizing transformer_blocks.2.attn2.to_out.0 (inputs)
25-12-29 09:05:07 | D |   - Quantizing transformer_blocks.2.ff.net.0.proj (inputs)
25-12-29 09:05:07 | D |   - Quantizing transformer_blocks.2.ff.net.2.linear (inputs)
25-12-29 09:05:07 | D |   - Quantizing transformer_blocks.3.attn1.to_q (inputs)
25-12-29 09:05:07 | D |   - Quantizing transformer_blocks.3.attn1.to_k (inputs)
25-12-29 09:05:07 | D |   - Quantizing transformer_blocks.3.attn1.to_v (inputs)
25-12-29 09:05:07 | D |   - Quantizing transformer_blocks.3.attn1.to_out.0 (inputs)
25-12-29 09:05:07 | D |   - Quantizing transformer_blocks.3.attn2.to_q (inputs)
25-12-29 09:05:07 | D |   - Quantizing transformer_blocks.3.attn2.to_out.0 (inputs)
25-12-29 09:05:07 | D |   - Quantizing transformer_blocks.3.ff.net.0.proj (inputs)
25-12-29 09:05:07 | D |   - Quantizing transformer_blocks.3.ff.net.2.linear (inputs)
25-12-29 09:05:07 | D |   - Quantizing transformer_blocks.4.attn1.to_q (inputs)
25-12-29 09:05:07 | D |   - Quantizing transformer_blocks.4.attn1.to_k (inputs)
25-12-29 09:05:07 | D |   - Quantizing transformer_blocks.4.attn1.to_v (inputs)
25-12-29 09:05:07 | D |   - Quantizing transformer_blocks.4.attn1.to_out.0 (inputs)
25-12-29 09:05:07 | D |   - Quantizing transformer_blocks.4.attn2.to_q (inputs)
25-12-29 09:05:07 | D |   - Quantizing transformer_blocks.4.attn2.to_out.0 (inputs)
25-12-29 09:05:07 | D |   - Quantizing transformer_blocks.4.ff.net.0.proj (inputs)
25-12-29 09:05:07 | D |   - Quantizing transformer_blocks.4.ff.net.2.linear (inputs)
25-12-29 09:05:07 | D |   - Quantizing transformer_blocks.5.attn1.to_q (inputs)
25-12-29 09:05:07 | D |   - Quantizing transformer_blocks.5.attn1.to_k (inputs)
25-12-29 09:05:07 | D |   - Quantizing transformer_blocks.5.attn1.to_v (inputs)
25-12-29 09:05:07 | D |   - Quantizing transformer_blocks.5.attn1.to_out.0 (inputs)
25-12-29 09:05:07 | D |   - Quantizing transformer_blocks.5.attn2.to_q (inputs)
25-12-29 09:05:07 | D |   - Quantizing transformer_blocks.5.attn2.to_out.0 (inputs)
25-12-29 09:05:07 | D |   - Quantizing transformer_blocks.5.ff.net.0.proj (inputs)
25-12-29 09:05:07 | D |   - Quantizing transformer_blocks.5.ff.net.2.linear (inputs)
25-12-29 09:05:07 | D |   - Quantizing transformer_blocks.6.attn1.to_q (inputs)
25-12-29 09:05:07 | D |   - Quantizing transformer_blocks.6.attn1.to_k (inputs)
25-12-29 09:05:07 | D |   - Quantizing transformer_blocks.6.attn1.to_v (inputs)
25-12-29 09:05:07 | D |   - Quantizing transformer_blocks.6.attn1.to_out.0 (inputs)
25-12-29 09:05:07 | D |   - Quantizing transformer_blocks.6.attn2.to_q (inputs)
25-12-29 09:05:07 | D |   - Quantizing transformer_blocks.6.attn2.to_out.0 (inputs)
25-12-29 09:05:07 | D |   - Quantizing transformer_blocks.6.ff.net.0.proj (inputs)
25-12-29 09:05:07 | D |   - Quantizing transformer_blocks.6.ff.net.2.linear (inputs)
25-12-29 09:05:07 | D |   - Quantizing transformer_blocks.7.attn1.to_q (inputs)
25-12-29 09:05:07 | D |   - Quantizing transformer_blocks.7.attn1.to_k (inputs)
25-12-29 09:05:07 | D |   - Quantizing transformer_blocks.7.attn1.to_v (inputs)
25-12-29 09:05:07 | D |   - Quantizing transformer_blocks.7.attn1.to_out.0 (inputs)
25-12-29 09:05:07 | D |   - Quantizing transformer_blocks.7.attn2.to_q (inputs)
25-12-29 09:05:07 | D |   - Quantizing transformer_blocks.7.attn2.to_out.0 (inputs)
25-12-29 09:05:07 | D |   - Quantizing transformer_blocks.7.ff.net.0.proj (inputs)
25-12-29 09:05:07 | D |   - Quantizing transformer_blocks.7.ff.net.2.linear (inputs)
25-12-29 09:05:07 | D |   - Quantizing transformer_blocks.8.attn1.to_q (inputs)
25-12-29 09:05:07 | D |   - Quantizing transformer_blocks.8.attn1.to_k (inputs)
25-12-29 09:05:07 | D |   - Quantizing transformer_blocks.8.attn1.to_v (inputs)
25-12-29 09:05:07 | D |   - Quantizing transformer_blocks.8.attn1.to_out.0 (inputs)
25-12-29 09:05:07 | D |   - Quantizing transformer_blocks.8.attn2.to_q (inputs)
25-12-29 09:05:07 | D |   - Quantizing transformer_blocks.8.attn2.to_out.0 (inputs)
25-12-29 09:05:07 | D |   - Quantizing transformer_blocks.8.ff.net.0.proj (inputs)
25-12-29 09:05:07 | D |   - Quantizing transformer_blocks.8.ff.net.2.linear (inputs)
25-12-29 09:05:07 | D |   - Quantizing transformer_blocks.9.attn1.to_q (inputs)
25-12-29 09:05:07 | D |   - Quantizing transformer_blocks.9.attn1.to_k (inputs)
25-12-29 09:05:07 | D |   - Quantizing transformer_blocks.9.attn1.to_v (inputs)
25-12-29 09:05:07 | D |   - Quantizing transformer_blocks.9.attn1.to_out.0 (inputs)
25-12-29 09:05:07 | D |   - Quantizing transformer_blocks.9.attn2.to_q (inputs)
25-12-29 09:05:07 | D |   - Quantizing transformer_blocks.9.attn2.to_out.0 (inputs)
25-12-29 09:05:07 | D |   - Quantizing transformer_blocks.9.ff.net.0.proj (inputs)
25-12-29 09:05:07 | D |   - Quantizing transformer_blocks.9.ff.net.2.linear (inputs)
25-12-29 09:05:07 | D |   - Quantizing transformer_blocks.10.attn1.to_q (inputs)
25-12-29 09:05:07 | D |   - Quantizing transformer_blocks.10.attn1.to_k (inputs)
25-12-29 09:05:07 | D |   - Quantizing transformer_blocks.10.attn1.to_v (inputs)
25-12-29 09:05:07 | D |   - Quantizing transformer_blocks.10.attn1.to_out.0 (inputs)
25-12-29 09:05:07 | D |   - Quantizing transformer_blocks.10.attn2.to_q (inputs)
25-12-29 09:05:07 | D |   - Quantizing transformer_blocks.10.attn2.to_out.0 (inputs)
25-12-29 09:05:07 | D |   - Quantizing transformer_blocks.10.ff.net.0.proj (inputs)
25-12-29 09:05:07 | D |   - Quantizing transformer_blocks.10.ff.net.2.linear (inputs)
25-12-29 09:05:07 | D |   - Quantizing transformer_blocks.11.attn1.to_q (inputs)
25-12-29 09:05:07 | D |   - Quantizing transformer_blocks.11.attn1.to_k (inputs)
25-12-29 09:05:07 | D |   - Quantizing transformer_blocks.11.attn1.to_v (inputs)
25-12-29 09:05:07 | D |   - Quantizing transformer_blocks.11.attn1.to_out.0 (inputs)
25-12-29 09:05:07 | D |   - Quantizing transformer_blocks.11.attn2.to_q (inputs)
25-12-29 09:05:07 | D |   - Quantizing transformer_blocks.11.attn2.to_out.0 (inputs)
25-12-29 09:05:07 | D |   - Quantizing transformer_blocks.11.ff.net.0.proj (inputs)
25-12-29 09:05:07 | D |   - Quantizing transformer_blocks.11.ff.net.2.linear (inputs)
25-12-29 09:05:07 | D |   - Quantizing transformer_blocks.12.attn1.to_q (inputs)
25-12-29 09:05:07 | D |   - Quantizing transformer_blocks.12.attn1.to_k (inputs)
25-12-29 09:05:07 | D |   - Quantizing transformer_blocks.12.attn1.to_v (inputs)
25-12-29 09:05:07 | D |   - Quantizing transformer_blocks.12.attn1.to_out.0 (inputs)
25-12-29 09:05:07 | D |   - Quantizing transformer_blocks.12.attn2.to_q (inputs)
25-12-29 09:05:07 | D |   - Quantizing transformer_blocks.12.attn2.to_out.0 (inputs)
25-12-29 09:05:07 | D |   - Quantizing transformer_blocks.12.ff.net.0.proj (inputs)
25-12-29 09:05:07 | D |   - Quantizing transformer_blocks.12.ff.net.2.linear (inputs)
25-12-29 09:05:07 | D |   - Quantizing transformer_blocks.13.attn1.to_q (inputs)
25-12-29 09:05:07 | D |   - Quantizing transformer_blocks.13.attn1.to_k (inputs)
25-12-29 09:05:07 | D |   - Quantizing transformer_blocks.13.attn1.to_v (inputs)
25-12-29 09:05:07 | D |   - Quantizing transformer_blocks.13.attn1.to_out.0 (inputs)
25-12-29 09:05:07 | D |   - Quantizing transformer_blocks.13.attn2.to_q (inputs)
25-12-29 09:05:07 | D |   - Quantizing transformer_blocks.13.attn2.to_out.0 (inputs)
25-12-29 09:05:07 | D |   - Quantizing transformer_blocks.13.ff.net.0.proj (inputs)
25-12-29 09:05:07 | D |   - Quantizing transformer_blocks.13.ff.net.2.linear (inputs)
25-12-29 09:05:07 | D |   - Quantizing transformer_blocks.14.attn1.to_q (inputs)
25-12-29 09:05:07 | D |   - Quantizing transformer_blocks.14.attn1.to_k (inputs)
25-12-29 09:05:07 | D |   - Quantizing transformer_blocks.14.attn1.to_v (inputs)
25-12-29 09:05:07 | D |   - Quantizing transformer_blocks.14.attn1.to_out.0 (inputs)
25-12-29 09:05:07 | D |   - Quantizing transformer_blocks.14.attn2.to_q (inputs)
25-12-29 09:05:07 | D |   - Quantizing transformer_blocks.14.attn2.to_out.0 (inputs)
25-12-29 09:05:07 | D |   - Quantizing transformer_blocks.14.ff.net.0.proj (inputs)
25-12-29 09:05:07 | D |   - Quantizing transformer_blocks.14.ff.net.2.linear (inputs)
25-12-29 09:05:07 | D |   - Quantizing transformer_blocks.15.attn1.to_q (inputs)
25-12-29 09:05:07 | D |   - Quantizing transformer_blocks.15.attn1.to_k (inputs)
25-12-29 09:05:07 | D |   - Quantizing transformer_blocks.15.attn1.to_v (inputs)
25-12-29 09:05:07 | D |   - Quantizing transformer_blocks.15.attn1.to_out.0 (inputs)
25-12-29 09:05:07 | D |   - Quantizing transformer_blocks.15.attn2.to_q (inputs)
25-12-29 09:05:07 | D |   - Quantizing transformer_blocks.15.attn2.to_out.0 (inputs)
25-12-29 09:05:07 | D |   - Quantizing transformer_blocks.15.ff.net.0.proj (inputs)
25-12-29 09:05:07 | D |   - Quantizing transformer_blocks.15.ff.net.2.linear (inputs)
25-12-29 09:05:07 | D |   - Quantizing transformer_blocks.16.attn1.to_q (inputs)
25-12-29 09:05:07 | D |   - Quantizing transformer_blocks.16.attn1.to_k (inputs)
25-12-29 09:05:07 | D |   - Quantizing transformer_blocks.16.attn1.to_v (inputs)
25-12-29 09:05:07 | D |   - Quantizing transformer_blocks.16.attn1.to_out.0 (inputs)
25-12-29 09:05:07 | D |   - Quantizing transformer_blocks.16.attn2.to_q (inputs)
25-12-29 09:05:07 | D |   - Quantizing transformer_blocks.16.attn2.to_out.0 (inputs)
25-12-29 09:05:07 | D |   - Quantizing transformer_blocks.16.ff.net.0.proj (inputs)
25-12-29 09:05:07 | D |   - Quantizing transformer_blocks.16.ff.net.2.linear (inputs)
25-12-29 09:05:07 | D |   - Quantizing transformer_blocks.17.attn1.to_q (inputs)
25-12-29 09:05:07 | D |   - Quantizing transformer_blocks.17.attn1.to_k (inputs)
25-12-29 09:05:07 | D |   - Quantizing transformer_blocks.17.attn1.to_v (inputs)
25-12-29 09:05:07 | D |   - Quantizing transformer_blocks.17.attn1.to_out.0 (inputs)
25-12-29 09:05:07 | D |   - Quantizing transformer_blocks.17.attn2.to_q (inputs)
25-12-29 09:05:07 | D |   - Quantizing transformer_blocks.17.attn2.to_out.0 (inputs)
25-12-29 09:05:07 | D |   - Quantizing transformer_blocks.17.ff.net.0.proj (inputs)
25-12-29 09:05:07 | D |   - Quantizing transformer_blocks.17.ff.net.2.linear (inputs)
25-12-29 09:05:07 | D |   - Quantizing transformer_blocks.18.attn1.to_q (inputs)
25-12-29 09:05:07 | D |   - Quantizing transformer_blocks.18.attn1.to_k (inputs)
25-12-29 09:05:07 | D |   - Quantizing transformer_blocks.18.attn1.to_v (inputs)
25-12-29 09:05:07 | D |   - Quantizing transformer_blocks.18.attn1.to_out.0 (inputs)
25-12-29 09:05:07 | D |   - Quantizing transformer_blocks.18.attn2.to_q (inputs)
25-12-29 09:05:07 | D |   - Quantizing transformer_blocks.18.attn2.to_out.0 (inputs)
25-12-29 09:05:07 | D |   - Quantizing transformer_blocks.18.ff.net.0.proj (inputs)
25-12-29 09:05:07 | D |   - Quantizing transformer_blocks.18.ff.net.2.linear (inputs)
25-12-29 09:05:07 | D |   - Quantizing transformer_blocks.19.attn1.to_q (inputs)
25-12-29 09:05:07 | D |   - Quantizing transformer_blocks.19.attn1.to_k (inputs)
25-12-29 09:05:07 | D |   - Quantizing transformer_blocks.19.attn1.to_v (inputs)
25-12-29 09:05:07 | D |   - Quantizing transformer_blocks.19.attn1.to_out.0 (inputs)
25-12-29 09:05:07 | D |   - Quantizing transformer_blocks.19.attn2.to_q (inputs)
25-12-29 09:05:07 | D |   - Quantizing transformer_blocks.19.attn2.to_out.0 (inputs)
25-12-29 09:05:07 | D |   - Quantizing transformer_blocks.19.ff.net.0.proj (inputs)
25-12-29 09:05:07 | D |   - Quantizing transformer_blocks.19.ff.net.2.linear (inputs)
25-12-29 09:05:07 | D |   - Quantizing transformer_blocks.20.attn1.to_q (inputs)
25-12-29 09:05:07 | D |   - Quantizing transformer_blocks.20.attn1.to_k (inputs)
25-12-29 09:05:07 | D |   - Quantizing transformer_blocks.20.attn1.to_v (inputs)
25-12-29 09:05:07 | D |   - Quantizing transformer_blocks.20.attn1.to_out.0 (inputs)
25-12-29 09:05:07 | D |   - Quantizing transformer_blocks.20.attn2.to_q (inputs)
25-12-29 09:05:07 | D |   - Quantizing transformer_blocks.20.attn2.to_out.0 (inputs)
25-12-29 09:05:07 | D |   - Quantizing transformer_blocks.20.ff.net.0.proj (inputs)
25-12-29 09:05:07 | D |   - Quantizing transformer_blocks.20.ff.net.2.linear (inputs)
25-12-29 09:05:07 | D |   - Quantizing transformer_blocks.21.attn1.to_q (inputs)
25-12-29 09:05:07 | D |   - Quantizing transformer_blocks.21.attn1.to_k (inputs)
25-12-29 09:05:07 | D |   - Quantizing transformer_blocks.21.attn1.to_v (inputs)
25-12-29 09:05:07 | D |   - Quantizing transformer_blocks.21.attn1.to_out.0 (inputs)
25-12-29 09:05:07 | D |   - Quantizing transformer_blocks.21.attn2.to_q (inputs)
25-12-29 09:05:07 | D |   - Quantizing transformer_blocks.21.attn2.to_out.0 (inputs)
25-12-29 09:05:07 | D |   - Quantizing transformer_blocks.21.ff.net.0.proj (inputs)
25-12-29 09:05:07 | D |   - Quantizing transformer_blocks.21.ff.net.2.linear (inputs)
25-12-29 09:05:07 | D |   - Quantizing transformer_blocks.22.attn1.to_q (inputs)
25-12-29 09:05:07 | D |   - Quantizing transformer_blocks.22.attn1.to_k (inputs)
25-12-29 09:05:07 | D |   - Quantizing transformer_blocks.22.attn1.to_v (inputs)
25-12-29 09:05:07 | D |   - Quantizing transformer_blocks.22.attn1.to_out.0 (inputs)
25-12-29 09:05:07 | D |   - Quantizing transformer_blocks.22.attn2.to_q (inputs)
25-12-29 09:05:07 | D |   - Quantizing transformer_blocks.22.attn2.to_out.0 (inputs)
25-12-29 09:05:07 | D |   - Quantizing transformer_blocks.22.ff.net.0.proj (inputs)
25-12-29 09:05:07 | D |   - Quantizing transformer_blocks.22.ff.net.2.linear (inputs)
25-12-29 09:05:07 | D |   - Quantizing transformer_blocks.23.attn1.to_q (inputs)
25-12-29 09:05:07 | D |   - Quantizing transformer_blocks.23.attn1.to_k (inputs)
25-12-29 09:05:07 | D |   - Quantizing transformer_blocks.23.attn1.to_v (inputs)
25-12-29 09:05:07 | D |   - Quantizing transformer_blocks.23.attn1.to_out.0 (inputs)
25-12-29 09:05:07 | D |   - Quantizing transformer_blocks.23.attn2.to_q (inputs)
25-12-29 09:05:07 | D |   - Quantizing transformer_blocks.23.attn2.to_out.0 (inputs)
25-12-29 09:05:07 | D |   - Quantizing transformer_blocks.23.ff.net.0.proj (inputs)
25-12-29 09:05:07 | D |   - Quantizing transformer_blocks.23.ff.net.2.linear (inputs)
25-12-29 09:05:07 | D |   - Quantizing transformer_blocks.24.attn1.to_q (inputs)
25-12-29 09:05:07 | D |   - Quantizing transformer_blocks.24.attn1.to_k (inputs)
25-12-29 09:05:07 | D |   - Quantizing transformer_blocks.24.attn1.to_v (inputs)
25-12-29 09:05:07 | D |   - Quantizing transformer_blocks.24.attn1.to_out.0 (inputs)
25-12-29 09:05:07 | D |   - Quantizing transformer_blocks.24.attn2.to_q (inputs)
25-12-29 09:05:07 | D |   - Quantizing transformer_blocks.24.attn2.to_out.0 (inputs)
25-12-29 09:05:07 | D |   - Quantizing transformer_blocks.24.ff.net.0.proj (inputs)
25-12-29 09:05:07 | D |   - Quantizing transformer_blocks.24.ff.net.2.linear (inputs)
25-12-29 09:05:07 | D |   - Quantizing transformer_blocks.25.attn1.to_q (inputs)
25-12-29 09:05:07 | D |   - Quantizing transformer_blocks.25.attn1.to_k (inputs)
25-12-29 09:05:07 | D |   - Quantizing transformer_blocks.25.attn1.to_v (inputs)
25-12-29 09:05:07 | D |   - Quantizing transformer_blocks.25.attn1.to_out.0 (inputs)
25-12-29 09:05:07 | D |   - Quantizing transformer_blocks.25.attn2.to_q (inputs)
25-12-29 09:05:07 | D |   - Quantizing transformer_blocks.25.attn2.to_out.0 (inputs)
25-12-29 09:05:07 | D |   - Quantizing transformer_blocks.25.ff.net.0.proj (inputs)
25-12-29 09:05:07 | D |   - Quantizing transformer_blocks.25.ff.net.2.linear (inputs)
25-12-29 09:05:07 | D |   - Quantizing transformer_blocks.26.attn1.to_q (inputs)
25-12-29 09:05:07 | D |   - Quantizing transformer_blocks.26.attn1.to_k (inputs)
25-12-29 09:05:07 | D |   - Quantizing transformer_blocks.26.attn1.to_v (inputs)
25-12-29 09:05:07 | D |   - Quantizing transformer_blocks.26.attn1.to_out.0 (inputs)
25-12-29 09:05:07 | D |   - Quantizing transformer_blocks.26.attn2.to_q (inputs)
25-12-29 09:05:07 | D |   - Quantizing transformer_blocks.26.attn2.to_out.0 (inputs)
25-12-29 09:05:07 | D |   - Quantizing transformer_blocks.26.ff.net.0.proj (inputs)
25-12-29 09:05:07 | D |   - Quantizing transformer_blocks.26.ff.net.2.linear (inputs)
25-12-29 09:05:07 | D |   - Quantizing transformer_blocks.27.attn1.to_q (inputs)
25-12-29 09:05:07 | D |   - Quantizing transformer_blocks.27.attn1.to_k (inputs)
25-12-29 09:05:07 | D |   - Quantizing transformer_blocks.27.attn1.to_v (inputs)
25-12-29 09:05:07 | D |   - Quantizing transformer_blocks.27.attn1.to_out.0 (inputs)
25-12-29 09:05:07 | D |   - Quantizing transformer_blocks.27.attn2.to_q (inputs)
25-12-29 09:05:07 | D |   - Quantizing transformer_blocks.27.attn2.to_out.0 (inputs)
25-12-29 09:05:07 | D |   - Quantizing transformer_blocks.27.ff.net.0.proj (inputs)
25-12-29 09:05:07 | D |   - Quantizing transformer_blocks.27.ff.net.2.linear (inputs)
25-12-29 09:05:07 | I | * Evaluating model 
25-12-29 09:05:07 | D |   Attempting to acquire lock 139990606636256 on /home/jby_25113050052/.cache/huggingface/modules/datasets_modules/datasets/MJHQ.lock
25-12-29 09:05:07 | D |   Lock 139990606636256 acquired on /home/jby_25113050052/.cache/huggingface/modules/datasets_modules/datasets/MJHQ.lock
25-12-29 09:05:07 | D |   Attempting to release lock 139990606636256 on /home/jby_25113050052/.cache/huggingface/modules/datasets_modules/datasets/MJHQ.lock
25-12-29 09:05:07 | D |   Lock 139990606636256 released on /home/jby_25113050052/.cache/huggingface/modules/datasets_modules/datasets/MJHQ.lock
25-12-29 09:05:07 | D |   Attempting to acquire lock 139990606776752 on /home/jby_25113050052/.cache/huggingface/datasets/_home_jby_25113050052_.cache_huggingface_datasets_mjhq_MJHQ-7d12c30b2f72690f_0.0.0_333d7966e4df78243f9487b3aa74eb3ce1bf241072c0f9afe90f705e29beca29.lock
25-12-29 09:05:07 | D |   Lock 139990606776752 acquired on /home/jby_25113050052/.cache/huggingface/datasets/_home_jby_25113050052_.cache_huggingface_datasets_mjhq_MJHQ-7d12c30b2f72690f_0.0.0_333d7966e4df78243f9487b3aa74eb3ce1bf241072c0f9afe90f705e29beca29.lock
25-12-29 09:05:07 | D |   open file: /home/jby_25113050052/.cache/huggingface/datasets/mjhq/MJHQ-7d12c30b2f72690f/0.0.0/333d7966e4df78243f9487b3aa74eb3ce1bf241072c0f9afe90f705e29beca29/dataset_info.json
25-12-29 09:05:07 | D |   Attempting to release lock 139990606776752 on /home/jby_25113050052/.cache/huggingface/datasets/_home_jby_25113050052_.cache_huggingface_datasets_mjhq_MJHQ-7d12c30b2f72690f_0.0.0_333d7966e4df78243f9487b3aa74eb3ce1bf241072c0f9afe90f705e29beca29.lock
25-12-29 09:05:07 | D |   Lock 139990606776752 released on /home/jby_25113050052/.cache/huggingface/datasets/_home_jby_25113050052_.cache_huggingface_datasets_mjhq_MJHQ-7d12c30b2f72690f_0.0.0_333d7966e4df78243f9487b3aa74eb3ce1bf241072c0f9afe90f705e29beca29.lock
25-12-29 09:05:07 | D |   Attempting to acquire lock 139990587686544 on /home/jby_25113050052/.cache/huggingface/modules/datasets_modules/datasets/MJHQ.lock
25-12-29 09:05:07 | D |   Lock 139990587686544 acquired on /home/jby_25113050052/.cache/huggingface/modules/datasets_modules/datasets/MJHQ.lock
25-12-29 09:05:07 | D |   Attempting to release lock 139990587686544 on /home/jby_25113050052/.cache/huggingface/modules/datasets_modules/datasets/MJHQ.lock
25-12-29 09:05:07 | D |   Lock 139990587686544 released on /home/jby_25113050052/.cache/huggingface/modules/datasets_modules/datasets/MJHQ.lock
25-12-29 09:05:07 | D |   Attempting to acquire lock 140003263641696 on /home/jby_25113050052/.cache/huggingface/datasets/mjhq/MJHQ-7d12c30b2f72690f/0.0.0/333d7966e4df78243f9487b3aa74eb3ce1bf241072c0f9afe90f705e29beca29_builder.lock
25-12-29 09:05:07 | D |   Lock 140003263641696 acquired on /home/jby_25113050052/.cache/huggingface/datasets/mjhq/MJHQ-7d12c30b2f72690f/0.0.0/333d7966e4df78243f9487b3aa74eb3ce1bf241072c0f9afe90f705e29beca29_builder.lock
25-12-29 09:05:07 | D |   open file: /home/jby_25113050052/.cache/huggingface/datasets/mjhq/MJHQ-7d12c30b2f72690f/0.0.0/333d7966e4df78243f9487b3aa74eb3ce1bf241072c0f9afe90f705e29beca29/dataset_info.json
25-12-29 09:05:07 | D |   Attempting to release lock 140003263641696 on /home/jby_25113050052/.cache/huggingface/datasets/mjhq/MJHQ-7d12c30b2f72690f/0.0.0/333d7966e4df78243f9487b3aa74eb3ce1bf241072c0f9afe90f705e29beca29_builder.lock
25-12-29 09:05:07 | D |   Lock 140003263641696 released on /home/jby_25113050052/.cache/huggingface/datasets/mjhq/MJHQ-7d12c30b2f72690f/0.0.0/333d7966e4df78243f9487b3aa74eb3ce1bf241072c0f9afe90f705e29beca29_builder.lock
25-12-29 09:05:07 | I |     MJHQ has 1024 samples (chunk_start=0, chunk_step=1, unchunk_size=1024)
25-12-29 11:31:54 | D |   Attempting to acquire lock 139990587685248 on /home/jby_25113050052/.cache/huggingface/modules/datasets_modules/datasets/MJHQ.lock
25-12-29 11:31:54 | D |   Lock 139990587685248 acquired on /home/jby_25113050052/.cache/huggingface/modules/datasets_modules/datasets/MJHQ.lock
25-12-29 11:31:54 | D |   Attempting to release lock 139990587685248 on /home/jby_25113050052/.cache/huggingface/modules/datasets_modules/datasets/MJHQ.lock
25-12-29 11:31:54 | D |   Lock 139990587685248 released on /home/jby_25113050052/.cache/huggingface/modules/datasets_modules/datasets/MJHQ.lock
25-12-29 11:31:54 | D |   Attempting to acquire lock 139990587685632 on /home/jby_25113050052/.cache/huggingface/datasets/_home_jby_25113050052_.cache_huggingface_datasets_mjhq_MJHQ-68d8c979dbde77b1_0.0.0_333d7966e4df78243f9487b3aa74eb3ce1bf241072c0f9afe90f705e29beca29.lock
25-12-29 11:31:54 | D |   Lock 139990587685632 acquired on /home/jby_25113050052/.cache/huggingface/datasets/_home_jby_25113050052_.cache_huggingface_datasets_mjhq_MJHQ-68d8c979dbde77b1_0.0.0_333d7966e4df78243f9487b3aa74eb3ce1bf241072c0f9afe90f705e29beca29.lock
25-12-29 11:31:54 | D |   open file: /home/jby_25113050052/.cache/huggingface/datasets/mjhq/MJHQ-68d8c979dbde77b1/0.0.0/333d7966e4df78243f9487b3aa74eb3ce1bf241072c0f9afe90f705e29beca29/dataset_info.json
25-12-29 11:31:54 | D |   Attempting to release lock 139990587685632 on /home/jby_25113050052/.cache/huggingface/datasets/_home_jby_25113050052_.cache_huggingface_datasets_mjhq_MJHQ-68d8c979dbde77b1_0.0.0_333d7966e4df78243f9487b3aa74eb3ce1bf241072c0f9afe90f705e29beca29.lock
25-12-29 11:31:54 | D |   Lock 139990587685632 released on /home/jby_25113050052/.cache/huggingface/datasets/_home_jby_25113050052_.cache_huggingface_datasets_mjhq_MJHQ-68d8c979dbde77b1_0.0.0_333d7966e4df78243f9487b3aa74eb3ce1bf241072c0f9afe90f705e29beca29.lock
25-12-29 11:31:54 | D |   Attempting to acquire lock 139990588525504 on /home/jby_25113050052/.cache/huggingface/modules/datasets_modules/datasets/MJHQ.lock
25-12-29 11:31:54 | D |   Lock 139990588525504 acquired on /home/jby_25113050052/.cache/huggingface/modules/datasets_modules/datasets/MJHQ.lock
25-12-29 11:31:54 | D |   Attempting to release lock 139990588525504 on /home/jby_25113050052/.cache/huggingface/modules/datasets_modules/datasets/MJHQ.lock
25-12-29 11:31:54 | D |   Lock 139990588525504 released on /home/jby_25113050052/.cache/huggingface/modules/datasets_modules/datasets/MJHQ.lock
25-12-29 11:31:54 | D |   Attempting to acquire lock 139990606460448 on /home/jby_25113050052/.cache/huggingface/datasets/mjhq/MJHQ-68d8c979dbde77b1/0.0.0/333d7966e4df78243f9487b3aa74eb3ce1bf241072c0f9afe90f705e29beca29_builder.lock
25-12-29 11:31:54 | D |   Lock 139990606460448 acquired on /home/jby_25113050052/.cache/huggingface/datasets/mjhq/MJHQ-68d8c979dbde77b1/0.0.0/333d7966e4df78243f9487b3aa74eb3ce1bf241072c0f9afe90f705e29beca29_builder.lock
25-12-29 11:31:54 | D |   open file: /home/jby_25113050052/.cache/huggingface/datasets/mjhq/MJHQ-68d8c979dbde77b1/0.0.0/333d7966e4df78243f9487b3aa74eb3ce1bf241072c0f9afe90f705e29beca29/dataset_info.json
25-12-29 11:31:54 | D |   Attempting to release lock 139990606460448 on /home/jby_25113050052/.cache/huggingface/datasets/mjhq/MJHQ-68d8c979dbde77b1/0.0.0/333d7966e4df78243f9487b3aa74eb3ce1bf241072c0f9afe90f705e29beca29_builder.lock
25-12-29 11:31:54 | D |   Lock 139990606460448 released on /home/jby_25113050052/.cache/huggingface/datasets/mjhq/MJHQ-68d8c979dbde77b1/0.0.0/333d7966e4df78243f9487b3aa74eb3ce1bf241072c0f9afe90f705e29beca29_builder.lock
25-12-29 11:31:54 | D |   Resetting dropped connection: hf-mirror.com
25-12-29 11:31:55 | D |   https://hf-mirror.com:443 "HEAD /openai/clip-vit-large-patch14/resolve/main/config.json HTTP/1.1" 307 0
25-12-29 11:31:55 | D |   https://hf-mirror.com:443 "HEAD /api/resolve-cache/models/openai/clip-vit-large-patch14/32bd64288804d66eefd0ccbe215aa642df71cc41/config.json HTTP/1.1" 200 0
25-12-29 11:31:55 | D |   https://hf-mirror.com:443 "HEAD /openai/clip-vit-large-patch14/resolve/main/config.json HTTP/1.1" 307 0
25-12-29 11:31:55 | D |   https://hf-mirror.com:443 "HEAD /api/resolve-cache/models/openai/clip-vit-large-patch14/32bd64288804d66eefd0ccbe215aa642df71cc41/config.json HTTP/1.1" 200 0
25-12-29 11:31:56 | D |   https://hf-mirror.com:443 "HEAD /openai/clip-vit-large-patch14/resolve/main/preprocessor_config.json HTTP/1.1" 307 0
25-12-29 11:31:56 | D |   https://hf-mirror.com:443 "HEAD /api/resolve-cache/models/openai/clip-vit-large-patch14/32bd64288804d66eefd0ccbe215aa642df71cc41/preprocessor_config.json HTTP/1.1" 200 0
25-12-29 11:31:56 | D |   https://hf-mirror.com:443 "HEAD /openai/clip-vit-large-patch14/resolve/main/tokenizer_config.json HTTP/1.1" 307 0
25-12-29 11:31:57 | D |   https://hf-mirror.com:443 "HEAD /api/resolve-cache/models/openai/clip-vit-large-patch14/32bd64288804d66eefd0ccbe215aa642df71cc41/tokenizer_config.json HTTP/1.1" 200 0
25-12-29 11:31:57 | D |   https://hf-mirror.com:443 "GET /api/models/openai/clip-vit-large-patch14/tree/main/additional_chat_templates?recursive=False&expand=False HTTP/1.1" 404 64
25-12-29 11:31:58 | D |   https://hf-mirror.com:443 "GET /api/models/openai/clip-vit-large-patch14/tree/main/additional_chat_templates?recursive=False&expand=False HTTP/1.1" 404 64
25-12-29 11:31:58 | D |   https://hf-mirror.com:443 "HEAD /openai/clip-vit-large-patch14/resolve/main/processor_config.json HTTP/1.1" 404 0
25-12-29 11:31:58 | D |   https://hf-mirror.com:443 "HEAD /openai/clip-vit-large-patch14/resolve/main/chat_template.json HTTP/1.1" 404 0
25-12-29 11:31:59 | D |   https://hf-mirror.com:443 "HEAD /openai/clip-vit-large-patch14/resolve/main/chat_template.jinja HTTP/1.1" 404 0
25-12-29 11:31:59 | D |   https://hf-mirror.com:443 "HEAD /openai/clip-vit-large-patch14/resolve/main/audio_tokenizer_config.json HTTP/1.1" 404 0
25-12-29 11:32:01 | D |   https://hf-mirror.com:443 "HEAD /openai/clip-vit-large-patch14/resolve/main/config.json HTTP/1.1" 307 0
25-12-29 11:32:01 | D |   https://hf-mirror.com:443 "HEAD /api/resolve-cache/models/openai/clip-vit-large-patch14/32bd64288804d66eefd0ccbe215aa642df71cc41/config.json HTTP/1.1" 200 0
25-12-29 11:32:01 | D |   https://hf-mirror.com:443 "HEAD /openai/clip-vit-large-patch14/resolve/main/config.json HTTP/1.1" 307 0
25-12-29 11:32:01 | D |   https://hf-mirror.com:443 "HEAD /api/resolve-cache/models/openai/clip-vit-large-patch14/32bd64288804d66eefd0ccbe215aa642df71cc41/config.json HTTP/1.1" 200 0
25-12-29 11:32:02 | D |   https://hf-mirror.com:443 "HEAD /openai/clip-vit-large-patch14/resolve/main/preprocessor_config.json HTTP/1.1" 307 0
25-12-29 11:32:02 | D |   https://hf-mirror.com:443 "HEAD /api/resolve-cache/models/openai/clip-vit-large-patch14/32bd64288804d66eefd0ccbe215aa642df71cc41/preprocessor_config.json HTTP/1.1" 200 0
25-12-29 11:32:02 | D |   https://hf-mirror.com:443 "HEAD /openai/clip-vit-large-patch14/resolve/main/tokenizer_config.json HTTP/1.1" 307 0
25-12-29 11:32:02 | D |   https://hf-mirror.com:443 "HEAD /api/resolve-cache/models/openai/clip-vit-large-patch14/32bd64288804d66eefd0ccbe215aa642df71cc41/tokenizer_config.json HTTP/1.1" 200 0
25-12-29 11:32:03 | D |   https://hf-mirror.com:443 "GET /api/models/openai/clip-vit-large-patch14/tree/main/additional_chat_templates?recursive=False&expand=False HTTP/1.1" 404 64
25-12-29 11:32:03 | D |   https://hf-mirror.com:443 "GET /api/models/openai/clip-vit-large-patch14/tree/main/additional_chat_templates?recursive=False&expand=False HTTP/1.1" 404 64
25-12-29 11:32:03 | D |   https://hf-mirror.com:443 "HEAD /openai/clip-vit-large-patch14/resolve/main/processor_config.json HTTP/1.1" 404 0
25-12-29 11:32:04 | D |   https://hf-mirror.com:443 "HEAD /openai/clip-vit-large-patch14/resolve/main/chat_template.json HTTP/1.1" 404 0
25-12-29 11:32:04 | D |   https://hf-mirror.com:443 "HEAD /openai/clip-vit-large-patch14/resolve/main/chat_template.jinja HTTP/1.1" 404 0
25-12-29 11:32:04 | D |   https://hf-mirror.com:443 "HEAD /openai/clip-vit-large-patch14/resolve/main/audio_tokenizer_config.json HTTP/1.1" 404 0
25-12-29 11:40:09 | I | * Saving results to runs/diffusion/pixart/pixart-sigma/w.4-x.4-y.16/w.sint4-x.sint4.u-y.fp16/w.v64.fp16-x.v64.fp16-y.tnsr.fp16/smooth.proj-w.static.lowrank/shift-skip.x.[[w]].w.[aa+e+fa+rs+rtp+s+tan+tn+tpi+tpo]-low.r32.i100.e.skip.[rc]-smth.proj.GridSearch.bn2.[AbsMax].lr.skip.[rc]-qdiff.128-t20.g4.5-s1024/run-251229.090007
